{
"type": "FeatureCollection",
"name": "ranking_eolico",
"crs": { "type": "name", "properties": { "name": "urn:ogc:def:crs:OGC:1.3:CRS84" } },
"features": [
{ "type": "Feature", "properties": { "rank": 1, "candidate_id": 2033, "scenario": "eolico", "solar_kwh_m2_day": 6.3460144996643066, "wind_m_s": 8.9355430603027344, "dist_grid_km": 11.954364169381355, "dist_demand_km": 493.13803588361174, "connection_cost_brl": 14345237.003257627, "is_restricted": false, "restriction_factor": 1.0, "score_final": 0.9504282525094212, "longitude": -39.325663010827114, "latitude": -8.553834994719768 }, "geometry": { "type": "Point", "coordinates": [ -39.325663010827114, -8.553834994719768 ] } },
{ "type": "Feature", "properties": { "rank": 2, "candidate_id": 2333, "scenario": "eolico", "solar_kwh_m2_day": 6.2853155136108398, "wind_m_s": 8.8584871292114258, "dist_grid_km": 116.90754443844952, "dist_demand_km": 244.58263288584973, "connection_cost_brl": 140289053.32613942, "is_restricted": false, "restriction_factor": 1.0, "score_final": 0.93562076836841435, "longitude": -37.056886975654486, "latitude": -8.4649218316099049 }, "geometry": { "type": "Point", "coordinates": [ -37.056886975654486, -8.464921831609905 ] } },
{ "type": "Feature", "properties": { "rank": 3, "candidate_id": 2151, "scenario": "eolico", "solar_kwh_m2_day": 6.1618704795837402, "wind_m_s": 8.950993537902832, "dist_grid_km": 121.417515927259, "dist_demand_km": 415.07826283568443, "connection_cost_brl": 145701019.1127108, "is_restricted": false, "restriction_factor": 1.0, "score_final": 0.93193735371802799, "longitude": -38.379951652198123, "latitude": -9.3911898446543578 }, "geometry": { "type": "Point", "coordinates": [ -38.379951652198123, -9.391189844654358 ] } },
{ "type": "Feature", "properties": { "rank": 4, "candidate_id": 2275, "scenario": "eolico", "solar_kwh_m2_day": 6.4291820526123047, "wind_m_s": 8.7691812515258789, "dist_grid_km": 66.730513075147584, "dist_demand_km": 298.40062138118401, "connection_cost_brl": 80076615.690177098, "is_restricted": false, "restriction_factor": 1.0, "score_final": 0.93049468892476228, "longitude": -37.546595281264302, "latitude": -7.6155060604795519 }, "geometry": { "type": "Point", "coordinates": [ -37.546595281264302, -7.615506060479552 ] } },
{ "type": "Feature", "properties": { "rank": 5, "candidate_id": 2093, "scenario": "eolico", "solar_kwh_m2_day": 5.8369545936584473, "wind_m_s": 8.7437839508056641, "dist_grid_km": 9.6307850546490741, "dist_demand_km": 443.29700067786598, "connection_cost_brl": 11556942.065578889, "is_restricted": false, "restriction_factor": 1.0, "score_final": 0.92789046092239524, "longitude": -38.871828416596117, "latitude": -8.5369311607118163 }, "geometry": { "type": "Point", "coordinates": [ -38.871828416596117, -8.536931160711816 ] } },
{ "type": "Feature", "properties": { "rank": 6, "candidate_id": 2032, "scenario": "eolico", "solar_kwh_m2_day": 6.1325488090515137, "wind_m_s": 8.7971076965332031, "dist_grid_km": 33.146426654908382, "dist_demand_km": 499.41008698470671, "connection_cost_brl": 39775711.985890061, "is_restricted": false, "restriction_factor": 1.0, "score_final": 0.92435316285950986, "longitude": -39.308090898269036, "latitude": -8.9914429716162516 }, "geometry": { "type": "Point", "coordinates": [ -39.308090898269036, -8.991442971616252 ] } },
{ "type": "Feature", "properties": { "rank": 7, "candidate_id": 2394, "scenario": "eolico", "solar_kwh_m2_day": 6.4154901504516602, "wind_m_s": 8.7937431335449219, "dist_grid_km": 151.847270783217, "dist_demand_km": 192.1521796319104, "connection_cost_brl": 182216724.9398604, "is_restricted": false, "restriction_factor": 1.0, "score_final": 0.92219237373805185, "longitude": -36.622676078443888, "latitude": -8.013797199359967 }, "geometry": { "type": "Point", "coordinates": [ -36.622676078443888, -8.013797199359967 ] } },
{ "type": "Feature", "properties": { "rank": 8, "candidate_id": 2216, "scenario": "eolico", "solar_kwh_m2_day": 6.3417873382568359, "wind_m_s": 8.7810096740722656, "dist_grid_km": 92.267436085584976, "dist_demand_km": 359.84789831108526, "connection_cost_brl": 110720923.30270196, "is_restricted": false, "restriction_factor": 1.0, "score_final": 0.91992751918209914, "longitude": -38.015528620556601, "latitude": -7.196798366653856 }, "geometry": { "type": "Point", "coordinates": [ -38.015528620556601, -7.196798366653856 ] } },
{ "type": "Feature", "properties": { "rank": 9, "candidate_id": 1852, "scenario": "eolico", "solar_kwh_m2_day": 6.4885244369506836, "wind_m_s": 8.849858283996582, "dist_grid_km": 31.609021017182918, "dist_demand_km": 647.63346875955654, "connection_cost_brl": 37930825.2206195, "is_restricted": false, "restriction_factor": 1.0, "score_final": 0.91853804700619712, "longitude": -40.671329237715511, "latitude": -9.0419191369173841 }, "geometry": { "type": "Point", "coordinates": [ -40.671329237715511, -9.041919136917384 ] } },
{ "type": "Feature", "properties": { "rank": 10, "candidate_id": 2153, "scenario": "eolico", "solar_kwh_m2_day": 6.1561746597290039, "wind_m_s": 8.6679983139038086, "dist_grid_km": 31.215934278679505, "dist_demand_km": 393.4963013610643, "connection_cost_brl": 37459121.134415403, "is_restricted": false, "restriction_factor": 1.0, "score_final": 0.91603522859311837, "longitude": -38.418032706158392, "latitude": -8.5195820185434101 }, "geometry": { "type": "Point", "coordinates": [ -38.418032706158392, -8.51958201854341 ] } },
{ "type": "Feature", "properties": { "rank": 11, "candidate_id": 1913, "scenario": "eolico", "solar_kwh_m2_day": 5.3250460624694824, "wind_m_s": 8.8175039291381836, "dist_grid_km": 55.124662617442226, "dist_demand_km": 592.90041801760867, "connection_cost_brl": 66149595.140930675, "is_restricted": false, "restriction_factor": 1.0, "score_final": 0.91294392453891593, "longitude": -40.233445426134622, "latitude": -8.58628390011277 }, "geometry": { "type": "Point", "coordinates": [ -40.233445426134622, -8.58628390011277 ] } },
{ "type": "Feature", "properties": { "rank": 12, "candidate_id": 2332, "scenario": "eolico", "solar_kwh_m2_day": 6.2226099967956543, "wind_m_s": 8.7568693161010742, "dist_grid_km": 148.12867684725575, "dist_demand_km": 256.99411833016791, "connection_cost_brl": 177754412.2167069, "is_restricted": false, "restriction_factor": 1.0, "score_final": 0.91173996481055053, "longitude": -37.036881594586674, "latitude": -8.8979114248981652 }, "geometry": { "type": "Point", "coordinates": [ -37.036881594586674, -8.897911424898165 ] } },
{ "type": "Feature", "properties": { "rank": 13, "candidate_id": 2396, "scenario": "eolico", "solar_kwh_m2_day": 6.2845458984375, "wind_m_s": 8.7751045227050781, "dist_grid_km": 177.50530056460366, "dist_demand_km": 222.42264957382821, "connection_cost_brl": 213006360.67752439, "is_restricted": false, "restriction_factor": 1.0, "score_final": 0.91009264360393627, "longitude": -36.658367965635506, "latitude": -7.1495373088600491 }, "geometry": { "type": "Point", "coordinates": [ -36.658367965635506, -7.149537308860049 ] } },
{ "type": "Feature", "properties": { "rank": 14, "candidate_id": 2336, "scenario": "eolico", "solar_kwh_m2_day": 5.7039389610290527, "wind_m_s": 8.7165327072143555, "dist_grid_km": 137.27046686361936, "dist_demand_km": 266.72968838994353, "connection_cost_brl": 164724560.23634323, "is_restricted": false, "restriction_factor": 1.0, "score_final": 0.9077641962648112, "longitude": -37.110725127777741, "latitude": -7.1656488296920715 }, "geometry": { "type": "Point", "coordinates": [ -37.110725127777741, -7.165648829692072 ] } },
{ "type": "Feature", "properties": { "rank": 15, "candidate_id": 2030, "scenario": "eolico", "solar_kwh_m2_day": 5.7746238708496094, "wind_m_s": 8.8370447158813477, "dist_grid_km": 123.34800830348789, "dist_demand_km": 526.17588321389667, "connection_cost_brl": 148017609.96418548, "is_restricted": false, "restriction_factor": 1.0, "score_final": 0.90454504347288545, "longitude": -39.270200841777793, "latitude": -9.8665207895415001 }, "geometry": { "type": "Point", "coordinates": [ -39.270200841777793, -9.8665207895415 ] } },
{ "type": "Feature", "properties": { "rank": 16, "candidate_id": 2095, "scenario": "eolico", "solar_kwh_m2_day": 6.7959284782409668, "wind_m_s": 8.698725700378418, "dist_grid_km": 80.570796593930439, "dist_demand_km": 446.16320524684676, "connection_cost_brl": 96684955.912716523, "is_restricted": false, "restriction_factor": 1.0, "score_final": 0.90292955930653584, "longitude": -38.905166725347762, "latitude": -7.6633394938081842 }, "geometry": { "type": "Point", "coordinates": [ -38.905166725347762, -7.663339493808184 ] } },
{ "type": "Feature", "properties": { "rank": 17, "candidate_id": 2150, "scenario": "eolico", "solar_kwh_m2_day": 6.5631098747253418, "wind_m_s": 8.8339061737060547, "dist_grid_km": 166.51830675154878, "dist_demand_km": 434.18345987107284, "connection_cost_brl": 199821968.10185853, "is_restricted": false, "restriction_factor": 1.0, "score_final": 0.90163533897697046, "longitude": -38.359458915897562, "latitude": -9.8269174377564976 }, "geometry": { "type": "Point", "coordinates": [ -38.359458915897562, -9.826917437756498 ] } },
{ "type": "Feature", "properties": { "rank": 18, "candidate_id": 1853, "scenario": "eolico", "solar_kwh_m2_day": 6.6664190292358398, "wind_m_s": 8.8056840896606445, "dist_grid_km": 76.709811841472657, "dist_demand_km": 642.80930088993682, "connection_cost_brl": 92051774.209767193, "is_restricted": false, "restriction_factor": 1.0, "score_final": 0.9010396947624475, "longitude": -40.687391470121561, "latitude": -8.601817855723457 }, "geometry": { "type": "Point", "coordinates": [ -40.687391470121561, -8.601817855723457 ] } },
{ "type": "Feature", "properties": { "rank": 19, "candidate_id": 1971, "scenario": "eolico", "solar_kwh_m2_day": 6.2716236114501953, "wind_m_s": 8.7053995132446289, "dist_grid_km": 56.662068255167718, "dist_demand_km": 558.84580982069883, "connection_cost_brl": 67994481.906201258, "is_restricted": false, "restriction_factor": 1.0, "score_final": 0.89948624769701735, "longitude": -39.744502366455556, "latitude": -9.4471700667682139 }, "geometry": { "type": "Point", "coordinates": [ -39.744502366455556, -9.447170066768214 ] } },
{ "type": "Feature", "properties": { "rank": 20, "candidate_id": 1730, "scenario": "eolico", "solar_kwh_m2_day": 5.6791872978210449, "wind_m_s": 8.7521638870239258, "dist_grid_km": 15.422262183335729, "dist_demand_km": 765.00033869384401, "connection_cost_brl": 18506714.620002873, "is_restricted": false, "restriction_factor": 1.0, "score_final": 0.89755406675217331, "longitude": -41.547927537343156, "latitude": -9.9562960602318888 }, "geometry": { "type": "Point", "coordinates": [ -41.547927537343156, -9.956296060231889 ] } },
{ "type": "Feature", "properties": { "rank": 21, "candidate_id": 2089, "scenario": "eolico", "solar_kwh_m2_day": 6.3370685577392578, "wind_m_s": 8.8778257369995117, "dist_grid_km": 190.03394835180808, "dist_demand_km": 501.41148869735309, "connection_cost_brl": 228040738.02216968, "is_restricted": false, "restriction_factor": 1.0, "score_final": 0.89569625876766812, "longitude": -38.793902443833552, "latitude": -10.283557269658662 }, "geometry": { "type": "Point", "coordinates": [ -38.793902443833552, -10.283557269658662 ] } },
{ "type": "Feature", "properties": { "rank": 22, "candidate_id": 2452, "scenario": "eolico", "solar_kwh_m2_day": 5.8316760063171387, "wind_m_s": 8.7222490310668945, "dist_grid_km": 228.6307201923382, "dist_demand_km": 166.43375140274753, "connection_cost_brl": 274356864.23080581, "is_restricted": false, "restriction_factor": 1.0, "score_final": 0.89457576672474548, "longitude": -36.128717712061928, "latitude": -8.8573529163884626 }, "geometry": { "type": "Point", "coordinates": [ -36.128717712061928, -8.857352916388463 ] } },
{ "type": "Feature", "properties": { "rank": 23, "candidate_id": 1790, "scenario": "eolico", "solar_kwh_m2_day": 6.2340245246887207, "wind_m_s": 8.7293510437011719, "dist_grid_km": 37.007411407366163, "dist_demand_km": 716.62586234139064, "connection_cost_brl": 44408893.688839398, "is_restricted": false, "restriction_factor": 1.0, "score_final": 0.89324272888980993, "longitude": -41.09228741417968, "latitude": -9.9394215633764542 }, "geometry": { "type": "Point", "coordinates": [ -41.09228741417968, -9.939421563376454 ] } },
{ "type": "Feature", "properties": { "rank": 24, "candidate_id": 2276, "scenario": "eolico", "solar_kwh_m2_day": 6.6822586059570312, "wind_m_s": 8.5817184448242188, "dist_grid_km": 105.72715080518233, "dist_demand_km": 312.75808269931372, "connection_cost_brl": 126872580.9662188, "is_restricted": false, "restriction_factor": 1.0, "score_final": 0.89199996193973363, "longitude": -37.563112189366279, "latitude": -7.1814042483636689 }, "geometry": { "type": "Point", "coordinates": [ -37.563112189366279, -7.181404248363669 ] } },
{ "type": "Feature", "properties": { "rank": 25, "candidate_id": 2094, "scenario": "eolico", "solar_kwh_m2_day": 5.7442078590393066, "wind_m_s": 8.5396251678466797, "dist_grid_km": 35.470005769640679, "dist_demand_km": 441.91279486236414, "connection_cost_brl": 42564006.923568815, "is_restricted": false, "restriction_factor": 1.0, "score_final": 0.89181603948648802, "longitude": -38.888961970102635, "latitude": -8.1001565557490895 }, "geometry": { "type": "Point", "coordinates": [ -38.888961970102635, -8.10015655574909 ] } },
{ "type": "Feature", "properties": { "rank": 26, "candidate_id": 1973, "scenario": "eolico", "solar_kwh_m2_day": 5.8679285049438477, "wind_m_s": 8.5881938934326172, "dist_grid_km": 33.539513393411781, "dist_demand_km": 543.00830017625015, "connection_cost_brl": 40247416.072094135, "is_restricted": false, "restriction_factor": 1.0, "score_final": 0.88990031848468643, "longitude": -39.779535639237494, "latitude": -8.5702877811608662 }, "geometry": { "type": "Point", "coordinates": [ -39.779535639237494, -8.570287781160866 ] } },
{ "type": "Feature", "properties": { "rank": 27, "candidate_id": 2096, "scenario": "eolico", "solar_kwh_m2_day": 6.2124156951904297, "wind_m_s": 8.6816854476928711, "dist_grid_km": 125.67158741822017, "dist_demand_km": 455.89065922566778, "connection_cost_brl": 150805904.9018642, "is_restricted": false, "restriction_factor": 1.0, "score_final": 0.88800358158113135, "longitude": -38.920447376111852, "latitude": -7.2264823381476617 }, "geometry": { "type": "Point", "coordinates": [ -38.920447376111852, -7.226482338147662 ] } },
{ "type": "Feature", "properties": { "rank": 28, "candidate_id": 2029, "scenario": "eolico", "solar_kwh_m2_day": 6.239840030670166, "wind_m_s": 8.8079986572265625, "dist_grid_km": 168.44879912777762, "dist_demand_km": 545.97286802811948, "connection_cost_brl": 202138558.95333314, "is_restricted": false, "restriction_factor": 1.0, "score_final": 0.8869379473247716, "longitude": -39.249871769043132, "latitude": -10.303986008099724 }, "geometry": { "type": "Point", "coordinates": [ -39.249871769043132, -10.303986008099724 ] } },
{ "type": "Feature", "properties": { "rank": 29, "candidate_id": 2455, "scenario": "eolico", "solar_kwh_m2_day": 6.5817656517028809, "wind_m_s": 8.5945329666137695, "dist_grid_km": 206.02867116495031, "dist_demand_km": 154.99759986920307, "connection_cost_brl": 247234405.39794037, "is_restricted": false, "restriction_factor": 1.0, "score_final": 0.88292194897020915, "longitude": -36.188321607802848, "latitude": -7.5642233637369465 }, "geometry": { "type": "Point", "coordinates": [ -36.188321607802848, -7.564223363736946 ] } },
{ "type": "Feature", "properties": { "rank": 30, "candidate_id": 1970, "scenario": "eolico", "solar_kwh_m2_day": 6.7747993469238281, "wind_m_s": 8.6785879135131836, "dist_grid_km": 101.76285907945747, "dist_demand_km": 573.17881302528849, "connection_cost_brl": 122115430.89534897, "is_restricted": false, "restriction_factor": 1.0, "score_final": 0.88271367764118369, "longitude": -39.725648915557599, "latitude": -9.8855439488078876 }, "geometry": { "type": "Point", "coordinates": [ -39.725648915557599, -9.885543948807888 ] } },
{ "type": "Feature", "properties": { "rank": 31, "candidate_id": 2155, "scenario": "eolico", "solar_kwh_m2_day": 6.3062620162963867, "wind_m_s": 8.4793758392333984, "dist_grid_km": 58.985647369899993, "dist_demand_km": 396.72246481764239, "connection_cost_brl": 70782776.843879998, "is_restricted": false, "restriction_factor": 1.0, "score_final": 0.88128726500722088, "longitude": -38.452277522106392, "latitude": -7.6477873157057097 }, "geometry": { "type": "Point", "coordinates": [ -38.452277522106392, -7.64778731570571 ] } },
{ "type": "Feature", "properties": { "rank": 32, "candidate_id": 1910, "scenario": "eolico", "solar_kwh_m2_day": 6.4039616584777832, "wind_m_s": 8.6562824249267578, "dist_grid_km": 80.177709855427025, "dist_demand_km": 620.65033902047708, "connection_cost_brl": 96213251.826512426, "is_restricted": false, "restriction_factor": 1.0, "score_final": 0.8805705380938994, "longitude": -40.181146845685888, "latitude": -9.9040393571130174 }, "geometry": { "type": "Point", "coordinates": [ -40.181146845685888, -9.904039357113017 ] } },
{ "type": "Feature", "properties": { "rank": 33, "candidate_id": 2393, "scenario": "eolico", "solar_kwh_m2_day": 6.0068135261535645, "wind_m_s": 8.5174760818481445, "dist_grid_km": 162.27237781644266, "dist_demand_km": 195.31454806086506, "connection_cost_brl": 194726853.37973118, "is_restricted": false, "restriction_factor": 1.0, "score_final": 0.87918905077352871, "longitude": -36.60325476375894, "latitude": -8.4458510771468411 }, "geometry": { "type": "Point", "coordinates": [ -36.60325476375894, -8.445851077146841 ] } },
{ "type": "Feature", "properties": { "rank": 34, "candidate_id": 2213, "scenario": "eolico", "solar_kwh_m2_day": 6.1889863014221191, "wind_m_s": 8.41131591796875, "dist_grid_km": 52.801083502709943, "dist_demand_km": 343.75346916021533, "connection_cost_brl": 63361300.203251936, "is_restricted": false, "restriction_factor": 1.0, "score_final": 0.87795773349913442, "longitude": -37.964276702708716, "latitude": -8.5017934224640435 }, "geometry": { "type": "Point", "coordinates": [ -37.964276702708716, -8.501793422464043 ] } },
{ "type": "Feature", "properties": { "rank": 35, "candidate_id": 1968, "scenario": "eolico", "solar_kwh_m2_day": 6.2028827667236328, "wind_m_s": 8.8267602920532227, "dist_grid_km": 191.96444072803695, "dist_demand_km": 613.1758123042124, "connection_cost_brl": 230357328.87364435, "is_restricted": false, "restriction_factor": 1.0, "score_final": 0.87735514443254847, "longitude": -39.68524051972863, "latitude": -10.762146098019493 }, "geometry": { "type": "Point", "coordinates": [ -39.68524051972863, -10.762146098019493 ] } },
{ "type": "Feature", "properties": { "rank": 36, "candidate_id": 2271, "scenario": "eolico", "solar_kwh_m2_day": 5.6714925765991211, "wind_m_s": 8.5879659652709961, "dist_grid_km": 164.58781437531991, "dist_demand_km": 322.40375467475673, "connection_cost_brl": 197505377.25038388, "is_restricted": false, "restriction_factor": 1.0, "score_final": 0.87693370402127502, "longitude": -37.470491983934593, "latitude": -9.3514342704085998 }, "geometry": { "type": "Point", "coordinates": [ -37.470491983934593, -9.3514342704086 ] } },
{ "type": "Feature", "properties": { "rank": 37, "candidate_id": 1793, "scenario": "eolico", "solar_kwh_m2_day": 5.9689450263977051, "wind_m_s": 8.7071971893310547, "dist_grid_km": 98.294961065503074, "dist_demand_km": 692.73132521617924, "connection_cost_brl": 117953953.27860369, "is_restricted": false, "restriction_factor": 1.0, "score_final": 0.87657382540520101, "longitude": -41.141372844505696, "latitude": -8.6168842807361266 }, "geometry": { "type": "Point", "coordinates": [ -41.141372844505696, -8.616884280736127 ] } },
{ "type": "Feature", "properties": { "rank": 38, "candidate_id": 2154, "scenario": "eolico", "solar_kwh_m2_day": 6.5163078308105469, "wind_m_s": 8.3599948883056641, "dist_grid_km": 13.884856545610241, "dist_demand_km": 391.9362532835047, "connection_cost_brl": 16661827.854732288, "is_restricted": false, "restriction_factor": 1.0, "score_final": 0.87598027026839975, "longitude": -38.435632065734666, "latitude": -8.0837067860338898 }, "geometry": { "type": "Point", "coordinates": [ -38.435632065734666, -8.08370678603389 ] } },
{ "type": "Feature", "properties": { "rank": 39, "candidate_id": 1914, "scenario": "eolico", "solar_kwh_m2_day": 6.0470666885375977, "wind_m_s": 8.6397066116333008, "dist_grid_km": 100.22545344173197, "dist_demand_km": 591.86619529968857, "connection_cost_brl": 120270544.13007836, "is_restricted": false, "restriction_factor": 1.0, "score_final": 0.87572572395978354, "longitude": -40.249158120982621, "latitude": -8.1469504635301373 }, "geometry": { "type": "Point", "coordinates": [ -40.249158120982621, -8.146950463530137 ] } },
{ "type": "Feature", "properties": { "rank": 40, "candidate_id": 2513, "scenario": "eolico", "solar_kwh_m2_day": 5.8587489128112793, "wind_m_s": 8.6004037857055664, "dist_grid_km": 258.19029012213224, "dist_demand_km": 99.004997014853643, "connection_cost_brl": 309828348.1465587, "is_restricted": false, "restriction_factor": 1.0, "score_final": 0.87565115677824534, "longitude": -35.696119217044057, "latitude": -8.4064709770754877 }, "geometry": { "type": "Point", "coordinates": [ -35.696119217044057, -8.406470977075488 ] } },
{ "type": "Feature", "properties": { "rank": 41, "candidate_id": 2218, "scenario": "eolico", "solar_kwh_m2_day": 5.8433055877685547, "wind_m_s": 8.6791915893554688, "dist_grid_km": 192.25976658163859, "dist_demand_km": 402.54178022293928, "connection_cost_brl": 230711719.8979663, "is_restricted": false, "restriction_factor": 1.0, "score_final": 0.87557977658109054, "longitude": -38.044842043890903, "latitude": -6.3265927218755476 }, "geometry": { "type": "Point", "coordinates": [ -38.044842043890903, -6.326592721875548 ] } },
{ "type": "Feature", "properties": { "rank": 42, "candidate_id": 1788, "scenario": "eolico", "solar_kwh_m2_day": 5.798006534576416, "wind_m_s": 8.7862882614135742, "dist_grid_km": 127.20899305594565, "dist_demand_km": 749.00150311624452, "connection_cost_brl": 152650791.66713479, "is_restricted": false, "restriction_factor": 1.0, "score_final": 0.87537407462263461, "longitude": -41.0554767657109, "latitude": -10.820907502374254 }, "geometry": { "type": "Point", "coordinates": [ -41.0554767657109, -10.820907502374254 ] } },
{ "type": "Feature", "properties": { "rank": 43, "candidate_id": 2334, "scenario": "eolico", "solar_kwh_m2_day": 6.6710963249206543, "wind_m_s": 8.4133806228637695, "dist_grid_km": 101.94431317507306, "dist_demand_km": 242.0647677016388, "connection_cost_brl": 122333175.81008768, "is_restricted": false, "restriction_factor": 1.0, "score_final": 0.87517912976465406, "longitude": -37.07585914735003, "latitude": -8.0318796760094973 }, "geometry": { "type": "Point", "coordinates": [ -37.07585914735003, -8.031879676009497 ] } },
{ "type": "Feature", "properties": { "rank": 44, "candidate_id": 2211, "scenario": "eolico", "solar_kwh_m2_day": 6.6732869148254395, "wind_m_s": 8.5649700164794922, "dist_grid_km": 143.00266515128945, "dist_demand_km": 368.26223354226147, "connection_cost_brl": 171603198.18154734, "is_restricted": false, "restriction_factor": 1.0, "score_final": 0.87484126185574462, "longitude": -37.925197079065406, "latitude": -9.3715512416439335 }, "geometry": { "type": "Point", "coordinates": [ -37.925197079065406, -9.371551241643933 ] } },
{ "type": "Feature", "properties": { "rank": 45, "candidate_id": 2212, "scenario": "eolico", "solar_kwh_m2_day": 6.1233630180358887, "wind_m_s": 8.4661521911621094, "dist_grid_km": 97.901874326999675, "dist_demand_km": 352.69216054033461, "connection_cost_brl": 117482249.19239961, "is_restricted": false, "restriction_factor": 1.0, "score_final": 0.8735223386806229, "longitude": -37.945231617509087, "latitude": -8.9366979463052214 }, "geometry": { "type": "Point", "coordinates": [ -37.945231617509087, -8.936697946305221 ] } },
{ "type": "Feature", "properties": { "rank": 46, "candidate_id": 2270, "scenario": "eolico", "solar_kwh_m2_day": 6.0922179222106934, "wind_m_s": 8.656559944152832, "dist_grid_km": 209.68860519960964, "dist_demand_km": 346.65471809180201, "connection_cost_brl": 251626326.23953158, "is_restricted": false, "restriction_factor": 1.0, "score_final": 0.87306100943787823, "longitude": -37.448930018593913, "latitude": -9.785283092212028 }, "geometry": { "type": "Point", "coordinates": [ -37.448930018593913, -9.785283092212028 ] } },
{ "type": "Feature", "properties": { "rank": 47, "candidate_id": 2149, "scenario": "eolico", "solar_kwh_m2_day": 5.466191291809082, "wind_m_s": 8.727046012878418, "dist_grid_km": 211.61909757583851, "dist_demand_km": 457.97444183332055, "connection_cost_brl": 253942917.09100622, "is_restricted": false, "restriction_factor": 1.0, "score_final": 0.87237756584612258, "longitude": -38.337990184988698, "latitude": -10.262590790273949 }, "geometry": { "type": "Point", "coordinates": [ -38.337990184988698, -10.262590790273949 ] } },
{ "type": "Feature", "properties": { "rank": 48, "candidate_id": 2330, "scenario": "eolico", "solar_kwh_m2_day": 5.8362870216369629, "wind_m_s": 8.6622962951660156, "dist_grid_km": 231.28243949833302, "dist_demand_km": 305.77214057227701, "connection_cost_brl": 277538927.39799964, "is_restricted": false, "restriction_factor": 1.0, "score_final": 0.87218476963834679, "longitude": -36.993748095333494, "latitude": -9.7637216688396791 }, "geometry": { "type": "Point", "coordinates": [ -36.993748095333494, -9.763721668839679 ] } },
{ "type": "Feature", "properties": { "rank": 49, "candidate_id": 1975, "scenario": "eolico", "solar_kwh_m2_day": 6.1727962493896484, "wind_m_s": 8.6211509704589844, "dist_grid_km": 123.74109504199129, "dist_demand_km": 545.35070272848156, "connection_cost_brl": 148489314.05038956, "is_restricted": false, "restriction_factor": 1.0, "score_final": 0.87136335396385223, "longitude": -39.811037991445964, "latitude": -7.6932407677662953 }, "geometry": { "type": "Point", "coordinates": [ -39.811037991445964, -7.693240767766295 ] } },
{ "type": "Feature", "properties": { "rank": 50, "candidate_id": 1850, "scenario": "eolico", "solar_kwh_m2_day": 6.0054225921630859, "wind_m_s": 8.5470342636108398, "dist_grid_km": 58.59256063139658, "dist_demand_km": 668.4906393895036, "connection_cost_brl": 70311072.757675901, "is_restricted": false, "restriction_factor": 1.0, "score_final": 0.86579257600548998, "longitude": -40.636693425499708, "latitude": -9.9220006378472601 }, "geometry": { "type": "Point", "coordinates": [ -40.636693425499708, -9.92200063784726 ] } },
{ "type": "Feature", "properties": { "rank": 51, "candidate_id": 2273, "scenario": "eolico", "solar_kwh_m2_day": 6.7206006050109863, "wind_m_s": 8.3281373977661133, "dist_grid_km": 77.475307621549916, "dist_demand_km": 294.09786795304848, "connection_cost_brl": 92970369.145859897, "is_restricted": false, "restriction_factor": 1.0, "score_final": 0.86422661079813667, "longitude": -37.510561202716666, "latitude": -8.4835713368772314 }, "geometry": { "type": "Point", "coordinates": [ -37.510561202716666, -8.483571336877231 ] } },
{ "type": "Feature", "properties": { "rank": 52, "candidate_id": 2278, "scenario": "eolico", "solar_kwh_m2_day": 5.8145318031311035, "wind_m_s": 8.5855703353881836, "dist_grid_km": 199.06975787798714, "dist_demand_km": 361.06369687341709, "connection_cost_brl": 238883709.45358458, "is_restricted": false, "restriction_factor": 1.0, "score_final": 0.86414470306358315, "longitude": -37.593169243593344, "latitude": -6.3130755548214665 }, "geometry": { "type": "Point", "coordinates": [ -37.593169243593344, -6.313075554821467 ] } },
{ "type": "Feature", "properties": { "rank": 53, "candidate_id": 1909, "scenario": "eolico", "solar_kwh_m2_day": 5.8245549201965332, "wind_m_s": 8.612945556640625, "dist_grid_km": 125.2785006797168, "dist_demand_km": 637.52031800810789, "connection_cost_brl": 150334200.81566015, "is_restricted": false, "restriction_factor": 1.0, "score_final": 0.86116588871253685, "longitude": -40.161976610620712, "latitude": -10.343202532069542 }, "geometry": { "type": "Point", "coordinates": [ -40.161976610620712, -10.343202532069542 ] } },
{ "type": "Feature", "properties": { "rank": 54, "candidate_id": 2267, "scenario": "eolico", "solar_kwh_m2_day": 5.7230539321899414, "wind_m_s": 8.8638792037963867, "dist_grid_km": 344.99097767247889, "dist_demand_km": 445.92087999563864, "connection_cost_brl": 413989173.20697469, "is_restricted": false, "restriction_factor": 1.0, "score_final": 0.85918765651463525, "longitude": -37.37805923074643, "latitude": -11.086466061670784 }, "geometry": { "type": "Point", "coordinates": [ -37.37805923074643, -11.086466061670784 ] } },
{ "type": "Feature", "properties": { "rank": 55, "candidate_id": 2274, "scenario": "eolico", "solar_kwh_m2_day": 5.9803128242492676, "wind_m_s": 8.2456903457641602, "dist_grid_km": 52.227314052736006, "dist_demand_km": 292.00726598426064, "connection_cost_brl": 62672776.86328321, "is_restricted": false, "restriction_factor": 1.0, "score_final": 0.85893746267868443, "longitude": -37.52907995049793, "latitude": -8.049562646681391 }, "geometry": { "type": "Point", "coordinates": [ -37.52907995049793, -8.049562646681391 ] } },
{ "type": "Feature", "properties": { "rank": 56, "candidate_id": 2268, "scenario": "eolico", "solar_kwh_m2_day": 6.0133805274963379, "wind_m_s": 8.7502050399780273, "dist_grid_km": 299.8901868481891, "dist_demand_km": 409.41436060445989, "connection_cost_brl": 359868224.2178269, "is_restricted": false, "restriction_factor": 1.0, "score_final": 0.85767247611674624, "longitude": -37.40272032433792, "latitude": -10.652801755399995 }, "geometry": { "type": "Point", "coordinates": [ -37.40272032433792, -10.652801755399995 ] } },
{ "type": "Feature", "properties": { "rank": 57, "candidate_id": 1977, "scenario": "eolico", "solar_kwh_m2_day": 6.568389892578125, "wind_m_s": 8.6965570449829102, "dist_grid_km": 213.94267669057078, "dist_demand_km": 565.64720795969356, "connection_cost_brl": 256731212.02868494, "is_restricted": false, "restriction_factor": 1.0, "score_final": 0.85730031791292327, "longitude": -39.839046332029909, "latitude": -6.8160464179737739 }, "geometry": { "type": "Point", "coordinates": [ -39.839046332029909, -6.816046417973774 ] } },
{ "type": "Feature", "properties": { "rank": 58, "candidate_id": 1791, "scenario": "eolico", "solar_kwh_m2_day": 5.2814817428588867, "wind_m_s": 8.4221363067626953, "dist_grid_km": 8.0933794169235771, "dist_demand_km": 705.21437451998656, "connection_cost_brl": 9712055.3003082927, "is_restricted": false, "restriction_factor": 1.0, "score_final": 0.85718843617319695, "longitude": -41.109461482762796, "latitude": -9.4986149876172981 }, "geometry": { "type": "Point", "coordinates": [ -41.109461482762796, -9.498614987617298 ] } },
{ "type": "Feature", "properties": { "rank": 59, "candidate_id": 2028, "scenario": "eolico", "solar_kwh_m2_day": 6.376927375793457, "wind_m_s": 8.6958465576171875, "dist_grid_km": 213.54958995206738, "dist_demand_km": 569.48370053038059, "connection_cost_brl": 256259507.94248086, "is_restricted": false, "restriction_factor": 1.0, "score_final": 0.8569394127497707, "longitude": -39.228612101270016, "latitude": -10.741398992823948 }, "geometry": { "type": "Point", "coordinates": [ -39.228612101270016, -10.741398992823948 ] } },
{ "type": "Feature", "properties": { "rank": 60, "candidate_id": 2517, "scenario": "eolico", "solar_kwh_m2_day": 6.337043285369873, "wind_m_s": 8.5767574310302734, "dist_grid_km": 289.07317772804197, "dist_demand_km": 186.81739545932871, "connection_cost_brl": 346887813.27365035, "is_restricted": false, "restriction_factor": 1.0, "score_final": 0.85610977303407709, "longitude": -35.770768951307417, "latitude": -6.6860963560168285 }, "geometry": { "type": "Point", "coordinates": [ -35.770768951307417, -6.686096356016829 ] } },
{ "type": "Feature", "properties": { "rank": 61, "candidate_id": 2098, "scenario": "eolico", "solar_kwh_m2_day": 6.4926953315734863, "wind_m_s": 8.6409387588500977, "dist_grid_km": 215.87316906679965, "dist_demand_km": 490.29141138241641, "connection_cost_brl": 259047802.88015959, "is_restricted": false, "restriction_factor": 1.0, "score_final": 0.85578859830077714, "longitude": -38.948253754535642, "latitude": -6.3526571379051928 }, "geometry": { "type": "Point", "coordinates": [ -38.948253754535642, -6.352657137905193 ] } },
{ "type": "Feature", "properties": { "rank": 62, "candidate_id": 2269, "scenario": "eolico", "solar_kwh_m2_day": 6.3626093864440918, "wind_m_s": 8.6330966949462891, "dist_grid_km": 254.7893960238994, "dist_demand_km": 376.02500730966381, "connection_cost_brl": 305747275.2286793, "is_restricted": false, "restriction_factor": 1.0, "score_final": 0.85536824292977087, "longitude": -37.426341639809891, "latitude": -10.219073172984292 }, "geometry": { "type": "Point", "coordinates": [ -37.426341639809891, -10.219073172984292 ] } },
{ "type": "Feature", "properties": { "rank": 63, "candidate_id": 2217, "scenario": "eolico", "solar_kwh_m2_day": 5.8711452484130859, "wind_m_s": 8.4341001510620117, "dist_grid_km": 142.26225361604827, "dist_demand_km": 378.50389347003971, "connection_cost_brl": 170714704.33925793, "is_restricted": false, "restriction_factor": 1.0, "score_final": 0.85510699270522128, "longitude": -38.030667807717045, "latitude": -6.7617147411023995 }, "geometry": { "type": "Point", "coordinates": [ -38.030667807717045, -6.761714741102399 ] } },
{ "type": "Feature", "properties": { "rank": 64, "candidate_id": 2214, "scenario": "eolico", "solar_kwh_m2_day": 5.7983250617980957, "wind_m_s": 8.1618528366088867, "dist_grid_km": 7.7002926784201913, "dist_demand_km": 341.96657002221303, "connection_cost_brl": 9240351.2141042296, "is_restricted": false, "restriction_factor": 1.0, "score_final": 0.85351797313120248, "longitude": -37.982337820545837, "latitude": -8.0668402665056149 }, "geometry": { "type": "Point", "coordinates": [ -37.982337820545837, -8.066840266505615 ] } },
{ "type": "Feature", "properties": { "rank": 65, "candidate_id": 1976, "scenario": "eolico", "solar_kwh_m2_day": 6.5696473121643066, "wind_m_s": 8.5778961181640625, "dist_grid_km": 168.84188586628105, "dist_demand_km": 553.33721763452957, "connection_cost_brl": 202610263.03953725, "is_restricted": false, "restriction_factor": 1.0, "score_final": 0.85280088594162584, "longitude": -39.825476773240737, "latitude": -7.2546609299983364 }, "geometry": { "type": "Point", "coordinates": [ -39.825476773240737, -7.254660929998336 ] } },
{ "type": "Feature", "properties": { "rank": 66, "candidate_id": 1789, "scenario": "eolico", "solar_kwh_m2_day": 6.2206039428710938, "wind_m_s": 8.5326375961303711, "dist_grid_km": 82.108202231655909, "dist_demand_km": 731.2851284714244, "connection_cost_brl": 98529842.677987084, "is_restricted": false, "restriction_factor": 1.0, "score_final": 0.85181627168717033, "longitude": -41.07429431119138, "latitude": -10.3801863826233 }, "geometry": { "type": "Point", "coordinates": [ -41.07429431119138, -10.3801863826233 ] } },
{ "type": "Feature", "properties": { "rank": 67, "candidate_id": 2092, "scenario": "eolico", "solar_kwh_m2_day": 6.0656728744506836, "wind_m_s": 8.2964620590209961, "dist_grid_km": 54.73157587893882, "dist_demand_km": 450.26385970552633, "connection_cost_brl": 65677891.054726586, "is_restricted": false, "restriction_factor": 1.0, "score_final": 0.85086300531095382, "longitude": -38.853761090270119, "latitude": -8.9736609323285403 }, "geometry": { "type": "Point", "coordinates": [ -38.853761090270119, -8.97366093232854 ] } },
{ "type": "Feature", "properties": { "rank": 68, "candidate_id": 2152, "scenario": "eolico", "solar_kwh_m2_day": 6.1132879257202148, "wind_m_s": 8.3018836975097656, "dist_grid_km": 76.316725102969258, "dist_demand_km": 401.3286081651338, "connection_cost_brl": 91580070.123563111, "is_restricted": false, "restriction_factor": 1.0, "score_final": 0.8506960237968112, "longitude": -38.399474359643193, "latitude": -8.9554105355611249 }, "geometry": { "type": "Point", "coordinates": [ -38.399474359643193, -8.955410535561125 ] } },
{ "type": "Feature", "properties": { "rank": 69, "candidate_id": 2215, "scenario": "eolico", "solar_kwh_m2_day": 6.3549447059631348, "wind_m_s": 8.1882781982421875, "dist_grid_km": 42.28487577962342, "dist_demand_km": 347.4418260167177, "connection_cost_brl": 50741850.935548104, "is_restricted": false, "restriction_factor": 1.0, "score_final": 0.84798125213267606, "longitude": -37.999420160779316, "latitude": -7.6318410592095098 }, "geometry": { "type": "Point", "coordinates": [ -37.999420160779316, -7.63184105920951 ] } },
{ "type": "Feature", "properties": { "rank": 70, "candidate_id": 2159, "scenario": "eolico", "solar_kwh_m2_day": 5.7661480903625488, "wind_m_s": 8.6249494552612305, "dist_grid_km": 247.03063824667828, "dist_demand_km": 471.68576817970836, "connection_cost_brl": 296436765.89601392, "is_restricted": false, "restriction_factor": 1.0, "score_final": 0.84723301458527289, "longitude": -38.509412019735976, "latitude": -5.9037161406203431 }, "geometry": { "type": "Point", "coordinates": [ -38.509412019735976, -5.903716140620343 ] } },
{ "type": "Feature", "properties": { "rank": 71, "candidate_id": 1792, "scenario": "eolico", "solar_kwh_m2_day": 5.5963997840881348, "wind_m_s": 8.4196348190307617, "dist_grid_km": 53.194170241213335, "dist_demand_km": 697.21015589468425, "connection_cost_brl": 63833004.289456002, "is_restricted": false, "restriction_factor": 1.0, "score_final": 0.84602681527496704, "longitude": -41.125821663374388, "latitude": -9.0577685866526441 }, "geometry": { "type": "Point", "coordinates": [ -41.125821663374388, -9.057768586652644 ] } },
{ "type": "Feature", "properties": { "rank": 72, "candidate_id": 2451, "scenario": "eolico", "solar_kwh_m2_day": 6.7710404396057129, "wind_m_s": 8.4441795349121094, "dist_grid_km": 256.02097018322132, "dist_demand_km": 197.29547930177608, "connection_cost_brl": 307225164.21986556, "is_restricted": false, "restriction_factor": 1.0, "score_final": 0.84437868997073129, "longitude": -36.106682777927283, "latitude": -9.2882808537285797 }, "geometry": { "type": "Point", "coordinates": [ -36.106682777927283, -9.28828085372858 ] } },
{ "type": "Feature", "properties": { "rank": 73, "candidate_id": 1795, "scenario": "eolico", "solar_kwh_m2_day": 6.743952751159668, "wind_m_s": 8.6420993804931641, "dist_grid_km": 188.49654271408258, "dist_demand_km": 694.56897702237745, "connection_cost_brl": 226195851.25689909, "is_restricted": false, "restriction_factor": 1.0, "score_final": 0.84387322103796569, "longitude": -41.170066493452403, "latitude": -7.7350095834340777 }, "geometry": { "type": "Point", "coordinates": [ -41.170066493452403, -7.735009583434078 ] } },
{ "type": "Feature", "properties": { "rank": 74, "candidate_id": 1668, "scenario": "eolico", "solar_kwh_m2_day": 5.7545208930969238, "wind_m_s": 8.5519485473632812, "dist_grid_km": 84.038694607884779, "dist_demand_km": 842.2286120292415, "connection_cost_brl": 100846433.52946174, "is_restricted": false, "restriction_factor": 1.0, "score_final": 0.84375132884272364, "longitude": -41.969245214234846, "latitude": -10.857114187372778 }, "geometry": { "type": "Point", "coordinates": [ -41.969245214234846, -10.857114187372778 ] } },
{ "type": "Feature", "properties": { "rank": 75, "candidate_id": 2157, "scenario": "eolico", "solar_kwh_m2_day": 6.3866686820983887, "wind_m_s": 8.3946094512939453, "dist_grid_km": 150.24512687053308, "dist_demand_km": 424.19109962036396, "connection_cost_brl": 180294152.24463969, "is_restricted": false, "restriction_factor": 1.0, "score_final": 0.84306968882125588, "longitude": -38.482725629493416, "latitude": -6.7758255036133628 }, "geometry": { "type": "Point", "coordinates": [ -38.482725629493416, -6.775825503613363 ] } },
{ "type": "Feature", "properties": { "rank": 76, "candidate_id": 2039, "scenario": "eolico", "solar_kwh_m2_day": 6.3005247116088867, "wind_m_s": 8.7139663696289062, "dist_grid_km": 282.55910911511984, "dist_demand_km": 557.52421216803691, "connection_cost_brl": 339070930.93814379, "is_restricted": false, "restriction_factor": 1.0, "score_final": 0.84301468134847379, "longitude": -39.412181397722719, "latitude": -5.9273636781034034 }, "geometry": { "type": "Point", "coordinates": [ -39.412181397722719, -5.927363678103403 ] } },
{ "type": "Feature", "properties": { "rank": 77, "candidate_id": 2035, "scenario": "eolico", "solar_kwh_m2_day": 6.070767879486084, "wind_m_s": 8.3504180908203125, "dist_grid_km": 102.15594581796084, "dist_demand_km": 495.71614593564965, "connection_cost_brl": 122587134.981553, "is_restricted": false, "restriction_factor": 1.0, "score_final": 0.84229237962514081, "longitude": -39.358087109249098, "latitude": -7.6784923560345053 }, "geometry": { "type": "Point", "coordinates": [ -39.358087109249098, -7.678492356034505 ] } },
{ "type": "Feature", "properties": { "rank": 78, "candidate_id": 2510, "scenario": "eolico", "solar_kwh_m2_day": 6.3513007164001465, "wind_m_s": 8.5575447082519531, "dist_grid_km": 326.32256861428215, "dist_demand_km": 208.51361364354403, "connection_cost_brl": 391587082.33713859, "is_restricted": false, "restriction_factor": 1.0, "score_final": 0.84176048436862094, "longitude": -35.628544217641874, "latitude": -9.6961466033452091 }, "geometry": { "type": "Point", "coordinates": [ -35.628544217641874, -9.696146603345209 ] } },
{ "type": "Feature", "properties": { "rank": 79, "candidate_id": 2454, "scenario": "eolico", "solar_kwh_m2_day": 5.9155001640319824, "wind_m_s": 8.294825553894043, "dist_grid_km": 201.79827625598264, "dist_demand_km": 142.3009786056989, "connection_cost_brl": 242157931.50717917, "is_restricted": false, "restriction_factor": 1.0, "score_final": 0.84175600885957669, "longitude": -36.169531386519331, "latitude": -7.9953211524881915 }, "geometry": { "type": "Point", "coordinates": [ -36.169531386519331, -7.995321152488192 ] } },
{ "type": "Feature", "properties": { "rank": 80, "candidate_id": 2511, "scenario": "eolico", "solar_kwh_m2_day": 6.1537084579467773, "wind_m_s": 8.4748382568359375, "dist_grid_km": 297.00452493039927, "dist_demand_km": 165.08365917850003, "connection_cost_brl": 356405429.91647911, "is_restricted": false, "restriction_factor": 1.0, "score_final": 0.84133959358559041, "longitude": -35.652184638259307, "latitude": -9.2663186505390875 }, "geometry": { "type": "Point", "coordinates": [ -35.652184638259307, -9.266318650539088 ] } },
{ "type": "Feature", "properties": { "rank": 81, "candidate_id": 2091, "scenario": "eolico", "solar_kwh_m2_day": 6.2790994644165039, "wind_m_s": 8.3115863800048828, "dist_grid_km": 99.832366703228573, "dist_demand_km": 462.56119152372031, "connection_cost_brl": 119798840.04387429, "is_restricted": false, "restriction_factor": 1.0, "score_final": 0.84035835379419788, "longitude": -38.834754732367927, "latitude": -9.4103434803122532 }, "geometry": { "type": "Point", "coordinates": [ -38.834754732367927, -9.410343480312253 ] } },
{ "type": "Feature", "properties": { "rank": 82, "candidate_id": 2571, "scenario": "eolico", "solar_kwh_m2_day": 5.7687420845031738, "wind_m_s": 8.5271358489990234, "dist_grid_km": 340.40657820422098, "dist_demand_km": 143.45634493673944, "connection_cost_brl": 408487893.84506518, "is_restricted": false, "restriction_factor": 1.0, "score_final": 0.83982806325790782, "longitude": -35.197740329680911, "latitude": -9.2439127154849672 }, "geometry": { "type": "Point", "coordinates": [ -35.197740329680911, -9.243912715484967 ] } },
{ "type": "Feature", "properties": { "rank": 83, "candidate_id": 2456, "scenario": "eolico", "solar_kwh_m2_day": 6.8545784950256348, "wind_m_s": 8.3319025039672852, "dist_grid_km": 221.75004483450402, "dist_demand_km": 181.10478574098363, "connection_cost_brl": 266100053.80140483, "is_restricted": false, "restriction_factor": 1.0, "score_final": 0.83839438674966082, "longitude": -36.206041213351796, "latitude": -7.1330749650493983 }, "geometry": { "type": "Point", "coordinates": [ -36.206041213351796, -7.133074965049398 ] } },
{ "type": "Feature", "properties": { "rank": 84, "candidate_id": 2331, "scenario": "eolico", "solar_kwh_m2_day": 6.1509532928466797, "wind_m_s": 8.3338451385498047, "dist_grid_km": 187.66149275333339, "dist_demand_km": 277.97713827440259, "connection_cost_brl": 225193791.30400008, "is_restricted": false, "restriction_factor": 1.0, "score_final": 0.83834945885037393, "longitude": -37.015837304664878, "latitude": -9.3308456465317686 }, "geometry": { "type": "Point", "coordinates": [ -37.015837304664878, -9.330845646531769 ] } },
{ "type": "Feature", "properties": { "rank": 85, "candidate_id": 1907, "scenario": "eolico", "solar_kwh_m2_day": 6.1153221130371094, "wind_m_s": 8.6427211761474609, "dist_grid_km": 215.48008232829628, "dist_demand_km": 681.08940746939459, "connection_cost_brl": 258576098.79395553, "is_restricted": false, "restriction_factor": 1.0, "score_final": 0.83831458280034821, "longitude": -40.120996227936189, "latitude": -11.221383130476744 }, "geometry": { "type": "Point", "coordinates": [ -40.120996227936189, -11.221383130476744 ] } },
{ "type": "Feature", "properties": { "rank": 86, "candidate_id": 1727, "scenario": "eolico", "solar_kwh_m2_day": 5.5246057510375977, "wind_m_s": 8.6142024993896484, "dist_grid_km": 150.72463465620501, "dist_demand_km": 814.80148247439649, "connection_cost_brl": 180869561.587446, "is_restricted": false, "restriction_factor": 1.0, "score_final": 0.83826342825238787, "longitude": -41.493336077715234, "latitude": -11.280755525179638 }, "geometry": { "type": "Point", "coordinates": [ -41.493336077715234, -11.280755525179638 ] } },
{ "type": "Feature", "properties": { "rank": 87, "candidate_id": 2090, "scenario": "eolico", "solar_kwh_m2_day": 5.8179230690002441, "wind_m_s": 8.3797817230224609, "dist_grid_km": 144.93315752751835, "dist_demand_km": 479.77929139425129, "connection_cost_brl": 173919789.03302202, "is_restricted": false, "restriction_factor": 1.0, "score_final": 0.83708521425504978, "longitude": -38.814803796305959, "latitude": -9.8469763996300816 }, "geometry": { "type": "Point", "coordinates": [ -38.814803796305959, -9.846976399630082 ] } },
{ "type": "Feature", "properties": { "rank": 88, "candidate_id": 2034, "scenario": "eolico", "solar_kwh_m2_day": 6.0405607223510742, "wind_m_s": 8.2256689071655273, "dist_grid_km": 57.05515499367111, "dist_demand_km": 491.8941043438316, "connection_cost_brl": 68466185.992405325, "is_restricted": false, "restriction_factor": 1.0, "score_final": 0.83611726577785805, "longitude": -39.342326793730329, "latitude": -8.1161840305414099 }, "geometry": { "type": "Point", "coordinates": [ -39.342326793730329, -8.11618403054141 ] } },
{ "type": "Feature", "properties": { "rank": 89, "candidate_id": 2632, "scenario": "eolico", "solar_kwh_m2_day": 6.2984552383422852, "wind_m_s": 8.5106182098388672, "dist_grid_km": 367.78643012268685, "dist_demand_km": 87.644273803417349, "connection_cost_brl": 441343716.14722425, "is_restricted": false, "restriction_factor": 1.0, "score_final": 0.8356406040839941, "longitude": -34.766834337423823, "latitude": -8.7933093703299896 }, "geometry": { "type": "Point", "coordinates": [ -34.766834337423823, -8.79330937032999 ] } },
{ "type": "Feature", "properties": { "rank": 90, "candidate_id": 2339, "scenario": "eolico", "solar_kwh_m2_day": 5.9571781158447266, "wind_m_s": 8.4970855712890625, "dist_grid_km": 262.71465166466066, "dist_demand_km": 357.02771464946301, "connection_cost_brl": 315257581.99759281, "is_restricted": false, "restriction_factor": 1.0, "score_final": 0.83540301123853711, "longitude": -37.155400032978534, "latitude": -5.8659776340697585 }, "geometry": { "type": "Point", "coordinates": [ -37.155400032978534, -5.865977634069758 ] } },
{ "type": "Feature", "properties": { "rank": 91, "candidate_id": 1854, "scenario": "eolico", "solar_kwh_m2_day": 5.778709888458252, "wind_m_s": 8.427001953125, "dist_grid_km": 121.8106026657624, "dist_demand_km": 641.85550146717867, "connection_cost_brl": 146172723.19891489, "is_restricted": false, "restriction_factor": 1.0, "score_final": 0.83470031035767955, "longitude": -40.702623027612567, "latitude": -8.1616788932405981 }, "geometry": { "type": "Point", "coordinates": [ -40.702623027612567, -8.161678893240598 ] } },
{ "type": "Feature", "properties": { "rank": 92, "candidate_id": 2220, "scenario": "eolico", "solar_kwh_m2_day": 6.3194150924682617, "wind_m_s": 8.6126327514648438, "dist_grid_km": 292.25734538287452, "dist_demand_km": 463.23780041270504, "connection_cost_brl": 350708814.45944941, "is_restricted": false, "restriction_factor": 1.0, "score_final": 0.8346581388903116, "longitude": -38.070311535949692, "latitude": -5.4562436000828276 }, "geometry": { "type": "Point", "coordinates": [ -38.070311535949692, -5.456243600082828 ] } },
{ "type": "Feature", "properties": { "rank": 93, "candidate_id": 2508, "scenario": "eolico", "solar_kwh_m2_day": 6.0285506248474121, "wind_m_s": 8.6925573348999023, "dist_grid_km": 397.53726957708534, "dist_demand_km": 301.54361569852733, "connection_cost_brl": 477044723.49250239, "is_restricted": false, "restriction_factor": 1.0, "score_final": 0.83439923512327474, "longitude": -35.577883855148194, "latitude": -10.555594823522799 }, "geometry": { "type": "Point", "coordinates": [ -35.577883855148194, -10.555594823522799 ] } },
{ "type": "Feature", "properties": { "rank": 94, "candidate_id": 2514, "scenario": "eolico", "solar_kwh_m2_day": 6.3722825050354004, "wind_m_s": 8.3001537322998047, "dist_grid_km": 251.76873307752126, "dist_demand_km": 92.610349783300066, "connection_cost_brl": 302122479.69302553, "is_restricted": false, "restriction_factor": 1.0, "score_final": 0.83437856341474059, "longitude": -35.716425689559756, "latitude": -7.9764575574775085 }, "geometry": { "type": "Point", "coordinates": [ -35.716425689559756, -7.976457557477509 ] } },
{ "type": "Feature", "properties": { "rank": 95, "candidate_id": 2335, "scenario": "eolico", "solar_kwh_m2_day": 6.0910944938659668, "wind_m_s": 8.1500616073608398, "dist_grid_km": 110.08138821275239, "dist_demand_km": 249.73994317193711, "connection_cost_brl": 132097665.85530287, "is_restricted": false, "restriction_factor": 1.0, "score_final": 0.83421634568107939, "longitude": -37.09380350188318, "latitude": -7.5987877501295769 }, "geometry": { "type": "Point", "coordinates": [ -37.09380350188318, -7.598787750129577 ] } },
{ "type": "Feature", "properties": { "rank": 96, "candidate_id": 1851, "scenario": "eolico", "solar_kwh_m2_day": 5.9170656204223633, "wind_m_s": 8.2396020889282227, "dist_grid_km": 13.491769807106841, "dist_demand_km": 656.24265512420129, "connection_cost_brl": 16190123.76852821, "is_restricted": false, "restriction_factor": 1.0, "score_final": 0.83392926709067916, "longitude": -40.654431565100246, "latitude": -9.4819807352449832 }, "geometry": { "type": "Point", "coordinates": [ -40.654431565100246, -9.481980735244983 ] } },
{ "type": "Feature", "properties": { "rank": 97, "candidate_id": 1972, "scenario": "eolico", "solar_kwh_m2_day": 5.9318757057189941, "wind_m_s": 8.1626520156860352, "dist_grid_km": 11.56127743087796, "dist_demand_km": 548.71060369490465, "connection_cost_brl": 13873532.917053552, "is_restricted": false, "restriction_factor": 1.0, "score_final": 0.83332188517790751, "longitude": -39.762462843194413, "latitude": -9.0087506092949834 }, "geometry": { "type": "Point", "coordinates": [ -39.762462843194413, -9.008750609294983 ] } },
{ "type": "Feature", "properties": { "rank": 98, "candidate_id": 2387, "scenario": "eolico", "solar_kwh_m2_day": 6.4586677551269531, "wind_m_s": 8.7228422164916992, "dist_grid_km": 388.16127612053981, "dist_demand_km": 387.94284110649068, "connection_cost_brl": 465793531.34464777, "is_restricted": false, "restriction_factor": 1.0, "score_final": 0.83311355922495856, "longitude": -36.464305963114001, "latitude": -11.036925487546247 }, "geometry": { "type": "Point", "coordinates": [ -36.464305963114001, -11.036925487546247 ] } },
{ "type": "Feature", "properties": { "rank": 99, "candidate_id": 1857, "scenario": "eolico", "solar_kwh_m2_day": 6.2442131042480469, "wind_m_s": 8.6633777618408203, "dist_grid_km": 257.11297513863167, "dist_demand_km": 662.04421840456064, "connection_cost_brl": 308535570.16635799, "is_restricted": false, "restriction_factor": 1.0, "score_final": 0.83242903226384302, "longitude": -40.743377451074046, "latitude": -6.8410557779477381 }, "geometry": { "type": "Point", "coordinates": [ -40.743377451074046, -6.841055777947738 ] } },
{ "type": "Feature", "properties": { "rank": 100, "candidate_id": 2574, "scenario": "eolico", "solar_kwh_m2_day": 6.1119117736816406, "wind_m_s": 8.3289642333984375, "dist_grid_km": 301.7489778127416, "dist_demand_km": 43.63238776219788, "connection_cost_brl": 362098773.37528992, "is_restricted": false, "restriction_factor": 1.0, "score_final": 0.83033522881735, "longitude": -35.263359580667007, "latitude": -7.9572125181668953 }, "geometry": { "type": "Point", "coordinates": [ -35.263359580667007, -7.957212518166895 ] } },
{ "type": "Feature", "properties": { "rank": 101, "candidate_id": 1912, "scenario": "eolico", "solar_kwh_m2_day": 5.6852326393127441, "wind_m_s": 8.1667995452880859, "dist_grid_km": 10.023871793152479, "dist_demand_km": 598.12725922865377, "connection_cost_brl": 12028646.151782975, "is_restricted": false, "restriction_factor": 1.0, "score_final": 0.82969785940375151, "longitude": -40.216875955652462, "latitude": -9.0255779269902021 }, "geometry": { "type": "Point", "coordinates": [ -40.216875955652462, -9.025577926990202 ] } },
{ "type": "Feature", "properties": { "rank": 102, "candidate_id": 2280, "scenario": "eolico", "solar_kwh_m2_day": 6.4869885444641113, "wind_m_s": 8.557403564453125, "dist_grid_km": 296.78158060401773, "dist_demand_km": 427.68723163784864, "connection_cost_brl": 356137896.72482127, "is_restricted": false, "restriction_factor": 1.0, "score_final": 0.82881832679266165, "longitude": -37.619285224906207, "latitude": -5.4445976517795227 }, "geometry": { "type": "Point", "coordinates": [ -37.619285224906207, -5.444597651779523 ] } },
{ "type": "Feature", "properties": { "rank": 103, "candidate_id": 2634, "scenario": "eolico", "solar_kwh_m2_day": 6.5967831611633301, "wind_m_s": 8.3880386352539062, "dist_grid_km": 351.73483800529152, "dist_demand_km": 15.195184654238483, "connection_cost_brl": 422081805.60634983, "is_restricted": false, "restriction_factor": 1.0, "score_final": 0.82875667102880191, "longitude": -34.810333627965733, "latitude": -7.9375922155695919 }, "geometry": { "type": "Point", "coordinates": [ -34.810333627965733, -7.937592215569592 ] } },
{ "type": "Feature", "properties": { "rank": 104, "candidate_id": 2031, "scenario": "eolico", "solar_kwh_m2_day": 5.8894033432006836, "wind_m_s": 8.2128782272338867, "dist_grid_km": 78.247217479198156, "dist_demand_km": 510.52497248322561, "connection_cost_brl": 93896660.975037783, "is_restricted": false, "restriction_factor": 1.0, "score_final": 0.82709638410732544, "longitude": -39.289605315834756, "latitude": -9.4290056711916446 }, "geometry": { "type": "Point", "coordinates": [ -39.289605315834756, -9.429005671191645 ] } },
{ "type": "Feature", "properties": { "rank": 105, "candidate_id": 1670, "scenario": "eolico", "solar_kwh_m2_day": 6.2251906394958496, "wind_m_s": 8.277623176574707, "dist_grid_km": 6.1628870406947112, "dist_demand_km": 813.57139196683329, "connection_cost_brl": 7395464.4488336537, "is_restricted": false, "restriction_factor": 1.0, "score_final": 0.82661121055835285, "longitude": -42.003612487683355, "latitude": -9.9726182142138704 }, "geometry": { "type": "Point", "coordinates": [ -42.003612487683355, -9.97261821421387 ] } },
{ "type": "Feature", "properties": { "rank": 106, "candidate_id": 1906, "scenario": "eolico", "solar_kwh_m2_day": 6.0464916229248047, "wind_m_s": 8.6521787643432617, "dist_grid_km": 260.58087315258598, "dist_demand_km": 707.18321071270998, "connection_cost_brl": 312697047.78310317, "is_restricted": false, "restriction_factor": 1.0, "score_final": 0.82569917739758569, "longitude": -40.09917381686153, "latitude": -11.660396242089098 }, "geometry": { "type": "Point", "coordinates": [ -40.09917381686153, -11.660396242089098 ] } },
{ "type": "Feature", "properties": { "rank": 107, "candidate_id": 1966, "scenario": "eolico", "solar_kwh_m2_day": 5.7883334159851074, "wind_m_s": 8.6556596755981445, "dist_grid_km": 282.16602237661635, "dist_demand_km": 665.90930455189061, "connection_cost_brl": 338599226.85193962, "is_restricted": false, "restriction_factor": 1.0, "score_final": 0.8245348623814982, "longitude": -39.641189660617542, "latitude": -11.63853912998835 }, "geometry": { "type": "Point", "coordinates": [ -39.641189660617542, -11.63853912998835 ] } },
{ "type": "Feature", "properties": { "rank": 108, "candidate_id": 2266, "scenario": "eolico", "solar_kwh_m2_day": 5.6733946800231934, "wind_m_s": 8.7172040939331055, "dist_grid_km": 390.09176849676862, "dist_demand_km": 484.84094687125042, "connection_cost_brl": 468110122.19612235, "is_restricted": false, "restriction_factor": 1.0, "score_final": 0.822745572346815, "longitude": -37.352351194746973, "latitude": -11.520063292487508 }, "geometry": { "type": "Point", "coordinates": [ -37.352351194746973, -11.520063292487508 ] } },
{ "type": "Feature", "properties": { "rank": 109, "candidate_id": 2575, "scenario": "eolico", "solar_kwh_m2_day": 5.8530001640319824, "wind_m_s": 8.2960081100463867, "dist_grid_km": 304.59434442081118, "dist_demand_km": 75.355641559904484, "connection_cost_brl": 365513213.30497342, "is_restricted": false, "restriction_factor": 1.0, "score_final": 0.82186546787694703, "longitude": -35.282978986953545, "latitude": -7.5281930717269159 }, "geometry": { "type": "Point", "coordinates": [ -35.282978986953545, -7.528193071726916 ] } },
{ "type": "Feature", "properties": { "rank": 110, "candidate_id": 1848, "scenario": "eolico", "solar_kwh_m2_day": 6.1866354942321777, "wind_m_s": 8.4190282821655273, "dist_grid_km": 148.79414227997609, "dist_demand_km": 703.08631052328099, "connection_cost_brl": 178552970.7359713, "is_restricted": false, "restriction_factor": 1.0, "score_final": 0.82091313279851341, "longitude": -40.598674309109974, "latitude": -10.801907244087742 }, "geometry": { "type": "Point", "coordinates": [ -40.598674309109974, -10.801907244087742 ] } },
{ "type": "Feature", "properties": { "rank": 111, "candidate_id": 2038, "scenario": "eolico", "solar_kwh_m2_day": 6.1090512275695801, "wind_m_s": 8.4649190902709961, "dist_grid_km": 237.45831829083011, "dist_demand_km": 535.77846140034069, "connection_cost_brl": 284949981.94899613, "is_restricted": false, "restriction_factor": 1.0, "score_final": 0.82050064064472128, "longitude": -39.399991774301746, "latitude": -6.3651956597092125 }, "geometry": { "type": "Point", "coordinates": [ -39.399991774301746, -6.365195659709213 ] } },
{ "type": "Feature", "properties": { "rank": 112, "candidate_id": 1796, "scenario": "eolico", "solar_kwh_m2_day": 5.6834220886230469, "wind_m_s": 8.5501604080200195, "dist_grid_km": 233.59733353837237, "dist_demand_km": 700.85715470057517, "connection_cost_brl": 280316800.24604684, "is_restricted": false, "restriction_factor": 1.0, "score_final": 0.81841383704290771, "longitude": -41.183217479167617, "latitude": -7.294022982698027 }, "geometry": { "type": "Point", "coordinates": [ -41.183217479167617, -7.294022982698027 ] } },
{ "type": "Feature", "properties": { "rank": 113, "candidate_id": 2088, "scenario": "eolico", "solar_kwh_m2_day": 6.0939221382141113, "wind_m_s": 8.4378423690795898, "dist_grid_km": 235.13473917609781, "dist_demand_km": 526.91440817709838, "connection_cost_brl": 282161687.01131737, "is_restricted": false, "restriction_factor": 1.0, "score_final": 0.817999877450728, "longitude": -38.772044540976012, "latitude": -10.720083653320671 }, "geometry": { "type": "Point", "coordinates": [ -38.772044540976012, -10.720083653320671 ] } },
{ "type": "Feature", "properties": { "rank": 114, "candidate_id": 2636, "scenario": "eolico", "solar_kwh_m2_day": 6.6926054954528809, "wind_m_s": 8.397730827331543, "dist_grid_km": 363.54908107548192, "dist_demand_km": 113.04984981336517, "connection_cost_brl": 436258897.29057831, "is_restricted": false, "restriction_factor": 1.0, "score_final": 0.81799051090762653, "longitude": -34.849248225850076, "latitude": -7.0816369169264428 }, "geometry": { "type": "Point", "coordinates": [ -34.849248225850076, -7.081636916926443 ] } },
{ "type": "Feature", "properties": { "rank": 115, "candidate_id": 1917, "scenario": "eolico", "solar_kwh_m2_day": 6.730741024017334, "wind_m_s": 8.4879026412963867, "dist_grid_km": 235.52782591460121, "dist_demand_km": 613.70160134853097, "connection_cost_brl": 282633391.09752142, "is_restricted": false, "restriction_factor": 1.0, "score_final": 0.81704274332223847, "longitude": -40.291200531988707, "latitude": -6.8287344838375352 }, "geometry": { "type": "Point", "coordinates": [ -40.291200531988707, -6.828734483837535 ] } },
{ "type": "Feature", "properties": { "rank": 116, "candidate_id": 1674, "scenario": "eolico", "solar_kwh_m2_day": 5.9195804595947266, "wind_m_s": 8.5110559463500977, "dist_grid_km": 186.56605033785374, "dist_demand_km": 791.83152225656352, "connection_cost_brl": 223879260.40542448, "is_restricted": false, "restriction_factor": 1.0, "score_final": 0.81628506766403341, "longitude": -42.063204661645138, "latitude": -8.2031844228385236 }, "geometry": { "type": "Point", "coordinates": [ -42.063204661645138, -8.203184422838524 ] } },
{ "type": "Feature", "properties": { "rank": 117, "candidate_id": 2100, "scenario": "eolico", "solar_kwh_m2_day": 6.4187397956848145, "wind_m_s": 8.5529193878173828, "dist_grid_km": 308.35767319639751, "dist_demand_km": 541.23473925969495, "connection_cost_brl": 370029207.83567703, "is_restricted": false, "restriction_factor": 1.0, "score_final": 0.81459186455224564, "longitude": -38.972413157376195, "latitude": -5.4786996287162131 }, "geometry": { "type": "Point", "coordinates": [ -38.972413157376195, -5.478699628716213 ] } },
{ "type": "Feature", "properties": { "rank": 118, "candidate_id": 2572, "scenario": "eolico", "solar_kwh_m2_day": 6.4067940711975098, "wind_m_s": 8.2847738265991211, "dist_grid_km": 320.31532515135103, "dist_demand_km": 96.718200746719745, "connection_cost_brl": 384378390.18162125, "is_restricted": false, "restriction_factor": 1.0, "score_final": 0.81421559909118923, "longitude": -35.22074617356251, "latitude": -8.8150755825320761 }, "geometry": { "type": "Point", "coordinates": [ -35.22074617356251, -8.815075582532076 ] } },
{ "type": "Feature", "properties": { "rank": 119, "candidate_id": 2327, "scenario": "eolico", "solar_kwh_m2_day": 6.1614713668823242, "wind_m_s": 8.5714483261108398, "dist_grid_km": 366.57612689650938, "dist_demand_km": 414.93678987398823, "connection_cost_brl": 439891352.27581125, "is_restricted": false, "restriction_factor": 1.0, "score_final": 0.81417594521135983, "longitude": -36.921146093160864, "latitude": -11.061971966189544 }, "geometry": { "type": "Point", "coordinates": [ -36.921146093160864, -11.061971966189544 ] } },
{ "type": "Feature", "properties": { "rank": 120, "candidate_id": 1728, "scenario": "eolico", "solar_kwh_m2_day": 6.5429549217224121, "wind_m_s": 8.3549509048461914, "dist_grid_km": 105.62384383191522, "dist_demand_km": 795.40941866157721, "connection_cost_brl": 126748612.59829827, "is_restricted": false, "restriction_factor": 1.0, "score_final": 0.8140505171989959, "longitude": -41.512334253190886, "latitude": -10.839311972648192 }, "geometry": { "type": "Point", "coordinates": [ -41.512334253190886, -10.839311972648192 ] } },
{ "type": "Feature", "properties": { "rank": 121, "candidate_id": 2392, "scenario": "eolico", "solar_kwh_m2_day": 6.3728384971618652, "wind_m_s": 8.1155071258544922, "dist_grid_km": 186.02971687365698, "dist_demand_km": 210.64919945526958, "connection_cost_brl": 223235660.24838838, "is_restricted": false, "restriction_factor": 1.0, "score_final": 0.81341695655994695, "longitude": -36.582775986560172, "latitude": -8.8778503823366943 }, "geometry": { "type": "Point", "coordinates": [ -36.582775986560172, -8.877850382336694 ] } },
{ "type": "Feature", "properties": { "rank": 122, "candidate_id": 2037, "scenario": "eolico", "solar_kwh_m2_day": 6.181830883026123, "wind_m_s": 8.3163871765136719, "dist_grid_km": 192.35752746654035, "dist_demand_km": 517.96126519986251, "connection_cost_brl": 230829032.9598484, "is_restricted": false, "restriction_factor": 1.0, "score_final": 0.8121868235249482, "longitude": -39.386915417477596, "latitude": -6.8029959229828849 }, "geometry": { "type": "Point", "coordinates": [ -39.386915417477596, -6.802995922982885 ] } },
{ "type": "Feature", "properties": { "rank": 123, "candidate_id": 1856, "scenario": "eolico", "solar_kwh_m2_day": 6.5286970138549805, "wind_m_s": 8.4356756210327148, "dist_grid_km": 212.01218431434194, "dist_demand_km": 651.55802479121644, "connection_cost_brl": 254414621.17721033, "is_restricted": false, "restriction_factor": 1.0, "score_final": 0.8119561048481202, "longitude": -40.730611891743095, "latitude": -7.2812958781346975 }, "geometry": { "type": "Point", "coordinates": [ -40.730611891743095, -7.281295878134697 ] } },
{ "type": "Feature", "properties": { "rank": 124, "candidate_id": 2693, "scenario": "eolico", "solar_kwh_m2_day": 5.8154129981994629, "wind_m_s": 8.397648811340332, "dist_grid_km": 405.77959273486584, "dist_demand_km": 69.161510672107255, "connection_cost_brl": 486935511.28183901, "is_restricted": false, "restriction_factor": 1.0, "score_final": 0.81126833539774212, "longitude": -34.335747980614904, "latitude": -8.3444009742380825 }, "geometry": { "type": "Point", "coordinates": [ -34.335747980614904, -8.344400974238082 ] } },
{ "type": "Feature", "properties": { "rank": 125, "candidate_id": 2515, "scenario": "eolico", "solar_kwh_m2_day": 6.1791410446166992, "wind_m_s": 8.1527423858642578, "dist_grid_km": 255.17202824284931, "dist_demand_km": 111.13669214107101, "connection_cost_brl": 306206433.89141917, "is_restricted": false, "restriction_factor": 1.0, "score_final": 0.81041173694824309, "longitude": -35.735632620270302, "latitude": -7.546388582771983 }, "geometry": { "type": "Point", "coordinates": [ -35.735632620270302, -7.546388582771983 ] } },
{ "type": "Feature", "properties": { "rank": 126, "candidate_id": 2209, "scenario": "eolico", "solar_kwh_m2_day": 6.1769938468933105, "wind_m_s": 8.3058071136474609, "dist_grid_km": 233.20424679986894, "dist_demand_km": 416.01405955494715, "connection_cost_brl": 279845096.15984273, "is_restricted": false, "restriction_factor": 1.0, "score_final": 0.80972397499570248, "longitude": -37.882136195747727, "latitude": -10.241093677691392 }, "geometry": { "type": "Point", "coordinates": [ -37.882136195747727, -10.241093677691392 ] } },
{ "type": "Feature", "properties": { "rank": 127, "candidate_id": 1847, "scenario": "eolico", "solar_kwh_m2_day": 5.9689726829528809, "wind_m_s": 8.4234132766723633, "dist_grid_km": 193.89493310426582, "dist_demand_km": 724.95218641794952, "connection_cost_brl": 232673919.72511899, "is_restricted": false, "restriction_factor": 1.0, "score_final": 0.8079577349823629, "longitude": -40.578381938062883, "latitude": -11.241789859627618 }, "geometry": { "type": "Point", "coordinates": [ -40.578381938062883, -11.241789859627618 ] } },
{ "type": "Feature", "properties": { "rank": 128, "candidate_id": 2207, "scenario": "eolico", "solar_kwh_m2_day": 5.6772971153259277, "wind_m_s": 8.4933347702026367, "dist_grid_km": 323.40582844844846, "dist_demand_km": 480.12323713942351, "connection_cost_brl": 388086994.13813818, "is_restricted": false, "restriction_factor": 1.0, "score_final": 0.80781544031204222, "longitude": -37.835044096293743, "latitude": -11.11039961186987 }, "geometry": { "type": "Point", "coordinates": [ -37.835044096293743, -11.11039961186987 ] } },
{ "type": "Feature", "properties": { "rank": 129, "candidate_id": 1734, "scenario": "eolico", "solar_kwh_m2_day": 5.9700460433959961, "wind_m_s": 8.3816413879394531, "dist_grid_km": 164.98090111382328, "dist_demand_km": 741.83843794588608, "connection_cost_brl": 197977081.33658794, "is_restricted": false, "restriction_factor": 1.0, "score_final": 0.80772846665058928, "longitude": -41.609647163831212, "latitude": -8.189800765312123 }, "geometry": { "type": "Point", "coordinates": [ -41.609647163831212, -8.189800765312123 ] } },
{ "type": "Feature", "properties": { "rank": 130, "candidate_id": 2399, "scenario": "eolico", "solar_kwh_m2_day": 6.223057746887207, "wind_m_s": 8.3230991363525391, "dist_grid_km": 285.80402176116814, "dist_demand_km": 325.26281281859445, "connection_cost_brl": 342964826.11340177, "is_restricted": false, "restriction_factor": 1.0, "score_final": 0.80724496854770789, "longitude": -36.704102071570041, "latitude": -5.852810143631868 }, "geometry": { "type": "Point", "coordinates": [ -36.704102071570041, -5.852810143631868 ] } },
{ "type": "Feature", "properties": { "rank": 131, "candidate_id": 2694, "scenario": "eolico", "solar_kwh_m2_day": 5.9355506896972656, "wind_m_s": 8.350459098815918, "dist_grid_km": 401.72421749526495, "dist_demand_km": 59.648990029354337, "connection_cost_brl": 482069060.99431795, "is_restricted": false, "restriction_factor": 1.0, "score_final": 0.80635665618014185, "longitude": -34.357348374536379, "latitude": -7.9176029032885804 }, "geometry": { "type": "Point", "coordinates": [ -34.357348374536379, -7.91760290328858 ] } },
{ "type": "Feature", "properties": { "rank": 132, "candidate_id": 2272, "scenario": "eolico", "solar_kwh_m2_day": 6.0904750823974609, "wind_m_s": 8.0081653594970703, "dist_grid_km": 119.48704636463513, "dist_demand_km": 304.49773148819145, "connection_cost_brl": 143384455.63756216, "is_restricted": false, "restriction_factor": 1.0, "score_final": 0.80612563498722922, "longitude": -37.491033745325538, "latitude": -8.9175294454705423 }, "geometry": { "type": "Point", "coordinates": [ -37.491033745325538, -8.917529445470542 ] } },
{ "type": "Feature", "properties": { "rank": 133, "candidate_id": 2391, "scenario": "eolico", "solar_kwh_m2_day": 5.8551678657531738, "wind_m_s": 8.1352729797363281, "dist_grid_km": 218.81907256449026, "dist_demand_km": 235.79312495929975, "connection_cost_brl": 262582887.07738832, "is_restricted": false, "restriction_factor": 1.0, "score_final": 0.80553638925685322, "longitude": -36.561233945721234, "latitude": -9.3097921967682566 }, "geometry": { "type": "Point", "coordinates": [ -36.561233945721234, -9.309792196768257 ] } },
{ "type": "Feature", "properties": { "rank": 134, "candidate_id": 2395, "scenario": "eolico", "solar_kwh_m2_day": 5.9945740699768066, "wind_m_s": 7.9991059303283691, "dist_grid_km": 157.42573705217632, "dist_demand_km": 201.73534045964277, "connection_cost_brl": 188910884.46261159, "is_restricted": false, "restriction_factor": 1.0, "score_final": 0.80470390474767484, "longitude": -36.641045419189453, "latitude": -7.5816916489719626 }, "geometry": { "type": "Point", "coordinates": [ -36.641045419189453, -7.581691648971963 ] } },
{ "type": "Feature", "properties": { "rank": 135, "candidate_id": 2568, "scenario": "eolico", "solar_kwh_m2_day": 6.1263508796691895, "wind_m_s": 8.5347585678100586, "dist_grid_km": 430.93019313849254, "dist_demand_km": 290.26825617588077, "connection_cost_brl": 517116231.76619107, "is_restricted": false, "restriction_factor": 1.0, "score_final": 0.80403413566599058, "longitude": -35.12184822348766, "latitude": -10.530007146673668 }, "geometry": { "type": "Point", "coordinates": [ -35.12184822348766, -10.530007146673668 ] } },
{ "type": "Feature", "properties": { "rank": 136, "candidate_id": 2210, "scenario": "eolico", "solar_kwh_m2_day": 6.0405917167663574, "wind_m_s": 8.160344123840332, "dist_grid_km": 188.10345597557921, "dist_demand_km": 389.66958464891911, "connection_cost_brl": 225724147.17069504, "is_restricted": false, "restriction_factor": 1.0, "score_final": 0.80265193238554877, "longitude": -37.904167301649807, "latitude": -9.8063506955669624 }, "geometry": { "type": "Point", "coordinates": [ -37.904167301649807, -9.806350695566962 ] } },
{ "type": "Feature", "properties": { "rank": 137, "candidate_id": 1974, "scenario": "eolico", "solar_kwh_m2_day": 5.5449151992797852, "wind_m_s": 8.0541191101074219, "dist_grid_km": 78.640304217701527, "dist_demand_km": 541.87886239765317, "connection_cost_brl": 94368365.061241835, "is_restricted": false, "restriction_factor": 1.0, "score_final": 0.80105673460691251, "longitude": -39.795725773016194, "latitude": -8.1317837741451999 }, "geometry": { "type": "Point", "coordinates": [ -39.795725773016194, -8.1317837741452 ] } },
{ "type": "Feature", "properties": { "rank": 138, "candidate_id": 1247, "scenario": "eolico", "solar_kwh_m2_day": 6.1279764175415039, "wind_m_s": 7.9721932411193848, "dist_grid_km": 21.956559136038461, "dist_demand_km": 570.4897326215812, "connection_cost_brl": 26347870.963246152, "is_restricted": false, "restriction_factor": 1.0, "score_final": 0.80102212884367097, "longitude": -45.155333395369503, "latitude": -11.411027248305082 }, "geometry": { "type": "Point", "coordinates": [ -45.155333395369503, -11.411027248305082 ] } },
{ "type": "Feature", "properties": { "rank": 139, "candidate_id": 1544, "scenario": "eolico", "solar_kwh_m2_day": 5.8587603569030762, "wind_m_s": 8.3744955062866211, "dist_grid_km": 221.27155945698294, "dist_demand_km": 649.16078253999842, "connection_cost_brl": 265525871.34837952, "is_restricted": false, "restriction_factor": 1.0, "score_final": 0.80094281546436186, "longitude": -42.810758953519091, "latitude": -12.665031028454816 }, "geometry": { "type": "Point", "coordinates": [ -42.810758953519091, -12.665031028454816 ] } },
{ "type": "Feature", "properties": { "rank": 140, "candidate_id": 2156, "scenario": "eolico", "solar_kwh_m2_day": 7.2924637794494629, "wind_m_s": 8.0029306411743164, "dist_grid_km": 104.08643819418974, "dist_demand_km": 407.63145308484178, "connection_cost_brl": 124903725.83302769, "is_restricted": false, "restriction_factor": 1.0, "score_final": 0.79967059920480077, "longitude": -38.467973872219439, "latitude": -7.2118260713294111 }, "geometry": { "type": "Point", "coordinates": [ -38.467973872219439, -7.211826071329411 ] } },
{ "type": "Feature", "properties": { "rank": 141, "candidate_id": 2337, "scenario": "eolico", "solar_kwh_m2_day": 5.9887032508850098, "wind_m_s": 8.0527801513671875, "dist_grid_km": 174.83835424490061, "dist_demand_km": 291.40935832891569, "connection_cost_brl": 209806025.09388074, "is_restricted": false, "restriction_factor": 1.0, "score_final": 0.79964318372731713, "longitude": -37.126628813245468, "latitude": -6.7324656750889735 }, "geometry": { "type": "Point", "coordinates": [ -37.126628813245468, -6.732465675088974 ] } },
{ "type": "Feature", "properties": { "rank": 142, "candidate_id": 1614, "scenario": "eolico", "solar_kwh_m2_day": 6.0945529937744141, "wind_m_s": 8.461237907409668, "dist_grid_km": 208.15119956188417, "dist_demand_km": 841.82542802192734, "connection_cost_brl": 249781439.47426102, "is_restricted": false, "restriction_factor": 1.0, "score_final": 0.79886591993108214, "longitude": -42.516791255458642, "latitude": -8.2161102592368689 }, "geometry": { "type": "Point", "coordinates": [ -42.516791255458642, -8.216110259236869 ] } },
{ "type": "Feature", "properties": { "rank": 143, "candidate_id": 1724, "scenario": "eolico", "solar_kwh_m2_day": 6.5030579566955566, "wind_m_s": 8.5572795867919922, "dist_grid_km": 286.02700712907421, "dist_demand_km": 782.14305709627286, "connection_cost_brl": 343232408.55488902, "is_restricted": false, "restriction_factor": 1.0, "score_final": 0.79842456868917699, "longitude": -41.431465340383419, "latitude": -12.604806037241472 }, "geometry": { "type": "Point", "coordinates": [ -41.431465340383419, -12.604806037241472 ] } },
{ "type": "Feature", "properties": { "rank": 144, "candidate_id": 2400, "scenario": "eolico", "solar_kwh_m2_day": 6.8472700119018555, "wind_m_s": 8.3591289520263672, "dist_grid_km": 329.25553586381443, "dist_demand_km": 366.83863599100079, "connection_cost_brl": 395106643.03657734, "is_restricted": false, "restriction_factor": 1.0, "score_final": 0.79745583622653227, "longitude": -36.717283173278425, "latitude": -5.420489166628192 }, "geometry": { "type": "Point", "coordinates": [ -36.717283173278425, -5.420489166628192 ] } },
{ "type": "Feature", "properties": { "rank": 145, "candidate_id": 2458, "scenario": "eolico", "solar_kwh_m2_day": 5.9856481552124023, "wind_m_s": 8.1933488845825195, "dist_grid_km": 278.6101585878074, "dist_demand_km": 255.63317140863313, "connection_cost_brl": 334332190.3053689, "is_restricted": false, "restriction_factor": 1.0, "score_final": 0.79679043547907202, "longitude": -36.238288098366077, "latitude": -6.270638220524714 }, "geometry": { "type": "Point", "coordinates": [ -36.238288098366077, -6.270638220524714 ] } },
{ "type": "Feature", "properties": { "rank": 146, "candidate_id": 2206, "scenario": "eolico", "solar_kwh_m2_day": 5.9779672622680664, "wind_m_s": 8.5198373794555664, "dist_grid_km": 368.50661927273819, "dist_demand_km": 516.47229876167125, "connection_cost_brl": 442207943.12728584, "is_restricted": false, "restriction_factor": 1.0, "score_final": 0.79671181138180258, "longitude": -37.809969366182941, "latitude": -11.544957207040984 }, "geometry": { "type": "Point", "coordinates": [ -37.809969366182941, -11.544957207040984 ] } },
{ "type": "Feature", "properties": { "rank": 147, "candidate_id": 2573, "scenario": "eolico", "solar_kwh_m2_day": 5.6407771110534668, "wind_m_s": 8.1114883422851562, "dist_grid_km": 307.12729701041729, "dist_demand_km": 55.938339345718752, "connection_cost_brl": 368552756.41250074, "is_restricted": false, "restriction_factor": 1.0, "score_final": 0.79628986936600432, "longitude": -35.242617228847344, "latitude": -8.3861744324756717 }, "geometry": { "type": "Point", "coordinates": [ -35.242617228847344, -8.386174432475672 ] } },
{ "type": "Feature", "properties": { "rank": 148, "candidate_id": 2386, "scenario": "eolico", "solar_kwh_m2_day": 6.1010909080505371, "wind_m_s": 8.5727243423461914, "dist_grid_km": 433.26206694482948, "dist_demand_km": 432.11683664571774, "connection_cost_brl": 519914480.33379537, "is_restricted": false, "restriction_factor": 1.0, "score_final": 0.79568146534328854, "longitude": -36.437349366853098, "latitude": -11.46853536406719 }, "geometry": { "type": "Point", "coordinates": [ -36.437349366853098, -11.46853536406719 ] } },
{ "type": "Feature", "properties": { "rank": 149, "candidate_id": 1969, "scenario": "eolico", "solar_kwh_m2_day": 6.4183244705200195, "wind_m_s": 8.1665935516357422, "dist_grid_km": 146.86364990374722, "dist_demand_km": 591.40448446727612, "connection_cost_brl": 176236379.88449666, "is_restricted": false, "restriction_factor": 1.0, "score_final": 0.7952611168799546, "longitude": -39.705896918283266, "latitude": -10.323870036899269 }, "geometry": { "type": "Point", "coordinates": [ -39.705896918283266, -10.323870036899269 ] } },
{ "type": "Feature", "properties": { "rank": 150, "candidate_id": 1915, "scenario": "eolico", "solar_kwh_m2_day": 5.7583713531494141, "wind_m_s": 8.1659755706787109, "dist_grid_km": 145.32624426602175, "dist_demand_km": 595.04645246535438, "connection_cost_brl": 174391493.1192261, "is_restricted": false, "restriction_factor": 1.0, "score_final": 0.79522478087874848, "longitude": -40.264018668737577, "latitude": -7.7075797013926275 }, "geometry": { "type": "Point", "coordinates": [ -40.264018668737577, -7.707579701392627 ] } },
{ "type": "Feature", "properties": { "rank": 151, "candidate_id": 1911, "scenario": "eolico", "solar_kwh_m2_day": 6.1475787162780762, "wind_m_s": 7.9725055694580078, "dist_grid_km": 35.07691903113728, "dist_demand_km": 607.43849958601322, "connection_cost_brl": 42092302.837364733, "is_restricted": false, "restriction_factor": 1.0, "score_final": 0.79425474898054094, "longitude": -40.199444816098676, "latitude": -9.4648304485662376 }, "geometry": { "type": "Point", "coordinates": [ -40.199444816098676, -9.464830448566238 ] } },
{ "type": "Feature", "properties": { "rank": 152, "candidate_id": 2329, "scenario": "eolico", "solar_kwh_m2_day": 6.1755237579345703, "wind_m_s": 8.2205438613891602, "dist_grid_km": 276.3745452479298, "dist_demand_km": 338.70623628312234, "connection_cost_brl": 331649454.29751575, "is_restricted": false, "restriction_factor": 1.0, "score_final": 0.79353966967727319, "longitude": -36.970607640940443, "latitude": -10.196536644782972 }, "geometry": { "type": "Point", "coordinates": [ -36.970607640940443, -10.196536644782972 ] } },
{ "type": "Feature", "properties": { "rank": 153, "candidate_id": 2326, "scenario": "eolico", "solar_kwh_m2_day": 6.275719165802002, "wind_m_s": 8.5264148712158203, "dist_grid_km": 411.67691772079905, "dist_demand_km": 456.50613592574666, "connection_cost_brl": 494012301.26495886, "is_restricted": false, "restriction_factor": 1.0, "score_final": 0.79221688231977583, "longitude": -36.894810733599577, "latitude": -11.494586511066494 }, "geometry": { "type": "Point", "coordinates": [ -36.894810733599577, -11.494586511066494 ] } },
{ "type": "Feature", "properties": { "rank": 154, "candidate_id": 1731, "scenario": "eolico", "solar_kwh_m2_day": 6.3998441696166992, "wind_m_s": 8.0430841445922852, "dist_grid_km": 29.678528640954013, "dist_demand_km": 754.32102294366041, "connection_cost_brl": 35614234.36914482, "is_restricted": false, "restriction_factor": 1.0, "score_final": 0.79213724849303757, "longitude": -41.56453340789546, "latitude": -9.5147274135930466 }, "geometry": { "type": "Point", "coordinates": [ -41.56453340789546, -9.514727413593047 ] } },
{ "type": "Feature", "properties": { "rank": 155, "candidate_id": 1844, "scenario": "eolico", "solar_kwh_m2_day": 6.0996041297912598, "wind_m_s": 8.6010103225708008, "dist_grid_km": 329.19730557713507, "dist_demand_km": 805.74909880988594, "connection_cost_brl": 395036766.6925621, "is_restricted": false, "restriction_factor": 1.0, "score_final": 0.79150305857818637, "longitude": -40.512299388007463, "latitude": -12.56113013322833 }, "geometry": { "type": "Point", "coordinates": [ -40.512299388007463, -12.56113013322833 ] } },
{ "type": "Feature", "properties": { "rank": 156, "candidate_id": 2390, "scenario": "eolico", "solar_kwh_m2_day": 5.9672794342041016, "wind_m_s": 8.1156196594238281, "dist_grid_km": 257.20909291056239, "dist_demand_km": 267.9994595610184, "connection_cost_brl": 308650911.49267489, "is_restricted": false, "restriction_factor": 1.0, "score_final": 0.78984887901600143, "longitude": -36.538622523729103, "latitude": -9.7416735830480459 }, "geometry": { "type": "Point", "coordinates": [ -36.538622523729103, -9.741673583048046 ] } },
{ "type": "Feature", "properties": { "rank": 157, "candidate_id": 1604, "scenario": "eolico", "solar_kwh_m2_day": 5.6864986419677734, "wind_m_s": 8.3614540100097656, "dist_grid_km": 242.85670868101332, "dist_demand_km": 692.71620089321573, "connection_cost_brl": 291428050.417216, "is_restricted": false, "restriction_factor": 1.0, "score_final": 0.78945536245599224, "longitude": -42.350924719965946, "latitude": -12.645670989286472 }, "geometry": { "type": "Point", "coordinates": [ -42.350924719965946, -12.645670989286472 ] } },
{ "type": "Feature", "properties": { "rank": 158, "candidate_id": 1616, "scenario": "eolico", "solar_kwh_m2_day": 6.6740732192993164, "wind_m_s": 8.5593900680541992, "dist_grid_km": 298.35278121046366, "dist_demand_km": 849.24638719893824, "connection_cost_brl": 358023337.45255637, "is_restricted": false, "restriction_factor": 1.0, "score_final": 0.7893028255000698, "longitude": -42.541178167607164, "latitude": -7.3297902775414512 }, "geometry": { "type": "Point", "coordinates": [ -42.541178167607164, -7.329790277541451 ] } },
{ "type": "Feature", "properties": { "rank": 159, "candidate_id": 2097, "scenario": "eolico", "solar_kwh_m2_day": 6.3367390632629395, "wind_m_s": 8.0898599624633789, "dist_grid_km": 170.77237824250994, "dist_demand_km": 470.75575474155164, "connection_cost_brl": 204926853.89101192, "is_restricted": false, "restriction_factor": 1.0, "score_final": 0.78929541954303095, "longitude": -38.934808338615063, "latitude": -6.7895874397108695 }, "geometry": { "type": "Point", "coordinates": [ -38.934808338615063, -6.78958743971087 ] } },
{ "type": "Feature", "properties": { "rank": 160, "candidate_id": 2277, "scenario": "eolico", "solar_kwh_m2_day": 6.0119080543518066, "wind_m_s": 7.9511919021606445, "dist_grid_km": 151.33902160213373, "dist_demand_km": 334.0543454990891, "connection_cost_brl": 181606825.92256048, "is_restricted": false, "restriction_factor": 1.0, "score_final": 0.78695102253766558, "longitude": -37.578635374250361, "latitude": -6.7472598658550265 }, "geometry": { "type": "Point", "coordinates": [ -37.578635374250361, -6.747259865855026 ] } },
{ "type": "Feature", "properties": { "rank": 161, "candidate_id": 1553, "scenario": "eolico", "solar_kwh_m2_day": 6.2443304061889648, "wind_m_s": 8.3685483932495117, "dist_grid_km": 184.63555796162481, "dist_demand_km": 892.50672570932568, "connection_cost_brl": 221562669.55394977, "is_restricted": false, "restriction_factor": 1.0, "score_final": 0.78671648716023201, "longitude": -42.957632252542062, "latitude": -8.6723720779539804 }, "geometry": { "type": "Point", "coordinates": [ -42.957632252542062, -8.67237207795398 ] } },
{ "type": "Feature", "properties": { "rank": 162, "candidate_id": 2507, "scenario": "eolico", "solar_kwh_m2_day": 6.2929978370666504, "wind_m_s": 8.4626178741455078, "dist_grid_km": 437.39068538401102, "dist_demand_km": 349.50517122850579, "connection_cost_brl": 524868822.46081322, "is_restricted": false, "restriction_factor": 1.0, "score_final": 0.78638831094454686, "longitude": -35.550849602334729, "latitude": -10.985208652805337 }, "geometry": { "type": "Point", "coordinates": [ -35.550849602334729, -10.985208652805337 ] } },
{ "type": "Feature", "properties": { "rank": 163, "candidate_id": 2457, "scenario": "eolico", "solar_kwh_m2_day": 6.4685382843017578, "wind_m_s": 8.0299968719482422, "dist_grid_km": 246.77591338340514, "dist_demand_km": 215.80924649180722, "connection_cost_brl": 296131096.06008619, "is_restricted": false, "restriction_factor": 1.0, "score_final": 0.78498899962112512, "longitude": -36.222695160281305, "latitude": -6.7018789310394551 }, "geometry": { "type": "Point", "coordinates": [ -36.222695160281305, -6.701878931039455 ] } },
{ "type": "Feature", "properties": { "rank": 164, "candidate_id": 2509, "scenario": "eolico", "solar_kwh_m2_day": 5.965850830078125, "wind_m_s": 8.2518205642700195, "dist_grid_km": 360.22374955701287, "dist_demand_km": 254.36831489321767, "connection_cost_brl": 432268499.46841544, "is_restricted": false, "restriction_factor": 1.0, "score_final": 0.78448717565312154, "longitude": -35.603779618522111, "latitude": -10.125906396576296 }, "geometry": { "type": "Point", "coordinates": [ -35.603779618522111, -10.125906396576296 ] } },
{ "type": "Feature", "properties": { "rank": 165, "candidate_id": 2087, "scenario": "eolico", "solar_kwh_m2_day": 6.1099987030029297, "wind_m_s": 8.3042945861816406, "dist_grid_km": 280.2355300003876, "dist_demand_km": 555.75543730272921, "connection_cost_brl": 336282636.0004651, "is_restricted": false, "restriction_factor": 1.0, "score_final": 0.78440233912852109, "longitude": -38.74922365375599, "latitude": -11.156553096201291 }, "geometry": { "type": "Point", "coordinates": [ -38.74922365375599, -11.156553096201291 ] } },
{ "type": "Feature", "properties": { "rank": 166, "candidate_id": 1855, "scenario": "eolico", "solar_kwh_m2_day": 5.551692008972168, "wind_m_s": 8.1570844650268555, "dist_grid_km": 166.91139349005218, "dist_demand_km": 644.78924635632495, "connection_cost_brl": 200293672.18806261, "is_restricted": false, "restriction_factor": 1.0, "score_final": 0.78376052773359595, "longitude": -40.717028417387638, "latitude": -7.7215042404044478 }, "geometry": { "type": "Point", "coordinates": [ -40.717028417387638, -7.721504240404448 ] } },
{ "type": "Feature", "properties": { "rank": 167, "candidate_id": 2398, "scenario": "eolico", "solar_kwh_m2_day": 5.8215374946594238, "wind_m_s": 8.0620746612548828, "dist_grid_km": 244.86459485345964, "dist_demand_km": 286.39345304945431, "connection_cost_brl": 293837513.82415158, "is_restricted": false, "restriction_factor": 1.0, "score_final": 0.78353013045585307, "longitude": -36.68989186972788, "latitude": -6.2850937115285586 }, "geometry": { "type": "Point", "coordinates": [ -36.68989186972788, -6.285093711528559 ] } },
{ "type": "Feature", "properties": { "rank": 168, "candidate_id": 2389, "scenario": "eolico", "solar_kwh_m2_day": 5.9767823219299316, "wind_m_s": 8.1624202728271484, "dist_grid_km": 299.0505783872772, "dist_demand_km": 305.03937921508418, "connection_cost_brl": 358860694.06473261, "is_restricted": false, "restriction_factor": 1.0, "score_final": 0.78245689446991462, "longitude": -36.514935282627093, "latitude": -10.173491583462155 }, "geometry": { "type": "Point", "coordinates": [ -36.514935282627093, -10.173491583462155 ] } },
{ "type": "Feature", "properties": { "rank": 169, "candidate_id": 1665, "scenario": "eolico", "solar_kwh_m2_day": 5.7204990386962891, "wind_m_s": 8.313044548034668, "dist_grid_km": 219.34106708075404, "dist_demand_km": 760.74177079882224, "connection_cost_brl": 263209280.49690485, "is_restricted": false, "restriction_factor": 1.0, "score_final": 0.78210222566172338, "longitude": -41.911864265914602, "latitude": -12.183542293947982 }, "geometry": { "type": "Point", "coordinates": [ -41.911864265914602, -12.183542293947982 ] } },
{ "type": "Feature", "properties": { "rank": 170, "candidate_id": 2696, "scenario": "eolico", "solar_kwh_m2_day": 6.0045933723449707, "wind_m_s": 8.2414102554321289, "dist_grid_km": 412.10785603577324, "dist_demand_km": 126.91484120334403, "connection_cost_brl": 494529427.24292791, "is_restricted": false, "restriction_factor": 1.0, "score_final": 0.7816069643178577, "longitude": -34.397047824626966, "latitude": -7.0638255503889713 }, "geometry": { "type": "Point", "coordinates": [ -34.397047824626966, -7.063825550388971 ] } },
{ "type": "Feature", "properties": { "rank": 171, "candidate_id": 1545, "scenario": "eolico", "solar_kwh_m2_day": 5.9797344207763672, "wind_m_s": 8.1765403747558594, "dist_grid_km": 176.17076863269318, "dist_demand_km": 675.89645290839815, "connection_cost_brl": 211404922.35923183, "is_restricted": false, "restriction_factor": 1.0, "score_final": 0.78130208764999387, "longitude": -42.829973231728047, "latitude": -12.221557066184992 }, "geometry": { "type": "Point", "coordinates": [ -42.829973231728047, -12.221557066184992 ] } },
{ "type": "Feature", "properties": { "rank": 172, "candidate_id": 2635, "scenario": "eolico", "solar_kwh_m2_day": 5.9095630645751953, "wind_m_s": 8.0918483734130859, "dist_grid_km": 354.17886061807525, "dist_demand_km": 63.289660211999973, "connection_cost_brl": 425014632.74169028, "is_restricted": false, "restriction_factor": 1.0, "score_final": 0.78070974954190686, "longitude": -34.830361215942553, "latitude": -7.5096426692305061 }, "geometry": { "type": "Point", "coordinates": [ -34.830361215942553, -7.509642669230506 ] } },
{ "type": "Feature", "properties": { "rank": 173, "candidate_id": 1905, "scenario": "eolico", "solar_kwh_m2_day": 6.0317659378051758, "wind_m_s": 8.4152975082397461, "dist_grid_km": 305.68166397687571, "dist_demand_km": 735.75363136097599, "connection_cost_brl": 366817996.77225083, "is_restricted": false, "restriction_factor": 1.0, "score_final": 0.77715110437647761, "longitude": -40.076454605413964, "latitude": -12.099354994906902 }, "geometry": { "type": "Point", "coordinates": [ -40.076454605413964, -12.099354994906902 ] } },
{ "type": "Feature", "properties": { "rank": 174, "candidate_id": 2567, "scenario": "eolico", "solar_kwh_m2_day": 5.8721418380737305, "wind_m_s": 8.4460344314575195, "dist_grid_km": 467.94824747643742, "dist_demand_km": 339.82491534658362, "connection_cost_brl": 561537896.97172487, "is_restricted": false, "restriction_factor": 1.0, "score_final": 0.77706600180579855, "longitude": -35.09423568835588, "latitude": -10.958555225230249 }, "geometry": { "type": "Point", "coordinates": [ -35.09423568835588, -10.958555225230249 ] } },
{ "type": "Feature", "properties": { "rank": 175, "candidate_id": 2158, "scenario": "eolico", "solar_kwh_m2_day": 6.4987578392028809, "wind_m_s": 8.0369596481323242, "dist_grid_km": 198.23941886126457, "dist_demand_km": 445.77211268787056, "connection_cost_brl": 237887302.63351747, "is_restricted": false, "restriction_factor": 1.0, "score_final": 0.77693141321809289, "longitude": -38.496537026882159, "latitude": -6.3397880510287949 }, "geometry": { "type": "Point", "coordinates": [ -38.496537026882159, -6.339788051028795 ] } },
{ "type": "Feature", "properties": { "rank": 176, "candidate_id": 1729, "scenario": "eolico", "solar_kwh_m2_day": 5.8945469856262207, "wind_m_s": 8.0071678161621094, "dist_grid_km": 60.523053007625485, "dist_demand_km": 778.74953017553867, "connection_cost_brl": 72627663.609150589, "is_restricted": false, "restriction_factor": 1.0, "score_final": 0.77675162441000456, "longitude": -41.530529569739407, "latitude": -10.397824863565431 }, "geometry": { "type": "Point", "coordinates": [ -41.530529569739407, -10.397824863565431 ] } },
{ "type": "Feature", "properties": { "rank": 177, "candidate_id": 1908, "scenario": "eolico", "solar_kwh_m2_day": 5.4588189125061035, "wind_m_s": 8.1205692291259766, "dist_grid_km": 170.37929150400652, "dist_demand_km": 657.76703202584201, "connection_cost_brl": 204455149.80480781, "is_restricted": false, "restriction_factor": 1.0, "score_final": 0.77636761681871791, "longitude": -40.141928401240243, "latitude": -10.782317839323715 }, "geometry": { "type": "Point", "coordinates": [ -40.141928401240243, -10.782317839323715 ] } },
{ "type": "Feature", "properties": { "rank": 178, "candidate_id": 2026, "scenario": "eolico", "solar_kwh_m2_day": 5.4177761077880859, "wind_m_s": 8.3236684799194336, "dist_grid_km": 303.75117160064684, "dist_demand_km": 625.90918691422667, "connection_cost_brl": 364501405.92077619, "is_restricted": false, "restriction_factor": 1.0, "score_final": 0.7746324714841627, "longitude": -39.183275523116073, "latitude": -11.616058842196518 }, "geometry": { "type": "Point", "coordinates": [ -39.183275523116073, -11.616058842196518 ] } },
{ "type": "Feature", "properties": { "rank": 179, "candidate_id": 2203, "scenario": "eolico", "solar_kwh_m2_day": 6.0559568405151367, "wind_m_s": 8.6793975830078125, "dist_grid_km": 503.80899174560744, "dist_demand_km": 636.7256654391615, "connection_cost_brl": 604570790.09472895, "is_restricted": false, "restriction_factor": 1.0, "score_final": 0.77395529999773593, "longitude": -37.728541275114374, "latitude": -12.848215912893007 }, "geometry": { "type": "Point", "coordinates": [ -37.728541275114374, -12.848215912893007 ] } },
{ "type": "Feature", "properties": { "rank": 180, "candidate_id": 2219, "scenario": "eolico", "solar_kwh_m2_day": 6.0382981300354004, "wind_m_s": 8.0765485763549805, "dist_grid_km": 242.25830612826363, "dist_demand_km": 431.06214433434906, "connection_cost_brl": 290709967.35391635, "is_restricted": false, "restriction_factor": 1.0, "score_final": 0.77277359228251186, "longitude": -38.058055367398062, "latitude": -5.891434836206404 }, "geometry": { "type": "Point", "coordinates": [ -38.058055367398062, -5.891434836206404 ] } },
{ "type": "Feature", "properties": { "rank": 181, "candidate_id": 2453, "scenario": "eolico", "solar_kwh_m2_day": 5.9592742919921875, "wind_m_s": 7.8342781066894531, "dist_grid_km": 209.7552746840388, "dist_demand_km": 146.54310307573525, "connection_cost_brl": 251706329.62084654, "is_restricted": false, "restriction_factor": 1.0, "score_final": 0.77257644368471312, "longitude": -36.149665281826863, "latitude": -8.426365339836611 }, "geometry": { "type": "Point", "coordinates": [ -36.149665281826863, -8.426365339836611 ] } },
{ "type": "Feature", "properties": { "rank": 182, "candidate_id": 1736, "scenario": "eolico", "solar_kwh_m2_day": 6.3790907859802246, "wind_m_s": 8.295100212097168, "dist_grid_km": 255.1824827624028, "dist_demand_km": 750.24905392818744, "connection_cost_brl": 306218979.31488335, "is_restricted": false, "restriction_factor": 1.0, "score_final": 0.77130579231522844, "longitude": -41.635847520586765, "latitude": -7.3063505924812242 }, "geometry": { "type": "Point", "coordinates": [ -41.635847520586765, -7.306350592481224 ] } },
{ "type": "Feature", "properties": { "rank": 183, "candidate_id": 2036, "scenario": "eolico", "solar_kwh_m2_day": 5.9535050392150879, "wind_m_s": 7.9452309608459473, "dist_grid_km": 147.25673664225059, "dist_demand_km": 504.48903337373775, "connection_cost_brl": 176708083.97070071, "is_restricted": false, "restriction_factor": 1.0, "score_final": 0.77120259467334029, "longitude": -39.372948545072525, "latitude": -7.2407622358296813 }, "geometry": { "type": "Point", "coordinates": [ -39.372948545072525, -7.240762235829681 ] } },
{ "type": "Feature", "properties": { "rank": 184, "candidate_id": 2328, "scenario": "eolico", "solar_kwh_m2_day": 5.8370246887207031, "wind_m_s": 8.1661596298217773, "dist_grid_km": 321.47533607221953, "dist_demand_km": 375.42939022405307, "connection_cost_brl": 385770403.28666341, "is_restricted": false, "restriction_factor": 1.0, "score_final": 0.7706783757051503, "longitude": -36.946409296489264, "latitude": -10.629287706893535 }, "geometry": { "type": "Point", "coordinates": [ -36.946409296489264, -10.629287706893535 ] } },
{ "type": "Feature", "properties": { "rank": 185, "candidate_id": 2324, "scenario": "eolico", "solar_kwh_m2_day": 6.1811285018920898, "wind_m_s": 8.5921897888183594, "dist_grid_km": 501.87849936937863, "dist_demand_km": 543.91955033047691, "connection_cost_brl": 602254199.2432543, "is_restricted": false, "restriction_factor": 1.0, "score_final": 0.77048493265637152, "longitude": -36.838892683694027, "latitude": -12.359594691195579 }, "geometry": { "type": "Point", "coordinates": [ -36.838892683694027, -12.359594691195579 ] } },
{ "type": "Feature", "properties": { "rank": 186, "candidate_id": 1919, "scenario": "eolico", "solar_kwh_m2_day": 6.0499458312988281, "wind_m_s": 8.3472690582275391, "dist_grid_km": 325.7294075631807, "dist_demand_km": 647.44036822235535, "connection_cost_brl": 390875289.07581687, "is_restricted": false, "restriction_factor": 1.0, "score_final": 0.77041330838197386, "longitude": -40.315022865168594, "latitude": -5.9497647168944541 }, "geometry": { "type": "Point", "coordinates": [ -40.315022865168594, -5.949764716894454 ] } },
{ "type": "Feature", "properties": { "rank": 187, "candidate_id": 1666, "scenario": "eolico", "solar_kwh_m2_day": 5.8663592338562012, "wind_m_s": 8.1672868728637695, "dist_grid_km": 174.24027625646426, "dist_demand_km": 786.86360654457712, "connection_cost_brl": 209088331.5077571, "is_restricted": false, "restriction_factor": 1.0, "score_final": 0.77008369934192034, "longitude": -41.931776136734427, "latitude": -11.74144408649075 }, "geometry": { "type": "Point", "coordinates": [ -41.931776136734427, -11.74144408649075 ] } },
{ "type": "Feature", "properties": { "rank": 188, "candidate_id": 1667, "scenario": "eolico", "solar_kwh_m2_day": 5.8906698226928711, "wind_m_s": 8.1046905517578125, "dist_grid_km": 129.13948543217458, "dist_demand_km": 815.21814796442709, "connection_cost_brl": 154967382.51860949, "is_restricted": false, "restriction_factor": 1.0, "score_final": 0.76990883184311776, "longitude": -41.95090116768359, "latitude": -11.299300786195431 }, "geometry": { "type": "Point", "coordinates": [ -41.95090116768359, -11.299300786195431 ] } },
{ "type": "Feature", "properties": { "rank": 189, "candidate_id": 2506, "scenario": "eolico", "solar_kwh_m2_day": 5.6959900856018066, "wind_m_s": 8.4497852325439453, "dist_grid_km": 479.15064710233418, "dist_demand_km": 397.96881443448945, "connection_cost_brl": 574980776.52280104, "is_restricted": false, "restriction_factor": 1.0, "score_final": 0.76930699955569415, "longitude": -35.522669190648344, "latitude": -11.414744627112857 }, "geometry": { "type": "Point", "coordinates": [ -35.522669190648344, -11.414744627112857 ] } },
{ "type": "Feature", "properties": { "rank": 190, "candidate_id": 1669, "scenario": "eolico", "solar_kwh_m2_day": 6.157193660736084, "wind_m_s": 7.9446706771850586, "dist_grid_km": 38.937903783595054, "dist_demand_km": 826.51298983971003, "connection_cost_brl": 46725484.540314063, "is_restricted": false, "restriction_factor": 1.0, "score_final": 0.76875633732138349, "longitude": -41.986813873362195, "latitude": -10.414886072783206 }, "geometry": { "type": "Point", "coordinates": [ -41.986813873362195, -10.414886072783206 ] } },
{ "type": "Feature", "properties": { "rank": 191, "candidate_id": 1723, "scenario": "eolico", "solar_kwh_m2_day": 5.5239191055297852, "wind_m_s": 8.4188070297241211, "dist_grid_km": 331.12779795336394, "dist_demand_km": 762.44440341423717, "connection_cost_brl": 397353357.54403675, "is_restricted": false, "restriction_factor": 1.0, "score_final": 0.7686500694357512, "longitude": -41.409195321958244, "latitude": -13.046056491810846 }, "geometry": { "type": "Point", "coordinates": [ -41.409195321958244, -13.046056491810846 ] } },
{ "type": "Feature", "properties": { "rank": 192, "candidate_id": 2516, "scenario": "eolico", "solar_kwh_m2_day": 5.7362594604492188, "wind_m_s": 7.9089670181274414, "dist_grid_km": 268.0261797654826, "dist_demand_km": 145.34803677082536, "connection_cost_brl": 321631415.71857911, "is_restricted": false, "restriction_factor": 1.0, "score_final": 0.76859343103079625, "longitude": -35.75374536178262, "latitude": -7.1162671543569864 }, "geometry": { "type": "Point", "coordinates": [ -35.75374536178262, -7.116267154356986 ] } },
{ "type": "Feature", "properties": { "rank": 193, "candidate_id": 2388, "scenario": "eolico", "solar_kwh_m2_day": 6.467705249786377, "wind_m_s": 8.1599817276000977, "dist_grid_km": 343.08305028324509, "dist_demand_km": 345.36116663407586, "connection_cost_brl": 411699660.33989412, "is_restricted": false, "restriction_factor": 1.0, "score_final": 0.76706111721044545, "longitude": -36.490165459731088, "latitude": -10.60524321886535 }, "geometry": { "type": "Point", "coordinates": [ -36.490165459731088, -10.60524321886535 ] } },
{ "type": "Feature", "properties": { "rank": 194, "candidate_id": 2083, "scenario": "eolico", "solar_kwh_m2_day": 6.1380777359008789, "wind_m_s": 8.5908899307250977, "dist_grid_km": 460.63869329754658, "dist_demand_km": 695.53242647575519, "connection_cost_brl": 552766431.95705593, "is_restricted": false, "restriction_factor": 1.0, "score_final": 0.76668468703320247, "longitude": -38.648170822723621, "latitude": -12.901811713504626 }, "geometry": { "type": "Point", "coordinates": [ -38.648170822723621, -12.901811713504626 ] } },
{ "type": "Feature", "properties": { "rank": 195, "candidate_id": 1845, "scenario": "eolico", "solar_kwh_m2_day": 5.8260669708251953, "wind_m_s": 8.3173742294311523, "dist_grid_km": 284.09651475284528, "dist_demand_km": 776.5348013360491, "connection_cost_brl": 340915817.70341432, "is_restricted": false, "restriction_factor": 1.0, "score_final": 0.76467420863492841, "longitude": -40.5352010127122, "latitude": -12.121403391347952 }, "geometry": { "type": "Point", "coordinates": [ -40.5352010127122, -12.121403391347952 ] } },
{ "type": "Feature", "properties": { "rank": 196, "candidate_id": 1785, "scenario": "eolico", "solar_kwh_m2_day": 6.1813106536865234, "wind_m_s": 8.2962408065795898, "dist_grid_km": 262.51136552881491, "dist_demand_km": 818.33928740539636, "connection_cost_brl": 315013638.63457787, "is_restricted": false, "restriction_factor": 1.0, "score_final": 0.7632306044406707, "longitude": -40.994019384946327, "latitude": -12.142789046116667 }, "geometry": { "type": "Point", "coordinates": [ -40.994019384946327, -12.142789046116667 ] } },
{ "type": "Feature", "properties": { "rank": 197, "candidate_id": 2578, "scenario": "eolico", "solar_kwh_m2_day": 6.7057781219482422, "wind_m_s": 8.0666608810424805, "dist_grid_km": 357.70591521454003, "dist_demand_km": 216.80068052044217, "connection_cost_brl": 429247098.25744802, "is_restricted": false, "restriction_factor": 1.0, "score_final": 0.76180841933743315, "longitude": -35.335152279870165, "latitude": -6.2408215747001847 }, "geometry": { "type": "Point", "coordinates": [ -35.335152279870165, -6.240821574700185 ] } },
{ "type": "Feature", "properties": { "rank": 198, "candidate_id": 2638, "scenario": "eolico", "solar_kwh_m2_day": 7.0267343521118164, "wind_m_s": 8.1372184753417969, "dist_grid_km": 400.7723448980056, "dist_demand_km": 212.9075936855528, "connection_cost_brl": 480926813.87760669, "is_restricted": false, "restriction_factor": 1.0, "score_final": 0.76137165574843424, "longitude": -34.883620944668699, "latitude": -6.2254699996452967 }, "geometry": { "type": "Point", "coordinates": [ -34.883620944668699, -6.225469999645297 ] } },
{ "type": "Feature", "properties": { "rank": 199, "candidate_id": 2627, "scenario": "eolico", "solar_kwh_m2_day": 6.1577267646789551, "wind_m_s": 8.3934183120727539, "dist_grid_km": 501.63783048315184, "dist_demand_km": 337.35453378479792, "connection_cost_brl": 601965396.57978225, "is_restricted": false, "restriction_factor": 1.0, "score_final": 0.76104581182175124, "longitude": -34.637699415032117, "latitude": -10.9313832586544 }, "geometry": { "type": "Point", "coordinates": [ -34.637699415032117, -10.9313832586544 ] } },
{ "type": "Feature", "properties": { "rank": 200, "candidate_id": 1554, "scenario": "eolico", "solar_kwh_m2_day": 6.318915843963623, "wind_m_s": 8.2701129913330078, "dist_grid_km": 229.73634878591454, "dist_demand_km": 891.82001709395126, "connection_cost_brl": 275683618.54309744, "is_restricted": false, "restriction_factor": 1.0, "score_final": 0.76096750342415387, "longitude": -42.970406026170281, "latitude": -8.2285737197630766 }, "geometry": { "type": "Point", "coordinates": [ -42.970406026170281, -8.228573719763077 ] } },
{ "type": "Feature", "properties": { "rank": 201, "candidate_id": 1664, "scenario": "eolico", "solar_kwh_m2_day": 5.7859506607055664, "wind_m_s": 8.2299070358276367, "dist_grid_km": 264.44185790504378, "dist_demand_km": 737.09005445190803, "connection_cost_brl": 317330229.48605251, "is_restricted": false, "restriction_factor": 1.0, "score_final": 0.76071675142223727, "longitude": -41.891159436898398, "latitude": -12.625593602112216 }, "geometry": { "type": "Point", "coordinates": [ -41.891159436898398, -12.625593602112216 ] } },
{ "type": "Feature", "properties": { "rank": 202, "candidate_id": 1797, "scenario": "eolico", "solar_kwh_m2_day": 6.7949738502502441, "wind_m_s": 8.237910270690918, "dist_grid_km": 278.6981243626621, "dist_demand_km": 710.61623873090593, "connection_cost_brl": 334437749.2351945, "is_restricted": false, "restriction_factor": 1.0, "score_final": 0.76070097174260132, "longitude": -41.195576507265926, "latitude": -6.8530060594589486 }, "geometry": { "type": "Point", "coordinates": [ -41.195576507265926, -6.853006059458949 ] } },
{ "type": "Feature", "properties": { "rank": 203, "candidate_id": 2023, "scenario": "eolico", "solar_kwh_m2_day": 5.5588865280151367, "wind_m_s": 8.5284891128540039, "dist_grid_km": 439.05354407351615, "dist_demand_km": 728.31191662941103, "connection_cost_brl": 526864252.88821936, "is_restricted": false, "restriction_factor": 1.0, "score_final": 0.7601038396468488, "longitude": -39.108124162532818, "latitude": -12.92759752731131 }, "geometry": { "type": "Point", "coordinates": [ -39.108124162532818, -12.92759752731131 ] } },
{ "type": "Feature", "properties": { "rank": 204, "candidate_id": 1980, "scenario": "eolico", "solar_kwh_m2_day": 6.9183802604675293, "wind_m_s": 8.3027744293212891, "dist_grid_km": 349.24504916344, "dist_demand_km": 625.52444095480291, "connection_cost_brl": 419094058.99612802, "is_restricted": false, "restriction_factor": 1.0, "score_final": 0.75999247043532936, "longitude": -39.874577890458603, "latitude": -5.5000162594354061 }, "geometry": { "type": "Point", "coordinates": [ -39.874577890458603, -5.500016259435406 ] } },
{ "type": "Feature", "properties": { "rank": 205, "candidate_id": 2569, "scenario": "eolico", "solar_kwh_m2_day": 5.5834379196166992, "wind_m_s": 8.1382427215576172, "dist_grid_km": 396.76958099189989, "dist_demand_km": 240.89488993430467, "connection_cost_brl": 476123497.19027984, "is_restricted": false, "restriction_factor": 1.0, "score_final": 0.75992908967083128, "longitude": -35.148298275927125, "latitude": -10.101381807738656 }, "geometry": { "type": "Point", "coordinates": [ -35.148298275927125, -10.101381807738656 ] } },
{ "type": "Feature", "properties": { "rank": 206, "candidate_id": 1849, "scenario": "eolico", "solar_kwh_m2_day": 5.8451766967773438, "wind_m_s": 7.9012351036071777, "dist_grid_km": 103.69335145568635, "dist_demand_km": 684.18202804393616, "connection_cost_brl": 124432021.74682362, "is_restricted": false, "restriction_factor": 1.0, "score_final": 0.75918493269193577, "longitude": -40.618109527070018, "latitude": -10.361976819928898 }, "geometry": { "type": "Point", "coordinates": [ -40.618109527070018, -10.361976819928898 ] } },
{ "type": "Feature", "properties": { "rank": 207, "candidate_id": 2629, "scenario": "eolico", "solar_kwh_m2_day": 5.8969020843505859, "wind_m_s": 8.1997079849243164, "dist_grid_km": 435.99432456863707, "dist_demand_km": 237.39725434660437, "connection_cost_brl": 523193189.48236448, "is_restricted": false, "restriction_factor": 1.0, "score_final": 0.75912123039262824, "longitude": -34.692882499941696, "latitude": -10.076379747442651 }, "geometry": { "type": "Point", "coordinates": [ -34.692882499941696, -10.076379747442651 ] } },
{ "type": "Feature", "properties": { "rank": 208, "candidate_id": 2027, "scenario": "eolico", "solar_kwh_m2_day": 6.3016777038574219, "wind_m_s": 8.1128883361816406, "dist_grid_km": 258.65038077635711, "dist_demand_km": 596.2692325759416, "connection_cost_brl": 310380456.93162853, "is_restricted": false, "restriction_factor": 1.0, "score_final": 0.75840221176000777, "longitude": -39.20641554857589, "latitude": -11.178757393361737 }, "geometry": { "type": "Point", "coordinates": [ -39.20641554857589, -11.178757393361737 ] } },
{ "type": "Feature", "properties": { "rank": 209, "candidate_id": 2579, "scenario": "eolico", "solar_kwh_m2_day": 6.4901151657104492, "wind_m_s": 8.1204938888549805, "dist_grid_km": 386.88343311853123, "dist_demand_km": 266.03988897757574, "connection_cost_brl": 464260119.74223745, "is_restricted": false, "restriction_factor": 1.0, "score_final": 0.75753777953822554, "longitude": -35.350331063899432, "latitude": -5.8116039475254251 }, "geometry": { "type": "Point", "coordinates": [ -35.350331063899432, -5.811603947525425 ] } },
{ "type": "Feature", "properties": { "rank": 210, "candidate_id": 2512, "scenario": "eolico", "solar_kwh_m2_day": 5.6223196983337402, "wind_m_s": 7.8293614387512207, "dist_grid_km": 273.74615407570843, "dist_demand_km": 126.59898096287019, "connection_cost_brl": 328495384.89085013, "is_restricted": false, "restriction_factor": 1.0, "score_final": 0.75734431390012813, "longitude": -35.674707531267877, "latitude": -8.8364257214326631 }, "geometry": { "type": "Point", "coordinates": [ -35.674707531267877, -8.836425721432663 ] } },
{ "type": "Feature", "properties": { "rank": 211, "candidate_id": 1732, "scenario": "eolico", "solar_kwh_m2_day": 6.7361383438110352, "wind_m_s": 7.8767285346984863, "dist_grid_km": 74.779319465243773, "dist_demand_km": 746.8432855076386, "connection_cost_brl": 89735183.358292535, "is_restricted": false, "restriction_factor": 1.0, "score_final": 0.75717950673092238, "longitude": -41.580352179028573, "latitude": -9.073120763831847 }, "geometry": { "type": "Point", "coordinates": [ -41.580352179028573, -9.073120763831847 ] } },
{ "type": "Feature", "properties": { "rank": 212, "candidate_id": 1965, "scenario": "eolico", "solar_kwh_m2_day": 6.0815391540527344, "wind_m_s": 8.2891101837158203, "dist_grid_km": 327.26681320090614, "dist_demand_km": 696.17563476159421, "connection_cost_brl": 392720175.84108734, "is_restricted": false, "restriction_factor": 1.0, "score_final": 0.75703583115524953, "longitude": -39.617782038372816, "latitude": -12.076651555092578 }, "geometry": { "type": "Point", "coordinates": [ -39.617782038372816, -12.076651555092578 ] } },
{ "type": "Feature", "properties": { "rank": 213, "candidate_id": 2576, "scenario": "eolico", "solar_kwh_m2_day": 6.137474536895752, "wind_m_s": 7.8944969177246094, "dist_grid_km": 315.44093535122079, "dist_demand_km": 120.22129664904972, "connection_cost_brl": 378529122.42146492, "is_restricted": false, "restriction_factor": 1.0, "score_final": 0.75670514659373989, "longitude": -35.301480882127123, "latitude": -7.0991193057355781 }, "geometry": { "type": "Point", "coordinates": [ -35.301480882127123, -7.099119305735578 ] } },
{ "type": "Feature", "properties": { "rank": 214, "candidate_id": 1365, "scenario": "eolico", "solar_kwh_m2_day": 5.6409792900085449, "wind_m_s": 7.8086934089660645, "dist_grid_km": 111.41532096060185, "dist_demand_km": 558.1200362629836, "connection_cost_brl": 133698385.15272221, "is_restricted": false, "restriction_factor": 1.0, "score_final": 0.75557847635478437, "longitude": -44.207594905292133, "latitude": -12.273326687832192 }, "geometry": { "type": "Point", "coordinates": [ -44.207594905292133, -12.273326687832192 ] } },
{ "type": "Feature", "properties": { "rank": 215, "candidate_id": 1794, "scenario": "eolico", "solar_kwh_m2_day": 5.8996796607971191, "wind_m_s": 7.9433202743530273, "dist_grid_km": 143.39575188979282, "dist_demand_km": 691.84635316581523, "connection_cost_brl": 172074902.2677514, "is_restricted": false, "restriction_factor": 1.0, "score_final": 0.7544028213391486, "longitude": -41.156119660216746, "latitude": -8.1759639796768884 }, "geometry": { "type": "Point", "coordinates": [ -41.156119660216746, -8.175963979676888 ] } },
{ "type": "Feature", "properties": { "rank": 216, "candidate_id": 1964, "scenario": "eolico", "solar_kwh_m2_day": 5.8360857963562012, "wind_m_s": 8.3710975646972656, "dist_grid_km": 372.36760402519593, "dist_demand_km": 728.61912339893649, "connection_cost_brl": 446841124.83023512, "is_restricted": false, "restriction_factor": 1.0, "score_final": 0.75433848809534021, "longitude": -39.593443682046306, "latitude": -12.51470486006664 }, "geometry": { "type": "Point", "coordinates": [ -39.593443682046306, -12.51470486006664 ] } },
{ "type": "Feature", "properties": { "rank": 217, "candidate_id": 2144, "scenario": "eolico", "solar_kwh_m2_day": 6.1270895004272461, "wind_m_s": 8.414179801940918, "dist_grid_km": 437.12305169728717, "dist_demand_km": 625.19369167256605, "connection_cost_brl": 524547662.03674459, "is_restricted": false, "restriction_factor": 1.0, "score_final": 0.75366955007533842, "longitude": -38.215776424936045, "latitude": -12.440054309632751 }, "geometry": { "type": "Point", "coordinates": [ -38.215776424936045, -12.440054309632751 ] } },
{ "type": "Feature", "properties": { "rank": 218, "candidate_id": 2692, "scenario": "eolico", "solar_kwh_m2_day": 5.7180256843566895, "wind_m_s": 8.0370759963989258, "dist_grid_km": 415.85070498673474, "dist_demand_km": 104.9220048673013, "connection_cost_brl": 499020845.98408169, "is_restricted": false, "restriction_factor": 1.0, "score_final": 0.7530906596227438, "longitude": -34.312972690343962, "latitude": -8.7711340359438683 }, "geometry": { "type": "Point", "coordinates": [ -34.312972690343962, -8.771134035943868 ] } },
{ "type": "Feature", "properties": { "rank": 219, "candidate_id": 2085, "scenario": "eolico", "solar_kwh_m2_day": 5.8352017402648926, "wind_m_s": 8.288055419921875, "dist_grid_km": 370.437111648967, "dist_demand_km": 621.54221995404293, "connection_cost_brl": 444524533.97876042, "is_restricted": false, "restriction_factor": 1.0, "score_final": 0.75280565902339114, "longitude": -38.700665663038592, "latitude": -12.02931124982115 }, "geometry": { "type": "Point", "coordinates": [ -38.700665663038592, -12.02931124982115 ] } },
{ "type": "Feature", "properties": { "rank": 220, "candidate_id": 2397, "scenario": "eolico", "solar_kwh_m2_day": 6.0849776268005371, "wind_m_s": 7.7622284889221191, "dist_grid_km": 207.92643114967277, "dist_demand_km": 251.48861305537471, "connection_cost_brl": 249511717.37960732, "is_restricted": false, "restriction_factor": 1.0, "score_final": 0.75279398146264953, "longitude": -36.674648591890922, "latitude": -6.7173370458104884 }, "geometry": { "type": "Point", "coordinates": [ -36.674648591890922, -6.717337045810488 ] } },
{ "type": "Feature", "properties": { "rank": 221, "candidate_id": 2754, "scenario": "eolico", "solar_kwh_m2_day": 5.8639297485351562, "wind_m_s": 8.0940103530883789, "dist_grid_km": 451.71594788955281, "dist_demand_km": 109.01885335283812, "connection_cost_brl": 542059137.46746337, "is_restricted": false, "restriction_factor": 1.0, "score_final": 0.75177646522563646, "longitude": -33.904404338376771, "latitude": -7.8972509029345819 }, "geometry": { "type": "Point", "coordinates": [ -33.904404338376771, -7.897250902934582 ] } },
{ "type": "Feature", "properties": { "rank": 222, "candidate_id": 2690, "scenario": "eolico", "solar_kwh_m2_day": 5.8999357223510742, "wind_m_s": 8.1482105255126953, "dist_grid_km": 452.1960534477779, "dist_demand_km": 196.11030620348839, "connection_cost_brl": 542635264.13733351, "is_restricted": false, "restriction_factor": 1.0, "score_final": 0.75136859787003063, "longitude": -34.263872053448409, "latitude": -9.624391180317307 }, "geometry": { "type": "Point", "coordinates": [ -34.263872053448409, -9.624391180317307 ] } },
{ "type": "Feature", "properties": { "rank": 223, "candidate_id": 1673, "scenario": "eolico", "solar_kwh_m2_day": 6.7660460472106934, "wind_m_s": 7.9797306060791016, "dist_grid_km": 141.46525951356398, "dist_demand_km": 792.60486510371152, "connection_cost_brl": 169758311.41627678, "is_restricted": false, "restriction_factor": 1.0, "score_final": 0.75075651596403115, "longitude": -42.049437753905949, "latitude": -8.6455937395836031 }, "geometry": { "type": "Point", "coordinates": [ -42.049437753905949, -8.645593739583603 ] } },
{ "type": "Feature", "properties": { "rank": 224, "candidate_id": 2444, "scenario": "eolico", "solar_kwh_m2_day": 6.2427959442138672, "wind_m_s": 8.5087976455688477, "dist_grid_km": 545.04879781743955, "dist_demand_km": 507.447232706416, "connection_cost_brl": 654058557.38092744, "is_restricted": false, "restriction_factor": 1.0, "score_final": 0.75075510192930828, "longitude": -35.921427902856458, "latitude": -12.302847610085175 }, "geometry": { "type": "Point", "coordinates": [ -35.921427902856458, -12.302847610085175 ] } },
{ "type": "Feature", "properties": { "rank": 225, "candidate_id": 1422, "scenario": "eolico", "solar_kwh_m2_day": 5.7101373672485352, "wind_m_s": 8.0225667953491211, "dist_grid_km": 268.30284265750157, "dist_demand_km": 513.48330826965253, "connection_cost_brl": 321963411.18900186, "is_restricted": false, "restriction_factor": 1.0, "score_final": 0.75057844239515514, "longitude": -43.693157587986406, "latitude": -13.591035617900761 }, "geometry": { "type": "Point", "coordinates": [ -43.693157587986406, -13.591035617900761 ] } },
{ "type": "Feature", "properties": { "rank": 226, "candidate_id": 2753, "scenario": "eolico", "solar_kwh_m2_day": 6.262721061706543, "wind_m_s": 8.0919351577758789, "dist_grid_km": 455.3262879909833, "dist_demand_km": 114.50075516473076, "connection_cost_brl": 546391545.58917999, "is_restricted": false, "restriction_factor": 1.0, "score_final": 0.75003898661937762, "longitude": -33.882381899920709, "latitude": -8.3229373353235818 }, "geometry": { "type": "Point", "coordinates": [ -33.882381899920709, -8.322937335323582 ] } },
{ "type": "Feature", "properties": { "rank": 227, "candidate_id": 1425, "scenario": "eolico", "solar_kwh_m2_day": 5.8971385955810547, "wind_m_s": 7.8325748443603516, "dist_grid_km": 133.00047018463232, "dist_demand_km": 595.77175853692563, "connection_cost_brl": 159600564.22155878, "is_restricted": false, "restriction_factor": 1.0, "score_final": 0.74999394941969, "longitude": -43.748329490716138, "latitude": -12.256779029316911 }, "geometry": { "type": "Point", "coordinates": [ -43.748329490716138, -12.256779029316911 ] } },
{ "type": "Feature", "properties": { "rank": 228, "candidate_id": 2338, "scenario": "eolico", "solar_kwh_m2_day": 7.0338954925537109, "wind_m_s": 7.8050384521484375, "dist_grid_km": 217.47119155689259, "dist_demand_km": 322.01568529303722, "connection_cost_brl": 260965429.86827111, "is_restricted": false, "restriction_factor": 1.0, "score_final": 0.74996272380363238, "longitude": -37.141519049352013, "latitude": -6.299241032345936 }, "geometry": { "type": "Point", "coordinates": [ -37.141519049352013, -6.299241032345936 ] } },
{ "type": "Feature", "properties": { "rank": 229, "candidate_id": 2628, "scenario": "eolico", "solar_kwh_m2_day": 6.3349308967590332, "wind_m_s": 8.2215518951416016, "dist_grid_km": 467.29624652243109, "dist_demand_km": 287.37217839977541, "connection_cost_brl": 560755495.82691729, "is_restricted": false, "restriction_factor": 1.0, "score_final": 0.74960182415198295, "longitude": -34.665884054880777, "latitude": -10.503921478897277 }, "geometry": { "type": "Point", "coordinates": [ -34.665884054880777, -10.503921478897277 ] } },
{ "type": "Feature", "properties": { "rank": 230, "candidate_id": 2752, "scenario": "eolico", "solar_kwh_m2_day": 6.6823592185974121, "wind_m_s": 8.1204748153686523, "dist_grid_km": 464.32398117428579, "dist_demand_km": 139.05299522203615, "connection_cost_brl": 557188777.40914297, "is_restricted": false, "restriction_factor": 1.0, "score_final": 0.74957668851131154, "longitude": -33.859161868785151, "latitude": -8.7485566058621504 }, "geometry": { "type": "Point", "coordinates": [ -33.859161868785151, -8.74855660586215 ] } },
{ "type": "Feature", "properties": { "rank": 231, "candidate_id": 2749, "scenario": "eolico", "solar_kwh_m2_day": 6.575197696685791, "wind_m_s": 8.2954721450805664, "dist_grid_km": 520.02014611667744, "dist_demand_km": 260.79047743542628, "connection_cost_brl": 624024175.34001291, "is_restricted": false, "restriction_factor": 1.0, "score_final": 0.74930038493921547, "longitude": -33.782251121248926, "latitude": -10.024975342847267 }, "geometry": { "type": "Point", "coordinates": [ -33.782251121248926, -10.024975342847267 ] } },
{ "type": "Feature", "properties": { "rank": 232, "candidate_id": 2449, "scenario": "eolico", "solar_kwh_m2_day": 6.1695184707641602, "wind_m_s": 7.9602994918823242, "dist_grid_km": 327.25555623906416, "dist_demand_km": 276.36231878960911, "connection_cost_brl": 392706667.48687702, "is_restricted": false, "restriction_factor": 1.0, "score_final": 0.74862306050118299, "longitude": -36.059325607786775, "latitude": -10.149945595294236 }, "geometry": { "type": "Point", "coordinates": [ -36.059325607786775, -10.149945595294236 ] } },
{ "type": "Feature", "properties": { "rank": 233, "candidate_id": 1733, "scenario": "eolico", "solar_kwh_m2_day": 6.0419449806213379, "wind_m_s": 7.8897275924682617, "dist_grid_km": 119.88011028953352, "dist_demand_km": 742.66384088692394, "connection_cost_brl": 143856132.34744021, "is_restricted": false, "restriction_factor": 1.0, "score_final": 0.74790685254510569, "longitude": -41.595388597741298, "latitude": -8.6314779409461693 }, "geometry": { "type": "Point", "coordinates": [ -41.595388597741298, -8.631477940946169 ] } },
{ "type": "Feature", "properties": { "rank": 234, "candidate_id": 1963, "scenario": "eolico", "solar_kwh_m2_day": 5.1021652221679688, "wind_m_s": 8.4280481338500977, "dist_grid_km": 417.46839484948566, "dist_demand_km": 762.96208262898654, "connection_cost_brl": 500962073.81938279, "is_restricted": false, "restriction_factor": 1.0, "score_final": 0.74783509645415114, "longitude": -39.568167256566568, "latitude": -12.952696727176168 }, "geometry": { "type": "Point", "coordinates": [ -39.568167256566568, -12.952696727176168 ] } },
{ "type": "Feature", "properties": { "rank": 235, "candidate_id": 2148, "scenario": "eolico", "solar_kwh_m2_day": 6.0976405143737793, "wind_m_s": 7.9644227027893066, "dist_grid_km": 256.71988840012824, "dist_demand_km": 485.76321589789762, "connection_cost_brl": 308063866.08015388, "is_restricted": false, "restriction_factor": 1.0, "score_final": 0.74770824490352161, "longitude": -38.315539191779649, "latitude": -10.698207360173445 }, "geometry": { "type": "Point", "coordinates": [ -38.315539191779649, -10.698207360173445 ] } },
{ "type": "Feature", "properties": { "rank": 236, "candidate_id": 2208, "scenario": "eolico", "solar_kwh_m2_day": 5.4320268630981445, "wind_m_s": 7.974431037902832, "dist_grid_km": 278.30503762415867, "dist_demand_km": 446.42245720204659, "connection_cost_brl": 333966045.14899039, "is_restricted": false, "restriction_factor": 1.0, "score_final": 0.74730924884069161, "longitude": -37.859097363895891, "latitude": -10.675777539202478 }, "geometry": { "type": "Point", "coordinates": [ -37.859097363895891, -10.675777539202478 ] } },
{ "type": "Feature", "properties": { "rank": 237, "candidate_id": 2751, "scenario": "eolico", "solar_kwh_m2_day": 5.8126630783081055, "wind_m_s": 8.1494102478027344, "dist_grid_km": 478.40515303603206, "dist_demand_km": 174.81718458763029, "connection_cost_brl": 574086183.64323843, "is_restricted": false, "restriction_factor": 1.0, "score_final": 0.74682229304641401, "longitude": -33.834737907577882, "latitude": -9.1741051166437604 }, "geometry": { "type": "Point", "coordinates": [ -33.834737907577882, -9.17410511664376 ] } },
{ "type": "Feature", "properties": { "rank": 238, "candidate_id": 2450, "scenario": "eolico", "solar_kwh_m2_day": 6.0032272338867188, "wind_m_s": 7.8531475067138672, "dist_grid_km": 289.51937436283708, "dist_demand_km": 234.8421144084756, "connection_cost_brl": 347423249.23540449, "is_restricted": false, "restriction_factor": 1.0, "score_final": 0.74663615750392376, "longitude": -36.083554258628439, "latitude": -9.7191461033054534 }, "geometry": { "type": "Point", "coordinates": [ -36.083554258628439, -9.719146103305453 ] } },
{ "type": "Feature", "properties": { "rank": 239, "candidate_id": 2814, "scenario": "eolico", "solar_kwh_m2_day": 6.2875890731811523, "wind_m_s": 8.1784820556640625, "dist_grid_km": 501.70932643646501, "dist_demand_km": 158.78355948023469, "connection_cost_brl": 602051191.72375798, "is_restricted": false, "restriction_factor": 1.0, "score_final": 0.74656758182456484, "longitude": -33.451502012391408, "latitude": -7.8765425995522271 }, "geometry": { "type": "Point", "coordinates": [ -33.451502012391408, -7.876542599552227 ] } },
{ "type": "Feature", "properties": { "rank": 240, "candidate_id": 2695, "scenario": "eolico", "solar_kwh_m2_day": 6.7876100540161133, "wind_m_s": 7.9563870429992676, "dist_grid_km": 403.86583906576237, "dist_demand_km": 85.631124391753858, "connection_cost_brl": 484639006.87891483, "is_restricted": false, "restriction_factor": 1.0, "score_final": 0.74626816303671883, "longitude": -34.37777979299468, "latitude": -7.4907432825638818 }, "geometry": { "type": "Point", "coordinates": [ -34.37777979299468, -7.490743282563882 ] } },
{ "type": "Feature", "properties": { "rank": 241, "candidate_id": 1305, "scenario": "eolico", "solar_kwh_m2_day": 5.5668148994445801, "wind_m_s": 7.6819319725036621, "dist_grid_km": 89.83017173657143, "dist_demand_km": 522.54374121809883, "connection_cost_brl": 107796206.08388571, "is_restricted": false, "restriction_factor": 1.0, "score_final": 0.7460589162546154, "longitude": -44.666915514989661, "latitude": -12.28915737733479 }, "geometry": { "type": "Point", "coordinates": [ -44.666915514989661, -12.28915737733479 ] } },
{ "type": "Feature", "properties": { "rank": 242, "candidate_id": 1602, "scenario": "eolico", "solar_kwh_m2_day": 5.6985654830932617, "wind_m_s": 8.194401741027832, "dist_grid_km": 333.05829032959281, "dist_demand_km": 651.15524112726553, "connection_cost_brl": 399669948.39551139, "is_restricted": false, "restriction_factor": 1.0, "score_final": 0.74603504857298675, "longitude": -42.308681474477517, "latitude": -13.531081171533643 }, "geometry": { "type": "Point", "coordinates": [ -42.308681474477517, -13.531081171533643 ] } },
{ "type": "Feature", "properties": { "rank": 243, "candidate_id": 1605, "scenario": "eolico", "solar_kwh_m2_day": 6.0868058204650879, "wind_m_s": 7.9979724884033203, "dist_grid_km": 197.75591785672356, "dist_demand_km": 717.83147635509908, "connection_cost_brl": 237307101.42806828, "is_restricted": false, "restriction_factor": 1.0, "score_final": 0.74597681500032853, "longitude": -42.370886769963136, "latitude": -12.202895465868821 }, "geometry": { "type": "Point", "coordinates": [ -42.370886769963136, -12.202895465868821 ] } },
{ "type": "Feature", "properties": { "rank": 244, "candidate_id": 1916, "scenario": "eolico", "solar_kwh_m2_day": 5.7131485939025879, "wind_m_s": 7.8953280448913574, "dist_grid_km": 190.42703509031148, "dist_demand_km": 602.37444172597259, "connection_cost_brl": 228512442.10837376, "is_restricted": false, "restriction_factor": 1.0, "score_final": 0.74376848690186592, "longitude": -40.278031436299564, "latitude": -7.2681736870757678 }, "geometry": { "type": "Point", "coordinates": [ -40.278031436299564, -7.268173687075768 ] } },
{ "type": "Feature", "properties": { "rank": 245, "candidate_id": 2040, "scenario": "eolico", "solar_kwh_m2_day": 6.6245527267456055, "wind_m_s": 8.1201438903808594, "dist_grid_km": 327.65989993940957, "dist_demand_km": 582.75889920846714, "connection_cost_brl": 393191879.92729151, "is_restricted": false, "restriction_factor": 1.0, "score_final": 0.74304790437390722, "longitude": -39.423487806848875, "latitude": -5.4895022008479755 }, "geometry": { "type": "Point", "coordinates": [ -39.423487806848875, -5.489502200847975 ] } },
{ "type": "Feature", "properties": { "rank": 246, "candidate_id": 1784, "scenario": "eolico", "solar_kwh_m2_day": 5.8773355484008789, "wind_m_s": 8.2352428436279297, "dist_grid_km": 307.61215635310464, "dist_demand_km": 827.76432343746876, "connection_cost_brl": 369134587.62372559, "is_restricted": false, "restriction_factor": 1.0, "score_final": 0.7419622260085168, "longitude": -40.971844614073312, "latitude": -12.583315681772079 }, "geometry": { "type": "Point", "coordinates": [ -40.971844614073312, -12.583315681772079 ] } },
{ "type": "Feature", "properties": { "rank": 247, "candidate_id": 2626, "scenario": "eolico", "solar_kwh_m2_day": 6.2741546630859375, "wind_m_s": 8.3445568084716797, "dist_grid_km": 538.43778092713194, "dist_demand_km": 387.34144370578821, "connection_cost_brl": 646125337.11255836, "is_restricted": false, "restriction_factor": 1.0, "score_final": 0.73987048414903767, "longitude": -34.608320685769158, "latitude": -11.358761592599425 }, "geometry": { "type": "Point", "coordinates": [ -34.608320685769158, -11.358761592599425 ] } },
{ "type": "Feature", "properties": { "rank": 248, "candidate_id": 1362, "scenario": "eolico", "solar_kwh_m2_day": 6.0917019844055176, "wind_m_s": 7.8813700675964355, "dist_grid_km": 246.71769343347114, "dist_demand_km": 469.2750733626923, "connection_cost_brl": 296061232.12016535, "is_restricted": false, "restriction_factor": 1.0, "score_final": 0.73977360271683701, "longitude": -44.154796297822962, "latitude": -13.609448212831712 }, "geometry": { "type": "Point", "coordinates": [ -44.154796297822962, -13.609448212831712 ] } },
{ "type": "Feature", "properties": { "rank": 249, "candidate_id": 1967, "scenario": "eolico", "solar_kwh_m2_day": 5.740018367767334, "wind_m_s": 7.9706978797912598, "dist_grid_km": 237.06523155232671, "dist_demand_km": 638.12999407789687, "connection_cost_brl": 284478277.86279207, "is_restricted": false, "restriction_factor": 1.0, "score_final": 0.73940889525799958, "longitude": -39.663673578154636, "latitude": -11.200369883853137 }, "geometry": { "type": "Point", "coordinates": [ -39.663673578154636, -11.200369883853137 ] } },
{ "type": "Feature", "properties": { "rank": 250, "candidate_id": 1006, "scenario": "eolico", "solar_kwh_m2_day": 6.0116066932678223, "wind_m_s": 7.5375542640686035, "dist_grid_km": 63.196365207870457, "dist_demand_km": 442.99908351201452, "connection_cost_brl": 75835638.249444544, "is_restricted": false, "restriction_factor": 1.0, "score_final": 0.73938840606197442, "longitude": -46.97608084234831, "latitude": -11.908776912304981 }, "geometry": { "type": "Point", "coordinates": [ -46.97608084234831, -11.908776912304981 ] } },
{ "type": "Feature", "properties": { "rank": 251, "candidate_id": 1129, "scenario": "eolico", "solar_kwh_m2_day": 6.1135191917419434, "wind_m_s": 7.8116850852966309, "dist_grid_km": 155.32843923267885, "dist_demand_km": 615.97004405660209, "connection_cost_brl": 186394127.0792146, "is_restricted": false, "restriction_factor": 1.0, "score_final": 0.73936196478920069, "longitude": -46.09532696698723, "latitude": -10.541527417583193 }, "geometry": { "type": "Point", "coordinates": [ -46.09532696698723, -10.541527417583193 ] } },
{ "type": "Feature", "properties": { "rank": 252, "candidate_id": 1978, "scenario": "eolico", "solar_kwh_m2_day": 6.8372697830200195, "wind_m_s": 7.9715557098388672, "dist_grid_km": 259.04346751486048, "dist_demand_km": 582.00640144733006, "connection_cost_brl": 310852161.01783258, "is_restricted": false, "restriction_factor": 1.0, "score_final": 0.73915171146844583, "longitude": -39.851750619281901, "latitude": -6.3773993786721173 }, "geometry": { "type": "Point", "coordinates": [ -39.851750619281901, -6.377399378672117 ] } },
{ "type": "Feature", "properties": { "rank": 253, "candidate_id": 2263, "scenario": "eolico", "solar_kwh_m2_day": 6.3991045951843262, "wind_m_s": 8.4597339630126953, "dist_grid_km": 525.39414096963787, "dist_demand_km": 611.34824887603031, "connection_cost_brl": 630472969.1635654, "is_restricted": false, "restriction_factor": 1.0, "score_final": 0.73896551192457882, "longitude": -37.268868841738147, "latitude": -12.820424193386531 }, "geometry": { "type": "Point", "coordinates": [ -37.268868841738147, -12.820424193386531 ] } },
{ "type": "Feature", "properties": { "rank": 254, "candidate_id": 2160, "scenario": "eolico", "solar_kwh_m2_day": 6.4712257385253906, "wind_m_s": 7.9831528663635254, "dist_grid_km": 296.22526103401538, "dist_demand_km": 501.26056233894525, "connection_cost_brl": 355470313.24081844, "is_restricted": false, "restriction_factor": 1.0, "score_final": 0.73885968870201224, "longitude": -38.521354288469269, "latitude": -5.4676121888031748 }, "geometry": { "type": "Point", "coordinates": [ -38.521354288469269, -5.467612188803175 ] } },
{ "type": "Feature", "properties": { "rank": 255, "candidate_id": 1184, "scenario": "eolico", "solar_kwh_m2_day": 5.8876848220825195, "wind_m_s": 7.5681304931640625, "dist_grid_km": 91.760664112800313, "dist_demand_km": 419.20596517227966, "connection_cost_brl": 110112796.93536037, "is_restricted": false, "restriction_factor": 1.0, "score_final": 0.73873021362719893, "longitude": -45.571080827528306, "latitude": -12.765754268292124 }, "geometry": { "type": "Point", "coordinates": [ -45.571080827528306, -12.765754268292124 ] } },
{ "type": "Feature", "properties": { "rank": 256, "candidate_id": 1738, "scenario": "eolico", "solar_kwh_m2_day": 5.5980753898620605, "wind_m_s": 8.2348289489746094, "dist_grid_km": 345.38406441098226, "dist_demand_km": 771.6365840382947, "connection_cost_brl": 414460877.29317874, "is_restricted": false, "restriction_factor": 1.0, "score_final": 0.73747745165536749, "longitude": -41.658984422178285, "latitude": -6.4227846364992125 }, "geometry": { "type": "Point", "coordinates": [ -41.658984422178285, -6.422784636499212 ] } },
{ "type": "Feature", "properties": { "rank": 257, "candidate_id": 1186, "scenario": "eolico", "solar_kwh_m2_day": 5.5317654609680176, "wind_m_s": 7.4513592720031738, "dist_grid_km": 1.5590824642207914, "dist_demand_km": 501.58371999940857, "connection_cost_brl": 1870898.9570649497, "is_restricted": false, "restriction_factor": 1.0, "score_final": 0.7372018429637226, "longitude": -45.599783888179417, "latitude": -11.871504817933268 }, "geometry": { "type": "Point", "coordinates": [ -45.599783888179417, -11.871504817933268 ] } },
{ "type": "Feature", "properties": { "rank": 258, "candidate_id": 2147, "scenario": "eolico", "solar_kwh_m2_day": 6.4443845748901367, "wind_m_s": 7.9882950782775879, "dist_grid_km": 301.82067922441803, "dist_demand_km": 516.9054212004296, "connection_cost_brl": 362184815.06930166, "is_restricted": false, "restriction_factor": 1.0, "score_final": 0.73671008367785229, "longitude": -38.292099362303347, "latitude": -11.133764587048471 }, "geometry": { "type": "Point", "coordinates": [ -38.292099362303347, -11.133764587048471 ] } },
{ "type": "Feature", "properties": { "rank": 259, "candidate_id": 2340, "scenario": "eolico", "solar_kwh_m2_day": 6.1709070205688477, "wind_m_s": 7.9175620079040527, "dist_grid_km": 309.42568936885851, "dist_demand_km": 395.27645576342184, "connection_cost_brl": 371310827.24263024, "is_restricted": false, "restriction_factor": 1.0, "score_final": 0.73587990080157617, "longitude": -37.168275669582485, "latitude": -5.4326782003808729 }, "geometry": { "type": "Point", "coordinates": [ -37.168275669582485, -5.432678200380873 ] } },
{ "type": "Feature", "properties": { "rank": 260, "candidate_id": 2279, "scenario": "eolico", "solar_kwh_m2_day": 6.727379322052002, "wind_m_s": 7.8011612892150879, "dist_grid_km": 247.69747181533717, "dist_demand_km": 392.60881377393042, "connection_cost_brl": 297236966.17840463, "is_restricted": false, "restriction_factor": 1.0, "score_final": 0.73506394785362683, "longitude": -37.606717916234089, "latitude": -5.8788539443791015 }, "geometry": { "type": "Point", "coordinates": [ -37.606717916234089, -5.878853944379101 ] } },
{ "type": "Feature", "properties": { "rank": 261, "candidate_id": 2687, "scenario": "eolico", "solar_kwh_m2_day": 5.8996829986572266, "wind_m_s": 8.2765111923217773, "dist_grid_km": 537.87123331464534, "dist_demand_km": 342.25018603355642, "connection_cost_brl": 645445479.97757435, "is_restricted": false, "restriction_factor": 1.0, "score_final": 0.73436834456203859, "longitude": -34.181241818366189, "latitude": -10.903701480845639 }, "geometry": { "type": "Point", "coordinates": [ -34.181241818366189, -10.903701480845639 ] } },
{ "type": "Feature", "properties": { "rank": 262, "candidate_id": 1787, "scenario": "eolico", "solar_kwh_m2_day": 6.3311886787414551, "wind_m_s": 7.8975515365600586, "dist_grid_km": 172.30978388023544, "dist_demand_km": 769.56387923116552, "connection_cost_brl": 206771740.65628254, "is_restricted": false, "restriction_factor": 1.0, "score_final": 0.73310291112604942, "longitude": -41.035829104082339, "latitude": -11.26158296732946 }, "geometry": { "type": "Point", "coordinates": [ -41.035829104082339, -11.26158296732946 ] } },
{ "type": "Feature", "properties": { "rank": 263, "candidate_id": 1250, "scenario": "eolico", "solar_kwh_m2_day": 5.7786550521850586, "wind_m_s": 7.8220067024230957, "dist_grid_km": 157.25893160890774, "dist_demand_km": 701.23991288665047, "connection_cost_brl": 188710717.93068931, "is_restricted": false, "restriction_factor": 1.0, "score_final": 0.73239381355666255, "longitude": -45.194545910198791, "latitude": -10.070946610147438 }, "geometry": { "type": "Point", "coordinates": [ -45.194545910198791, -10.070946610147438 ] } },
{ "type": "Feature", "properties": { "rank": 264, "candidate_id": 1063, "scenario": "eolico", "solar_kwh_m2_day": 6.1549901962280273, "wind_m_s": 7.4582424163818359, "dist_grid_km": 93.691156489029211, "dist_demand_km": 321.58252593360498, "connection_cost_brl": 112429387.78683506, "is_restricted": false, "restriction_factor": 1.0, "score_final": 0.7314345775283243, "longitude": -46.478051675841357, "latitude": -13.241377928241205 }, "geometry": { "type": "Point", "coordinates": [ -46.478051675841357, -13.241377928241205 ] } },
{ "type": "Feature", "properties": { "rank": 265, "candidate_id": 1846, "scenario": "eolico", "solar_kwh_m2_day": 6.6322059631347656, "wind_m_s": 7.9902448654174805, "dist_grid_km": 238.99572392855552, "dist_demand_km": 749.52050348145337, "connection_cost_brl": 286794868.7142666, "is_restricted": false, "restriction_factor": 1.0, "score_final": 0.7313363788351841, "longitude": -40.557226303304603, "latitude": -11.681622601853473 }, "geometry": { "type": "Point", "coordinates": [ -40.557226303304603, -11.681622601853473 ] } },
{ "type": "Feature", "properties": { "rank": 266, "candidate_id": 2145, "scenario": "eolico", "solar_kwh_m2_day": 5.9938712120056152, "wind_m_s": 8.1556873321533203, "dist_grid_km": 392.02226087299744, "dist_demand_km": 587.06204063986752, "connection_cost_brl": 470426713.04759693, "is_restricted": false, "restriction_factor": 1.0, "score_final": 0.7313181566504956, "longitude": -38.242225339674242, "latitude": -12.004690672476363 }, "geometry": { "type": "Point", "coordinates": [ -38.242225339674242, -12.004690672476363 ] } },
{ "type": "Feature", "properties": { "rank": 267, "candidate_id": 1722, "scenario": "eolico", "solar_kwh_m2_day": 5.6947393417358398, "wind_m_s": 8.2286243438720703, "dist_grid_km": 376.22858877765373, "dist_demand_km": 745.58378122883084, "connection_cost_brl": 451474306.53318447, "is_restricted": false, "restriction_factor": 1.0, "score_final": 0.73111611061854043, "longitude": -41.386090874688456, "latitude": -13.487253886102668 }, "geometry": { "type": "Point", "coordinates": [ -41.386090874688456, -13.487253886102668 ] } },
{ "type": "Feature", "properties": { "rank": 268, "candidate_id": 2204, "scenario": "eolico", "solar_kwh_m2_day": 5.0945239067077637, "wind_m_s": 8.2767057418823242, "dist_grid_km": 458.7082009213176, "dist_demand_km": 595.14221870240146, "connection_cost_brl": 550449841.10558116, "is_restricted": false, "restriction_factor": 1.0, "score_final": 0.73102812356340552, "longitude": -37.756725797220135, "latitude": -12.413868101963113 }, "geometry": { "type": "Point", "coordinates": [ -37.756725797220135, -12.413868101963113 ] } },
{ "type": "Feature", "properties": { "rank": 269, "candidate_id": 1248, "scenario": "eolico", "solar_kwh_m2_day": 6.2339606285095215, "wind_m_s": 7.5904989242553711, "dist_grid_km": 67.057349960328253, "dist_demand_km": 613.09446946849425, "connection_cost_brl": 80468819.952393904, "is_restricted": false, "restriction_factor": 1.0, "score_final": 0.73017498907376965, "longitude": -45.168980502063889, "latitude": -10.964362285189511 }, "geometry": { "type": "Point", "coordinates": [ -45.168980502063889, -10.964362285189511 ] } },
{ "type": "Feature", "properties": { "rank": 270, "candidate_id": 1737, "scenario": "eolico", "solar_kwh_m2_day": 6.4842109680175781, "wind_m_s": 8.0953159332275391, "dist_grid_km": 300.28327358669253, "dist_demand_km": 759.37364345440267, "connection_cost_brl": 360339928.30403101, "is_restricted": false, "restriction_factor": 1.0, "score_final": 0.72995158806448979, "longitude": -41.647797103082056, "latitude": -6.8645811928144465 }, "geometry": { "type": "Point", "coordinates": [ -41.647797103082056, -6.864581192814446 ] } },
{ "type": "Feature", "properties": { "rank": 271, "candidate_id": 2383, "scenario": "eolico", "solar_kwh_m2_day": 6.122032642364502, "wind_m_s": 8.4461240768432617, "dist_grid_km": 568.56443941769874, "dist_demand_km": 570.43921512592374, "connection_cost_brl": 682277327.30123854, "is_restricted": false, "restriction_factor": 1.0, "score_final": 0.7297637044831573, "longitude": -36.349817604396883, "latitude": -12.76290000527918 }, "geometry": { "type": "Point", "coordinates": [ -36.349817604396883, -12.76290000527918 ] } },
{ "type": "Feature", "properties": { "rank": 272, "candidate_id": 1601, "scenario": "eolico", "solar_kwh_m2_day": 5.7316112518310547, "wind_m_s": 8.150996208190918, "dist_grid_km": 378.1590811538826, "dist_demand_km": 635.27699043904931, "connection_cost_brl": 453790897.38465911, "is_restricted": false, "restriction_factor": 1.0, "score_final": 0.72968126865389571, "longitude": -42.286387118088342, "latitude": -13.97371233889003 }, "geometry": { "type": "Point", "coordinates": [ -42.286387118088342, -13.97371233889003 ] } },
{ "type": "Feature", "properties": { "rank": 273, "candidate_id": 1800, "scenario": "eolico", "solar_kwh_m2_day": 6.5594778060913086, "wind_m_s": 8.2910213470458984, "dist_grid_km": 414.00049683553135, "dist_demand_km": 759.14392647724048, "connection_cost_brl": 496800596.20263761, "is_restricted": false, "restriction_factor": 1.0, "score_final": 0.72922094736292264, "longitude": -41.227937125736652, "latitude": -5.5297920557437212 }, "geometry": { "type": "Point", "coordinates": [ -41.227937125736652, -5.529792055743721 ] } },
{ "type": "Feature", "properties": { "rank": 274, "candidate_id": 1858, "scenario": "eolico", "solar_kwh_m2_day": 6.488248348236084, "wind_m_s": 8.0387039184570312, "dist_grid_km": 302.2137659629214, "dist_demand_km": 676.07487349847543, "connection_cost_brl": 362656519.15550566, "is_restricted": false, "restriction_factor": 1.0, "score_final": 0.72903824201366996, "longitude": -40.755328846689352, "latitude": -6.40078590255695 }, "geometry": { "type": "Point", "coordinates": [ -40.755328846689352, -6.40078590255695 ] } },
{ "type": "Feature", "properties": { "rank": 275, "candidate_id": 2750, "scenario": "eolico", "solar_kwh_m2_day": 6.2317495346069336, "wind_m_s": 8.0815649032592773, "dist_grid_km": 497.13803054013067, "dist_demand_km": 216.30155009632176, "connection_cost_brl": 596565636.64815676, "is_restricted": false, "restriction_factor": 1.0, "score_final": 0.72831611534828411, "longitude": -33.809103334914866, "latitude": -9.5995792451446906 }, "geometry": { "type": "Point", "coordinates": [ -33.809103334914866, -9.599579245144691 ] } },
{ "type": "Feature", "properties": { "rank": 276, "candidate_id": 1494, "scenario": "eolico", "solar_kwh_m2_day": 5.8754992485046387, "wind_m_s": 8.1135425567626953, "dist_grid_km": 251.32149800994497, "dist_demand_km": 941.81518065627392, "connection_cost_brl": 301585797.61193395, "is_restricted": false, "restriction_factor": 1.0, "score_final": 0.72807691621870596, "longitude": -43.424048034293833, "latitude": -8.2405703918456794 }, "geometry": { "type": "Point", "coordinates": [ -43.424048034293833, -8.240570391845679 ] } },
{ "type": "Feature", "properties": { "rank": 277, "candidate_id": 2570, "scenario": "eolico", "solar_kwh_m2_day": 5.635014533996582, "wind_m_s": 7.82330322265625, "dist_grid_km": 366.26680090147005, "dist_demand_km": 191.84638503118782, "connection_cost_brl": 439520161.08176404, "is_restricted": false, "restriction_factor": 1.0, "score_final": 0.72667979044171394, "longitude": -35.173593280962869, "latitude": -9.6726825565425987 }, "geometry": { "type": "Point", "coordinates": [ -35.173593280962869, -9.672682556542599 ] } },
{ "type": "Feature", "properties": { "rank": 278, "candidate_id": 2099, "scenario": "eolico", "solar_kwh_m2_day": 6.4344072341918945, "wind_m_s": 7.8440742492675781, "dist_grid_km": 261.45589604556056, "dist_demand_km": 513.96532521993731, "connection_cost_brl": 313747075.25467271, "is_restricted": false, "restriction_factor": 1.0, "score_final": 0.72641800316625327, "longitude": -38.960787493832605, "latitude": -5.915693761367427 }, "geometry": { "type": "Point", "coordinates": [ -38.960787493832605, -5.915693761367427 ] } },
{ "type": "Feature", "properties": { "rank": 279, "candidate_id": 2577, "scenario": "eolico", "solar_kwh_m2_day": 5.9108338356018066, "wind_m_s": 7.7466497421264648, "dist_grid_km": 333.50899948481504, "dist_demand_km": 168.01145086288858, "connection_cost_brl": 400210799.38177806, "is_restricted": false, "restriction_factor": 1.0, "score_final": 0.72618537131677685, "longitude": -35.318870380567084, "latitude": -6.6699944143994063 }, "geometry": { "type": "Point", "coordinates": [ -35.318870380567084, -6.669994414399406 ] } },
{ "type": "Feature", "properties": { "rank": 280, "candidate_id": 2757, "scenario": "eolico", "solar_kwh_m2_day": 6.0607528686523438, "wind_m_s": 8.0113763809204102, "dist_grid_km": 473.52202135073424, "dist_demand_km": 195.47166737302274, "connection_cost_brl": 568226425.62088108, "is_restricted": false, "restriction_factor": 1.0, "score_final": 0.72613719365158147, "longitude": -33.963344393020911, "latitude": -6.6198242726952055 }, "geometry": { "type": "Point", "coordinates": [ -33.963344393020911, -6.619824272695205 ] } },
{ "type": "Feature", "properties": { "rank": 281, "candidate_id": 2686, "scenario": "eolico", "solar_kwh_m2_day": 6.1116924285888672, "wind_m_s": 8.310734748840332, "dist_grid_km": 572.34621915874334, "dist_demand_km": 391.61269436387005, "connection_cost_brl": 686815462.99049199, "is_restricted": false, "restriction_factor": 1.0, "score_final": 0.72588792199587715, "longitude": -34.151273708995731, "latitude": -11.329970489648352 }, "geometry": { "type": "Point", "coordinates": [ -34.151273708995731, -11.329970489648352 ] } },
{ "type": "Feature", "properties": { "rank": 282, "candidate_id": 1735, "scenario": "eolico", "solar_kwh_m2_day": 5.8716092109680176, "wind_m_s": 7.8896045684814453, "dist_grid_km": 210.08169193811301, "dist_demand_km": 744.37823414381637, "connection_cost_brl": 252098030.3257356, "is_restricted": false, "restriction_factor": 1.0, "score_final": 0.72463437984421986, "longitude": -41.623132133135769, "latitude": -7.7480910482339365 }, "geometry": { "type": "Point", "coordinates": [ -41.623132133135769, -7.748091048233936 ] } },
{ "type": "Feature", "properties": { "rank": 283, "candidate_id": 2759, "scenario": "eolico", "solar_kwh_m2_day": 5.9354448318481445, "wind_m_s": 8.1259593963623047, "dist_grid_km": 512.51696829305445, "dist_demand_km": 284.18048429077191, "connection_cost_brl": 615020361.95166528, "is_restricted": false, "restriction_factor": 1.0, "score_final": 0.72446827730167362, "longitude": -33.996750848418273, "latitude": -5.7679356851446935 }, "geometry": { "type": "Point", "coordinates": [ -33.996750848418273, -5.767935685144693 ] } },
{ "type": "Feature", "properties": { "rank": 284, "candidate_id": 1313, "scenario": "eolico", "solar_kwh_m2_day": 6.0398917198181152, "wind_m_s": 8.0639066696166992, "dist_grid_km": 270.97615485774656, "dist_demand_km": 858.17382226207394, "connection_cost_brl": 325171385.82929587, "is_restricted": false, "restriction_factor": 1.0, "score_final": 0.72366868395734196, "longitude": -44.774376564705982, "latitude": -8.7199864007885139 }, "geometry": { "type": "Point", "coordinates": [ -44.774376564705982, -8.719986400788514 ] } },
{ "type": "Feature", "properties": { "rank": 285, "candidate_id": 2146, "scenario": "eolico", "solar_kwh_m2_day": 6.1515250205993652, "wind_m_s": 7.9992098808288574, "dist_grid_km": 346.92147004870776, "dist_demand_km": 550.83257620925031, "connection_cost_brl": 416305764.05844933, "is_restricted": false, "restriction_factor": 1.0, "score_final": 0.72357372219352811, "longitude": -38.267663811751653, "latitude": -11.569259891163727 }, "geometry": { "type": "Point", "coordinates": [ -38.267663811751653, -11.569259891163727 ] } },
{ "type": "Feature", "properties": { "rank": 286, "candidate_id": 2384, "scenario": "eolico", "solar_kwh_m2_day": 5.6615495681762695, "wind_m_s": 8.2921218872070312, "dist_grid_km": 523.46364859340906, "dist_demand_km": 523.61778580043847, "connection_cost_brl": 628156378.31209087, "is_restricted": false, "restriction_factor": 1.0, "score_final": 0.72336798311770867, "longitude": -36.380113471509993, "latitude": -12.33152571309844 }, "geometry": { "type": "Point", "coordinates": [ -36.380113471509993, -12.33152571309844 ] } },
{ "type": "Feature", "properties": { "rank": 287, "candidate_id": 1245, "scenario": "eolico", "solar_kwh_m2_day": 6.7412891387939453, "wind_m_s": 7.4650444984436035, "dist_grid_km": 68.245022512540999, "dist_demand_km": 489.49560579664103, "connection_cost_brl": 81894027.015049204, "is_restricted": false, "restriction_factor": 1.0, "score_final": 0.72324135013294266, "longitude": -45.126289020871546, "latitude": -12.304265327607068 }, "geometry": { "type": "Point", "coordinates": [ -45.126289020871546, -12.304265327607068 ] } },
{ "type": "Feature", "properties": { "rank": 288, "candidate_id": 1188, "scenario": "eolico", "solar_kwh_m2_day": 5.6166577339172363, "wind_m_s": 7.5594372749328613, "dist_grid_km": 88.642499184358698, "dist_demand_km": 589.43940748890191, "connection_cost_brl": 106370999.02123044, "is_restricted": false, "restriction_factor": 1.0, "score_final": 0.72235776940288554, "longitude": -45.626258747172059, "latitude": -10.977136261417375 }, "geometry": { "type": "Point", "coordinates": [ -45.626258747172059, -10.977136261417375 ] } },
{ "type": "Feature", "properties": { "rank": 289, "candidate_id": 1065, "scenario": "eolico", "solar_kwh_m2_day": 6.0637016296386719, "wind_m_s": 7.2935948371887207, "dist_grid_km": 3.4895748404496758, "dist_demand_km": 411.42181264276729, "connection_cost_brl": 4187489.8085396108, "is_restricted": false, "restriction_factor": 1.0, "score_final": 0.7222702282950284, "longitude": -46.504703329893829, "latitude": -12.34519870417347 }, "geometry": { "type": "Point", "coordinates": [ -46.504703329893829, -12.34519870417347 ] } },
{ "type": "Feature", "properties": { "rank": 290, "candidate_id": 1493, "scenario": "eolico", "solar_kwh_m2_day": 5.8295783996582031, "wind_m_s": 7.9864234924316406, "dist_grid_km": 206.22070718565524, "dist_demand_km": 931.02113262366822, "connection_cost_brl": 247464848.62278628, "is_restricted": false, "restriction_factor": 1.0, "score_final": 0.72220998247280621, "longitude": -43.411775526040159, "latitude": -8.6850251495873483 }, "geometry": { "type": "Point", "coordinates": [ -43.411775526040159, -8.685025149587348 ] } },
{ "type": "Feature", "properties": { "rank": 291, "candidate_id": 1798, "scenario": "eolico", "solar_kwh_m2_day": 5.9830961227416992, "wind_m_s": 8.0601863861083984, "dist_grid_km": 323.79891518695183, "dist_demand_km": 723.70582849741788, "connection_cost_brl": 388558698.22434217, "is_restricted": false, "restriction_factor": 1.0, "score_final": 0.72217332820538016, "longitude": -41.207147225354966, "latitude": -6.4119606875638873 }, "geometry": { "type": "Point", "coordinates": [ -41.207147225354966, -6.411960687563887 ] } },
{ "type": "Feature", "properties": { "rank": 292, "candidate_id": 2809, "scenario": "eolico", "solar_kwh_m2_day": 6.3222441673278809, "wind_m_s": 8.1991643905639648, "dist_grid_km": 563.99104870803114, "dist_demand_km": 285.19954680160902, "connection_cost_brl": 676789258.44963741, "is_restricted": false, "restriction_factor": 1.0, "score_final": 0.72180345893109499, "longitude": -33.327037152005929, "latitude": -9.9985892739046065 }, "geometry": { "type": "Point", "coordinates": [ -33.327037152005929, -9.998589273904607 ] } },
{ "type": "Feature", "properties": { "rank": 293, "candidate_id": 2446, "scenario": "eolico", "solar_kwh_m2_day": 5.9375300407409668, "wind_m_s": 8.088221549987793, "dist_grid_km": 454.88503158821493, "dist_demand_km": 412.37370052847393, "connection_cost_brl": 545862037.90585792, "is_restricted": false, "restriction_factor": 1.0, "score_final": 0.72177299595407196, "longitude": -35.979968426207869, "latitude": -11.441918483841757 }, "geometry": { "type": "Point", "coordinates": [ -35.979968426207869, -11.441918483841757 ] } },
{ "type": "Feature", "properties": { "rank": 294, "candidate_id": 1786, "scenario": "eolico", "solar_kwh_m2_day": 6.1695480346679688, "wind_m_s": 7.9111723899841309, "dist_grid_km": 217.41057470452512, "dist_demand_km": 792.75082892687396, "connection_cost_brl": 260892689.64543015, "is_restricted": false, "restriction_factor": 1.0, "score_final": 0.7213625656799626, "longitude": -41.015345382955708, "latitude": -11.702210809216529 }, "geometry": { "type": "Point", "coordinates": [ -41.015345382955708, -11.702210809216529 ] } },
{ "type": "Feature", "properties": { "rank": 295, "candidate_id": 1424, "scenario": "eolico", "solar_kwh_m2_day": 6.1692991256713867, "wind_m_s": 7.6923179626464844, "dist_grid_km": 178.10126100892208, "dist_demand_km": 565.25896260384013, "connection_cost_brl": 213721513.2107065, "is_restricted": false, "restriction_factor": 1.0, "score_final": 0.72097159934972233, "longitude": -43.730625073458988, "latitude": -12.701571502654247 }, "geometry": { "type": "Point", "coordinates": [ -43.730625073458988, -12.701571502654247 ] } },
{ "type": "Feature", "properties": { "rank": 296, "candidate_id": 1603, "scenario": "eolico", "solar_kwh_m2_day": 6.2822136878967285, "wind_m_s": 7.9524970054626465, "dist_grid_km": 287.95749950530308, "dist_demand_km": 670.39498917706612, "connection_cost_brl": 345548999.40636367, "is_restricted": false, "restriction_factor": 1.0, "score_final": 0.72072543740612116, "longitude": -42.330191770169854, "latitude": -13.088400137617054 }, "geometry": { "type": "Point", "coordinates": [ -42.330191770169854, -13.088400137617054 ] } },
{ "type": "Feature", "properties": { "rank": 297, "candidate_id": 1183, "scenario": "eolico", "solar_kwh_m2_day": 6.6340789794921875, "wind_m_s": 7.496920108795166, "dist_grid_km": 136.86145493709009, "dist_demand_km": 381.19200905817956, "connection_cost_brl": 164233745.92450809, "is_restricted": false, "restriction_factor": 1.0, "score_final": 0.72041567423994868, "longitude": -45.555882475055469, "latitude": -13.212831426437452 }, "geometry": { "type": "Point", "coordinates": [ -45.555882475055469, -13.212831426437452 ] } },
{ "type": "Feature", "properties": { "rank": 298, "candidate_id": 1918, "scenario": "eolico", "solar_kwh_m2_day": 5.8895630836486816, "wind_m_s": 7.904395580291748, "dist_grid_km": 280.62861673889091, "dist_demand_km": 628.81185019910777, "connection_cost_brl": 336754340.08666909, "is_restricted": false, "restriction_factor": 1.0, "score_final": 0.7195172336003125, "longitude": -40.303529808416208, "latitude": -6.3892641454625991 }, "geometry": { "type": "Point", "coordinates": [ -40.303529808416208, -6.389264145462599 ] } },
{ "type": "Feature", "properties": { "rank": 299, "candidate_id": 1122, "scenario": "eolico", "solar_kwh_m2_day": 6.0571236610412598, "wind_m_s": 7.4830889701843262, "dist_grid_km": 160.37709653734939, "dist_demand_km": 310.5399183866918, "connection_cost_brl": 192452515.84481928, "is_restricted": false, "restriction_factor": 1.0, "score_final": 0.71899394569465003, "longitude": -46.002009367776111, "latitude": -13.675060184874912 }, "geometry": { "type": "Point", "coordinates": [ -46.002009367776111, -13.675060184874912 ] } },
{ "type": "Feature", "properties": { "rank": 300, "candidate_id": 1726, "scenario": "eolico", "solar_kwh_m2_day": 5.891167163848877, "wind_m_s": 7.8727970123291016, "dist_grid_km": 195.82542548049469, "dist_demand_km": 829.21670792159387, "connection_cost_brl": 234990510.57659364, "is_restricted": false, "restriction_factor": 1.0, "score_final": 0.71791910801859282, "longitude": -41.473529271207653, "latitude": -11.722153646895839 }, "geometry": { "type": "Point", "coordinates": [ -41.473529271207653, -11.722153646895839 ] } },
{ "type": "Feature", "properties": { "rank": 301, "candidate_id": 2448, "scenario": "eolico", "solar_kwh_m2_day": 6.1887621879577637, "wind_m_s": 7.8396415710449219, "dist_grid_km": 367.92788702030992, "dist_demand_km": 320.31460128082756, "connection_cost_brl": 441513464.4243719, "is_restricted": false, "restriction_factor": 1.0, "score_final": 0.71661505989653651, "longitude": -36.03398994912466, "latitude": -10.580676237436368 }, "geometry": { "type": "Point", "coordinates": [ -36.03398994912466, -10.580676237436368 ] } },
{ "type": "Feature", "properties": { "rank": 302, "candidate_id": 945, "scenario": "eolico", "solar_kwh_m2_day": 6.0223145484924316, "wind_m_s": 7.2943038940429688, "dist_grid_km": 39.680723607611128, "dist_demand_km": 383.89566438589372, "connection_cost_brl": 47616868.329133354, "is_restricted": false, "restriction_factor": 1.0, "score_final": 0.71567966930733751, "longitude": -47.423866792619037, "latitude": -12.368779262928427 }, "geometry": { "type": "Point", "coordinates": [ -47.423866792619037, -12.368779262928427 ] } },
{ "type": "Feature", "properties": { "rank": 303, "candidate_id": 1373, "scenario": "eolico", "solar_kwh_m2_day": 6.221005916595459, "wind_m_s": 7.9817066192626953, "dist_grid_km": 249.39100563371613, "dist_demand_km": 880.28877228321198, "connection_cost_brl": 299269206.76045936, "is_restricted": false, "restriction_factor": 1.0, "score_final": 0.71521515366167532, "longitude": -44.320148782036085, "latitude": -8.7088365770298317 }, "geometry": { "type": "Point", "coordinates": [ -44.320148782036085, -8.708836577029832 ] } },
{ "type": "Feature", "properties": { "rank": 304, "candidate_id": 2877, "scenario": "eolico", "solar_kwh_m2_day": 6.937779426574707, "wind_m_s": 8.1478481292724609, "dist_grid_km": 569.69553799835376, "dist_demand_km": 264.31683543671761, "connection_cost_brl": 683634645.59802449, "is_restricted": false, "restriction_factor": 1.0, "score_final": 0.71485761968587824, "longitude": -33.059805428753172, "latitude": -6.584876793974316 }, "geometry": { "type": "Point", "coordinates": [ -33.059805428753172, -6.584876793974316 ] } },
{ "type": "Feature", "properties": { "rank": 305, "candidate_id": 2086, "scenario": "eolico", "solar_kwh_m2_day": 5.8882961273193359, "wind_m_s": 7.9234952926635742, "dist_grid_km": 325.33632082467727, "dist_demand_km": 587.44311949198436, "connection_cost_brl": 390403584.9896127, "is_restricted": false, "restriction_factor": 1.0, "score_final": 0.71470527757875957, "longitude": -38.725433043687751, "latitude": -11.592963125643504 }, "geometry": { "type": "Point", "coordinates": [ -38.725433043687751, -11.592963125643504 ] } },
{ "type": "Feature", "properties": { "rank": 306, "candidate_id": 2518, "scenario": "eolico", "solar_kwh_m2_day": 5.8510017395019531, "wind_m_s": 7.6787705421447754, "dist_grid_km": 316.6837083335634, "dist_demand_km": 231.67957764827096, "connection_cost_brl": 380020450.00027609, "is_restricted": false, "restriction_factor": 1.0, "score_final": 0.71470487248844028, "longitude": -35.786708113899465, "latitude": -6.2558792550245697 }, "geometry": { "type": "Point", "coordinates": [ -35.786708113899465, -6.25587925502457 ] } },
{ "type": "Feature", "properties": { "rank": 307, "candidate_id": 2630, "scenario": "eolico", "solar_kwh_m2_day": 5.9339628219604492, "wind_m_s": 7.8079447746276855, "dist_grid_km": 408.43153661069238, "dist_demand_km": 187.4357058417109, "connection_cost_brl": 490117843.93283087, "is_restricted": false, "restriction_factor": 1.0, "score_final": 0.7140706970826336, "longitude": -34.718702291232617, "latitude": -9.6487615302814262 }, "geometry": { "type": "Point", "coordinates": [ -34.718702291232617, -9.648761530281426 ] } },
{ "type": "Feature", "properties": { "rank": 308, "candidate_id": 1676, "scenario": "eolico", "solar_kwh_m2_day": 6.104346752166748, "wind_m_s": 7.9694843292236328, "dist_grid_km": 276.76763198643323, "dist_demand_km": 799.71653387015499, "connection_cost_brl": 332121158.38371986, "is_restricted": false, "restriction_factor": 1.0, "score_final": 0.71396524782906923, "longitude": -42.088501320770412, "latitude": -7.3182744150719659 }, "geometry": { "type": "Point", "coordinates": [ -42.088501320770412, -7.318274415071966 ] } },
{ "type": "Feature", "properties": { "rank": 309, "candidate_id": 2265, "scenario": "eolico", "solar_kwh_m2_day": 5.3828883171081543, "wind_m_s": 8.0655956268310547, "dist_grid_km": 435.19255932105835, "dist_demand_km": 525.63871271999813, "connection_cost_brl": 522231071.18527001, "is_restricted": false, "restriction_factor": 1.0, "score_final": 0.71294942931212557, "longitude": -37.325588724284735, "latitude": -11.953590625937482 }, "geometry": { "type": "Point", "coordinates": [ -37.325588724284735, -11.953590625937482 ] } },
{ "type": "Feature", "properties": { "rank": 310, "candidate_id": 2633, "scenario": "eolico", "solar_kwh_m2_day": 5.8998165130615234, "wind_m_s": 7.6115117073059082, "dist_grid_km": 356.35954768253276, "dist_demand_km": 38.160269700336187, "connection_cost_brl": 427631457.21903932, "is_restricted": false, "restriction_factor": 1.0, "score_final": 0.7128863195563897, "longitude": -34.78915994881924, "latitude": -8.3654822310241084 }, "geometry": { "type": "Point", "coordinates": [ -34.78915994881924, -8.365482231024108 ] } },
{ "type": "Feature", "properties": { "rank": 311, "candidate_id": 2688, "scenario": "eolico", "solar_kwh_m2_day": 5.7894101142883301, "wind_m_s": 8.0378398895263672, "dist_grid_km": 505.99479510122137, "dist_demand_km": 293.10386775523449, "connection_cost_brl": 607193754.12146568, "is_restricted": false, "restriction_factor": 1.0, "score_final": 0.71253321997371444, "longitude": -34.209992305013543, "latitude": -10.47734618848447 }, "geometry": { "type": "Point", "coordinates": [ -34.209992305013543, -10.47734618848447 ] } },
{ "type": "Feature", "properties": { "rank": 312, "candidate_id": 1498, "scenario": "eolico", "solar_kwh_m2_day": 6.1759185791015625, "wind_m_s": 8.3398427963256836, "dist_grid_km": 431.72466130710387, "dist_demand_km": 965.4608144958064, "connection_cost_brl": 518069593.56852466, "is_restricted": false, "restriction_factor": 1.0, "score_final": 0.71247510942012848, "longitude": -43.466510489366726, "latitude": -6.4624984146775866 }, "geometry": { "type": "Point", "coordinates": [ -43.466510489366726, -6.462498414677587 ] } },
{ "type": "Feature", "properties": { "rank": 313, "candidate_id": 2812, "scenario": "eolico", "solar_kwh_m2_day": 5.9642195701599121, "wind_m_s": 7.9687075614929199, "dist_grid_km": 513.09035281236072, "dist_demand_km": 180.72864702383299, "connection_cost_brl": 615708423.37483287, "is_restricted": false, "restriction_factor": 1.0, "score_final": 0.71120056041578072, "longitude": -33.405402478170252, "latitude": -8.725584176850413 }, "geometry": { "type": "Point", "coordinates": [ -33.405402478170252, -8.725584176850413 ] } },
{ "type": "Feature", "properties": { "rank": 314, "candidate_id": 1123, "scenario": "eolico", "solar_kwh_m2_day": 5.215817928314209, "wind_m_s": 7.3667640686035156, "dist_grid_km": 115.27630571305964, "dist_demand_km": 349.08642823493511, "connection_cost_brl": 138331566.85567158, "is_restricted": false, "restriction_factor": 1.0, "score_final": 0.71007975274634705, "longitude": -46.016940535366977, "latitude": -13.227501626044226 }, "geometry": { "type": "Point", "coordinates": [ -46.016940535366977, -13.227501626044226 ] } },
{ "type": "Feature", "properties": { "rank": 315, "candidate_id": 1841, "scenario": "eolico", "solar_kwh_m2_day": 5.536376953125, "wind_m_s": 8.2928266525268555, "dist_grid_km": 464.49967805000432, "dist_demand_km": 829.07231780420898, "connection_cost_brl": 557399613.66000521, "is_restricted": false, "restriction_factor": 1.0, "score_final": 0.71001735282934675, "longitude": -40.438265329789523, "latitude": -13.879964876186069 }, "geometry": { "type": "Point", "coordinates": [ -40.438265329789523, -13.879964876186069 ] } },
{ "type": "Feature", "properties": { "rank": 316, "candidate_id": 2323, "scenario": "eolico", "solar_kwh_m2_day": 6.0994477272033691, "wind_m_s": 8.2794628143310547, "dist_grid_km": 546.97929019366836, "dist_demand_km": 589.1296884206688, "connection_cost_brl": 656375148.23240209, "is_restricted": false, "restriction_factor": 1.0, "score_final": 0.70938951977546483, "longitude": -36.809293710115973, "latitude": -12.791982379774412 }, "geometry": { "type": "Point", "coordinates": [ -36.809293710115973, -12.791982379774412 ] } },
{ "type": "Feature", "properties": { "rank": 317, "candidate_id": 1843, "scenario": "eolico", "solar_kwh_m2_day": 5.9576582908630371, "wind_m_s": 8.1315383911132812, "dist_grid_km": 374.2980964014248, "dist_demand_km": 836.93304557764316, "connection_cost_brl": 449157715.68170977, "is_restricted": false, "restriction_factor": 1.0, "score_final": 0.70900200486494991, "longitude": -40.488514459868966, "latitude": -13.000800716382797 }, "geometry": { "type": "Point", "coordinates": [ -40.488514459868966, -13.000800716382797 ] } },
{ "type": "Feature", "properties": { "rank": 318, "candidate_id": 2700, "scenario": "eolico", "solar_kwh_m2_day": 6.6757678985595703, "wind_m_s": 8.0113515853881836, "dist_grid_km": 496.72322391331659, "dist_demand_km": 318.12910387131518, "connection_cost_brl": 596067868.69597995, "is_restricted": false, "restriction_factor": 1.0, "score_final": 0.70872916598027258, "longitude": -34.462586416844822, "latitude": -5.3556416036805965 }, "geometry": { "type": "Point", "coordinates": [ -34.462586416844822, -5.355641603680596 ] } },
{ "type": "Feature", "properties": { "rank": 319, "candidate_id": 1739, "scenario": "eolico", "solar_kwh_m2_day": 6.4479837417602539, "wind_m_s": 8.1254024505615234, "dist_grid_km": 390.48485523527205, "dist_demand_km": 786.89116482482018, "connection_cost_brl": 468581826.28232646, "is_restricted": false, "restriction_factor": 1.0, "score_final": 0.70864560319708669, "longitude": -41.669412786608184, "latitude": -5.9809627038102082 }, "geometry": { "type": "Point", "coordinates": [ -41.669412786608184, -5.980962703810208 ] } },
{ "type": "Feature", "properties": { "rank": 320, "candidate_id": 2689, "scenario": "eolico", "solar_kwh_m2_day": 6.6728219985961914, "wind_m_s": 7.9284396171569824, "dist_grid_km": 477.23788796745407, "dist_demand_km": 244.30424627122628, "connection_cost_brl": 572685465.56094491, "is_restricted": false, "restriction_factor": 1.0, "score_final": 0.70860187820745235, "longitude": -34.237533169253787, "latitude": -10.050908226675139 }, "geometry": { "type": "Point", "coordinates": [ -34.237533169253787, -10.050908226675139 ] } },
{ "type": "Feature", "properties": { "rank": 321, "candidate_id": 2081, "scenario": "eolico", "solar_kwh_m2_day": 6.032893180847168, "wind_m_s": 8.3992204666137695, "dist_grid_km": 550.84027494612599, "dist_demand_km": 775.38118456221503, "connection_cost_brl": 661008329.93535113, "is_restricted": false, "restriction_factor": 1.0, "score_final": 0.7083490856717588, "longitude": -38.591676370695929, "latitude": -13.774034132512194 }, "geometry": { "type": "Point", "coordinates": [ -38.591676370695929, -13.774034132512194 ] } },
{ "type": "Feature", "properties": { "rank": 322, "candidate_id": 2746, "scenario": "eolico", "solar_kwh_m2_day": 6.0898375511169434, "wind_m_s": 8.2576637268066406, "dist_grid_km": 608.47772781005108, "dist_demand_km": 402.10398003722315, "connection_cost_brl": 730173273.37206125, "is_restricted": false, "restriction_factor": 1.0, "score_final": 0.70796513022734697, "longitude": -33.694313022232862, "latitude": -11.30065854641167 }, "geometry": { "type": "Point", "coordinates": [ -33.694313022232862, -11.30065854641167 ] } },
{ "type": "Feature", "properties": { "rank": 323, "candidate_id": 2459, "scenario": "eolico", "solar_kwh_m2_day": 6.013580322265625, "wind_m_s": 7.6711888313293457, "dist_grid_km": 315.19658867194698, "dist_demand_km": 298.53476477206067, "connection_cost_brl": 378235906.40633637, "is_restricted": false, "restriction_factor": 1.0, "score_final": 0.70773819002965543, "longitude": -36.252824373052178, "latitude": -5.8393557775656086 }, "geometry": { "type": "Point", "coordinates": [ -36.252824373052178, -5.839355777565609 ] } },
{ "type": "Feature", "properties": { "rank": 324, "candidate_id": 1128, "scenario": "eolico", "solar_kwh_m2_day": 6.1607356071472168, "wind_m_s": 7.4835233688354492, "dist_grid_km": 110.22764840838913, "dist_demand_km": 569.20365574096672, "connection_cost_brl": 132273178.09006695, "is_restricted": false, "restriction_factor": 1.0, "score_final": 0.70772065275654161, "longitude": -46.08357482659931, "latitude": -10.98925846999553 }, "geometry": { "type": "Point", "coordinates": [ -46.08357482659931, -10.98925846999553 ] } },
{ "type": "Feature", "properties": { "rank": 325, "candidate_id": 1485, "scenario": "eolico", "solar_kwh_m2_day": 6.1968593597412109, "wind_m_s": 7.6035475730895996, "dist_grid_km": 154.58561940866275, "dist_demand_km": 635.12990928011538, "connection_cost_brl": 185502743.29039529, "is_restricted": false, "restriction_factor": 1.0, "score_final": 0.70759658923403879, "longitude": -43.289121528298466, "latitude": -12.239520409088415 }, "geometry": { "type": "Point", "coordinates": [ -43.289121528298466, -12.239520409088415 ] } },
{ "type": "Feature", "properties": { "rank": 326, "candidate_id": 2698, "scenario": "eolico", "solar_kwh_m2_day": 5.9038729667663574, "wind_m_s": 7.8472013473510742, "dist_grid_km": 445.29026835382359, "dist_demand_km": 220.58275504630467, "connection_cost_brl": 534348322.02458829, "is_restricted": false, "restriction_factor": 1.0, "score_final": 0.70722496389600686, "longitude": -34.432114441490562, "latitude": -6.2098294068123048 }, "geometry": { "type": "Point", "coordinates": [ -34.432114441490562, -6.209829406812305 ] } },
{ "type": "Feature", "properties": { "rank": 327, "candidate_id": 1064, "scenario": "eolico", "solar_kwh_m2_day": 5.6640768051147461, "wind_m_s": 7.2372622489929199, "dist_grid_km": 48.590365664739437, "dist_demand_km": 365.84370221728437, "connection_cost_brl": 58308438.797687322, "is_restricted": false, "restriction_factor": 1.0, "score_final": 0.70681887113156705, "longitude": -46.491630491154304, "latitude": -12.793302697042133 }, "geometry": { "type": "Point", "coordinates": [ -46.491630491154304, -12.793302697042133 ] } },
{ "type": "Feature", "properties": { "rank": 328, "candidate_id": 1481, "scenario": "eolico", "solar_kwh_m2_day": 5.9315786361694336, "wind_m_s": 7.8536930084228516, "dist_grid_km": 334.98878270582179, "dist_demand_km": 540.07853854538837, "connection_cost_brl": 401986539.24698615, "is_restricted": false, "restriction_factor": 1.0, "score_final": 0.70654464186579435, "longitude": -43.210970337946179, "latitude": -14.015848169196001 }, "geometry": { "type": "Point", "coordinates": [ -43.210970337946179, -14.015848169196001 ] } },
{ "type": "Feature", "properties": { "rank": 329, "candidate_id": 1187, "scenario": "eolico", "solar_kwh_m2_day": 6.7405261993408203, "wind_m_s": 7.3335466384887695, "dist_grid_km": 43.541708360068903, "dist_demand_km": 544.98855183816158, "connection_cost_brl": 52250050.032082684, "is_restricted": false, "restriction_factor": 1.0, "score_final": 0.7053218931279811, "longitude": -45.61329769039402, "latitude": -11.424334849752904 }, "geometry": { "type": "Point", "coordinates": [ -45.61329769039402, -11.424334849752904 ] } },
{ "type": "Feature", "properties": { "rank": 330, "candidate_id": 2084, "scenario": "eolico", "solar_kwh_m2_day": 5.3762283325195312, "wind_m_s": 8.0588607788085938, "dist_grid_km": 415.53790247325679, "dist_demand_km": 657.67776587955734, "connection_cost_brl": 498645482.96790814, "is_restricted": false, "restriction_factor": 1.0, "score_final": 0.70466450913643486, "longitude": -38.674914149851659, "latitude": -12.465594956788417 }, "geometry": { "type": "Point", "coordinates": [ -38.674914149851659, -12.465594956788417 ] } },
{ "type": "Feature", "properties": { "rank": 331, "candidate_id": 2201, "scenario": "eolico", "solar_kwh_m2_day": 5.902106761932373, "wind_m_s": 8.413783073425293, "dist_grid_km": 594.01057339418696, "dist_demand_km": 723.09764079465435, "connection_cost_brl": 712812688.07302439, "is_restricted": false, "restriction_factor": 1.0, "score_final": 0.70429335892686318, "longitude": -37.66900502158547, "latitude": -13.716682356003536 }, "geometry": { "type": "Point", "coordinates": [ -37.66900502158547, -13.716682356003536 ] } },
{ "type": "Feature", "properties": { "rank": 332, "candidate_id": 2264, "scenario": "eolico", "solar_kwh_m2_day": 6.2955136299133301, "wind_m_s": 8.1086006164550781, "dist_grid_km": 480.29335014534803, "dist_demand_km": 567.90964849777174, "connection_cost_brl": 576352020.17441761, "is_restricted": false, "restriction_factor": 1.0, "score_final": 0.70368395423229579, "longitude": -37.297763994383381, "latitude": -12.387045216395387 }, "geometry": { "type": "Point", "coordinates": [ -37.297763994383381, -12.387045216395387 ] } },
{ "type": "Feature", "properties": { "rank": 333, "candidate_id": 1799, "scenario": "eolico", "solar_kwh_m2_day": 6.4857015609741211, "wind_m_s": 8.0224418640136719, "dist_grid_km": 368.89970601124162, "dist_demand_km": 739.94919667110116, "connection_cost_brl": 442679647.21348995, "is_restricted": false, "restriction_factor": 1.0, "score_final": 0.70363772801961189, "longitude": -41.217933041322553, "latitude": -5.9708887332626706 }, "geometry": { "type": "Point", "coordinates": [ -41.217933041322553, -5.970888733262671 ] } },
{ "type": "Feature", "properties": { "rank": 334, "candidate_id": 1613, "scenario": "eolico", "solar_kwh_m2_day": 6.0488882064819336, "wind_m_s": 7.7248368263244629, "dist_grid_km": 163.05040873759441, "dist_demand_km": 842.55288487502492, "connection_cost_brl": 195660490.48511329, "is_restricted": false, "restriction_factor": 1.0, "score_final": 0.70362061152503708, "longitude": -42.503519313210468, "latitude": -8.6592267216143473 }, "geometry": { "type": "Point", "coordinates": [ -42.503519313210468, -8.659226721614347 ] } },
{ "type": "Feature", "properties": { "rank": 335, "candidate_id": 2385, "scenario": "eolico", "solar_kwh_m2_day": 6.7085070610046387, "wind_m_s": 8.0444498062133789, "dist_grid_km": 478.36285776911922, "dist_demand_km": 477.4413818047488, "connection_cost_brl": 574035429.32294309, "is_restricted": false, "restriction_factor": 1.0, "score_final": 0.70333666263693528, "longitude": -36.409287906034642, "latitude": -11.900069798077464 }, "geometry": { "type": "Point", "coordinates": [ -36.409287906034642, -11.900069798077464 ] } },
{ "type": "Feature", "properties": { "rank": 336, "candidate_id": 1126, "scenario": "eolico", "solar_kwh_m2_day": 6.0731105804443359, "wind_m_s": 7.232874870300293, "dist_grid_km": 20.026066759809645, "dist_demand_km": 477.64025665395747, "connection_cost_brl": 24031280.111771572, "is_restricted": false, "restriction_factor": 1.0, "score_final": 0.7030472779733874, "longitude": -46.05850795794251, "latitude": -11.884641421678285 }, "geometry": { "type": "Point", "coordinates": [ -46.05850795794251, -11.884641421678285 ] } },
{ "type": "Feature", "properties": { "rank": 337, "candidate_id": 2021, "scenario": "eolico", "solar_kwh_m2_day": 5.8120207786560059, "wind_m_s": 8.3428211212158203, "dist_grid_km": 529.25512572209561, "dist_demand_km": 804.91544462648881, "connection_cost_brl": 635106150.86651468, "is_restricted": false, "restriction_factor": 1.0, "score_final": 0.70294133084561905, "longitude": -39.053171263936903, "latitude": -13.801627634010476 }, "geometry": { "type": "Point", "coordinates": [ -39.053171263936903, -13.801627634010476 ] } },
{ "type": "Feature", "properties": { "rank": 338, "candidate_id": 1254, "scenario": "eolico", "solar_kwh_m2_day": 6.319941520690918, "wind_m_s": 8.0543746948242188, "dist_grid_km": 337.66209490606673, "dist_demand_km": 885.12292326553268, "connection_cost_brl": 405194513.88728005, "is_restricted": false, "restriction_factor": 1.0, "score_final": 0.70269476570349643, "longitude": -45.238868969063326, "latitude": -8.2838061304155399 }, "geometry": { "type": "Point", "coordinates": [ -45.238868969063326, -8.28380613041554 ] } },
{ "type": "Feature", "properties": { "rank": 339, "candidate_id": 885, "scenario": "eolico", "solar_kwh_m2_day": 6.0865306854248047, "wind_m_s": 7.2316269874572754, "dist_grid_km": 61.265872831641566, "dist_demand_km": 379.38090060294286, "connection_cost_brl": 73519047.397969887, "is_restricted": false, "restriction_factor": 1.0, "score_final": 0.70149158769856501, "longitude": -47.883507249381033, "latitude": -12.379443505814393 }, "geometry": { "type": "Point", "coordinates": [ -47.883507249381033, -12.379443505814393 ] } },
{ "type": "Feature", "properties": { "rank": 340, "candidate_id": 2819, "scenario": "eolico", "solar_kwh_m2_day": 6.9358062744140625, "wind_m_s": 8.0562639236450195, "dist_grid_km": 557.08041918907725, "dist_demand_km": 306.7338521040403, "connection_cost_brl": 668496503.02689266, "is_restricted": false, "restriction_factor": 1.0, "score_final": 0.7008499266121716, "longitude": -33.545601158401197, "latitude": -5.7528537483238189 }, "geometry": { "type": "Point", "coordinates": [ -33.545601158401197, -5.752853748323819 ] } },
{ "type": "Feature", "properties": { "rank": 341, "candidate_id": 1435, "scenario": "eolico", "solar_kwh_m2_day": 6.3469929695129395, "wind_m_s": 8.0701847076416016, "dist_grid_km": 318.00743805826511, "dist_demand_km": 992.072035152838, "connection_cost_brl": 381608925.66991812, "is_restricted": false, "restriction_factor": 1.0, "score_final": 0.70002224539768032, "longitude": -43.888845713665084, "latitude": -7.8069851451482641 }, "geometry": { "type": "Point", "coordinates": [ -43.888845713665084, -7.806985145148264 ] } },
{ "type": "Feature", "properties": { "rank": 342, "candidate_id": 2875, "scenario": "eolico", "solar_kwh_m2_day": 6.1625251770019531, "wind_m_s": 7.9767575263977051, "dist_grid_km": 553.26527808187552, "dist_demand_km": 217.51784889781538, "connection_cost_brl": 663918333.69825065, "is_restricted": false, "restriction_factor": 1.0, "score_final": 0.69864267887283749, "longitude": -33.020258134542743, "latitude": -7.4320112293877143 }, "geometry": { "type": "Point", "coordinates": [ -33.020258134542743, -7.432011229387714 ] } },
{ "type": "Feature", "properties": { "rank": 343, "candidate_id": 2460, "scenario": "eolico", "solar_kwh_m2_day": 6.6803107261657715, "wind_m_s": 7.7074432373046875, "dist_grid_km": 355.06923064740749, "dist_demand_km": 343.36233519502929, "connection_cost_brl": 426083076.77688897, "is_restricted": false, "restriction_factor": 1.0, "score_final": 0.69859398408155926, "longitude": -36.266308028264788, "latitude": -5.4080345324885739 }, "geometry": { "type": "Point", "coordinates": [ -36.266308028264788, -5.408034532488574 ] } },
{ "type": "Feature", "properties": { "rank": 344, "candidate_id": 2818, "scenario": "eolico", "solar_kwh_m2_day": 6.2705049514770508, "wind_m_s": 7.9748129844665527, "dist_grid_km": 537.22744196640656, "dist_demand_km": 265.16215524374752, "connection_cost_brl": 644672930.35968792, "is_restricted": false, "restriction_factor": 1.0, "score_final": 0.69801396013480665, "longitude": -33.529177187869955, "latitude": -6.177700938552805 }, "geometry": { "type": "Point", "coordinates": [ -33.529177187869955, -6.177700938552805 ] } },
{ "type": "Feature", "properties": { "rank": 345, "candidate_id": 2747, "scenario": "eolico", "solar_kwh_m2_day": 5.6972675323486328, "wind_m_s": 8.0974712371826172, "dist_grid_km": 576.16873768280061, "dist_demand_km": 354.20657562339176, "connection_cost_brl": 691402485.21936071, "is_restricted": false, "restriction_factor": 1.0, "score_final": 0.69749773414464167, "longitude": -33.724863885259659, "latitude": -10.875518713368987 }, "geometry": { "type": "Point", "coordinates": [ -33.724863885259659, -10.875518713368987 ] } },
{ "type": "Feature", "properties": { "rank": 346, "candidate_id": 1496, "scenario": "eolico", "solar_kwh_m2_day": 6.3846187591552734, "wind_m_s": 8.0654134750366211, "dist_grid_km": 341.52307965852447, "dist_demand_km": 948.45411561169249, "connection_cost_brl": 409827695.59022933, "is_restricted": false, "restriction_factor": 1.0, "score_final": 0.69738678830850676, "longitude": -43.446598070726161, "latitude": -7.3515820489661703 }, "geometry": { "type": "Point", "coordinates": [ -43.446598070726161, -7.35158204896617 ] } },
{ "type": "Feature", "properties": { "rank": 347, "candidate_id": 1132, "scenario": "eolico", "solar_kwh_m2_day": 6.2460765838623047, "wind_m_s": 7.8530178070068359, "dist_grid_km": 290.63081170554813, "dist_demand_km": 758.74763628872427, "connection_cost_brl": 348756974.04665774, "is_restricted": false, "restriction_factor": 1.0, "score_final": 0.69736584787198419, "longitude": -46.127501932555468, "latitude": -9.1981889381629909 }, "geometry": { "type": "Point", "coordinates": [ -46.127501932555468, -9.198188938162991 ] } },
{ "type": "Feature", "properties": { "rank": 348, "candidate_id": 1783, "scenario": "eolico", "solar_kwh_m2_day": 6.3977055549621582, "wind_m_s": 7.9878330230712891, "dist_grid_km": 352.71294717739448, "dist_demand_km": 809.17703976922064, "connection_cost_brl": 423255536.61287338, "is_restricted": false, "restriction_factor": 1.0, "score_final": 0.69629588368709783, "longitude": -40.948814290970859, "latitude": -13.023788704873853 }, "geometry": { "type": "Point", "coordinates": [ -40.948814290970859, -13.023788704873853 ] } },
{ "type": "Feature", "properties": { "rank": 349, "candidate_id": 1840, "scenario": "eolico", "solar_kwh_m2_day": 6.2093472480773926, "wind_m_s": 8.2714977264404297, "dist_grid_km": 509.60046887429399, "dist_demand_km": 819.71617934687117, "connection_cost_brl": 611520562.64915276, "is_restricted": false, "restriction_factor": 1.0, "score_final": 0.69625348218960592, "longitude": -40.411785686626324, "latitude": -14.319454142281852 }, "geometry": { "type": "Point", "coordinates": [ -40.411785686626324, -14.319454142281852 ] } },
{ "type": "Feature", "properties": { "rank": 350, "candidate_id": 2025, "scenario": "eolico", "solar_kwh_m2_day": 6.0525074005126953, "wind_m_s": 7.8831911087036133, "dist_grid_km": 348.85196242493657, "dist_demand_km": 658.0179502191063, "connection_cost_brl": 418622354.90992391, "is_restricted": false, "restriction_factor": 1.0, "score_final": 0.69624707895782401, "longitude": -39.159185134413555, "latitude": -12.053300953772128 }, "geometry": { "type": "Point", "coordinates": [ -39.159185134413555, -12.053300953772128 ] } },
{ "type": "Feature", "properties": { "rank": 351, "candidate_id": 1979, "scenario": "eolico", "solar_kwh_m2_day": 6.4598450660705566, "wind_m_s": 7.7649083137512207, "dist_grid_km": 304.14425833915027, "dist_demand_km": 602.08482689629773, "connection_cost_brl": 364973110.0069803, "is_restricted": false, "restriction_factor": 1.0, "score_final": 0.69577905231084569, "longitude": -39.863593327037812, "latitude": -5.9387219495959975 }, "geometry": { "type": "Point", "coordinates": [ -39.863593327037812, -5.938721949595998 ] } },
{ "type": "Feature", "properties": { "rank": 352, "candidate_id": 2639, "scenario": "eolico", "solar_kwh_m2_day": 6.5017595291137695, "wind_m_s": 7.7618503570556641, "dist_grid_km": 427.01726133395977, "dist_demand_km": 262.87702619674934, "connection_cost_brl": 512420713.6007517, "is_restricted": false, "restriction_factor": 1.0, "score_final": 0.6955807006235849, "longitude": -34.899116070198843, "latitude": -5.7973153936155883 }, "geometry": { "type": "Point", "coordinates": [ -34.899116070198843, -5.797315393615588 ] } },
{ "type": "Feature", "properties": { "rank": 353, "candidate_id": 1124, "scenario": "eolico", "solar_kwh_m2_day": 6.1334772109985352, "wind_m_s": 7.210564136505127, "dist_grid_km": 70.175514888769868, "dist_demand_km": 390.24047437962628, "connection_cost_brl": 84210617.866523847, "is_restricted": false, "restriction_factor": 1.0, "score_final": 0.69514287074455117, "longitude": -46.031330987759354, "latitude": -12.779911579457261 }, "geometry": { "type": "Point", "coordinates": [ -46.031330987759354, -12.779911579457261 ] } },
{ "type": "Feature", "properties": { "rank": 354, "candidate_id": 1121, "scenario": "eolico", "solar_kwh_m2_day": 6.138333797454834, "wind_m_s": 7.3749465942382812, "dist_grid_km": 205.47788736163918, "dist_demand_km": 275.69683974503931, "connection_cost_brl": 246573464.833967, "is_restricted": false, "restriction_factor": 1.0, "score_final": 0.69503059072745565, "longitude": -45.986532691787126, "latitude": -14.122586151025416 }, "geometry": { "type": "Point", "coordinates": [ -45.986532691787126, -14.122586151025416 ] } },
{ "type": "Feature", "properties": { "rank": 355, "candidate_id": 1420, "scenario": "eolico", "solar_kwh_m2_day": 5.5609893798828125, "wind_m_s": 7.7734413146972656, "dist_grid_km": 358.50442430608103, "dist_demand_km": 477.29709923602559, "connection_cost_brl": 430205309.16729724, "is_restricted": false, "restriction_factor": 1.0, "score_final": 0.69476113841888221, "longitude": -43.652905461022748, "latitude": -14.480328733608829 }, "geometry": { "type": "Point", "coordinates": [ -43.652905461022748, -14.480328733608829 ] } },
{ "type": "Feature", "properties": { "rank": 356, "candidate_id": 1677, "scenario": "eolico", "solar_kwh_m2_day": 6.3550624847412109, "wind_m_s": 7.9214348793029785, "dist_grid_km": 321.86842281072296, "dist_demand_km": 808.28288488521684, "connection_cost_brl": 386242107.37286752, "is_restricted": false, "restriction_factor": 1.0, "score_final": 0.69465371785674079, "longitude": -42.100038625876252, "latitude": -6.8757771511951153 }, "geometry": { "type": "Point", "coordinates": [ -42.100038625876252, -6.875777151195115 ] } },
{ "type": "Feature", "properties": { "rank": 357, "candidate_id": 1484, "scenario": "eolico", "solar_kwh_m2_day": 5.746159553527832, "wind_m_s": 7.5732541084289551, "dist_grid_km": 199.68641023295251, "dist_demand_km": 606.60012215293557, "connection_cost_brl": 239623692.27954301, "is_restricted": false, "restriction_factor": 1.0, "score_final": 0.69432558292934765, "longitude": -43.270659850350157, "latitude": -12.683666772317373 }, "geometry": { "type": "Point", "coordinates": [ -43.270659850350157, -12.683666772317373 ] } },
{ "type": "Feature", "properties": { "rank": 358, "candidate_id": 2082, "scenario": "eolico", "solar_kwh_m2_day": 5.647249698638916, "wind_m_s": 8.1959171295166016, "dist_grid_km": 505.73948412183631, "dist_demand_km": 734.84057374792371, "connection_cost_brl": 606887380.94620359, "is_restricted": false, "restriction_factor": 1.0, "score_final": 0.69422125069262519, "longitude": -38.62042767533071, "latitude": -13.337958964833017 }, "geometry": { "type": "Point", "coordinates": [ -38.62042767533071, -13.337958964833017 ] } },
{ "type": "Feature", "properties": { "rank": 359, "candidate_id": 1374, "scenario": "eolico", "solar_kwh_m2_day": 6.2083530426025391, "wind_m_s": 7.9445528984069824, "dist_grid_km": 294.49179645800592, "dist_demand_km": 924.8430223957447, "connection_cost_brl": 353390155.74960709, "is_restricted": false, "restriction_factor": 1.0, "score_final": 0.69411909353001755, "longitude": -44.331409906210361, "latitude": -8.263146453971034 }, "geometry": { "type": "Point", "coordinates": [ -44.331409906210361, -8.263146453971034 ] } },
{ "type": "Feature", "properties": { "rank": 360, "candidate_id": 1860, "scenario": "eolico", "solar_kwh_m2_day": 6.5307374000549316, "wind_m_s": 7.9781002998352051, "dist_grid_km": 392.41534761150092, "dist_demand_km": 713.88136933395833, "connection_cost_brl": 470898417.1338011, "is_restricted": false, "restriction_factor": 1.0, "score_final": 0.69362713160503009, "longitude": -40.776802922188224, "latitude": -5.5201646365239245 }, "geometry": { "type": "Point", "coordinates": [ -40.776802922188224, -5.520164636523925 ] } },
{ "type": "Feature", "properties": { "rank": 361, "candidate_id": 2143, "scenario": "eolico", "solar_kwh_m2_day": 5.3019809722900391, "wind_m_s": 8.1029634475708008, "dist_grid_km": 482.22384252157701, "dist_demand_km": 664.90034189651112, "connection_cost_brl": 578668611.02589238, "is_restricted": false, "restriction_factor": 1.0, "score_final": 0.69330745184295473, "longitude": -38.188309220427129, "latitude": -12.87534815893955 }, "geometry": { "type": "Point", "coordinates": [ -38.188309220427129, -12.87534815893955 ] } },
{ "type": "Feature", "properties": { "rank": 362, "candidate_id": 1615, "scenario": "eolico", "solar_kwh_m2_day": 6.4333434104919434, "wind_m_s": 7.8115067481994629, "dist_grid_km": 253.25199038617387, "dist_demand_km": 844.06441621322665, "connection_cost_brl": 303902388.46340865, "is_restricted": false, "restriction_factor": 1.0, "score_final": 0.69294575482922982, "longitude": -42.529342951230809, "latitude": -7.7729642331543758 }, "geometry": { "type": "Point", "coordinates": [ -42.529342951230809, -7.772964233154376 ] } },
{ "type": "Feature", "properties": { "rank": 363, "candidate_id": 2813, "scenario": "eolico", "solar_kwh_m2_day": 5.808929443359375, "wind_m_s": 7.8142271041870117, "dist_grid_km": 504.96235423170123, "dist_demand_km": 162.59622169084747, "connection_cost_brl": 605954825.07804143, "is_restricted": false, "restriction_factor": 1.0, "score_final": 0.69258791733713776, "longitude": -33.429062254444048, "latitude": -8.3010980543424981 }, "geometry": { "type": "Point", "coordinates": [ -33.429062254444048, -8.301098054342498 ] } },
{ "type": "Feature", "properties": { "rank": 364, "candidate_id": 2631, "scenario": "eolico", "solar_kwh_m2_day": 5.7194614410400391, "wind_m_s": 7.5844297409057617, "dist_grid_km": 385.41093541865251, "dist_demand_km": 137.50211371995115, "connection_cost_brl": 462493122.50238299, "is_restricted": false, "restriction_factor": 1.0, "score_final": 0.69223834092870895, "longitude": -34.743350621017882, "latitude": -9.2210702666431423 }, "geometry": { "type": "Point", "coordinates": [ -34.743350621017882, -9.221070266643142 ] } },
{ "type": "Feature", "properties": { "rank": 365, "candidate_id": 2447, "scenario": "eolico", "solar_kwh_m2_day": 6.1271553039550781, "wind_m_s": 7.776094913482666, "dist_grid_km": 410.66490111174659, "dist_demand_km": 365.82339501543845, "connection_cost_brl": 492797881.3340959, "is_restricted": false, "restriction_factor": 1.0, "score_final": 0.69220992994275232, "longitude": -36.007540071917546, "latitude": -11.011334913854579 }, "geometry": { "type": "Point", "coordinates": [ -36.007540071917546, -11.011334913854579 ] } },
{ "type": "Feature", "properties": { "rank": 366, "candidate_id": 2640, "scenario": "eolico", "solar_kwh_m2_day": 6.0102195739746094, "wind_m_s": 7.8239879608154297, "dist_grid_km": 457.24064836720783, "dist_demand_km": 312.85622633267258, "connection_cost_brl": 548688778.04064941, "is_restricted": false, "restriction_factor": 1.0, "score_final": 0.69217668388070752, "longitude": -34.913489456816855, "latitude": -5.3691177018498832 }, "geometry": { "type": "Point", "coordinates": [ -34.913489456816855, -5.369117701849883 ] } },
{ "type": "Feature", "properties": { "rank": 367, "candidate_id": 2871, "scenario": "eolico", "solar_kwh_m2_day": 6.2985196113586426, "wind_m_s": 7.9872093200683594, "dist_grid_km": 573.76074435480314, "dist_demand_km": 249.42987947885638, "connection_cost_brl": 688512893.2257638, "is_restricted": false, "restriction_factor": 1.0, "score_final": 0.69192728634497858, "longitude": -32.926351963508367, "latitude": -9.1254825370545625 }, "geometry": { "type": "Point", "coordinates": [ -32.926351963508367, -9.125482537054562 ] } },
{ "type": "Feature", "properties": { "rank": 368, "candidate_id": 1003, "scenario": "eolico", "solar_kwh_m2_day": 6.3560996055603027, "wind_m_s": 7.1332216262817383, "dist_grid_km": 72.106007264998823, "dist_demand_km": 299.94884162778652, "connection_cost_brl": 86527208.717998594, "is_restricted": false, "restriction_factor": 1.0, "score_final": 0.69187870231657367, "longitude": -46.939213055325133, "latitude": -13.25445518505485 }, "geometry": { "type": "Point", "coordinates": [ -46.939213055325133, -13.25445518505485 ] } },
{ "type": "Feature", "properties": { "rank": 369, "candidate_id": 1483, "scenario": "eolico", "solar_kwh_m2_day": 5.0842995643615723, "wind_m_s": 7.6156902313232422, "dist_grid_km": 244.7872010572423, "dist_demand_km": 580.97970251097854, "connection_cost_brl": 293744641.26869076, "is_restricted": false, "restriction_factor": 1.0, "score_final": 0.69132314476157752, "longitude": -43.251484807122118, "latitude": -13.127771229304392 }, "geometry": { "type": "Point", "coordinates": [ -43.251484807122118, -13.127771229304392 ] } },
{ "type": "Feature", "properties": { "rank": 370, "candidate_id": 1675, "scenario": "eolico", "solar_kwh_m2_day": 6.0355358123779297, "wind_m_s": 7.7297706604003906, "dist_grid_km": 231.66684116214344, "dist_demand_km": 794.21146245330704, "connection_cost_brl": 278000209.39457214, "is_restricted": false, "restriction_factor": 1.0, "score_final": 0.69128596199485237, "longitude": -42.076224553171294, "latitude": -7.7607440755886135 }, "geometry": { "type": "Point", "coordinates": [ -42.076224553171294, -7.760744075588613 ] } },
{ "type": "Feature", "properties": { "rank": 371, "candidate_id": 1960, "scenario": "eolico", "solar_kwh_m2_day": 6.1183643341064453, "wind_m_s": 8.3387899398803711, "dist_grid_km": 552.77076732235491, "dist_demand_km": 875.09261062492044, "connection_cost_brl": 663324920.7868259, "is_restricted": false, "restriction_factor": 1.0, "score_final": 0.68977724343772751, "longitude": -39.486631515683783, "latitude": -14.26628022552717 }, "geometry": { "type": "Point", "coordinates": [ -39.486631515683783, -14.26628022552717 ] } },
{ "type": "Feature", "properties": { "rank": 372, "candidate_id": 1663, "scenario": "eolico", "solar_kwh_m2_day": 5.3302483558654785, "wind_m_s": 7.8053312301635742, "dist_grid_km": 309.54264872933356, "dist_demand_km": 716.15323423531743, "connection_cost_brl": 371451178.4752003, "is_restricted": false, "restriction_factor": 1.0, "score_final": 0.68959384535676127, "longitude": -41.869655263935243, "latitude": -13.067596191773072 }, "geometry": { "type": "Point", "coordinates": [ -41.869655263935243, -13.067596191773072 ] } },
{ "type": "Feature", "properties": { "rank": 373, "candidate_id": 1781, "scenario": "eolico", "solar_kwh_m2_day": 5.3836960792541504, "wind_m_s": 8.081852912902832, "dist_grid_km": 442.914528825974, "dist_demand_km": 780.32999093797252, "connection_cost_brl": 531497434.59116882, "is_restricted": false, "restriction_factor": 1.0, "score_final": 0.68952370868017199, "longitude": -40.900158423315744, "latitude": -13.904565788506707 }, "geometry": { "type": "Point", "coordinates": [ -40.900158423315744, -13.904565788506707 ] } },
{ "type": "Feature", "properties": { "rank": 374, "candidate_id": 2637, "scenario": "eolico", "solar_kwh_m2_day": 6.1396322250366211, "wind_m_s": 7.5672974586486816, "dist_grid_km": 379.3325762348083, "dist_demand_km": 162.95691453847064, "connection_cost_brl": 455199091.48176998, "is_restricted": false, "restriction_factor": 1.0, "score_final": 0.68893251781537457, "longitude": -34.866999846296125, "latitude": -6.6535782644468178 }, "geometry": { "type": "Point", "coordinates": [ -34.866999846296125, -6.653578264446818 ] } },
{ "type": "Feature", "properties": { "rank": 375, "candidate_id": 1539, "scenario": "eolico", "solar_kwh_m2_day": 5.3554825782775879, "wind_m_s": 7.9453673362731934, "dist_grid_km": 446.7755135784318, "dist_demand_km": 565.04712569562423, "connection_cost_brl": 536130616.29411817, "is_restricted": false, "restriction_factor": 1.0, "score_final": 0.68887617166948967, "longitude": -42.703425469735542, "latitude": -14.881706130659435 }, "geometry": { "type": "Point", "coordinates": [ -42.703425469735542, -14.881706130659435 ] } },
{ "type": "Feature", "properties": { "rank": 376, "candidate_id": 1555, "scenario": "eolico", "solar_kwh_m2_day": 6.1713318824768066, "wind_m_s": 7.8536176681518555, "dist_grid_km": 274.83713961020425, "dist_demand_km": 893.93379527934246, "connection_cost_brl": 329804567.5322451, "is_restricted": false, "restriction_factor": 1.0, "score_final": 0.68886124928313808, "longitude": -42.98248650635955, "latitude": -7.7847472192204332 }, "geometry": { "type": "Point", "coordinates": [ -42.98248650635955, -7.784747219220433 ] } },
{ "type": "Feature", "properties": { "rank": 377, "candidate_id": 941, "scenario": "eolico", "solar_kwh_m2_day": 5.4745702743530273, "wind_m_s": 7.1552696228027344, "dist_grid_km": 140.72243968954791, "dist_demand_km": 188.86690358408904, "connection_cost_brl": 168866927.6274575, "is_restricted": false, "restriction_factor": 1.0, "score_final": 0.68788841653489241, "longitude": -47.375180194567868, "latitude": -14.164571020344754 }, "geometry": { "type": "Point", "coordinates": [ -47.375180194567868, -14.164571020344754 ] } },
{ "type": "Feature", "properties": { "rank": 378, "candidate_id": 2502, "scenario": "eolico", "solar_kwh_m2_day": 5.8328948020935059, "wind_m_s": 8.3270244598388672, "dist_grid_km": 656.83552869004927, "dist_demand_km": 594.37397945241264, "connection_cost_brl": 788202634.4280591, "is_restricted": false, "restriction_factor": 1.0, "score_final": 0.68766572553979177, "longitude": -35.398320227468446, "latitude": -13.132043847672175 }, "geometry": { "type": "Point", "coordinates": [ -35.398320227468446, -13.132043847672175 ] } },
{ "type": "Feature", "properties": { "rank": 379, "candidate_id": 2024, "scenario": "eolico", "solar_kwh_m2_day": 6.1114435195922852, "wind_m_s": 7.9193673133850098, "dist_grid_km": 393.95275324922636, "dist_demand_km": 692.25207501132149, "connection_cost_brl": 472743303.89907163, "is_restricted": false, "restriction_factor": 1.0, "score_final": 0.68674308983278698, "longitude": -39.134137184453053, "latitude": -12.49048132359477 }, "geometry": { "type": "Point", "coordinates": [ -39.134137184453053, -12.49048132359477 ] } },
{ "type": "Feature", "properties": { "rank": 380, "candidate_id": 1304, "scenario": "eolico", "solar_kwh_m2_day": 5.5028266906738281, "wind_m_s": 7.325157642364502, "dist_grid_km": 134.93096256086119, "dist_demand_km": 487.46863285753687, "connection_cost_brl": 161917155.07303342, "is_restricted": false, "restriction_factor": 1.0, "score_final": 0.68608372408280904, "longitude": -44.650738910147211, "latitude": -12.735162230562553 }, "geometry": { "type": "Point", "coordinates": [ -44.650738910147211, -12.735162230562553 ] } },
{ "type": "Feature", "properties": { "rank": 381, "candidate_id": 1962, "scenario": "eolico", "solar_kwh_m2_day": 6.1565699577331543, "wind_m_s": 8.1031513214111328, "dist_grid_km": 462.56918567377545, "dist_demand_km": 798.95960603555329, "connection_cost_brl": 555083022.80853057, "is_restricted": false, "restriction_factor": 1.0, "score_final": 0.68583700262764768, "longitude": -39.541945115851732, "latitude": -13.390624819159124 }, "geometry": { "type": "Point", "coordinates": [ -39.541945115851732, -13.390624819159124 ] } },
{ "type": "Feature", "properties": { "rank": 382, "candidate_id": 1842, "scenario": "eolico", "solar_kwh_m2_day": 5.3009896278381348, "wind_m_s": 8.0540008544921875, "dist_grid_km": 419.39888722571459, "dist_demand_km": 841.300898380273, "connection_cost_brl": 503278664.67085749, "is_restricted": false, "restriction_factor": 1.0, "score_final": 0.6858092637268095, "longitude": -40.463838962806328, "latitude": -13.440413012685054 }, "geometry": { "type": "Point", "coordinates": [ -40.463838962806328, -13.440413012685054 ] } },
{ "type": "Feature", "properties": { "rank": 383, "candidate_id": 2442, "scenario": "eolico", "solar_kwh_m2_day": 6.3986892700195312, "wind_m_s": 8.2771062850952148, "dist_grid_km": 635.25037946601901, "dist_demand_km": 604.1136640362073, "connection_cost_brl": 762300455.35922277, "is_restricted": false, "restriction_factor": 1.0, "score_final": 0.68504737294506823, "longitude": -35.858300997323276, "latitude": -13.163437946112392 }, "geometry": { "type": "Point", "coordinates": [ -35.858300997323276, -13.163437946112392 ] } },
{ "type": "Feature", "properties": { "rank": 384, "candidate_id": 1070, "scenario": "eolico", "solar_kwh_m2_day": 5.8793735504150391, "wind_m_s": 7.569237232208252, "dist_grid_km": 222.01437928099907, "dist_demand_km": 649.15281348024428, "connection_cost_brl": 266417255.13719887, "is_restricted": false, "restriction_factor": 1.0, "score_final": 0.68404957767024466, "longitude": -46.562617841846659, "latitude": -10.104283346822394 }, "geometry": { "type": "Point", "coordinates": [ -46.562617841846659, -10.104283346822394 ] } },
{ "type": "Feature", "properties": { "rank": 385, "candidate_id": 1246, "scenario": "eolico", "solar_kwh_m2_day": 6.1603107452392578, "wind_m_s": 7.1389579772949219, "dist_grid_km": 23.144231688251232, "dist_demand_km": 529.18072674695156, "connection_cost_brl": 27773078.025901478, "is_restricted": false, "restriction_factor": 1.0, "score_final": 0.68382058006798907, "longitude": -45.141104391217858, "latitude": -11.857662003961279 }, "geometry": { "type": "Point", "coordinates": [ -45.141104391217858, -11.857662003961279 ] } },
{ "type": "Feature", "properties": { "rank": 386, "candidate_id": 1479, "scenario": "eolico", "solar_kwh_m2_day": 6.3055276870727539, "wind_m_s": 7.8363032341003418, "dist_grid_km": 425.19036435440131, "dist_demand_km": 515.58921717283795, "connection_cost_brl": 510228437.2252816, "is_restricted": false, "restriction_factor": 1.0, "score_final": 0.68321888422957189, "longitude": -43.167527007981541, "latitude": -14.903738610209306 }, "geometry": { "type": "Point", "coordinates": [ -43.167527007981541, -14.903738610209306 ] } },
{ "type": "Feature", "properties": { "rank": 387, "candidate_id": 2322, "scenario": "eolico", "solar_kwh_m2_day": 5.3339548110961914, "wind_m_s": 8.2047662734985352, "dist_grid_km": 592.08008101795815, "dist_demand_km": 635.05834560736241, "connection_cost_brl": 710496097.22154975, "is_restricted": false, "restriction_factor": 1.0, "score_final": 0.68272402595549919, "longitude": -36.778590002665467, "latitude": -13.224288458176227 }, "geometry": { "type": "Point", "coordinates": [ -36.778590002665467, -13.224288458176227 ] } },
{ "type": "Feature", "properties": { "rank": 388, "candidate_id": 1436, "scenario": "eolico", "solar_kwh_m2_day": 6.298978328704834, "wind_m_s": 8.0330352783203125, "dist_grid_km": 363.1082288825549, "dist_demand_km": 998.11727820227225, "connection_cost_brl": 435729874.6590659, "is_restricted": false, "restriction_factor": 1.0, "score_final": 0.68252606043064401, "longitude": -43.899339621966604, "latitude": -7.3618502409197415 }, "geometry": { "type": "Point", "coordinates": [ -43.899339621966604, -7.361850240919741 ] } },
{ "type": "Feature", "properties": { "rank": 389, "candidate_id": 1557, "scenario": "eolico", "solar_kwh_m2_day": 6.0267190933227539, "wind_m_s": 7.9759840965270996, "dist_grid_km": 365.03872125878382, "dist_demand_km": 906.45849615339671, "connection_cost_brl": 438046465.5105406, "is_restricted": false, "restriction_factor": 1.0, "score_final": 0.6823304376024617, "longitude": -43.004581927930928, "latitude": -6.8970159996832772 }, "geometry": { "type": "Point", "coordinates": [ -43.004581927930928, -6.897015999683277 ] } },
{ "type": "Feature", "properties": { "rank": 390, "candidate_id": 2870, "scenario": "eolico", "solar_kwh_m2_day": 6.3373293876647949, "wind_m_s": 7.9582133293151855, "dist_grid_km": 589.47105333550383, "dist_demand_km": 280.07245013346602, "connection_cost_brl": 707365264.0026046, "is_restricted": false, "restriction_factor": 1.0, "score_final": 0.68083863759031094, "longitude": -32.899753336357094, "latitude": -9.5486619531304378 }, "geometry": { "type": "Point", "coordinates": [ -32.899753336357094, -9.548661953130438 ] } },
{ "type": "Feature", "properties": { "rank": 391, "candidate_id": 1434, "scenario": "eolico", "solar_kwh_m2_day": 6.6987547874450684, "wind_m_s": 7.8271598815917969, "dist_grid_km": 272.90664723397549, "dist_demand_km": 948.04041552355909, "connection_cost_brl": 327487976.68077058, "is_restricted": false, "restriction_factor": 1.0, "score_final": 0.68046397563046357, "longitude": -43.877716320503978, "latitude": -8.2520960088882838 }, "geometry": { "type": "Point", "coordinates": [ -43.877716320503978, -8.252096008888284 ] } },
{ "type": "Feature", "properties": { "rank": 392, "candidate_id": 1859, "scenario": "eolico", "solar_kwh_m2_day": 6.6490163803100586, "wind_m_s": 7.7914910316467285, "dist_grid_km": 347.31455678721113, "dist_demand_km": 693.43487223318493, "connection_cost_brl": 416777468.14465338, "is_restricted": false, "restriction_factor": 1.0, "score_final": 0.68004061972154828, "longitude": -40.766469583443431, "latitude": -5.9604882064614202 }, "geometry": { "type": "Point", "coordinates": [ -40.766469583443431, -5.96048820646142 ] } },
{ "type": "Feature", "properties": { "rank": 393, "candidate_id": 2685, "scenario": "eolico", "solar_kwh_m2_day": 6.7429714202880859, "wind_m_s": 8.0906953811645508, "dist_grid_km": 608.97859202372535, "dist_demand_km": 441.1188217859854, "connection_cost_brl": 730774310.42847037, "is_restricted": false, "restriction_factor": 1.0, "score_final": 0.67999211351488209, "longitude": -34.120079613518016, "latitude": -11.756149570129391 }, "geometry": { "type": "Point", "coordinates": [ -34.120079613518016, -11.756149570129391 ] } },
{ "type": "Feature", "properties": { "rank": 394, "candidate_id": 1252, "scenario": "eolico", "solar_kwh_m2_day": 5.6641745567321777, "wind_m_s": 7.6761155128479004, "dist_grid_km": 247.46051325748726, "dist_demand_km": 792.20578283530574, "connection_cost_brl": 296952615.90898472, "is_restricted": false, "restriction_factor": 1.0, "score_final": 0.67965366426299234, "longitude": -45.217832459045106, "latitude": -9.1774246804274338 }, "geometry": { "type": "Point", "coordinates": [ -45.217832459045106, -9.177424680427434 ] } },
{ "type": "Feature", "properties": { "rank": 395, "candidate_id": 2205, "scenario": "eolico", "solar_kwh_m2_day": 5.8887190818786621, "wind_m_s": 7.8096752166748047, "dist_grid_km": 413.60741009702792, "dist_demand_km": 554.94950034673525, "connection_cost_brl": 496328892.1164335, "is_restricted": false, "restriction_factor": 1.0, "score_final": 0.67864653938355513, "longitude": -37.783865824989121, "latitude": -11.979447614610267 }, "geometry": { "type": "Point", "coordinates": [ -37.783865824989121, -11.979447614610267 ] } },
{ "type": "Feature", "properties": { "rank": 396, "candidate_id": 2261, "scenario": "eolico", "solar_kwh_m2_day": 6.2864365577697754, "wind_m_s": 8.2599916458129883, "dist_grid_km": 615.59572261821745, "dist_demand_km": 700.85469713603311, "connection_cost_brl": 738714867.14186096, "is_restricted": false, "restriction_factor": 1.0, "score_final": 0.67855727662845544, "longitude": -37.207832889096686, "latitude": -13.686943693797261 }, "geometry": { "type": "Point", "coordinates": [ -37.207832889096686, -13.686943693797261 ] } },
{ "type": "Feature", "properties": { "rank": 397, "candidate_id": 1782, "scenario": "eolico", "solar_kwh_m2_day": 5.5189313888549805, "wind_m_s": 7.9330782890319824, "dist_grid_km": 397.81373800168427, "dist_demand_km": 793.31027235468696, "connection_cost_brl": 477376485.6020211, "is_restricted": false, "restriction_factor": 1.0, "score_final": 0.6782962229411561, "longitude": -40.924921347865975, "latitude": -13.464206088329144 }, "geometry": { "type": "Point", "coordinates": [ -40.924921347865975, -13.464206088329144 ] } },
{ "type": "Feature", "properties": { "rank": 398, "candidate_id": 2872, "scenario": "eolico", "solar_kwh_m2_day": 6.4031906127929688, "wind_m_s": 7.8565587997436523, "dist_grid_km": 562.07353683009046, "dist_demand_km": 225.80954858001647, "connection_cost_brl": 674488244.19610858, "is_restricted": false, "restriction_factor": 1.0, "score_final": 0.67819244485628916, "longitude": -32.95169509290718, "latitude": -8.7022239108730606 }, "geometry": { "type": "Point", "coordinates": [ -32.95169509290718, -8.702223910873061 ] } },
{ "type": "Feature", "properties": { "rank": 399, "candidate_id": 2519, "scenario": "eolico", "solar_kwh_m2_day": 6.3848118782043457, "wind_m_s": 7.5123038291931152, "dist_grid_km": 349.30479550960473, "dist_demand_km": 278.29860609129042, "connection_cost_brl": 419165754.61152565, "is_restricted": false, "restriction_factor": 1.0, "score_final": 0.67787005402384304, "longitude": -35.801567265489524, "latitude": -5.8256189032269141 }, "geometry": { "type": "Point", "coordinates": [ -35.801567265489524, -5.825618903226914 ] } },
{ "type": "Feature", "properties": { "rank": 400, "candidate_id": 2748, "scenario": "eolico", "solar_kwh_m2_day": 6.0360512733459473, "wind_m_s": 7.8761987686157227, "dist_grid_km": 546.53058773055079, "dist_demand_km": 306.98043206029206, "connection_cost_brl": 655836705.27666092, "is_restricted": false, "restriction_factor": 1.0, "score_final": 0.67743163235295922, "longitude": -33.754173884468202, "latitude": -10.450289733836534 }, "geometry": { "type": "Point", "coordinates": [ -33.754173884468202, -10.450289733836534 ] } },
{ "type": "Feature", "properties": { "rank": 401, "candidate_id": 1010, "scenario": "eolico", "solar_kwh_m2_day": 5.7078475952148438, "wind_m_s": 7.5523838996887207, "dist_grid_km": 243.59952850502941, "dist_demand_km": 638.71226844122077, "connection_cost_brl": 292319434.20603532, "is_restricted": false, "restriction_factor": 1.0, "score_final": 0.67705643118791214, "longitude": -47.018700966415338, "latitude": -10.114189731247036 }, "geometry": { "type": "Point", "coordinates": [ -47.018700966415338, -10.114189731247036 ] } },
{ "type": "Feature", "properties": { "rank": 402, "candidate_id": 2503, "scenario": "eolico", "solar_kwh_m2_day": 5.5810809135437012, "wind_m_s": 8.1416473388671875, "dist_grid_km": 611.73473786575948, "dist_demand_km": 545.02762765126965, "connection_cost_brl": 734081685.43891144, "is_restricted": false, "restriction_factor": 1.0, "score_final": 0.67695891682604992, "longitude": -35.43116903630257, "latitude": -12.702852430797824 }, "geometry": { "type": "Point", "coordinates": [ -35.43116903630257, -12.702852430797824 ] } },
{ "type": "Feature", "properties": { "rank": 403, "candidate_id": 2504, "scenario": "eolico", "solar_kwh_m2_day": 5.2461714744567871, "wind_m_s": 8.0293893814086914, "dist_grid_km": 566.68757224273668, "dist_demand_km": 495.81226523377285, "connection_cost_brl": 680025086.69128406, "is_restricted": false, "restriction_factor": 1.0, "score_final": 0.67682308841896133, "longitude": -35.462837461079673, "latitude": -12.273569844129934 }, "geometry": { "type": "Point", "coordinates": [ -35.462837461079673, -12.273569844129934 ] } },
{ "type": "Feature", "properties": { "rank": 404, "candidate_id": 2691, "scenario": "eolico", "solar_kwh_m2_day": 5.7652969360351562, "wind_m_s": 7.5650887489318848, "dist_grid_km": 431.51655796255943, "dist_demand_km": 149.11049477585402, "connection_cost_brl": 517819869.55507129, "is_restricted": false, "restriction_factor": 1.0, "score_final": 0.67654585416651836, "longitude": -34.289016246872677, "latitude": -9.1977986065118653 }, "geometry": { "type": "Point", "coordinates": [ -34.289016246872677, -9.197798606511865 ] } },
{ "type": "Feature", "properties": { "rank": 405, "candidate_id": 1725, "scenario": "eolico", "solar_kwh_m2_day": 5.8548879623413086, "wind_m_s": 7.6493120193481445, "dist_grid_km": 240.92621630478448, "dist_demand_km": 804.47128925158961, "connection_cost_brl": 289111459.56574136, "is_restricted": false, "restriction_factor": 1.0, "score_final": 0.676295694603405, "longitude": -41.452907795196666, "latitude": -12.163504450944357 }, "geometry": { "type": "Point", "coordinates": [ -41.452907795196666, -12.163504450944357 ] } },
{ "type": "Feature", "properties": { "rank": 406, "candidate_id": 947, "scenario": "eolico", "solar_kwh_m2_day": 5.8194389343261719, "wind_m_s": 7.2432613372802734, "dist_grid_km": 129.88230525619059, "dist_demand_km": 482.93733347786372, "connection_cost_brl": 155858766.30742872, "is_restricted": false, "restriction_factor": 1.0, "score_final": 0.67593085691902943, "longitude": -47.445545349248128, "latitude": -11.470730539917003 }, "geometry": { "type": "Point", "coordinates": [ -47.445545349248128, -11.470730539917003 ] } },
{ "type": "Feature", "properties": { "rank": 407, "candidate_id": 1375, "scenario": "eolico", "solar_kwh_m2_day": 5.5565781593322754, "wind_m_s": 7.9257097244262695, "dist_grid_km": 339.5925872822956, "dist_demand_km": 969.9283012369043, "connection_cost_brl": 407511104.73875469, "is_restricted": false, "restriction_factor": 1.0, "score_final": 0.67562709629966755, "longitude": -44.342059635077426, "latitude": -7.817432167393477 }, "geometry": { "type": "Point", "coordinates": [ -44.342059635077426, -7.817432167393477 ] } },
{ "type": "Feature", "properties": { "rank": 408, "candidate_id": 1433, "scenario": "eolico", "solar_kwh_m2_day": 6.0504140853881836, "wind_m_s": 7.6854777336120605, "dist_grid_km": 227.80585640968567, "dist_demand_km": 904.62939151890873, "connection_cost_brl": 273367027.69162279, "is_restricted": false, "restriction_factor": 1.0, "score_final": 0.67553500864049965, "longitude": -43.865948065704728, "latitude": -8.6971814315878273 }, "geometry": { "type": "Point", "coordinates": [ -43.865948065704728, -8.697181431587827 ] } },
{ "type": "Feature", "properties": { "rank": 409, "candidate_id": 1678, "scenario": "eolico", "solar_kwh_m2_day": 5.8759446144104004, "wind_m_s": 7.8736362457275391, "dist_grid_km": 366.96921363501269, "dist_demand_km": 819.81455796505759, "connection_cost_brl": 440363056.36201525, "is_restricted": false, "restriction_factor": 1.0, "score_final": 0.67510138347692283, "longitude": -42.110839901696913, "latitude": -6.4332539870054966 }, "geometry": { "type": "Point", "coordinates": [ -42.110839901696913, -6.433253987005497 ] } },
{ "type": "Feature", "properties": { "rank": 410, "candidate_id": 1243, "scenario": "eolico", "solar_kwh_m2_day": 5.9061470031738281, "wind_m_s": 7.2381138801574707, "dist_grid_km": 158.44660416112052, "dist_demand_km": 416.83733177559566, "connection_cost_brl": 190135924.99334463, "is_restricted": false, "restriction_factor": 1.0, "score_final": 0.67404955455206683, "longitude": -45.094880294618882, "latitude": -13.197372754054994 }, "geometry": { "type": "Point", "coordinates": [ -45.094880294618882, -13.197372754054994 ] } },
{ "type": "Feature", "properties": { "rank": 411, "candidate_id": 1191, "scenario": "eolico", "solar_kwh_m2_day": 5.9041199684143066, "wind_m_s": 7.5525622367858887, "dist_grid_km": 223.94487165722794, "dist_demand_km": 727.12976524104806, "connection_cost_brl": 268733845.98867351, "is_restricted": false, "restriction_factor": 1.0, "score_final": 0.67385051812438024, "longitude": -45.661865198740472, "latitude": -9.635380267255508 }, "geometry": { "type": "Point", "coordinates": [ -45.661865198740472, -9.635380267255508 ] } },
{ "type": "Feature", "properties": { "rank": 412, "candidate_id": 2808, "scenario": "eolico", "solar_kwh_m2_day": 5.4566998481750488, "wind_m_s": 7.9342913627624512, "dist_grid_km": 588.5241150375025, "dist_demand_km": 327.96965414923557, "connection_cost_brl": 706228938.04500294, "is_restricted": false, "restriction_factor": 1.0, "score_final": 0.67313741725696785, "longitude": -33.298429658721908, "latitude": -10.422760657305298 }, "geometry": { "type": "Point", "coordinates": [ -33.298429658721908, -10.422760657305298 ] } },
{ "type": "Feature", "properties": { "rank": 413, "candidate_id": 2564, "scenario": "eolico", "solar_kwh_m2_day": 6.1367383003234863, "wind_m_s": 8.0367279052734375, "dist_grid_km": 590.59271515143257, "dist_demand_km": 489.0367171604712, "connection_cost_brl": 708711258.18171906, "is_restricted": false, "restriction_factor": 1.0, "score_final": 0.6723994588272979, "longitude": -35.004343567575944, "latitude": -12.243702003924783 }, "geometry": { "type": "Point", "coordinates": [ -35.004343567575944, -12.243702003924783 ] } },
{ "type": "Feature", "properties": { "rank": 414, "candidate_id": 2697, "scenario": "eolico", "solar_kwh_m2_day": 6.4566106796264648, "wind_m_s": 7.5419135093688965, "dist_grid_km": 426.09641402916185, "dist_demand_km": 172.86429466707125, "connection_cost_brl": 511315696.8349942, "is_restricted": false, "restriction_factor": 1.0, "score_final": 0.67235470328211211, "longitude": -34.415157729319297, "latitude": -6.6368531252056169 }, "geometry": { "type": "Point", "coordinates": [ -34.415157729319297, -6.636853125205617 ] } },
{ "type": "Feature", "properties": { "rank": 415, "candidate_id": 1189, "scenario": "eolico", "solar_kwh_m2_day": 5.579524040222168, "wind_m_s": 7.3218913078308105, "dist_grid_km": 133.74329000864842, "dist_demand_km": 634.71655765946355, "connection_cost_brl": 160491948.01037809, "is_restricted": false, "restriction_factor": 1.0, "score_final": 0.6721518633836806, "longitude": -45.638671126495773, "latitude": -10.529910204046733 }, "geometry": { "type": "Point", "coordinates": [ -45.638671126495773, -10.529910204046733 ] } },
{ "type": "Feature", "properties": { "rank": 416, "candidate_id": 1920, "scenario": "eolico", "solar_kwh_m2_day": 6.2738947868347168, "wind_m_s": 7.7619447708129883, "dist_grid_km": 370.83019838747043, "dist_demand_km": 669.2934467458748, "connection_cost_brl": 444996238.06496453, "is_restricted": false, "restriction_factor": 1.0, "score_final": 0.67199421306406926, "longitude": -40.325683051308872, "latitude": -5.510238234856228 }, "geometry": { "type": "Point", "coordinates": [ -40.325683051308872, -5.510238234856228 ] } },
{ "type": "Feature", "properties": { "rank": 417, "candidate_id": 1316, "scenario": "eolico", "solar_kwh_m2_day": 6.0087642669677734, "wind_m_s": 8.0337934494018555, "dist_grid_km": 406.27852733061582, "dist_demand_km": 996.36398450291836, "connection_cost_brl": 487534232.79673898, "is_restricted": false, "restriction_factor": 1.0, "score_final": 0.6717468745216747, "longitude": -44.804882046537344, "latitude": -7.3811129383213521 }, "geometry": { "type": "Point", "coordinates": [ -44.804882046537344, -7.381112938321352 ] } },
{ "type": "Feature", "properties": { "rank": 418, "candidate_id": 1364, "scenario": "eolico", "solar_kwh_m2_day": 5.8883261680603027, "wind_m_s": 7.2802128791809082, "dist_grid_km": 156.51611178489162, "dist_demand_km": 525.42523865149724, "connection_cost_brl": 187819334.14186993, "is_restricted": false, "restriction_factor": 1.0, "score_final": 0.67049591539419695, "longitude": -44.190652237474353, "latitude": -12.718738736235666 }, "geometry": { "type": "Point", "coordinates": [ -44.190652237474353, -12.718738736235666 ] } },
{ "type": "Feature", "properties": { "rank": 419, "candidate_id": 2520, "scenario": "eolico", "solar_kwh_m2_day": 6.5361580848693848, "wind_m_s": 7.5559897422790527, "dist_grid_km": 385.66709635139483, "dist_demand_km": 325.92146539531456, "connection_cost_brl": 462800515.62167382, "is_restricted": false, "restriction_factor": 1.0, "score_final": 0.67044036938393647, "longitude": -35.815350515711209, "latitude": -5.3953183381126246 }, "geometry": { "type": "Point", "coordinates": [ -35.815350515711209, -5.395318338112625 ] } },
{ "type": "Feature", "properties": { "rank": 420, "candidate_id": 1242, "scenario": "eolico", "solar_kwh_m2_day": 5.8478484153747559, "wind_m_s": 7.2704901695251465, "dist_grid_km": 203.54739498541028, "dist_demand_km": 385.13253263725557, "connection_cost_brl": 244256873.98249233, "is_restricted": false, "restriction_factor": 1.0, "score_final": 0.67015785117385407, "longitude": -45.078276978139826, "latitude": -13.643874380258756 }, "geometry": { "type": "Point", "coordinates": [ -45.078276978139826, -13.643874380258756 ] } },
{ "type": "Feature", "properties": { "rank": 421, "candidate_id": 2325, "scenario": "eolico", "solar_kwh_m2_day": 6.2396025657653809, "wind_m_s": 7.7911896705627441, "dist_grid_km": 456.77770854508879, "dist_demand_km": 499.62302257280169, "connection_cost_brl": 548133250.25410652, "is_restricted": false, "restriction_factor": 1.0, "score_final": 0.67008564609832322, "longitude": -36.867395586957883, "latitude": -11.927128406162362 }, "geometry": { "type": "Point", "coordinates": [ -36.867395586957883, -11.927128406162362 ] } },
{ "type": "Feature", "properties": { "rank": 422, "candidate_id": 1303, "scenario": "eolico", "solar_kwh_m2_day": 5.7411494255065918, "wind_m_s": 7.2734255790710449, "dist_grid_km": 180.03175338515095, "dist_demand_km": 455.19158005589776, "connection_cost_brl": 216038104.06218114, "is_restricted": false, "restriction_factor": 1.0, "score_final": 0.67005592153386262, "longitude": -44.633936750360071, "latitude": -13.181131305242873 }, "geometry": { "type": "Point", "coordinates": [ -44.633936750360071, -13.181131305242873 ] } },
{ "type": "Feature", "properties": { "rank": 423, "candidate_id": 1190, "scenario": "eolico", "solar_kwh_m2_day": 6.1350789070129395, "wind_m_s": 7.4092116355895996, "dist_grid_km": 178.84408083293818, "dist_demand_km": 680.65512708954918, "connection_cost_brl": 214612896.99952582, "is_restricted": false, "restriction_factor": 1.0, "score_final": 0.66896608834311133, "longitude": -45.65053871055644, "latitude": -10.082657824831237 }, "geometry": { "type": "Point", "coordinates": [ -45.65053871055644, -10.082657824831237 ] } },
{ "type": "Feature", "properties": { "rank": 424, "candidate_id": 883, "scenario": "eolico", "solar_kwh_m2_day": 5.8256969451904297, "wind_m_s": 6.8848910331726074, "dist_grid_km": 28.935708816937954, "dist_demand_km": 279.42312146613318, "connection_cost_brl": 34722850.580325544, "is_restricted": false, "restriction_factor": 1.0, "score_final": 0.66886023245755466, "longitude": -47.861674971756209, "latitude": -13.278193382014919 }, "geometry": { "type": "Point", "coordinates": [ -47.861674971756209, -13.278193382014919 ] } },
{ "type": "Feature", "properties": { "rank": 425, "candidate_id": 1542, "scenario": "eolico", "solar_kwh_m2_day": 5.6461176872253418, "wind_m_s": 7.5874204635620117, "dist_grid_km": 311.47314110556243, "dist_demand_km": 604.61321078481296, "connection_cost_brl": 373767769.32667494, "is_restricted": false, "restriction_factor": 1.0, "score_final": 0.6679435039568562, "longitude": -42.77009745359576, "latitude": -13.551844993256337 }, "geometry": { "type": "Point", "coordinates": [ -42.77009745359576, -13.551844993256337 ] } },
{ "type": "Feature", "properties": { "rank": 426, "candidate_id": 2566, "scenario": "eolico", "solar_kwh_m2_day": 6.0448517799377441, "wind_m_s": 7.7921957969665527, "dist_grid_km": 507.19847522854388, "dist_demand_km": 389.49491092598203, "connection_cost_brl": 608638170.27425265, "is_restricted": false, "restriction_factor": 1.0, "score_final": 0.66761532783880151, "longitude": -35.065452886203289, "latitude": -11.38702266826084 }, "geometry": { "type": "Point", "coordinates": [ -35.065452886203289, -11.38702266826084 ] } },
{ "type": "Feature", "properties": { "rank": 427, "candidate_id": 2580, "scenario": "eolico", "solar_kwh_m2_day": 6.1428213119506836, "wind_m_s": 7.5829548835754395, "dist_grid_km": 420.00483314325129, "dist_demand_km": 315.5184780330224, "connection_cost_brl": 504005799.77190155, "is_restricted": false, "restriction_factor": 1.0, "score_final": 0.666529141112843, "longitude": -35.364410905627295, "latitude": -5.3823446787818909 }, "geometry": { "type": "Point", "coordinates": [ -35.364410905627295, -5.382344678781891 ] } },
{ "type": "Feature", "properties": { "rank": 428, "candidate_id": 1495, "scenario": "eolico", "solar_kwh_m2_day": 6.158750057220459, "wind_m_s": 7.7666473388671875, "dist_grid_km": 296.42228883423468, "dist_demand_km": 943.8169960154795, "connection_cost_brl": 355706746.60108161, "is_restricted": false, "restriction_factor": 1.0, "score_final": 0.66606807255826617, "longitude": -43.435654379437281, "latitude": -7.7960888663861061 }, "geometry": { "type": "Point", "coordinates": [ -43.435654379437281, -7.796088866386106 ] } },
{ "type": "Feature", "properties": { "rank": 429, "candidate_id": 2443, "scenario": "eolico", "solar_kwh_m2_day": 5.5603451728820801, "wind_m_s": 8.0350475311279297, "dist_grid_km": 590.14958864172922, "dist_demand_km": 555.63297825842324, "connection_cost_brl": 708179506.37007511, "is_restricted": false, "restriction_factor": 1.0, "score_final": 0.6660449462558018, "longitude": -35.890442182611167, "latitude": -12.733186749484814 }, "geometry": { "type": "Point", "coordinates": [ -35.890442182611167, -12.733186749484814 ] } },
{ "type": "Feature", "properties": { "rank": 430, "candidate_id": 1959, "scenario": "eolico", "solar_kwh_m2_day": 5.4046492576599121, "wind_m_s": 8.2751407623291016, "dist_grid_km": 597.8715581466447, "dist_demand_km": 912.9076338824176, "connection_cost_brl": 717445869.77597368, "is_restricted": false, "restriction_factor": 1.0, "score_final": 0.66547115530585255, "longitude": -39.457523157617558, "latitude": -14.704002759358813 }, "geometry": { "type": "Point", "coordinates": [ -39.457523157617558, -14.704002759358813 ] } },
{ "type": "Feature", "properties": { "rank": 431, "candidate_id": 1130, "scenario": "eolico", "solar_kwh_m2_day": 5.9934854507446289, "wind_m_s": 7.4084219932556152, "dist_grid_km": 200.42923005696863, "dist_demand_km": 663.20840513469341, "connection_cost_brl": 240515076.06836236, "is_restricted": false, "restriction_factor": 1.0, "score_final": 0.66495584085454418, "longitude": -46.106563218327544, "latitude": -10.093771425464956 }, "geometry": { "type": "Point", "coordinates": [ -46.106563218327544, -10.093771425464956 ] } },
{ "type": "Feature", "properties": { "rank": 432, "candidate_id": 1421, "scenario": "eolico", "solar_kwh_m2_day": 6.094573974609375, "wind_m_s": 7.4944586753845215, "dist_grid_km": 313.40363348179136, "dist_demand_km": 493.19247196742134, "connection_cost_brl": 376084360.17814964, "is_restricted": false, "restriction_factor": 1.0, "score_final": 0.66439051463609755, "longitude": -43.67338271001401, "latitude": -14.035704297332659 }, "geometry": { "type": "Point", "coordinates": [ -43.67338271001401, -14.035704297332659 ] } },
{ "type": "Feature", "properties": { "rank": 433, "candidate_id": 1659, "scenario": "eolico", "solar_kwh_m2_day": 5.7839250564575195, "wind_m_s": 7.9157295227050781, "dist_grid_km": 489.94581202649266, "dist_demand_km": 664.2065048167326, "connection_cost_brl": 587934974.43179119, "is_restricted": false, "restriction_factor": 1.0, "score_final": 0.66425995573709462, "longitude": -41.775507782646805, "latitude": -14.835082498912437 }, "geometry": { "type": "Point", "coordinates": [ -41.775507782646805, -14.835082498912437 ] } },
{ "type": "Feature", "properties": { "rank": 434, "candidate_id": 2805, "scenario": "eolico", "solar_kwh_m2_day": 5.9695014953613281, "wind_m_s": 8.1209220886230469, "dist_grid_km": 679.1059025324015, "dist_demand_km": 465.01616281968859, "connection_cost_brl": 814927083.03888178, "is_restricted": false, "restriction_factor": 1.0, "score_final": 0.6641844440137098, "longitude": -33.205040344838245, "latitude": -11.694730294171498 }, "geometry": { "type": "Point", "coordinates": [ -33.205040344838245, -11.694730294171498 ] } },
{ "type": "Feature", "properties": { "rank": 435, "candidate_id": 1497, "scenario": "eolico", "solar_kwh_m2_day": 6.1649570465087891, "wind_m_s": 7.918799877166748, "dist_grid_km": 386.62387048281425, "dist_demand_km": 955.68817972905356, "connection_cost_brl": 463948644.57937711, "is_restricted": false, "restriction_factor": 1.0, "score_final": 0.66391515843704785, "longitude": -43.456882409055112, "latitude": -6.9070514099533851 }, "geometry": { "type": "Point", "coordinates": [ -43.456882409055112, -6.907051409953385 ] } },
{ "type": "Feature", "properties": { "rank": 436, "candidate_id": 1541, "scenario": "eolico", "solar_kwh_m2_day": 5.115013599395752, "wind_m_s": 7.6277961730957031, "dist_grid_km": 356.57393192985222, "dist_demand_km": 587.47837508227417, "connection_cost_brl": 427888718.31582266, "is_restricted": false, "restriction_factor": 1.0, "score_final": 0.66384934886964442, "longitude": -42.74863751248671, "latitude": -13.995181686480725 }, "geometry": { "type": "Point", "coordinates": [ -42.74863751248671, -13.995181686480725 ] } },
{ "type": "Feature", "properties": { "rank": 437, "candidate_id": 2624, "scenario": "eolico", "solar_kwh_m2_day": 5.385676383972168, "wind_m_s": 8.0233869552612305, "dist_grid_km": 617.62829100156625, "dist_demand_km": 487.32332091326833, "connection_cost_brl": 741153949.2018795, "is_restricted": false, "restriction_factor": 1.0, "score_final": 0.66370418847546131, "longitude": -34.545947581594987, "latitude": -12.213253797592742 }, "geometry": { "type": "Point", "coordinates": [ -34.545947581594987, -12.213253797592742 ] } },
{ "type": "Feature", "properties": { "rank": 438, "candidate_id": 1249, "scenario": "eolico", "solar_kwh_m2_day": 5.8410310745239258, "wind_m_s": 7.2360348701477051, "dist_grid_km": 112.15814078461798, "dist_demand_km": 656.74281264362969, "connection_cost_brl": 134589768.94154158, "is_restricted": false, "restriction_factor": 1.0, "score_final": 0.66317671314521276, "longitude": -45.18204998181492, "latitude": -10.517668334183941 }, "geometry": { "type": "Point", "coordinates": [ -45.18204998181492, -10.517668334183941 ] } },
{ "type": "Feature", "properties": { "rank": 439, "candidate_id": 2381, "scenario": "eolico", "solar_kwh_m2_day": 5.5005173683166504, "wind_m_s": 8.2001943588256836, "dist_grid_km": 658.7660210662782, "dist_demand_km": 665.47090338145654, "connection_cost_brl": 790519225.27953386, "is_restricted": false, "restriction_factor": 1.0, "score_final": 0.66214524236247319, "longitude": -36.285825953379437, "latitude": -13.625391161169405 }, "geometry": { "type": "Point", "coordinates": [ -36.285825953379437, -13.625391161169405 ] } },
{ "type": "Feature", "properties": { "rank": 440, "candidate_id": 1901, "scenario": "eolico", "solar_kwh_m2_day": 5.7978801727294922, "wind_m_s": 8.0267267227172852, "dist_grid_km": 486.08482727403475, "dist_demand_km": 869.61753446475939, "connection_cost_brl": 583301792.72884166, "is_restricted": false, "restriction_factor": 1.0, "score_final": 0.66213620800337725, "longitude": -39.976468125017689, "latitude": -13.854602234561437 }, "geometry": { "type": "Point", "coordinates": [ -39.976468125017689, -13.854602234561437 ] } },
{ "type": "Feature", "properties": { "rank": 441, "candidate_id": 825, "scenario": "eolico", "solar_kwh_m2_day": 5.8820600509643555, "wind_m_s": 6.9984121322631836, "dist_grid_km": 82.851022055672004, "dist_demand_km": 381.42345804933552, "connection_cost_brl": 99421226.466806412, "is_restricted": false, "restriction_factor": 1.0, "score_final": 0.66197504336480928, "longitude": -48.343183470901984, "latitude": -12.389351665069459 }, "geometry": { "type": "Point", "coordinates": [ -48.343183470901984, -12.389351665069459 ] } },
{ "type": "Feature", "properties": { "rank": 442, "candidate_id": 1005, "scenario": "eolico", "solar_kwh_m2_day": 5.9694509506225586, "wind_m_s": 6.8880400657653809, "dist_grid_km": 18.095574383580693, "dist_demand_km": 394.74282074063558, "connection_cost_brl": 21714689.260296833, "is_restricted": false, "restriction_factor": 1.0, "score_final": 0.66131364176062757, "longitude": -46.964264647274803, "latitude": -12.35736291364522 }, "geometry": { "type": "Point", "coordinates": [ -46.964264647274803, -12.35736291364522 ] } },
{ "type": "Feature", "properties": { "rank": 443, "candidate_id": 1359, "scenario": "eolico", "solar_kwh_m2_day": 5.585233211517334, "wind_m_s": 7.5408563613891602, "dist_grid_km": 382.02006590634045, "dist_demand_km": 417.06140325008067, "connection_cost_brl": 458424079.08760852, "is_restricted": false, "restriction_factor": 1.0, "score_final": 0.66066246924466221, "longitude": -44.095999041543294, "latitude": -14.94520482649145 }, "geometry": { "type": "Point", "coordinates": [ -44.095999041543294, -14.94520482649145 ] } },
{ "type": "Feature", "properties": { "rank": 444, "candidate_id": 1004, "scenario": "eolico", "solar_kwh_m2_day": 6.069392204284668, "wind_m_s": 6.8633408546447754, "dist_grid_km": 27.005216440709066, "dist_demand_km": 346.98069263297953, "connection_cost_brl": 32406259.728850879, "is_restricted": false, "restriction_factor": 1.0, "score_final": 0.65991700829475974, "longitude": -46.951976695863131, "latitude": -12.805922661739574 }, "geometry": { "type": "Point", "coordinates": [ -46.951976695863131, -12.805922661739574 ] } },
{ "type": "Feature", "properties": { "rank": 445, "candidate_id": 1127, "scenario": "eolico", "solar_kwh_m2_day": 5.5907645225524902, "wind_m_s": 7.042449951171875, "dist_grid_km": 65.126857584099341, "dist_demand_km": 523.03585751138485, "connection_cost_brl": 78152229.100919202, "is_restricted": false, "restriction_factor": 1.0, "score_final": 0.65965942076484096, "longitude": -46.071303111103639, "latitude": -11.436963499991457 }, "geometry": { "type": "Point", "coordinates": [ -46.071303111103639, -11.436963499991457 ] } },
{ "type": "Feature", "properties": { "rank": 446, "candidate_id": 1439, "scenario": "eolico", "solar_kwh_m2_day": 6.6727986335754395, "wind_m_s": 8.1312580108642578, "dist_grid_km": 498.41060135542426, "dist_demand_km": 1025.9445225767006, "connection_cost_brl": 598092721.62650907, "is_restricted": false, "restriction_factor": 1.0, "score_final": 0.65951871213248892, "longitude": -43.927039210890001, "latitude": -6.0263152210483542 }, "geometry": { "type": "Point", "coordinates": [ -43.927039210890001, -6.026315221048354 ] } },
{ "type": "Feature", "properties": { "rank": 447, "candidate_id": 1904, "scenario": "eolico", "solar_kwh_m2_day": 5.7451891899108887, "wind_m_s": 7.7026472091674805, "dist_grid_km": 350.7824548011655, "dist_demand_km": 766.52378867703055, "connection_cost_brl": 420938945.76139861, "is_restricted": false, "restriction_factor": 1.0, "score_final": 0.65944557450843133, "longitude": -40.052831737490273, "latitude": -12.538257193067722 }, "geometry": { "type": "Point", "coordinates": [ -40.052831737490273, -12.538257193067722 ] } },
{ "type": "Feature", "properties": { "rank": 448, "candidate_id": 2755, "scenario": "eolico", "solar_kwh_m2_day": 6.3524923324584961, "wind_m_s": 7.470674991607666, "dist_grid_km": 453.62161172045859, "dist_demand_km": 125.13911394700553, "connection_cost_brl": 544345934.06455028, "is_restricted": false, "restriction_factor": 1.0, "score_final": 0.65944364627372576, "longitude": -33.925235181499261, "latitude": -7.471500883336236 }, "geometry": { "type": "Point", "coordinates": [ -33.925235181499261, -7.471500883336236 ] } },
{ "type": "Feature", "properties": { "rank": 449, "candidate_id": 1423, "scenario": "eolico", "solar_kwh_m2_day": 6.0853219032287598, "wind_m_s": 7.3251824378967285, "dist_grid_km": 223.20205183321184, "dist_demand_km": 537.67220621653701, "connection_cost_brl": 267842462.1998542, "is_restricted": false, "restriction_factor": 1.0, "score_final": 0.65879488809092057, "longitude": -43.712236367208384, "latitude": -13.146324191037388 }, "geometry": { "type": "Point", "coordinates": [ -43.712236367208384, -13.146324191037388 ] } },
{ "type": "Feature", "properties": { "rank": 450, "candidate_id": 2760, "scenario": "eolico", "solar_kwh_m2_day": 6.6436820030212402, "wind_m_s": 7.7469396591186523, "dist_grid_km": 537.95809486465862, "dist_demand_km": 330.95805641321334, "connection_cost_brl": 645549713.83759034, "is_restricted": false, "restriction_factor": 1.0, "score_final": 0.65865222653921074, "longitude": -34.011702022016969, "latitude": -5.3419206265883252 }, "geometry": { "type": "Point", "coordinates": [ -34.011702022016969, -5.341920626588325 ] } },
{ "type": "Feature", "properties": { "rank": 451, "candidate_id": 2445, "scenario": "eolico", "solar_kwh_m2_day": 5.8326406478881836, "wind_m_s": 7.7597265243530273, "dist_grid_km": 499.94800699314965, "dist_demand_km": 459.64919387993439, "connection_cost_brl": 599937608.39177954, "is_restricted": false, "restriction_factor": 1.0, "score_final": 0.65820900716140274, "longitude": -35.951267117775146, "latitude": -11.87242378062242 }, "geometry": { "type": "Point", "coordinates": [ -35.951267117775146, -11.87242378062242 ] } },
{ "type": "Feature", "properties": { "rank": 452, "candidate_id": 1480, "scenario": "eolico", "solar_kwh_m2_day": 5.5072379112243652, "wind_m_s": 7.5816445350646973, "dist_grid_km": 380.08957353011147, "dist_demand_km": 525.60301971270212, "connection_cost_brl": 456107488.23613375, "is_restricted": false, "restriction_factor": 1.0, "score_final": 0.65692318243119863, "longitude": -43.189618136278924, "latitude": -14.459817497724254 }, "geometry": { "type": "Point", "coordinates": [ -43.189618136278924, -14.459817497724254 ] } },
{ "type": "Feature", "properties": { "rank": 453, "candidate_id": 1560, "scenario": "eolico", "solar_kwh_m2_day": 6.7539706230163574, "wind_m_s": 8.0632486343383789, "dist_grid_km": 500.34109373165313, "dist_demand_km": 944.98204618283592, "connection_cost_brl": 600409312.47798371, "is_restricted": false, "restriction_factor": 1.0, "score_final": 0.65673521655401557, "longitude": -43.032609374669491, "latitude": -5.5652467566213035 }, "geometry": { "type": "Point", "coordinates": [ -43.032609374669491, -5.565246756621304 ] } },
{ "type": "Feature", "properties": { "rank": 454, "candidate_id": 2931, "scenario": "eolico", "solar_kwh_m2_day": 6.2818984985351562, "wind_m_s": 7.8504290580749512, "dist_grid_km": 621.98580564041163, "dist_demand_km": 292.47627792982195, "connection_cost_brl": 746382966.76849401, "is_restricted": false, "restriction_factor": 1.0, "score_final": 0.65573365558986862, "longitude": -32.472245588161748, "latitude": -9.1005685575872732 }, "geometry": { "type": "Point", "coordinates": [ -32.472245588161748, -9.100568557587273 ] } },
{ "type": "Feature", "properties": { "rank": 455, "candidate_id": 1438, "scenario": "eolico", "solar_kwh_m2_day": 6.3168430328369141, "wind_m_s": 8.0152063369750977, "dist_grid_km": 453.30981053113442, "dist_demand_km": 1014.291612876721, "connection_cost_brl": 543971772.63736129, "is_restricted": false, "restriction_factor": 1.0, "score_final": 0.65533601759575066, "longitude": -43.918433490622668, "latitude": -6.4715138896350721 }, "geometry": { "type": "Point", "coordinates": [ -43.918433490622668, -6.471513889635072 ] } },
{ "type": "Feature", "properties": { "rank": 456, "candidate_id": 2811, "scenario": "eolico", "solar_kwh_m2_day": 6.4060907363891602, "wind_m_s": 7.6191544532775879, "dist_grid_km": 525.86732272218956, "dist_demand_km": 209.4950032864536, "connection_cost_brl": 631040787.26662743, "is_restricted": false, "restriction_factor": 1.0, "score_final": 0.65458086457371611, "longitude": -33.380516269187943, "latitude": -9.1499972522889319 }, "geometry": { "type": "Point", "coordinates": [ -33.380516269187943, -9.149997252288932 ] } },
{ "type": "Feature", "properties": { "rank": 457, "candidate_id": 1540, "scenario": "eolico", "solar_kwh_m2_day": 5.2985773086547852, "wind_m_s": 7.632115364074707, "dist_grid_km": 401.6747227541419, "dist_demand_km": 574.19904886990014, "connection_cost_brl": 482009667.30497026, "is_restricted": false, "restriction_factor": 1.0, "score_final": 0.65416926873544645, "longitude": -42.726415859453262, "latitude": -14.438469294097867 }, "geometry": { "type": "Point", "coordinates": [ -42.726415859453262, -14.438469294097867 ] } },
{ "type": "Feature", "properties": { "rank": 458, "candidate_id": 1538, "scenario": "eolico", "solar_kwh_m2_day": 5.6785540580749512, "wind_m_s": 7.7822413444519043, "dist_grid_km": 491.87630440272153, "dist_demand_km": 560.22491982298982, "connection_cost_brl": 590251565.28326583, "is_restricted": false, "restriction_factor": 1.0, "score_final": 0.65413828942580265, "longitude": -42.679659042952892, "latitude": -15.324890497330806 }, "geometry": { "type": "Point", "coordinates": [ -42.679659042952892, -15.324890497330806 ] } },
{ "type": "Feature", "properties": { "rank": 459, "candidate_id": 942, "scenario": "eolico", "solar_kwh_m2_day": 6.1910262107849121, "wind_m_s": 6.8710036277770996, "dist_grid_km": 95.621648865258166, "dist_demand_km": 236.84805410991424, "connection_cost_brl": 114745978.63830981, "is_restricted": false, "restriction_factor": 1.0, "score_final": 0.65375318639069191, "longitude": -47.38802755361904, "latitude": -13.715663580724277 }, "geometry": { "type": "Point", "coordinates": [ -47.38802755361904, -13.715663580724277 ] } },
{ "type": "Feature", "properties": { "rank": 460, "candidate_id": 1011, "scenario": "eolico", "solar_kwh_m2_day": 5.4656219482421875, "wind_m_s": 7.5025396347045898, "dist_grid_km": 288.7003193293192, "dist_demand_km": 688.02591181113326, "connection_cost_brl": 346440383.19518304, "is_restricted": false, "restriction_factor": 1.0, "score_final": 0.65367632870469183, "longitude": -47.028211662715982, "latitude": -9.6654869646598556 }, "geometry": { "type": "Point", "coordinates": [ -47.028211662715982, -9.665486964659856 ] } },
{ "type": "Feature", "properties": { "rank": 461, "candidate_id": 1903, "scenario": "eolico", "solar_kwh_m2_day": 5.8946223258972168, "wind_m_s": 7.7395687103271484, "dist_grid_km": 395.88324562545523, "dist_demand_km": 799.23965814686346, "connection_cost_brl": 475059894.75054628, "is_restricted": false, "restriction_factor": 1.0, "score_final": 0.65019150317107688, "longitude": -40.02829805850542, "latitude": -12.977100623284693 }, "geometry": { "type": "Point", "coordinates": [ -40.02829805850542, -12.977100623284693 ] } },
{ "type": "Feature", "properties": { "rank": 462, "candidate_id": 881, "scenario": "eolico", "solar_kwh_m2_day": 5.2404937744140625, "wind_m_s": 6.8498950004577637, "dist_grid_km": 119.13729046551747, "dist_demand_km": 179.51237806194538, "connection_cost_brl": 142964748.55862096, "is_restricted": false, "restriction_factor": 1.0, "score_final": 0.65003213029190399, "longitude": -47.838169371433892, "latitude": -14.176842122150749 }, "geometry": { "type": "Point", "coordinates": [ -47.838169371433892, -14.176842122150749 ] } },
{ "type": "Feature", "properties": { "rank": 463, "candidate_id": 2622, "scenario": "eolico", "solar_kwh_m2_day": 5.4864702224731445, "wind_m_s": 8.1427345275878906, "dist_grid_km": 702.14967618115213, "dist_demand_km": 587.31136903672166, "connection_cost_brl": 842579611.4173826, "is_restricted": false, "restriction_factor": 1.0, "score_final": 0.65001538742923126, "longitude": -34.478694313019894, "latitude": -13.067369524792854 }, "geometry": { "type": "Point", "coordinates": [ -34.478694313019894, -13.067369524792854 ] } },
{ "type": "Feature", "properties": { "rank": 464, "candidate_id": 887, "scenario": "eolico", "solar_kwh_m2_day": 5.8734321594238281, "wind_m_s": 7.0954756736755371, "dist_grid_km": 151.46745448022102, "dist_demand_km": 479.35629199450648, "connection_cost_brl": 181760945.37626523, "is_restricted": false, "restriction_factor": 1.0, "score_final": 0.64932093398357771, "longitude": -47.903694349972767, "latitude": -11.480599381447986 }, "geometry": { "type": "Point", "coordinates": [ -47.903694349972767, -11.480599381447986 ] } },
{ "type": "Feature", "properties": { "rank": 465, "candidate_id": 1062, "scenario": "eolico", "solar_kwh_m2_day": 5.5322222709655762, "wind_m_s": 6.9414114952087402, "dist_grid_km": 138.79194731331896, "dist_demand_km": 279.26515629348825, "connection_cost_brl": 166550336.77598274, "is_restricted": false, "restriction_factor": 1.0, "score_final": 0.64893973721006404, "longitude": -46.463962531341842, "latitude": -13.689423362251755 }, "geometry": { "type": "Point", "coordinates": [ -46.463962531341842, -13.689423362251755 ] } },
{ "type": "Feature", "properties": { "rank": 466, "candidate_id": 1298, "scenario": "eolico", "solar_kwh_m2_day": 5.5029397010803223, "wind_m_s": 7.4649767875671387, "dist_grid_km": 405.53570750659981, "dist_demand_km": 360.64928562625533, "connection_cost_brl": 486642849.00791979, "is_restricted": false, "restriction_factor": 1.0, "score_final": 0.64891729461784753, "longitude": -44.540348471960108, "latitude": -15.410393663668602 }, "geometry": { "type": "Point", "coordinates": [ -44.540348471960108, -15.410393663668602 ] } },
{ "type": "Feature", "properties": { "rank": 467, "candidate_id": 1133, "scenario": "eolico", "solar_kwh_m2_day": 6.1933126449584961, "wind_m_s": 7.6286606788635254, "dist_grid_km": 335.73160252983791, "dist_demand_km": 806.92271565493638, "connection_cost_brl": 402877923.03580552, "is_restricted": false, "restriction_factor": 1.0, "score_final": 0.64880050725601424, "longitude": -46.137210909971472, "latitude": -8.7503645941445942 }, "geometry": { "type": "Point", "coordinates": [ -46.137210909971472, -8.750364594144594 ] } },
{ "type": "Feature", "properties": { "rank": 468, "candidate_id": 2562, "scenario": "eolico", "solar_kwh_m2_day": 6.1408629417419434, "wind_m_s": 8.0934600830078125, "dist_grid_km": 678.49039573580001, "dist_demand_km": 588.73384124317397, "connection_cost_brl": 814188474.88295996, "is_restricted": false, "restriction_factor": 1.0, "score_final": 0.64879874101537238, "longitude": -34.93845081272368, "latitude": -13.100017560136385 }, "geometry": { "type": "Point", "coordinates": [ -34.93845081272368, -13.100017560136385 ] } },
{ "type": "Feature", "properties": { "rank": 469, "candidate_id": 762, "scenario": "eolico", "solar_kwh_m2_day": 5.9562196731567383, "wind_m_s": 6.7283539772033691, "dist_grid_km": 30.866201193166837, "dist_demand_km": 246.4933276169815, "connection_cost_brl": 37039441.431800202, "is_restricted": false, "restriction_factor": 1.0, "score_final": 0.64875728566757185, "longitude": -48.774474865610657, "latitude": -13.748737341629731 }, "geometry": { "type": "Point", "coordinates": [ -48.774474865610657, -13.748737341629731 ] } },
{ "type": "Feature", "properties": { "rank": 470, "candidate_id": 2563, "scenario": "eolico", "solar_kwh_m2_day": 5.5066061019897461, "wind_m_s": 7.9788246154785156, "dist_grid_km": 634.09343644910234, "dist_demand_km": 538.87124925905698, "connection_cost_brl": 760912123.73892283, "is_restricted": false, "restriction_factor": 1.0, "score_final": 0.64821236725668108, "longitude": -34.971999690241624, "latitude": -12.671906998886284 }, "geometry": { "type": "Point", "coordinates": [ -34.971999690241624, -12.671906998886284 ] } },
{ "type": "Feature", "properties": { "rank": 471, "candidate_id": 2202, "scenario": "eolico", "solar_kwh_m2_day": 5.5386271476745605, "wind_m_s": 7.9157171249389648, "dist_grid_km": 548.90978256989729, "dist_demand_km": 679.44454194280559, "connection_cost_brl": 658691739.08387673, "is_restricted": false, "restriction_factor": 1.0, "score_final": 0.64773732413751162, "longitude": -37.699303913032466, "latitude": -13.282488266490645 }, "geometry": { "type": "Point", "coordinates": [ -37.699303913032466, -13.282488266490645 ] } },
{ "type": "Feature", "properties": { "rank": 472, "candidate_id": 1839, "scenario": "eolico", "solar_kwh_m2_day": 5.5439615249633789, "wind_m_s": 8.0121536254882812, "dist_grid_km": 554.70125969858384, "dist_demand_km": 813.33161823257581, "connection_cost_brl": 665641511.63830066, "is_restricted": false, "restriction_factor": 1.0, "score_final": 0.64771700818926126, "longitude": -40.384391846079943, "latitude": -14.758878626856115 }, "geometry": { "type": "Point", "coordinates": [ -40.384391846079943, -14.758878626856115 ] } },
{ "type": "Feature", "properties": { "rank": 473, "candidate_id": 2876, "scenario": "eolico", "solar_kwh_m2_day": 6.6577086448669434, "wind_m_s": 7.6459231376647949, "dist_grid_km": 559.31005441805212, "dist_demand_km": 236.83053443803834, "connection_cost_brl": 671172065.30166256, "is_restricted": false, "restriction_factor": 1.0, "score_final": 0.64734307415279735, "longitude": -33.040644170669367, "latitude": -7.0084740943911106 }, "geometry": { "type": "Point", "coordinates": [ -33.040644170669367, -7.008474094391111 ] } },
{ "type": "Feature", "properties": { "rank": 474, "candidate_id": 2815, "scenario": "eolico", "solar_kwh_m2_day": 6.1183061599731445, "wind_m_s": 7.5011730194091797, "dist_grid_km": 503.42578129793947, "dist_demand_km": 170.25541464014367, "connection_cost_brl": 604110937.5575273, "is_restricted": false, "restriction_factor": 1.0, "score_final": 0.64689541893281177, "longitude": -33.472727822466794, "latitude": -7.4519215031681618 }, "geometry": { "type": "Point", "coordinates": [ -33.472727822466794, -7.451921503168162 ] } },
{ "type": "Feature", "properties": { "rank": 475, "candidate_id": 943, "scenario": "eolico", "solar_kwh_m2_day": 5.8267626762390137, "wind_m_s": 6.7748842239379883, "dist_grid_km": 50.520858040968392, "dist_demand_km": 285.52284357274141, "connection_cost_brl": 60625029.649162069, "is_restricted": false, "restriction_factor": 1.0, "score_final": 0.64682067693603318, "longitude": -47.40042179325583, "latitude": -13.266728529890869 }, "geometry": { "type": "Point", "coordinates": [ -47.40042179325583, -13.266728529890869 ] } },
{ "type": "Feature", "properties": { "rank": 476, "candidate_id": 1600, "scenario": "eolico", "solar_kwh_m2_day": 6.0426969528198242, "wind_m_s": 7.6496963500976562, "dist_grid_km": 423.25987197817233, "dist_demand_km": 623.01730402540568, "connection_cost_brl": 507911846.37380677, "is_restricted": false, "restriction_factor": 1.0, "score_final": 0.64662795297840181, "longitude": -42.26330171236809, "latitude": -14.416291874103548 }, "geometry": { "type": "Point", "coordinates": [ -42.26330171236809, -14.416291874103548 ] } },
{ "type": "Feature", "properties": { "rank": 477, "candidate_id": 1961, "scenario": "eolico", "solar_kwh_m2_day": 6.407844066619873, "wind_m_s": 7.9364051818847656, "dist_grid_km": 507.66997649806518, "dist_demand_km": 836.39808980138912, "connection_cost_brl": 609203971.79767823, "is_restricted": false, "restriction_factor": 1.0, "score_final": 0.64662455756529869, "longitude": -39.514769297243923, "latitude": -13.828486778308255 }, "geometry": { "type": "Point", "coordinates": [ -39.514769297243923, -13.828486778308255 ] } },
{ "type": "Feature", "properties": { "rank": 478, "candidate_id": 702, "scenario": "eolico", "solar_kwh_m2_day": 5.8195405006408691, "wind_m_s": 6.6791038513183594, "dist_grid_km": 9.2810519691363993, "dist_demand_km": 268.9106676346363, "connection_cost_brl": 11137262.362963678, "is_restricted": false, "restriction_factor": 1.0, "score_final": 0.64505083151731091, "longitude": -49.236704463082347, "latitude": -13.758068633619621 }, "geometry": { "type": "Point", "coordinates": [ -49.236704463082347, -13.758068633619621 ] } },
{ "type": "Feature", "properties": { "rank": 479, "candidate_id": 2935, "scenario": "eolico", "solar_kwh_m2_day": 6.1208896636962891, "wind_m_s": 7.7253432273864746, "dist_grid_km": 603.13134439074656, "dist_demand_km": 265.7839780046541, "connection_cost_brl": 723757613.26889586, "is_restricted": false, "restriction_factor": 1.0, "score_final": 0.64492745068363122, "longitude": -32.567826514044938, "latitude": -7.4117762007443284 }, "geometry": { "type": "Point", "coordinates": [ -32.567826514044938, -7.411776200744328 ] } },
{ "type": "Feature", "properties": { "rank": 480, "candidate_id": 2756, "scenario": "eolico", "solar_kwh_m2_day": 6.0506772994995117, "wind_m_s": 7.3996219635009766, "dist_grid_km": 460.97487530447455, "dist_demand_km": 156.31533927454348, "connection_cost_brl": 553169850.36536944, "is_restricted": false, "restriction_factor": 1.0, "score_final": 0.64434957546082861, "longitude": -33.944880090311614, "latitude": -7.0456908292323206 }, "geometry": { "type": "Point", "coordinates": [ -33.944880090311614, -7.045690829232321 ] } },
{ "type": "Feature", "properties": { "rank": 481, "candidate_id": 2869, "scenario": "eolico", "solar_kwh_m2_day": 6.0212936401367188, "wind_m_s": 7.7630577087402344, "dist_grid_km": 608.89313814359832, "dist_demand_km": 315.69904952452549, "connection_cost_brl": 730671765.77231801, "is_restricted": false, "restriction_factor": 1.0, "score_final": 0.64425278166029576, "longitude": -32.871892016337959, "latitude": -9.9717582724559364 }, "geometry": { "type": "Point", "coordinates": [ -32.871892016337959, -9.971758272455936 ] } },
{ "type": "Feature", "properties": { "rank": 482, "candidate_id": 1185, "scenario": "eolico", "solar_kwh_m2_day": 6.440333366394043, "wind_m_s": 6.8624653816223145, "dist_grid_km": 46.659873288510546, "dist_demand_km": 459.52141919853295, "connection_cost_brl": 55991847.946212657, "is_restricted": false, "restriction_factor": 1.0, "score_final": 0.64423928084574722, "longitude": -45.585713083610763, "latitude": -12.318645010675656 }, "geometry": { "type": "Point", "coordinates": [ -45.585713083610763, -12.318645010675656 ] } },
{ "type": "Feature", "properties": { "rank": 483, "candidate_id": 1008, "scenario": "eolico", "solar_kwh_m2_day": 5.9927654266357422, "wind_m_s": 7.1015357971191406, "dist_grid_km": 153.39794685644995, "dist_demand_km": 540.46348158308297, "connection_cost_brl": 184077536.22773993, "is_restricted": false, "restriction_factor": 1.0, "score_final": 0.64399354693292088, "longitude": -46.998312867590514, "latitude": -11.011530025185598 }, "geometry": { "type": "Point", "coordinates": [ -46.998312867590514, -11.011530025185598 ] } },
{ "type": "Feature", "properties": { "rank": 484, "candidate_id": 1244, "scenario": "eolico", "solar_kwh_m2_day": 5.5029315948486328, "wind_m_s": 6.9718446731567383, "dist_grid_km": 113.34581333683076, "dist_demand_km": 451.86242887410913, "connection_cost_brl": 136014976.00419691, "is_restricted": false, "restriction_factor": 1.0, "score_final": 0.64373348836556143, "longitude": -45.110882613913965, "latitude": -12.750835989428204 }, "geometry": { "type": "Point", "coordinates": [ -45.110882613913965, -12.750835989428204 ] } },
{ "type": "Feature", "properties": { "rank": 485, "candidate_id": 1119, "scenario": "eolico", "solar_kwh_m2_day": 5.2412958145141602, "wind_m_s": 7.1410417556762695, "dist_grid_km": 295.67946901021867, "dist_demand_km": 223.95571105238483, "connection_cost_brl": 354815362.81226242, "is_restricted": false, "restriction_factor": 1.0, "score_final": 0.64287301538286667, "longitude": -45.953922653237449, "latitude": -15.017535862853906 }, "geometry": { "type": "Point", "coordinates": [ -45.953922653237449, -15.017535862853906 ] } },
{ "type": "Feature", "properties": { "rank": 486, "candidate_id": 2200, "scenario": "eolico", "solar_kwh_m2_day": 6.1349625587463379, "wind_m_s": 8.0969076156616211, "dist_grid_km": 639.11136421847664, "dist_demand_km": 767.52557655736848, "connection_cost_brl": 766933637.06217194, "is_restricted": false, "restriction_factor": 1.0, "score_final": 0.64266982685172958, "longitude": -37.637635561492154, "latitude": -14.150795347664621 }, "geometry": { "type": "Point", "coordinates": [ -37.637635561492154, -14.150795347664621 ] } },
{ "type": "Feature", "properties": { "rank": 487, "candidate_id": 2816, "scenario": "eolico", "solar_kwh_m2_day": 6.0883398056030273, "wind_m_s": 7.493739128112793, "dist_grid_km": 510.06155149898342, "dist_demand_km": 194.32342542102651, "connection_cost_brl": 612073861.79878008, "is_restricted": false, "restriction_factor": 1.0, "score_final": 0.64186956067512602, "longitude": -33.492745414925587, "latitude": -7.0272384331541327 }, "geometry": { "type": "Point", "coordinates": [ -33.492745414925587, -7.027238433154133 ] } },
{ "type": "Feature", "properties": { "rank": 488, "candidate_id": 2140, "scenario": "eolico", "solar_kwh_m2_day": 6.0225706100463867, "wind_m_s": 8.0647268295288086, "dist_grid_km": 617.52621499444626, "dist_demand_km": 791.0552460447218, "connection_cost_brl": 741031457.99333549, "is_restricted": false, "restriction_factor": 1.0, "score_final": 0.64133321956745681, "longitude": -38.099714389283555, "latitude": -14.180784185356906 }, "geometry": { "type": "Point", "coordinates": [ -38.099714389283555, -14.180784185356906 ] } },
{ "type": "Feature", "properties": { "rank": 489, "candidate_id": 1068, "scenario": "eolico", "solar_kwh_m2_day": 6.112584114074707, "wind_m_s": 7.0489411354064941, "dist_grid_km": 131.81279763241957, "dist_demand_km": 552.76286806992937, "connection_cost_brl": 158175357.15890348, "is_restricted": false, "restriction_factor": 1.0, "score_final": 0.64074805554595127, "longitude": -46.540926842048179, "latitude": -11.000724464426977 }, "geometry": { "type": "Point", "coordinates": [ -46.540926842048179, -11.000724464426977 ] } },
{ "type": "Feature", "properties": { "rank": 490, "candidate_id": 1662, "scenario": "eolico", "solar_kwh_m2_day": 6.3083453178405762, "wind_m_s": 7.5359253883361816, "dist_grid_km": 354.6434395536233, "dist_demand_km": 698.1755949898951, "connection_cost_brl": 425572127.46434796, "is_restricted": false, "restriction_factor": 1.0, "score_final": 0.64068270150459905, "longitude": -41.847345089053753, "latitude": -13.509548230334861 }, "geometry": { "type": "Point", "coordinates": [ -41.847345089053753, -13.509548230334861 ] } },
{ "type": "Feature", "properties": { "rank": 491, "candidate_id": 2505, "scenario": "eolico", "solar_kwh_m2_day": 5.6171736717224121, "wind_m_s": 7.6695160865783691, "dist_grid_km": 522.36009952567792, "dist_demand_km": 446.77118283224036, "connection_cost_brl": 626832119.43081355, "is_restricted": false, "restriction_factor": 1.0, "score_final": 0.64060051862558909, "longitude": -35.493334601348799, "latitude": -11.844199461912535 }, "geometry": { "type": "Point", "coordinates": [ -35.493334601348799, -11.844199461912535 ] } },
{ "type": "Feature", "properties": { "rank": 492, "candidate_id": 1482, "scenario": "eolico", "solar_kwh_m2_day": 5.7659144401550293, "wind_m_s": 7.330528736114502, "dist_grid_km": 289.887991881532, "dist_demand_km": 558.669062382672, "connection_cost_brl": 347865590.25783843, "is_restricted": false, "restriction_factor": 1.0, "score_final": 0.64053356367768466, "longitude": -43.231590389637844, "latitude": -13.571832218828579 }, "geometry": { "type": "Point", "coordinates": [ -43.231590389637844, -13.571832218828579 ] } },
{ "type": "Feature", "properties": { "rank": 493, "candidate_id": 1719, "scenario": "eolico", "solar_kwh_m2_day": 5.6957988739013672, "wind_m_s": 7.8201684951782227, "dist_grid_km": 511.53096125052298, "dist_demand_km": 713.87414467316785, "connection_cost_brl": 613837153.50062752, "is_restricted": false, "restriction_factor": 1.0, "score_final": 0.64024190092936462, "longitude": -41.311697991323861, "latitude": -14.810508188330026 }, "geometry": { "type": "Point", "coordinates": [ -41.311697991323861, -14.810508188330026 ] } },
{ "type": "Feature", "properties": { "rank": 494, "candidate_id": 940, "scenario": "eolico", "solar_kwh_m2_day": 5.6388421058654785, "wind_m_s": 6.8753390312194824, "dist_grid_km": 185.82323051383761, "dist_demand_km": 142.28286545902247, "connection_cost_brl": 222987876.61660513, "is_restricted": false, "restriction_factor": 1.0, "score_final": 0.64012565420501955, "longitude": -47.361875540973564, "latitude": -14.613449929416173 }, "geometry": { "type": "Point", "coordinates": [ -47.361875540973564, -14.613449929416173 ] } },
{ "type": "Feature", "properties": { "rank": 495, "candidate_id": 2022, "scenario": "eolico", "solar_kwh_m2_day": 5.694394588470459, "wind_m_s": 7.804379940032959, "dist_grid_km": 484.15433489780588, "dist_demand_km": 765.93965849232018, "connection_cost_brl": 580985201.87736702, "is_restricted": false, "restriction_factor": 1.0, "score_final": 0.64009666199033088, "longitude": -39.081138239867784, "latitude": -13.364647119762573 }, "geometry": { "type": "Point", "coordinates": [ -39.081138239867784, -13.364647119762573 ] } },
{ "type": "Feature", "properties": { "rank": 496, "candidate_id": 1543, "scenario": "eolico", "solar_kwh_m2_day": 6.50933837890625, "wind_m_s": 7.3285946846008301, "dist_grid_km": 266.3723502812727, "dist_demand_km": 625.28667675053805, "connection_cost_brl": 319646820.33752722, "is_restricted": false, "restriction_factor": 1.0, "score_final": 0.64004757118963451, "longitude": -42.790802437383455, "latitude": -13.10846088709124 }, "geometry": { "type": "Point", "coordinates": [ -42.790802437383455, -13.10846088709124 ] } },
{ "type": "Feature", "properties": { "rank": 497, "candidate_id": 1778, "scenario": "eolico", "solar_kwh_m2_day": 5.7254176139831543, "wind_m_s": 7.9656424522399902, "dist_grid_km": 578.21690129884325, "dist_demand_km": 760.02369328766474, "connection_cost_brl": 693860281.55861187, "is_restricted": false, "restriction_factor": 1.0, "score_final": 0.63993797847583644, "longitude": -40.820571624004543, "latitude": -15.225278088494251 }, "geometry": { "type": "Point", "coordinates": [ -40.820571624004543, -15.225278088494251 ] } },
{ "type": "Feature", "properties": { "rank": 498, "candidate_id": 1118, "scenario": "eolico", "solar_kwh_m2_day": 5.2930326461791992, "wind_m_s": 7.1902565956115723, "dist_grid_km": 340.78025983450846, "dist_demand_km": 211.494366465795, "connection_cost_brl": 408936311.80141014, "is_restricted": false, "restriction_factor": 1.0, "score_final": 0.63962308147159685, "longitude": -45.936778703495733, "latitude": -15.464957375173212 }, "geometry": { "type": "Point", "coordinates": [ -45.936778703495733, -15.464957375173212 ] } },
{ "type": "Feature", "properties": { "rank": 499, "candidate_id": 1660, "scenario": "eolico", "solar_kwh_m2_day": 5.6545505523681641, "wind_m_s": 7.6700658798217773, "dist_grid_km": 444.8450212022027, "dist_demand_km": 672.00935596691772, "connection_cost_brl": 533814025.44264323, "is_restricted": false, "restriction_factor": 1.0, "score_final": 0.63947452899411272, "longitude": -41.800278710149826, "latitude": -14.393293252936386 }, "geometry": { "type": "Point", "coordinates": [ -41.800278710149826, -14.393293252936386 ] } },
{ "type": "Feature", "properties": { "rank": 500, "candidate_id": 1740, "scenario": "eolico", "solar_kwh_m2_day": 6.5997200012207031, "wind_m_s": 7.7362427711486816, "dist_grid_km": 435.58564605956184, "dist_demand_km": 804.96732401535166, "connection_cost_brl": 522702775.27147418, "is_restricted": false, "restriction_factor": 1.0, "score_final": 0.63900909876112311, "longitude": -41.679085274625493, "latitude": -5.5391171685254612 }, "geometry": { "type": "Point", "coordinates": [ -41.679085274625493, -5.539117168525461 ] } },
{ "type": "Feature", "properties": { "rank": 501, "candidate_id": 2810, "scenario": "eolico", "solar_kwh_m2_day": 6.0001482963562012, "wind_m_s": 7.5617246627807617, "dist_grid_km": 542.96516652994796, "dist_demand_km": 245.18048239800248, "connection_cost_brl": 651558199.8359375, "is_restricted": false, "restriction_factor": 1.0, "score_final": 0.63854479725145563, "longitude": -33.354396865237433, "latitude": -9.5743335403747007 }, "geometry": { "type": "Point", "coordinates": [ -33.354396865237433, -9.574333540374701 ] } },
{ "type": "Feature", "properties": { "rank": 502, "candidate_id": 1902, "scenario": "eolico", "solar_kwh_m2_day": 5.896087646484375, "wind_m_s": 7.752997875213623, "dist_grid_km": 440.98403644974502, "dist_demand_km": 833.67220398765903, "connection_cost_brl": 529180843.739694, "is_restricted": false, "restriction_factor": 1.0, "score_final": 0.63737230461801675, "longitude": -40.002846110169827, "latitude": -13.415883054007841 }, "geometry": { "type": "Point", "coordinates": [ -40.002846110169827, -13.415883054007841 ] } },
{ "type": "Feature", "properties": { "rank": 503, "candidate_id": 1058, "scenario": "eolico", "solar_kwh_m2_day": 5.7540783882141113, "wind_m_s": 7.1029825210571289, "dist_grid_km": 319.19511061047803, "dist_demand_km": 162.12295844445111, "connection_cost_brl": 383034132.73257363, "is_restricted": false, "restriction_factor": 1.0, "score_final": 0.63711567614115183, "longitude": -46.402409132685399, "latitude": -15.481286294232337 }, "geometry": { "type": "Point", "coordinates": [ -46.402409132685399, -15.481286294232337 ] } },
{ "type": "Feature", "properties": { "rank": 504, "candidate_id": 2684, "scenario": "eolico", "solar_kwh_m2_day": 5.8660931587219238, "wind_m_s": 7.8946776390075684, "dist_grid_km": 647.40223702199978, "dist_demand_km": 490.72510378090698, "connection_cost_brl": 776882684.42639971, "is_restricted": false, "restriction_factor": 1.0, "score_final": 0.63710970880439288, "longitude": -34.087650800116236, "latitude": -12.182235045398214 }, "geometry": { "type": "Point", "coordinates": [ -34.087650800116236, -12.182235045398214 ] } },
{ "type": "Feature", "properties": { "rank": 505, "candidate_id": 1363, "scenario": "eolico", "solar_kwh_m2_day": 6.0484628677368164, "wind_m_s": 7.1077580451965332, "dist_grid_km": 201.61690260918138, "dist_demand_km": 495.6262583295719, "connection_cost_brl": 241940283.13101766, "is_restricted": false, "restriction_factor": 1.0, "score_final": 0.63674049048578474, "longitude": -44.173054553272287, "latitude": -13.164113042888575 }, "geometry": { "type": "Point", "coordinates": [ -44.173054553272287, -13.164113042888575 ] } },
{ "type": "Feature", "properties": { "rank": 506, "candidate_id": 1780, "scenario": "eolico", "solar_kwh_m2_day": 5.9237856864929199, "wind_m_s": 7.7866930961608887, "dist_grid_km": 488.01531965026356, "dist_demand_km": 770.38211381823044, "connection_cost_brl": 585618383.58031631, "is_restricted": false, "restriction_factor": 1.0, "score_final": 0.63612961072631369, "longitude": -40.874517856697032, "latitude": -14.344865744459682 }, "geometry": { "type": "Point", "coordinates": [ -40.874517856697032, -14.344865744459682 ] } },
{ "type": "Feature", "properties": { "rank": 507, "candidate_id": 642, "scenario": "eolico", "solar_kwh_m2_day": 5.9670600891113281, "wind_m_s": 6.6305661201477051, "dist_grid_km": 12.304097254894039, "dist_demand_km": 298.10557488198543, "connection_cost_brl": 14764916.705872847, "is_restricted": false, "restriction_factor": 1.0, "score_final": 0.63451369358146237, "longitude": -49.698968885584691, "latitude": -13.766547146287753 }, "geometry": { "type": "Point", "coordinates": [ -49.698968885584691, -13.766547146287753 ] } },
{ "type": "Feature", "properties": { "rank": 508, "candidate_id": 946, "scenario": "eolico", "solar_kwh_m2_day": 6.0676093101501465, "wind_m_s": 6.8414654731750488, "dist_grid_km": 84.781514431900902, "dist_demand_km": 433.36148259910925, "connection_cost_brl": 101737817.31828108, "is_restricted": false, "restriction_factor": 1.0, "score_final": 0.63388054378484793, "longitude": -47.434925089984908, "latitude": -11.919766876854588 }, "geometry": { "type": "Point", "coordinates": [ -47.434925089984908, -11.919766876854588 ] } },
{ "type": "Feature", "properties": { "rank": 509, "candidate_id": 1241, "scenario": "eolico", "solar_kwh_m2_day": 6.1403207778930664, "wind_m_s": 7.081596851348877, "dist_grid_km": 248.64818580970004, "dist_demand_km": 357.63217728467248, "connection_cost_brl": 298377822.97164005, "is_restricted": false, "restriction_factor": 1.0, "score_final": 0.6338052018651007, "longitude": -45.06106736651391, "latitude": -14.090339620636446 }, "geometry": { "type": "Point", "coordinates": [ -45.06106736651391, -14.090339620636446 ] } },
{ "type": "Feature", "properties": { "rank": 510, "candidate_id": 2683, "scenario": "eolico", "solar_kwh_m2_day": 5.9300990104675293, "wind_m_s": 7.9730815887451172, "dist_grid_km": 687.31680283474839, "dist_demand_km": 540.40396004073466, "connection_cost_brl": 824780163.40169811, "is_restricted": false, "restriction_factor": 1.0, "score_final": 0.63360995633161954, "longitude": -34.053978162919698, "latitude": -12.608223204928878 }, "geometry": { "type": "Point", "coordinates": [ -34.053978162919698, -12.608223204928878 ] } },
{ "type": "Feature", "properties": { "rank": 511, "candidate_id": 886, "scenario": "eolico", "solar_kwh_m2_day": 5.6520018577575684, "wind_m_s": 6.8744783401489258, "dist_grid_km": 106.36666365593133, "dist_demand_km": 429.3671636356363, "connection_cost_brl": 127639996.38711759, "is_restricted": false, "restriction_factor": 1.0, "score_final": 0.63351186615424315, "longitude": -47.893804779677041, "latitude": -11.930032794666532 }, "geometry": { "type": "Point", "coordinates": [ -47.893804779677041, -11.930032794666532 ] } },
{ "type": "Feature", "properties": { "rank": 512, "candidate_id": 1898, "scenario": "eolico", "solar_kwh_m2_day": 5.3920450210571289, "wind_m_s": 8.0572624206542969, "dist_grid_km": 621.38719974690412, "dist_demand_km": 859.95816243733384, "connection_cost_brl": 745664639.69628489, "is_restricted": false, "restriction_factor": 1.0, "score_final": 0.63282286498963625, "longitude": -39.891695514225944, "latitude": -15.170357462731436 }, "geometry": { "type": "Point", "coordinates": [ -39.891695514225944, -15.170357462731436 ] } },
{ "type": "Feature", "properties": { "rank": 513, "candidate_id": 1251, "scenario": "eolico", "solar_kwh_m2_day": 6.1794910430908203, "wind_m_s": 7.2432370185852051, "dist_grid_km": 202.3597224331975, "dist_demand_km": 746.43399499988504, "connection_cost_brl": 242831666.919837, "is_restricted": false, "restriction_factor": 1.0, "score_final": 0.63274308607356811, "longitude": -45.206472170974727, "latitude": -9.6241983234904698 }, "geometry": { "type": "Point", "coordinates": [ -45.206472170974727, -9.62419832349047 ] } },
{ "type": "Feature", "properties": { "rank": 514, "candidate_id": 1378, "scenario": "eolico", "solar_kwh_m2_day": 6.0733060836791992, "wind_m_s": 7.9268856048583984, "dist_grid_km": 474.89495975516473, "dist_demand_km": 1063.2310979167298, "connection_cost_brl": 569873951.70619774, "is_restricted": false, "restriction_factor": 1.0, "score_final": 0.63243533542329244, "longitude": -44.370371909226364, "latitude": -6.480157587014836 }, "geometry": { "type": "Point", "coordinates": [ -44.370371909226364, -6.480157587014836 ] } },
{ "type": "Feature", "properties": { "rank": 515, "candidate_id": 1837, "scenario": "eolico", "solar_kwh_m2_day": 6.1746010780334473, "wind_m_s": 8.0636844635009766, "dist_grid_km": 644.90284134716319, "dist_demand_km": 809.72571546443919, "connection_cost_brl": 773883409.61659586, "is_restricted": false, "restriction_factor": 1.0, "score_final": 0.63242784589187861, "longitude": -40.326827221491612, "latitude": -15.637524412083211 }, "geometry": { "type": "Point", "coordinates": [ -40.326827221491612, -15.637524412083211 ] } },
{ "type": "Feature", "properties": { "rank": 516, "candidate_id": 944, "scenario": "eolico", "solar_kwh_m2_day": 5.7155094146728516, "wind_m_s": 6.6264753341674805, "dist_grid_km": 5.4200672166786319, "dist_demand_km": 334.58868430966919, "connection_cost_brl": 6504080.6600143583, "is_restricted": false, "restriction_factor": 1.0, "score_final": 0.63227345089896081, "longitude": -47.412366923522988, "latitude": -12.817766785354264 }, "geometry": { "type": "Point", "coordinates": [ -47.412366923522988, -12.817766785354264 ] } },
{ "type": "Feature", "properties": { "rank": 517, "candidate_id": 643, "scenario": "eolico", "solar_kwh_m2_day": 5.8017053604125977, "wind_m_s": 6.7161617279052734, "dist_grid_km": 57.404888079183799, "dist_demand_km": 338.07281352088978, "connection_cost_brl": 68885865.695020556, "is_restricted": false, "restriction_factor": 1.0, "score_final": 0.63163607156920309, "longitude": -49.707072550017187, "latitude": -13.315886483844952 }, "geometry": { "type": "Point", "coordinates": [ -49.707072550017187, -13.315886483844952 ] } },
{ "type": "Feature", "properties": { "rank": 518, "candidate_id": 1679, "scenario": "eolico", "solar_kwh_m2_day": 5.9187054634094238, "wind_m_s": 7.6620769500732422, "dist_grid_km": 412.07000445930248, "dist_demand_km": 834.18858593516893, "connection_cost_brl": 494484005.35116297, "is_restricted": false, "restriction_factor": 1.0, "score_final": 0.6315500194697018, "longitude": -42.120908355670174, "latitude": -5.9907066191541141 }, "geometry": { "type": "Point", "coordinates": [ -42.120908355670174, -5.990706619154114 ] } },
{ "type": "Feature", "properties": { "rank": 519, "candidate_id": 2320, "scenario": "eolico", "solar_kwh_m2_day": 5.8096218109130859, "wind_m_s": 8.0649919509887695, "dist_grid_km": 682.2816626665375, "dist_demand_km": 728.52572186533826, "connection_cost_brl": 818737995.19984496, "is_restricted": false, "restriction_factor": 1.0, "score_final": 0.63063657299337939, "longitude": -36.713831946410203, "latitude": -14.088643585356799 }, "geometry": { "type": "Point", "coordinates": [ -36.713831946410203, -14.088643585356799 ] } },
{ "type": "Feature", "properties": { "rank": 520, "candidate_id": 1361, "scenario": "eolico", "solar_kwh_m2_day": 6.1485557556152344, "wind_m_s": 7.1925182342529297, "dist_grid_km": 291.81848425776093, "dist_demand_km": 446.98187996086483, "connection_cost_brl": 350182181.10931313, "is_restricted": false, "restriction_factor": 1.0, "score_final": 0.63047669526908778, "longitude": -44.135871683834146, "latitude": -14.054742842853122 }, "geometry": { "type": "Point", "coordinates": [ -44.135871683834146, -14.054742842853122 ] } },
{ "type": "Feature", "properties": { "rank": 521, "candidate_id": 2379, "scenario": "eolico", "solar_kwh_m2_day": 6.040402889251709, "wind_m_s": 8.1963167190551758, "dist_grid_km": 748.96760271485766, "dist_demand_km": 761.77565486249546, "connection_cost_brl": 898761123.25782919, "is_restricted": false, "restriction_factor": 1.0, "score_final": 0.62948771425212757, "longitude": -36.217238061605535, "latitude": -14.487517838200047 }, "geometry": { "type": "Point", "coordinates": [ -36.217238061605535, -14.487517838200047 ] } },
{ "type": "Feature", "properties": { "rank": 522, "candidate_id": 1556, "scenario": "eolico", "solar_kwh_m2_day": 6.0461788177490234, "wind_m_s": 7.5259575843811035, "dist_grid_km": 319.93793043449404, "dist_demand_km": 898.82830273395564, "connection_cost_brl": 383925516.52139282, "is_restricted": false, "restriction_factor": 1.0, "score_final": 0.62936973292175524, "longitude": -42.993877332490221, "latitude": -7.3408941299821162 }, "geometry": { "type": "Point", "coordinates": [ -42.993877332490221, -7.340894129982116 ] } },
{ "type": "Feature", "properties": { "rank": 523, "candidate_id": 1620, "scenario": "eolico", "solar_kwh_m2_day": 6.3592453002929688, "wind_m_s": 7.8017268180847168, "dist_grid_km": 478.7559445076227, "dist_demand_km": 897.95221252733995, "connection_cost_brl": 574507133.40914726, "is_restricted": false, "restriction_factor": 1.0, "score_final": 0.62875572445867145, "longitude": -42.581421810439373, "latitude": -5.5568476188786775 }, "geometry": { "type": "Point", "coordinates": [ -42.581421810439373, -5.556847618878678 ] } },
{ "type": "Feature", "properties": { "rank": 524, "candidate_id": 2501, "scenario": "eolico", "solar_kwh_m2_day": 5.5692892074584961, "wind_m_s": 8.0296945571899414, "dist_grid_km": 701.93631951433906, "dist_demand_km": 643.82120188529291, "connection_cost_brl": 842323583.41720688, "is_restricted": false, "restriction_factor": 1.0, "score_final": 0.62840574654615011, "longitude": -35.364281562919281, "latitude": -13.561140687813582 }, "geometry": { "type": "Point", "coordinates": [ -35.364281562919281, -13.561140687813582 ] } },
{ "type": "Feature", "properties": { "rank": 525, "candidate_id": 1125, "scenario": "eolico", "solar_kwh_m2_day": 5.839879035949707, "wind_m_s": 6.6980481147766113, "dist_grid_km": 25.074724064480112, "dist_demand_km": 433.25964652878423, "connection_cost_brl": 30089668.877376135, "is_restricted": false, "restriction_factor": 1.0, "score_final": 0.62839178407624896, "longitude": -46.045185325062221, "latitude": -12.33229114578495 }, "geometry": { "type": "Point", "coordinates": [ -46.045185325062221, -12.33229114578495 ] } },
{ "type": "Feature", "properties": { "rank": 526, "candidate_id": 1617, "scenario": "eolico", "solar_kwh_m2_day": 6.6280117034912109, "wind_m_s": 7.5293130874633789, "dist_grid_km": 343.45357203475339, "dist_demand_km": 857.31797696276203, "connection_cost_brl": 412144286.44170409, "is_restricted": false, "restriction_factor": 1.0, "score_final": 0.62771507384893355, "longitude": -42.552300448157766, "latitude": -6.88659001990424 }, "geometry": { "type": "Point", "coordinates": [ -42.552300448157766, -6.88659001990424 ] } },
{ "type": "Feature", "properties": { "rank": 527, "candidate_id": 1376, "scenario": "eolico", "solar_kwh_m2_day": 6.3010149002075195, "wind_m_s": 7.7003860473632812, "dist_grid_km": 384.69337810658533, "dist_demand_km": 1015.4738810065567, "connection_cost_brl": 461632053.72790241, "is_restricted": false, "restriction_factor": 1.0, "score_final": 0.6271674432749802, "longitude": -44.352101210661992, "latitude": -7.3716950454073134 }, "geometry": { "type": "Point", "coordinates": [ -44.352101210661992, -7.371695045407313 ] } },
{ "type": "Feature", "properties": { "rank": 528, "candidate_id": 949, "scenario": "eolico", "solar_kwh_m2_day": 6.359260082244873, "wind_m_s": 7.125760555267334, "dist_grid_km": 220.08388690477011, "dist_demand_km": 582.30666748641306, "connection_cost_brl": 264100664.28572413, "is_restricted": false, "restriction_factor": 1.0, "score_final": 0.62651981716672211, "longitude": -47.465485125598804, "latitude": -10.572589657948937 }, "geometry": { "type": "Point", "coordinates": [ -47.465485125598804, -10.572589657948937 ] } },
{ "type": "Feature", "properties": { "rank": 529, "candidate_id": 2262, "scenario": "eolico", "solar_kwh_m2_day": 6.491753101348877, "wind_m_s": 7.7919669151306152, "dist_grid_km": 570.49493179392766, "dist_demand_km": 655.72249767010021, "connection_cost_brl": 684593918.15271318, "is_restricted": false, "restriction_factor": 1.0, "score_final": 0.62649327480741301, "longitude": -37.238894759050396, "latitude": -13.253724660420996 }, "geometry": { "type": "Point", "coordinates": [ -37.238894759050396, -13.253724660420996 ] } },
{ "type": "Feature", "properties": { "rank": 530, "candidate_id": 1559, "scenario": "eolico", "solar_kwh_m2_day": 6.6001386642456055, "wind_m_s": 7.764674186706543, "dist_grid_km": 455.2403029073634, "dist_demand_km": 929.63238979438836, "connection_cost_brl": 546288363.48883605, "is_restricted": false, "restriction_factor": 1.0, "score_final": 0.6264455313956957, "longitude": -43.023945054904338, "latitude": -6.0091907786799723 }, "geometry": { "type": "Point", "coordinates": [ -43.023945054904338, -6.009190778679972 ] } },
{ "type": "Feature", "properties": { "rank": 531, "candidate_id": 1066, "scenario": "eolico", "solar_kwh_m2_day": 5.7173171043395996, "wind_m_s": 6.7258114814758301, "dist_grid_km": 41.611215983840083, "dist_demand_km": 457.92379429821244, "connection_cost_brl": 49933459.180608101, "is_restricted": false, "restriction_factor": 1.0, "score_final": 0.62587635418077647, "longitude": -46.517274365311145, "latitude": -11.897066981993033 }, "geometry": { "type": "Point", "coordinates": [ -46.517274365311145, -11.897066981993033 ] } },
{ "type": "Feature", "properties": { "rank": 532, "candidate_id": 1182, "scenario": "eolico", "solar_kwh_m2_day": 5.5534071922302246, "wind_m_s": 6.8982944488525391, "dist_grid_km": 181.96224576137982, "dist_demand_km": 346.238435624354, "connection_cost_brl": 218354694.91365579, "is_restricted": false, "restriction_factor": 1.0, "score_final": 0.62537829552319668, "longitude": -45.54011318195176, "latitude": -13.659875315846653 }, "geometry": { "type": "Point", "coordinates": [ -45.54011318195176, -13.659875315846653 ] } },
{ "type": "Feature", "properties": { "rank": 533, "candidate_id": 2020, "scenario": "eolico", "solar_kwh_m2_day": 5.7232880592346191, "wind_m_s": 7.912165641784668, "dist_grid_km": 574.3559165463854, "dist_demand_km": 845.0527708641539, "connection_cost_brl": 689227099.85566247, "is_restricted": false, "restriction_factor": 1.0, "score_final": 0.62522900575577656, "longitude": -39.024214752567303, "latitude": -14.23853658033757 }, "geometry": { "type": "Point", "coordinates": [ -39.024214752567303, -14.23853658033757 ] } },
{ "type": "Feature", "properties": { "rank": 534, "candidate_id": 2699, "scenario": "eolico", "solar_kwh_m2_day": 5.7639732360839844, "wind_m_s": 7.353121280670166, "dist_grid_km": 469.05084173544509, "dist_demand_km": 269.13089617673415, "connection_cost_brl": 562861010.08253407, "is_restricted": false, "restriction_factor": 1.0, "score_final": 0.62499833312229069, "longitude": -34.447922573166231, "latitude": -5.7827577775850711 }, "geometry": { "type": "Point", "coordinates": [ -34.447922573166231, -5.782757777585071 ] } },
{ "type": "Feature", "properties": { "rank": 535, "candidate_id": 824, "scenario": "eolico", "solar_kwh_m2_day": 6.0231919288635254, "wind_m_s": 6.630277156829834, "dist_grid_km": 37.750231231382237, "dist_demand_km": 331.74924398422058, "connection_cost_brl": 45300277.477658682, "is_restricted": false, "restriction_factor": 1.0, "score_final": 0.6248123008898554, "longitude": -48.333268563384188, "latitude": -12.839110137729035 }, "geometry": { "type": "Point", "coordinates": [ -48.333268563384188, -12.839110137729035 ] } },
{ "type": "Feature", "properties": { "rank": 536, "candidate_id": 828, "scenario": "eolico", "solar_kwh_m2_day": 6.3212685585021973, "wind_m_s": 7.0755724906921387, "dist_grid_km": 218.15339452854124, "dist_demand_km": 530.81327672633347, "connection_cost_brl": 261784073.43424949, "is_restricted": false, "restriction_factor": 1.0, "score_final": 0.6245533109518604, "longitude": -48.370655359867186, "latitude": -11.039945393912451 }, "geometry": { "type": "Point", "coordinates": [ -48.370655359867186, -11.039945393912451 ] } },
{ "type": "Feature", "properties": { "rank": 537, "candidate_id": 1236, "scenario": "eolico", "solar_kwh_m2_day": 5.8135600090026855, "wind_m_s": 7.2674942016601562, "dist_grid_km": 408.76910690870659, "dist_demand_km": 317.44181655591461, "connection_cost_brl": 490522928.29044789, "is_restricted": false, "restriction_factor": 1.0, "score_final": 0.62350724891507503, "longitude": -44.965723989816325, "latitude": -16.322075901396932 }, "geometry": { "type": "Point", "coordinates": [ -44.965723989816325, -16.322075901396932 ] } },
{ "type": "Feature", "properties": { "rank": 538, "candidate_id": 2758, "scenario": "eolico", "solar_kwh_m2_day": 5.8787322044372559, "wind_m_s": 7.3610053062438965, "dist_grid_km": 490.8649241351377, "dist_demand_km": 238.71292423885149, "connection_cost_brl": 589037908.96216524, "is_restricted": false, "restriction_factor": 1.0, "score_final": 0.62339888258117682, "longitude": -33.980633088309879, "latitude": -6.1939047264509188 }, "geometry": { "type": "Point", "coordinates": [ -33.980633088309879, -6.193904726450919 ] } },
{ "type": "Feature", "properties": { "rank": 539, "candidate_id": 2259, "scenario": "eolico", "solar_kwh_m2_day": 5.7174434661865234, "wind_m_s": 8.0907440185546875, "dist_grid_km": 705.7973042667968, "dist_demand_km": 792.87321280989977, "connection_cost_brl": 846956765.12015617, "is_restricted": false, "restriction_factor": 1.0, "score_final": 0.6223337592933611, "longitude": -37.142408571371035, "latitude": -14.553125621306581 }, "geometry": { "type": "Point", "coordinates": [ -37.142408571371035, -14.553125621306581 ] } },
{ "type": "Feature", "properties": { "rank": 540, "candidate_id": 2565, "scenario": "eolico", "solar_kwh_m2_day": 6.0125927925109863, "wind_m_s": 7.5807695388793945, "dist_grid_km": 548.20162735261056, "dist_demand_km": 439.23979576555303, "connection_cost_brl": 657841952.82313263, "is_restricted": false, "restriction_factor": 1.0, "score_final": 0.62182642211477668, "longitude": -35.0354916785789, "latitude": -11.81540607224645 }, "geometry": { "type": "Point", "coordinates": [ -35.0354916785789, -11.81540607224645 ] } },
{ "type": "Feature", "properties": { "rank": 541, "candidate_id": 764, "scenario": "eolico", "solar_kwh_m2_day": 6.3382329940795898, "wind_m_s": 6.6521849632263184, "dist_grid_km": 59.335380455412682, "dist_demand_km": 341.48432978998494, "connection_cost_brl": 71202456.546495214, "is_restricted": false, "restriction_factor": 1.0, "score_final": 0.6215509763521252, "longitude": -48.793774454039109, "latitude": -12.848601383247912 }, "geometry": { "type": "Point", "coordinates": [ -48.793774454039109, -12.848601383247912 ] } },
{ "type": "Feature", "properties": { "rank": 542, "candidate_id": 1181, "scenario": "eolico", "solar_kwh_m2_day": 6.0445904731750488, "wind_m_s": 6.9282498359680176, "dist_grid_km": 227.06303658566961, "dist_demand_km": 315.36448886548504, "connection_cost_brl": 272475643.90280354, "is_restricted": false, "restriction_factor": 1.0, "score_final": 0.62105808183928568, "longitude": -45.52376790078759, "latitude": -14.106884762061592 }, "geometry": { "type": "Point", "coordinates": [ -45.52376790078759, -14.106884762061592 ] } },
{ "type": "Feature", "properties": { "rank": 543, "candidate_id": 2743, "scenario": "eolico", "solar_kwh_m2_day": 5.1284351348876953, "wind_m_s": 7.9392662048339844, "dist_grid_km": 717.68331324794974, "dist_demand_km": 548.05432979090085, "connection_cost_brl": 861219975.89753973, "is_restricted": false, "restriction_factor": 1.0, "score_final": 0.62021937508015457, "longitude": -33.595128695870066, "latitude": -12.575505330367204 }, "geometry": { "type": "Point", "coordinates": [ -33.595128695870066, -12.575505330367204 ] } },
{ "type": "Feature", "properties": { "rank": 544, "candidate_id": 1900, "scenario": "eolico", "solar_kwh_m2_day": 5.732205867767334, "wind_m_s": 7.816227912902832, "dist_grid_km": 531.18561809832454, "dist_demand_km": 869.12635909574078, "connection_cost_brl": 637422741.71798944, "is_restricted": false, "restriction_factor": 1.0, "score_final": 0.62012791685107116, "longitude": -39.949156020679425, "latitude": -14.293255894256193 }, "geometry": { "type": "Point", "coordinates": [ -39.949156020679425, -14.293255894256193 ] } },
{ "type": "Feature", "properties": { "rank": 545, "candidate_id": 1302, "scenario": "eolico", "solar_kwh_m2_day": 5.4261512756347656, "wind_m_s": 6.988311767578125, "dist_grid_km": 225.13254420944071, "dist_demand_km": 426.3485441368054, "connection_cost_brl": 270159053.05132884, "is_restricted": false, "restriction_factor": 1.0, "score_final": 0.61988380299111467, "longitude": -44.616503713857455, "latitude": -13.627063284889413 }, "geometry": { "type": "Point", "coordinates": [ -44.616503713857455, -13.627063284889413 ] } },
{ "type": "Feature", "properties": { "rank": 546, "candidate_id": 759, "scenario": "eolico", "solar_kwh_m2_day": 5.692784309387207, "wind_m_s": 6.6807150840759277, "dist_grid_km": 166.16857366603614, "dist_demand_km": 120.33320473193874, "connection_cost_brl": 199402288.39924335, "is_restricted": false, "restriction_factor": 1.0, "score_final": 0.6190030903824244, "longitude": -48.742820637379118, "latitude": -15.098762990514111 }, "geometry": { "type": "Point", "coordinates": [ -48.742820637379118, -15.098762990514111 ] } },
{ "type": "Feature", "properties": { "rank": 547, "candidate_id": 951, "scenario": "eolico", "solar_kwh_m2_day": 6.7226324081420898, "wind_m_s": 7.2929973602294922, "dist_grid_km": 310.28546855334963, "dist_demand_km": 681.86042701681595, "connection_cost_brl": 372342562.26401955, "is_restricted": false, "restriction_factor": 1.0, "score_final": 0.61835775090738565, "longitude": -47.483711377617183, "latitude": -9.6743638941313552 }, "geometry": { "type": "Point", "coordinates": [ -47.483711377617183, -9.674363894131355 ] } },
{ "type": "Feature", "properties": { "rank": 548, "candidate_id": 2560, "scenario": "eolico", "solar_kwh_m2_day": 5.4930787086486816, "wind_m_s": 8.1036462783813477, "dist_grid_km": 768.62225956265922, "dist_demand_km": 688.51881667736188, "connection_cost_brl": 922346711.47519112, "is_restricted": false, "restriction_factor": 1.0, "score_final": 0.61787201463828501, "longitude": -34.867699230214065, "latitude": -13.955941221723053 }, "geometry": { "type": "Point", "coordinates": [ -34.867699230214065, -13.955941221723053 ] } },
{ "type": "Feature", "properties": { "rank": 549, "candidate_id": 1957, "scenario": "eolico", "solar_kwh_m2_day": 5.4891157150268555, "wind_m_s": 8.1036148071289062, "dist_grid_km": 688.07313979522405, "dist_demand_km": 909.69652141160316, "connection_cost_brl": 825687767.75426888, "is_restricted": false, "restriction_factor": 1.0, "score_final": 0.61781810546776339, "longitude": -39.396358576783442, "latitude": -15.579225363195004 }, "geometry": { "type": "Point", "coordinates": [ -39.396358576783442, -15.579225363195004 ] } },
{ "type": "Feature", "properties": { "rank": 550, "candidate_id": 1194, "scenario": "eolico", "solar_kwh_m2_day": 6.2553343772888184, "wind_m_s": 7.4933500289916992, "dist_grid_km": 359.24724413009716, "dist_demand_km": 868.90538949769177, "connection_cost_brl": 431096692.95611662, "is_restricted": false, "restriction_factor": 1.0, "score_final": 0.61737635892135767, "longitude": -45.69263239825564, "latitude": -8.2934079081039709 }, "geometry": { "type": "Point", "coordinates": [ -45.69263239825564, -8.293407908103971 ] } },
{ "type": "Feature", "properties": { "rank": 551, "candidate_id": 1179, "scenario": "eolico", "solar_kwh_m2_day": 5.6838831901550293, "wind_m_s": 7.0337119102478027, "dist_grid_km": 317.2646182342491, "dist_demand_km": 271.29720585543458, "connection_cost_brl": 380717541.88109893, "is_restricted": false, "restriction_factor": 1.0, "score_final": 0.61736675285964027, "longitude": -45.489328144371903, "latitude": -15.00079559938994 }, "geometry": { "type": "Point", "coordinates": [ -45.489328144371903, -15.00079559938994 ] } },
{ "type": "Feature", "properties": { "rank": 552, "candidate_id": 1618, "scenario": "eolico", "solar_kwh_m2_day": 6.082242488861084, "wind_m_s": 7.5440683364868164, "dist_grid_km": 388.55436285904312, "dist_demand_km": 868.19859541270694, "connection_cost_brl": 466265235.43085176, "is_restricted": false, "restriction_factor": 1.0, "score_final": 0.61728934722066342, "longitude": -42.562713115499676, "latitude": -6.4433650815119172 }, "geometry": { "type": "Point", "coordinates": [ -42.562713115499676, -6.443365081511917 ] } },
{ "type": "Feature", "properties": { "rank": 553, "candidate_id": 1193, "scenario": "eolico", "solar_kwh_m2_day": 5.3231906890869141, "wind_m_s": 7.3779711723327637, "dist_grid_km": 314.14645330580743, "dist_demand_km": 821.32227683895451, "connection_cost_brl": 376975743.96696889, "is_restricted": false, "restriction_factor": 1.0, "score_final": 0.61664939856326151, "longitude": -45.682908787843495, "latitude": -8.7407541737201591 }, "geometry": { "type": "Point", "coordinates": [ -45.682908787843495, -8.740754173720159 ] } },
{ "type": "Feature", "properties": { "rank": 554, "candidate_id": 2623, "scenario": "eolico", "solar_kwh_m2_day": 6.1448879241943359, "wind_m_s": 7.8037471771240234, "dist_grid_km": 659.34773587493737, "dist_demand_km": 537.31678891773174, "connection_cost_brl": 791217283.04992485, "is_restricted": false, "restriction_factor": 1.0, "score_final": 0.61651829350871901, "longitude": -34.512935602219322, "latitude": -12.640360527106756 }, "geometry": { "type": "Point", "coordinates": [ -34.512935602219322, -12.640360527106756 ] } },
{ "type": "Feature", "properties": { "rank": 555, "candidate_id": 1253, "scenario": "eolico", "solar_kwh_m2_day": 6.1316208839416504, "wind_m_s": 7.3486700057983398, "dist_grid_km": 292.561304081777, "dist_demand_km": 838.46067040971627, "connection_cost_brl": 351073564.89813238, "is_restricted": false, "restriction_factor": 1.0, "score_final": 0.61632748845374441, "longitude": -45.228630283258987, "latitude": -8.73062688322055 }, "geometry": { "type": "Point", "coordinates": [ -45.228630283258987, -8.73062688322055 ] } },
{ "type": "Feature", "properties": { "rank": 556, "candidate_id": 2382, "scenario": "eolico", "solar_kwh_m2_day": 5.9041671752929688, "wind_m_s": 7.773496150970459, "dist_grid_km": 613.66523024198852, "dist_demand_km": 617.75902316389181, "connection_cost_brl": 736398276.2903862, "is_restricted": false, "restriction_factor": 1.0, "score_final": 0.61631168673351433, "longitude": -36.318391490319328, "latitude": -13.194189542120991 }, "geometry": { "type": "Point", "coordinates": [ -36.318391490319328, -13.194189542120991 ] } },
{ "type": "Feature", "properties": { "rank": 557, "candidate_id": 2879, "scenario": "eolico", "solar_kwh_m2_day": 6.0295872688293457, "wind_m_s": 7.5651040077209473, "dist_grid_km": 602.49775443519479, "dist_demand_km": 335.28012825312038, "connection_cost_brl": 722997305.3222338, "is_restricted": false, "restriction_factor": 1.0, "score_final": 0.61537118011050052, "longitude": -33.094473752396262, "latitude": -5.7375166421752386 }, "geometry": { "type": "Point", "coordinates": [ -33.094473752396262, -5.737516642175239 ] } },
{ "type": "Feature", "properties": { "rank": 558, "candidate_id": 1599, "scenario": "eolico", "solar_kwh_m2_day": 5.9304556846618652, "wind_m_s": 7.5033478736877441, "dist_grid_km": 468.36066280246212, "dist_demand_km": 614.59276569845292, "connection_cost_brl": 562032795.3629545, "is_restricted": false, "restriction_factor": 1.0, "score_final": 0.61465828128810684, "longitude": -42.239417989479065, "latitude": -14.858817997517837 }, "geometry": { "type": "Point", "coordinates": [ -42.239417989479065, -14.858817997517837 ] } },
{ "type": "Feature", "properties": { "rank": 559, "candidate_id": 763, "scenario": "eolico", "solar_kwh_m2_day": 6.0235452651977539, "wind_m_s": 6.492548942565918, "dist_grid_km": 14.234589631122923, "dist_demand_km": 293.5732515504501, "connection_cost_brl": 17081507.557347506, "is_restricted": false, "restriction_factor": 1.0, "score_final": 0.61444060412226265, "longitude": -48.784302805359189, "latitude": -13.298680739647994 }, "geometry": { "type": "Point", "coordinates": [ -48.784302805359189, -13.298680739647994 ] } },
{ "type": "Feature", "properties": { "rank": 560, "candidate_id": 2938, "scenario": "eolico", "solar_kwh_m2_day": 6.5736355781555176, "wind_m_s": 7.6086902618408203, "dist_grid_km": 631.61952607002047, "dist_demand_km": 334.61199219872634, "connection_cost_brl": 757943431.2840246, "is_restricted": false, "restriction_factor": 1.0, "score_final": 0.6142943815752806, "longitude": -32.626342880090199, "latitude": -6.1444761875666094 }, "geometry": { "type": "Point", "coordinates": [ -32.626342880090199, -6.144476187566609 ] } },
{ "type": "Feature", "properties": { "rank": 561, "candidate_id": 1899, "scenario": "eolico", "solar_kwh_m2_day": 5.7465572357177734, "wind_m_s": 7.8510284423828125, "dist_grid_km": 576.28640892261433, "dist_demand_km": 863.10737142536743, "connection_cost_brl": 691543690.70713723, "is_restricted": false, "restriction_factor": 1.0, "score_final": 0.61418682143810976, "longitude": -39.92090139389007, "latitude": -14.73184174147509 }, "geometry": { "type": "Point", "coordinates": [ -39.92090139389007, -14.73184174147509 ] } },
{ "type": "Feature", "properties": { "rank": 562, "candidate_id": 1240, "scenario": "eolico", "solar_kwh_m2_day": 5.6267752647399902, "wind_m_s": 7.0103840827941895, "dist_grid_km": 293.74897663398974, "dist_demand_km": 335.37215263519437, "connection_cost_brl": 352498771.96078771, "is_restricted": false, "restriction_factor": 1.0, "score_final": 0.61401787211580405, "longitude": -45.043245944474002, "latitude": -14.53676722128284 }, "geometry": { "type": "Point", "coordinates": [ -45.043245944474002, -14.53676722128284 ] } },
{ "type": "Feature", "properties": { "rank": 563, "candidate_id": 1360, "scenario": "eolico", "solar_kwh_m2_day": 5.8027701377868652, "wind_m_s": 7.1469841003417969, "dist_grid_km": 336.9192750820506, "dist_demand_km": 429.37921182462679, "connection_cost_brl": 404303130.09846073, "is_restricted": false, "restriction_factor": 1.0, "score_final": 0.61397559630725973, "longitude": -44.11627468705661, "latitude": -14.499995521069362 }, "geometry": { "type": "Point", "coordinates": [ -44.11627468705661, -14.499995521069362 ] } },
{ "type": "Feature", "properties": { "rank": 564, "candidate_id": 2868, "scenario": "eolico", "solar_kwh_m2_day": 6.1601285934448242, "wind_m_s": 7.6193714141845703, "dist_grid_km": 631.6847193309726, "dist_demand_km": 354.81150265685409, "connection_cost_brl": 758021663.19716716, "is_restricted": false, "restriction_factor": 1.0, "score_final": 0.61393772729684792, "longitude": -32.842760448195051, "latitude": -10.394767579052898 }, "geometry": { "type": "Point", "coordinates": [ -32.842760448195051, -10.394767579052898 ] } },
{ "type": "Feature", "properties": { "rank": 565, "candidate_id": 1558, "scenario": "eolico", "solar_kwh_m2_day": 6.2213687896728516, "wind_m_s": 7.5902848243713379, "dist_grid_km": 410.13951208307356, "dist_demand_km": 916.7560704471781, "connection_cost_brl": 492167414.49968827, "is_restricted": false, "restriction_factor": 1.0, "score_final": 0.61392246740231593, "longitude": -43.014603502523308, "latitude": -6.4531143703295859 }, "geometry": { "type": "Point", "coordinates": [ -43.014603502523308, -6.453114370329586 ] } },
{ "type": "Feature", "properties": { "rank": 566, "candidate_id": 1192, "scenario": "eolico", "solar_kwh_m2_day": 6.1812400817871094, "wind_m_s": 7.2452020645141602, "dist_grid_km": 269.0456624815177, "dist_demand_km": 774.04391927442521, "connection_cost_brl": 322854794.97782123, "is_restricted": false, "restriction_factor": 1.0, "score_final": 0.6133736344243208, "longitude": -45.672654110461643, "latitude": -9.1880786713142761 }, "geometry": { "type": "Point", "coordinates": [ -45.672654110461643, -9.188078671314276 ] } },
{ "type": "Feature", "properties": { "rank": 567, "candidate_id": 818, "scenario": "eolico", "solar_kwh_m2_day": 5.7415132522583008, "wind_m_s": 6.7098040580749512, "dist_grid_km": 232.85451371435633, "dist_demand_km": 49.998000828374678, "connection_cost_brl": 279425416.45722759, "is_restricted": false, "restriction_factor": 1.0, "score_final": 0.61271909663447333, "longitude": -48.265593134222989, "latitude": -15.537146239621951 }, "geometry": { "type": "Point", "coordinates": [ -48.265593134222989, -15.537146239621951 ] } },
{ "type": "Feature", "properties": { "rank": 568, "candidate_id": 823, "scenario": "eolico", "solar_kwh_m2_day": 6.7930655479431152, "wind_m_s": 6.4607486724853516, "dist_grid_km": 7.3505595929075156, "dist_demand_km": 282.19012636499286, "connection_cost_brl": 8820671.5114890188, "is_restricted": false, "restriction_factor": 1.0, "score_final": 0.61265833313314455, "longitude": -48.322969637787651, "latitude": -13.288845450787804 }, "geometry": { "type": "Point", "coordinates": [ -48.322969637787651, -13.288845450787804 ] } },
{ "type": "Feature", "properties": { "rank": 569, "candidate_id": 2019, "scenario": "eolico", "solar_kwh_m2_day": 6.1214656829833984, "wind_m_s": 7.9298028945922852, "dist_grid_km": 619.45670737067519, "dist_demand_km": 886.19382648047724, "connection_cost_brl": 743348048.84481025, "is_restricted": false, "restriction_factor": 1.0, "score_final": 0.61239266103998635, "longitude": -38.994259887747596, "latitude": -14.675371445217769 }, "geometry": { "type": "Point", "coordinates": [ -38.994259887747596, -14.675371445217769 ] } },
{ "type": "Feature", "properties": { "rank": 570, "candidate_id": 1958, "scenario": "eolico", "solar_kwh_m2_day": 5.4430761337280273, "wind_m_s": 7.9862833023071289, "dist_grid_km": 642.97234897093449, "dist_demand_km": 909.93079656344355, "connection_cost_brl": 771566818.76512134, "is_restricted": false, "restriction_factor": 1.0, "score_final": 0.61233889019700527, "longitude": -39.42743527462838, "latitude": -15.141651954984896 }, "geometry": { "type": "Point", "coordinates": [ -39.42743527462838, -15.141651954984896 ] } },
{ "type": "Feature", "properties": { "rank": 571, "candidate_id": 1318, "scenario": "eolico", "solar_kwh_m2_day": 6.6707348823547363, "wind_m_s": 7.8420619964599609, "dist_grid_km": 496.48010897919528, "dist_demand_km": 1090.2264794743128, "connection_cost_brl": 595776130.77503431, "is_restricted": false, "restriction_factor": 1.0, "score_final": 0.61209249215282402, "longitude": -44.822325136820901, "latitude": -6.4884264181538702 }, "geometry": { "type": "Point", "coordinates": [ -44.822325136820901, -6.48842641815387 ] } },
{ "type": "Feature", "properties": { "rank": 572, "candidate_id": 2078, "scenario": "eolico", "solar_kwh_m2_day": 6.1603264808654785, "wind_m_s": 8.0520877838134766, "dist_grid_km": 686.14264741899535, "dist_demand_km": 902.71364175683186, "connection_cost_brl": 823371176.90279448, "is_restricted": false, "restriction_factor": 1.0, "score_final": 0.61149736259967757, "longitude": -38.499285055872193, "latitude": -15.081800981756698 }, "geometry": { "type": "Point", "coordinates": [ -38.499285055872193, -15.081800981756698 ] } },
{ "type": "Feature", "properties": { "rank": 573, "candidate_id": 948, "scenario": "eolico", "solar_kwh_m2_day": 5.8132305145263672, "wind_m_s": 6.910212516784668, "dist_grid_km": 174.98309608048038, "dist_demand_km": 532.59249105945969, "connection_cost_brl": 209979715.29657647, "is_restricted": false, "restriction_factor": 1.0, "score_final": 0.61147480176646263, "longitude": -47.455730951026965, "latitude": -11.021671163551741 }, "geometry": { "type": "Point", "coordinates": [ -47.455730951026965, -11.021671163551741 ] } },
{ "type": "Feature", "properties": { "rank": 574, "candidate_id": 1069, "scenario": "eolico", "solar_kwh_m2_day": 5.4580392837524414, "wind_m_s": 6.9539299011230469, "dist_grid_km": 176.91358845670928, "dist_demand_km": 600.81035425756897, "connection_cost_brl": 212296306.14805114, "is_restricted": false, "restriction_factor": 1.0, "score_final": 0.61094037398354328, "longitude": -46.552015762027096, "latitude": -10.552515719578501 }, "geometry": { "type": "Point", "coordinates": [ -46.552015762027096, -10.552515719578501 ] } },
{ "type": "Feature", "properties": { "rank": 575, "candidate_id": 995, "scenario": "eolico", "solar_kwh_m2_day": 5.6980090141296387, "wind_m_s": 6.7659850120544434, "dist_grid_km": 232.59620953710285, "dist_demand_km": 162.96919912719881, "connection_cost_brl": 279115451.44452339, "is_restricted": false, "restriction_factor": 1.0, "score_final": 0.61036849780021252, "longitude": -46.819449784354909, "latitude": -16.841617844768031 }, "geometry": { "type": "Point", "coordinates": [ -46.819449784354909, -16.841617844768031 ] } },
{ "type": "Feature", "properties": { "rank": 576, "candidate_id": 1777, "scenario": "eolico", "solar_kwh_m2_day": 5.6039538383483887, "wind_m_s": 7.8394618034362793, "dist_grid_km": 623.31769212313293, "dist_demand_km": 759.74319404152027, "connection_cost_brl": 747981230.54775953, "is_restricted": false, "restriction_factor": 1.0, "score_final": 0.61012998835128651, "longitude": -40.792249087570106, "latitude": -15.665386260767077 }, "geometry": { "type": "Point", "coordinates": [ -40.792249087570106, -15.665386260767077 ] } },
{ "type": "Feature", "properties": { "rank": 577, "candidate_id": 1258, "scenario": "eolico", "solar_kwh_m2_day": 6.3971157073974609, "wind_m_s": 7.853062629699707, "dist_grid_km": 518.06525820322577, "dist_demand_km": 1074.7780064529452, "connection_cost_brl": 621678309.84387088, "is_restricted": false, "restriction_factor": 1.0, "score_final": 0.60960420906559565, "longitude": -45.274292554138867, "latitude": -6.4963174166164679 }, "geometry": { "type": "Point", "coordinates": [ -45.274292554138867, -6.496317416616468 ] } },
{ "type": "Feature", "properties": { "rank": 578, "candidate_id": 766, "scenario": "eolico", "solar_kwh_m2_day": 5.9584450721740723, "wind_m_s": 6.7913455963134766, "dist_grid_km": 149.53696210399221, "dist_demand_km": 438.70734484908928, "connection_cost_brl": 179444354.52479064, "is_restricted": false, "restriction_factor": 1.0, "score_final": 0.6095377537048341, "longitude": -48.811661033942286, "latitude": -11.948377462393886 }, "geometry": { "type": "Point", "coordinates": [ -48.811661033942286, -11.948377462393886 ] } },
{ "type": "Feature", "properties": { "rank": 579, "candidate_id": 2142, "scenario": "eolico", "solar_kwh_m2_day": 5.7910966873168945, "wind_m_s": 7.6280651092529297, "dist_grid_km": 527.3246333458668, "dist_demand_km": 705.91626783990705, "connection_cost_brl": 632789560.01504016, "is_restricted": false, "restriction_factor": 1.0, "score_final": 0.60910101617895862, "longitude": -38.159815547518235, "latitude": -13.310569553307703 }, "geometry": { "type": "Point", "coordinates": [ -38.159815547518235, -13.310569553307703 ] } },
{ "type": "Feature", "properties": { "rank": 580, "candidate_id": 1195, "scenario": "eolico", "solar_kwh_m2_day": 6.3182387351989746, "wind_m_s": 7.5460233688354492, "dist_grid_km": 404.34803495438695, "dist_demand_km": 916.74580411603017, "connection_cost_brl": 485217641.94526434, "is_restricted": false, "restriction_factor": 1.0, "score_final": 0.60899153779494086, "longitude": -45.701827936707637, "latitude": -7.8460410052078791 }, "geometry": { "type": "Point", "coordinates": [ -45.701827936707637, -7.846041005207879 ] } },
{ "type": "Feature", "properties": { "rank": 581, "candidate_id": 874, "scenario": "eolico", "solar_kwh_m2_day": 5.2315468788146973, "wind_m_s": 6.5742583274841309, "dist_grid_km": 126.73221500399988, "dist_demand_km": 170.99894623644829, "connection_cost_brl": 152078658.00479987, "is_restricted": false, "restriction_factor": 1.0, "score_final": 0.60893606232328368, "longitude": -47.742258045252889, "latitude": -17.32121643005803 }, "geometry": { "type": "Point", "coordinates": [ -47.742258045252889, -17.32121643005803 ] } },
{ "type": "Feature", "properties": { "rank": 582, "candidate_id": 1067, "scenario": "eolico", "solar_kwh_m2_day": 5.8199915885925293, "wind_m_s": 6.7186183929443359, "dist_grid_km": 86.712006808129786, "dist_demand_km": 505.0945405076983, "connection_cost_brl": 104054408.16975574, "is_restricted": false, "restriction_factor": 1.0, "score_final": 0.60887785210356915, "longitude": -46.529347594600651, "latitude": -11.448908559883034 }, "geometry": { "type": "Point", "coordinates": [ -46.529347594600651, -11.448908559883034 ] } },
{ "type": "Feature", "properties": { "rank": 583, "candidate_id": 827, "scenario": "eolico", "solar_kwh_m2_day": 5.8806943893432617, "wind_m_s": 6.8547654151916504, "dist_grid_km": 173.05260370425145, "dist_demand_km": 480.97447051037528, "connection_cost_brl": 207663124.44510174, "is_restricted": false, "restriction_factor": 1.0, "score_final": 0.60875776678494375, "longitude": -48.361873875726126, "latitude": -11.489768482811689 }, "geometry": { "type": "Point", "coordinates": [ -48.361873875726126, -11.489768482811689 ] } },
{ "type": "Feature", "properties": { "rank": 584, "candidate_id": 953, "scenario": "eolico", "solar_kwh_m2_day": 6.6378026008605957, "wind_m_s": 7.4435043334960938, "dist_grid_km": 400.48705020192909, "dist_demand_km": 781.52813696243663, "connection_cost_brl": 480584460.24231493, "is_restricted": false, "restriction_factor": 1.0, "score_final": 0.60776042719018131, "longitude": -47.5002470339155, "latitude": -8.7760605085666246 }, "geometry": { "type": "Point", "coordinates": [ -47.5002470339155, -8.776060508566625 ] } },
{ "type": "Feature", "properties": { "rank": 585, "candidate_id": 1061, "scenario": "eolico", "solar_kwh_m2_day": 5.9430770874023438, "wind_m_s": 6.7078948020935059, "dist_grid_km": 183.89273813760872, "dist_demand_km": 239.92235004979239, "connection_cost_brl": 220671285.76513046, "is_restricted": false, "restriction_factor": 1.0, "score_final": 0.60722680613567559, "longitude": -46.449358522213835, "latitude": -14.137437960199255 }, "geometry": { "type": "Point", "coordinates": [ -46.449358522213835, -14.137437960199255 ] } },
{ "type": "Feature", "properties": { "rank": 586, "candidate_id": 2925, "scenario": "eolico", "solar_kwh_m2_day": 6.1136102676391602, "wind_m_s": 7.8908286094665527, "dist_grid_km": 755.98593119547934, "dist_demand_km": 507.83289420166392, "connection_cost_brl": 907183117.4345752, "is_restricted": false, "restriction_factor": 1.0, "score_final": 0.60715209743082377, "longitude": -32.290382372211688, "latitude": -11.631225771424342 }, "geometry": { "type": "Point", "coordinates": [ -32.290382372211688, -11.631225771424342 ] } },
{ "type": "Feature", "properties": { "rank": 587, "candidate_id": 884, "scenario": "eolico", "solar_kwh_m2_day": 5.8157458305358887, "wind_m_s": 6.4686927795410156, "dist_grid_km": 16.165082007351806, "dist_demand_km": 329.39880733859479, "connection_cost_brl": 19398098.408822168, "is_restricted": false, "restriction_factor": 1.0, "score_final": 0.60714048824614408, "longitude": -47.872798461199793, "latitude": -12.828830655111366 }, "geometry": { "type": "Point", "coordinates": [ -47.872798461199793, -12.828830655111366 ] } },
{ "type": "Feature", "properties": { "rank": 588, "candidate_id": 1721, "scenario": "eolico", "solar_kwh_m2_day": 6.290168285369873, "wind_m_s": 7.4428920745849609, "dist_grid_km": 421.32937960194346, "dist_demand_km": 731.75739242270015, "connection_cost_brl": 505595255.52233213, "is_restricted": false, "restriction_factor": 1.0, "score_final": 0.6069872445361959, "longitude": -41.362144847770324, "latitude": -13.928396276292183 }, "geometry": { "type": "Point", "coordinates": [ -41.362144847770324, -13.928396276292183 ] } },
{ "type": "Feature", "properties": { "rank": 589, "candidate_id": 877, "scenario": "eolico", "solar_kwh_m2_day": 5.2611284255981445, "wind_m_s": 6.6481189727783203, "dist_grid_km": 233.39749008780612, "dist_demand_km": 22.79298165246546, "connection_cost_brl": 280076988.10536736, "is_restricted": false, "restriction_factor": 1.0, "score_final": 0.60618295673946898, "longitude": -47.786013423649273, "latitude": -15.973808564224903 }, "geometry": { "type": "Point", "coordinates": [ -47.786013423649273, -15.973808564224903 ] } },
{ "type": "Feature", "properties": { "rank": 590, "candidate_id": 1477, "scenario": "eolico", "solar_kwh_m2_day": 5.4781217575073242, "wind_m_s": 7.4596381187438965, "dist_grid_km": 515.39194600298072, "dist_demand_km": 509.88200000831296, "connection_cost_brl": 618470335.2035768, "is_restricted": false, "restriction_factor": 1.0, "score_final": 0.60606889675454911, "longitude": -43.121099528383155, "latitude": -15.791429749295856 }, "geometry": { "type": "Point", "coordinates": [ -43.121099528383155, -15.791429749295856 ] } },
{ "type": "Feature", "properties": { "rank": 591, "candidate_id": 2625, "scenario": "eolico", "solar_kwh_m2_day": 6.086728572845459, "wind_m_s": 7.5213212966918945, "dist_grid_km": 577.22610378223953, "dist_demand_km": 437.33134641711922, "connection_cost_brl": 692671324.53868747, "is_restricted": false, "restriction_factor": 1.0, "score_final": 0.60595796303331073, "longitude": -34.577739613755874, "latitude": -11.786052957102013 }, "geometry": { "type": "Point", "coordinates": [ -34.577739613755874, -11.786052957102013 ] } },
{ "type": "Feature", "properties": { "rank": 592, "candidate_id": 2934, "scenario": "eolico", "solar_kwh_m2_day": 5.9082794189453125, "wind_m_s": 7.4465947151184082, "dist_grid_km": 601.69938469677697, "dist_demand_km": 258.58545108127112, "connection_cost_brl": 722039261.63613236, "is_restricted": false, "restriction_factor": 1.0, "score_final": 0.60556865756769762, "longitude": -32.545824337222214, "latitude": -7.8340829137085182 }, "geometry": { "type": "Point", "coordinates": [ -32.545824337222214, -7.834082913708518 ] } },
{ "type": "Feature", "properties": { "rank": 593, "candidate_id": 2874, "scenario": "eolico", "solar_kwh_m2_day": 6.073176383972168, "wind_m_s": 7.3246054649353027, "dist_grid_km": 551.7039050875984, "dist_demand_km": 208.66079443934561, "connection_cost_brl": 662044686.10511804, "is_restricted": false, "restriction_factor": 1.0, "score_final": 0.60535571695551349, "longitude": -32.998641864408263, "latitude": -7.8554844370598893 }, "geometry": { "type": "Point", "coordinates": [ -32.998641864408263, -7.855484437059889 ] } },
{ "type": "Feature", "properties": { "rank": 594, "candidate_id": 1238, "scenario": "eolico", "solar_kwh_m2_day": 5.5154938697814941, "wind_m_s": 7.0929608345031738, "dist_grid_km": 383.95055828256932, "dist_demand_km": 310.84062448583126, "connection_cost_brl": 460740669.93908316, "is_restricted": false, "restriction_factor": 1.0, "score_final": 0.60518392442406121, "longitude": -45.005744495044944, "latitude": -15.42950445319102 }, "geometry": { "type": "Point", "coordinates": [ -45.005744495044944, -15.42950445319102 ] } },
{ "type": "Feature", "properties": { "rank": 595, "candidate_id": 2937, "scenario": "eolico", "solar_kwh_m2_day": 6.0701689720153809, "wind_m_s": 7.4969892501831055, "dist_grid_km": 618.23778327663535, "dist_demand_km": 305.27118742214515, "connection_cost_brl": 741885339.93196237, "is_restricted": false, "restriction_factor": 1.0, "score_final": 0.60427435770713955, "longitude": -32.608080440354115, "latitude": -6.5669689704586487 }, "geometry": { "type": "Point", "coordinates": [ -32.608080440354115, -6.566968970458649 ] } },
{ "type": "Feature", "properties": { "rank": 596, "candidate_id": 1661, "scenario": "eolico", "solar_kwh_m2_day": 5.7270126342773438, "wind_m_s": 7.3520164489746094, "dist_grid_km": 399.74423037791308, "dist_demand_km": 683.39071399403917, "connection_cost_brl": 479693076.45349568, "is_restricted": false, "restriction_factor": 1.0, "score_final": 0.60386396934391973, "longitude": -41.824221977035293, "latitude": -13.951447871167396 }, "geometry": { "type": "Point", "coordinates": [ -41.824221977035293, -13.951447871167396 ] } },
{ "type": "Feature", "properties": { "rank": 597, "candidate_id": 1177, "scenario": "eolico", "solar_kwh_m2_day": 5.7591614723205566, "wind_m_s": 7.0913815498352051, "dist_grid_km": 407.4661998828285, "dist_demand_km": 260.28750829139585, "connection_cost_brl": 488959439.85939419, "is_restricted": false, "restriction_factor": 1.0, "score_final": 0.60365926704668194, "longitude": -45.452518605464697, "latitude": -15.894554427769833 }, "geometry": { "type": "Point", "coordinates": [ -45.452518605464697, -15.894554427769833 ] } },
{ "type": "Feature", "properties": { "rank": 598, "candidate_id": 706, "scenario": "eolico", "solar_kwh_m2_day": 6.2879829406738281, "wind_m_s": 6.7970986366271973, "dist_grid_km": 171.12211132802264, "dist_demand_km": 451.68365150019656, "connection_cost_brl": 205346533.59362715, "is_restricted": false, "restriction_factor": 1.0, "score_final": 0.60363222328718891, "longitude": -49.270632809599824, "latitude": -11.956449356934568 }, "geometry": { "type": "Point", "coordinates": [ -49.270632809599824, -11.956449356934568 ] } },
{ "type": "Feature", "properties": { "rank": 599, "candidate_id": 1115, "scenario": "eolico", "solar_kwh_m2_day": 5.9320583343505859, "wind_m_s": 6.8918719291687012, "dist_grid_km": 302.90511237560372, "dist_demand_km": 241.76638858231328, "connection_cost_brl": 363486134.85072446, "is_restricted": false, "restriction_factor": 1.0, "score_final": 0.60324687091843554, "longitude": -45.88192320843622, "latitude": -16.806995026329279 }, "geometry": { "type": "Point", "coordinates": [ -45.88192320843622, -16.806995026329279 ] } },
{ "type": "Feature", "properties": { "rank": 600, "candidate_id": 1779, "scenario": "eolico", "solar_kwh_m2_day": 5.4246745109558105, "wind_m_s": 7.6309175491333008, "dist_grid_km": 533.11611047455358, "dist_demand_km": 763.58516736827312, "connection_cost_brl": 639739332.56946433, "is_restricted": false, "restriction_factor": 1.0, "score_final": 0.60264157718057132, "longitude": -40.847991682441013, "latitude": -14.785103877124406 }, "geometry": { "type": "Point", "coordinates": [ -40.847991682441013, -14.785103877124406 ] } },
{ "type": "Feature", "properties": { "rank": 601, "candidate_id": 2932, "scenario": "eolico", "solar_kwh_m2_day": 5.8507809638977051, "wind_m_s": 7.4519972801208496, "dist_grid_km": 611.2214095238005, "dist_demand_km": 272.61155625680368, "connection_cost_brl": 733465691.42856061, "is_restricted": false, "restriction_factor": 1.0, "score_final": 0.60260274868445596, "longitude": -32.498040256446544, "latitude": -8.6784830300365492 }, "geometry": { "type": "Point", "coordinates": [ -32.498040256446544, -8.678483030036549 ] } },
{ "type": "Feature", "properties": { "rank": 602, "candidate_id": 2807, "scenario": "eolico", "solar_kwh_m2_day": 5.7511367797851562, "wind_m_s": 7.5222644805908203, "dist_grid_km": 616.1455712236891, "dist_demand_km": 372.54450283113181, "connection_cost_brl": 739374685.46842694, "is_restricted": false, "restriction_factor": 1.0, "score_final": 0.60218538053932946, "longitude": -33.268566553515157, "latitude": -10.846843865154108 }, "geometry": { "type": "Point", "coordinates": [ -33.268566553515157, -10.846843865154108 ] } },
{ "type": "Feature", "properties": { "rank": 603, "candidate_id": 2928, "scenario": "eolico", "solar_kwh_m2_day": 5.8384957313537598, "wind_m_s": 7.6355390548706055, "dist_grid_km": 675.78882447982517, "dist_demand_km": 386.28786001175393, "connection_cost_brl": 810946589.37579024, "is_restricted": false, "restriction_factor": 1.0, "score_final": 0.60204689160616209, "longitude": -32.387167028347889, "latitude": -10.366319190938452 }, "geometry": { "type": "Point", "coordinates": [ -32.387167028347889, -10.366319190938452 ] } },
{ "type": "Feature", "properties": { "rank": 604, "candidate_id": 1317, "scenario": "eolico", "solar_kwh_m2_day": 6.3632636070251465, "wind_m_s": 7.6624388694763184, "dist_grid_km": 451.37931815490555, "dist_demand_km": 1043.152665279988, "connection_cost_brl": 541655181.78588665, "is_restricted": false, "restriction_factor": 1.0, "score_final": 0.6020071902172156, "longitude": -44.81389109506646, "latitude": -6.9347792639339909 }, "geometry": { "type": "Point", "coordinates": [ -44.81389109506646, -6.934779263933991 ] } },
{ "type": "Feature", "properties": { "rank": 605, "candidate_id": 2199, "scenario": "eolico", "solar_kwh_m2_day": 5.7676239013671875, "wind_m_s": 7.9250774383544922, "dist_grid_km": 684.21215504276643, "dist_demand_km": 812.60126951454299, "connection_cost_brl": 821054586.05131972, "is_restricted": false, "restriction_factor": 1.0, "score_final": 0.6020067530997707, "longitude": -37.605186137157517, "latitude": -14.584824379488454 }, "geometry": { "type": "Point", "coordinates": [ -37.605186137157517, -14.584824379488454 ] } },
{ "type": "Feature", "properties": { "rank": 606, "candidate_id": 1379, "scenario": "eolico", "solar_kwh_m2_day": 6.3023614883422852, "wind_m_s": 7.8034334182739258, "dist_grid_km": 519.99575057945458, "dist_demand_km": 1074.3533194579372, "connection_cost_brl": 623994900.69534552, "is_restricted": false, "restriction_factor": 1.0, "score_final": 0.60195701566756976, "longitude": -44.378606561997543, "latitude": -6.0343598870192983 }, "geometry": { "type": "Point", "coordinates": [ -44.378606561997543, -6.034359887019298 ] } },
{ "type": "Feature", "properties": { "rank": 607, "candidate_id": 1071, "scenario": "eolico", "solar_kwh_m2_day": 6.285792350769043, "wind_m_s": 7.1135244369506836, "dist_grid_km": 267.11517010528877, "dist_demand_km": 697.72893641838311, "connection_cost_brl": 320538204.12634653, "is_restricted": false, "restriction_factor": 1.0, "score_final": 0.60191703279374775, "longitude": -46.572736404456784, "latitude": -9.6560283653283481 }, "geometry": { "type": "Point", "coordinates": [ -46.572736404456784, -9.656028365328348 ] } },
{ "type": "Feature", "properties": { "rank": 608, "candidate_id": 768, "scenario": "eolico", "solar_kwh_m2_day": 6.1102275848388672, "wind_m_s": 6.9613804817199707, "dist_grid_km": 239.73854375257167, "dist_demand_km": 536.95132121725931, "connection_cost_brl": 287686252.50308603, "is_restricted": false, "restriction_factor": 1.0, "score_final": 0.60190362449257173, "longitude": -48.828157662307035, "latitude": -11.048071694273229 }, "geometry": { "type": "Point", "coordinates": [ -48.828157662307035, -11.048071694273229 ] } },
{ "type": "Feature", "properties": { "rank": 609, "candidate_id": 1057, "scenario": "eolico", "solar_kwh_m2_day": 5.6013336181640625, "wind_m_s": 6.8937492370605469, "dist_grid_km": 338.86084434555744, "dist_demand_km": 160.80286125741026, "connection_cost_brl": 406633013.21466893, "is_restricted": false, "restriction_factor": 1.0, "score_final": 0.60188043418203452, "longitude": -46.385696523203528, "latitude": -15.929167084722142 }, "geometry": { "type": "Point", "coordinates": [ -46.385696523203528, -15.929167084722142 ] } },
{ "type": "Feature", "properties": { "rank": 610, "candidate_id": 2878, "scenario": "eolico", "solar_kwh_m2_day": 5.8239960670471191, "wind_m_s": 7.4141006469726562, "dist_grid_km": 584.19027299103755, "dist_demand_km": 297.72147545710379, "connection_cost_brl": 701028327.58924508, "is_restricted": false, "restriction_factor": 1.0, "score_final": 0.60168440343254637, "longitude": -33.077747027690378, "latitude": -6.1612230693064767 }, "geometry": { "type": "Point", "coordinates": [ -33.077747027690378, -6.161223069306477 ] } },
{ "type": "Feature", "properties": { "rank": 611, "candidate_id": 1052, "scenario": "eolico", "solar_kwh_m2_day": 5.4968400001525879, "wind_m_s": 6.6748909950256348, "dist_grid_km": 161.08538587254699, "dist_demand_km": 314.20708594414845, "connection_cost_brl": 193302463.04705641, "is_restricted": false, "restriction_factor": 1.0, "score_final": 0.60134000874934701, "longitude": -46.293909700631936, "latitude": -18.168008363291133 }, "geometry": { "type": "Point", "coordinates": [ -46.293909700631936, -18.168008363291133 ] } },
{ "type": "Feature", "properties": { "rank": 612, "candidate_id": 934, "scenario": "eolico", "solar_kwh_m2_day": 5.6177487373352051, "wind_m_s": 6.5867180824279785, "dist_grid_km": 161.88666642325032, "dist_demand_km": 180.79450491085871, "connection_cost_brl": 194263999.70790038, "is_restricted": false, "restriction_factor": 1.0, "score_final": 0.60082564348214518, "longitude": -47.272188937330007, "latitude": -17.306072492610809 }, "geometry": { "type": "Point", "coordinates": [ -47.272188937330007, -17.306072492610809 ] } },
{ "type": "Feature", "properties": { "rank": 613, "candidate_id": 1417, "scenario": "eolico", "solar_kwh_m2_day": 5.5919151306152344, "wind_m_s": 7.3511109352111816, "dist_grid_km": 493.80679677895029, "dist_demand_km": 459.92786449669535, "connection_cost_brl": 592568156.13474035, "is_restricted": false, "restriction_factor": 1.0, "score_final": 0.60053580337993617, "longitude": -43.58719296323342, "latitude": -15.813921468808942 }, "geometry": { "type": "Point", "coordinates": [ -43.58719296323342, -15.813921468808942 ] } },
{ "type": "Feature", "properties": { "rank": 614, "candidate_id": 1619, "scenario": "eolico", "solar_kwh_m2_day": 6.547001838684082, "wind_m_s": 7.5165514945983887, "dist_grid_km": 433.65515368333286, "dist_demand_km": 881.78426416537457, "connection_cost_brl": 520386184.41999942, "is_restricted": false, "restriction_factor": 1.0, "score_final": 0.60048441820581122, "longitude": -42.572419273687395, "latitude": -6.0001170778189348 }, "geometry": { "type": "Point", "coordinates": [ -42.572419273687395, -6.000117077818935 ] } },
{ "type": "Feature", "properties": { "rank": 615, "candidate_id": 2817, "scenario": "eolico", "solar_kwh_m2_day": 6.3266239166259766, "wind_m_s": 7.2487955093383789, "dist_grid_km": 521.42885934675633, "dist_demand_km": 227.01603714371208, "connection_cost_brl": 625714631.21610761, "is_restricted": false, "restriction_factor": 1.0, "score_final": 0.60040457033863937, "longitude": -33.511560183334794, "latitude": -6.6024970361002762 }, "geometry": { "type": "Point", "coordinates": [ -33.511560183334794, -6.602497036100276 ] } },
{ "type": "Feature", "properties": { "rank": 616, "candidate_id": 1301, "scenario": "eolico", "solar_kwh_m2_day": 5.8816537857055664, "wind_m_s": 6.9159626960754395, "dist_grid_km": 270.2333350337305, "dist_demand_km": 401.67995670852463, "connection_cost_brl": 324280002.04047662, "is_restricted": false, "restriction_factor": 1.0, "score_final": 0.60015690895275542, "longitude": -44.598434256003031, "latitude": -14.072956845820976 }, "geometry": { "type": "Point", "coordinates": [ -44.598434256003031, -14.072956845820976 ] } },
{ "type": "Feature", "properties": { "rank": 617, "candidate_id": 1680, "scenario": "eolico", "solar_kwh_m2_day": 6.4207582473754883, "wind_m_s": 7.5354757308959961, "dist_grid_km": 457.17079528359227, "dist_demand_km": 851.26099661478133, "connection_cost_brl": 548604954.34031069, "is_restricted": false, "restriction_factor": 1.0, "score_final": 0.60005918355529697, "longitude": -42.130246971750701, "latitude": -5.5481367383490596 }, "geometry": { "type": "Point", "coordinates": [ -42.130246971750701, -5.54813673834906 ] } },
{ "type": "Feature", "properties": { "rank": 618, "candidate_id": 1174, "scenario": "eolico", "solar_kwh_m2_day": 5.1772236824035645, "wind_m_s": 6.909395694732666, "dist_grid_km": 302.50447210025197, "dist_demand_km": 310.59733832392959, "connection_cost_brl": 363005366.52030236, "is_restricted": false, "restriction_factor": 1.0, "score_final": 0.59945581636146761, "longitude": -45.392754671342452, "latitude": -17.234886593798304 }, "geometry": { "type": "Point", "coordinates": [ -45.392754671342452, -17.234886593798304 ] } },
{ "type": "Feature", "properties": { "rank": 619, "candidate_id": 826, "scenario": "eolico", "solar_kwh_m2_day": 6.2874798774719238, "wind_m_s": 6.6744580268859863, "dist_grid_km": 127.95181287996178, "dist_demand_km": 431.17299059255151, "connection_cost_brl": 153542175.45595413, "is_restricted": false, "restriction_factor": 1.0, "score_final": 0.59882823870112056, "longitude": -48.3527175551094, "latitude": -11.939570843303155 }, "geometry": { "type": "Point", "coordinates": [ -48.3527175551094, -11.939570843303155 ] } },
{ "type": "Feature", "properties": { "rank": 620, "candidate_id": 1597, "scenario": "eolico", "solar_kwh_m2_day": 5.7150225639343262, "wind_m_s": 7.5502409934997559, "dist_grid_km": 558.56224445104147, "dist_demand_km": 609.81282432927799, "connection_cost_brl": 670274693.3412497, "is_restricted": false, "restriction_factor": 1.0, "score_final": 0.59880671943401009, "longitude": -42.189225090871396, "latitude": -15.743702815981772 }, "geometry": { "type": "Point", "coordinates": [ -42.189225090871396, -15.743702815981772 ] } },
{ "type": "Feature", "properties": { "rank": 621, "candidate_id": 936, "scenario": "eolico", "solar_kwh_m2_day": 5.7098722457885742, "wind_m_s": 6.6345458030700684, "dist_grid_km": 232.99684981245451, "dist_demand_km": 92.408007977583296, "connection_cost_brl": 279596219.77494544, "is_restricted": false, "restriction_factor": 1.0, "score_final": 0.59781182765681229, "longitude": -47.303994506200915, "latitude": -16.408661801561184 }, "geometry": { "type": "Point", "coordinates": [ -47.303994506200915, -16.408661801561184 ] } },
{ "type": "Feature", "properties": { "rank": 622, "candidate_id": 1001, "scenario": "eolico", "solar_kwh_m2_day": 5.5538582801818848, "wind_m_s": 6.5789198875427246, "dist_grid_km": 162.30758891357834, "dist_demand_km": 210.0398073257266, "connection_cost_brl": 194769106.69629401, "is_restricted": false, "restriction_factor": 1.0, "score_final": 0.59685428506374538, "longitude": -46.912242126781791, "latitude": -14.151434659333219 }, "geometry": { "type": "Point", "coordinates": [ -46.912242126781791, -14.151434659333219 ] } },
{ "type": "Feature", "properties": { "rank": 623, "candidate_id": 1297, "scenario": "eolico", "solar_kwh_m2_day": 5.6924223899841309, "wind_m_s": 7.1802897453308105, "dist_grid_km": 450.63649833088937, "dist_demand_km": 360.05779224524082, "connection_cost_brl": 540763797.99706721, "is_restricted": false, "restriction_factor": 1.0, "score_final": 0.59616648960999363, "longitude": -44.519673268031383, "latitude": -15.856120155691002 }, "geometry": { "type": "Point", "coordinates": [ -44.519673268031383, -15.856120155691002 ] } },
{ "type": "Feature", "properties": { "rank": 624, "candidate_id": 1535, "scenario": "eolico", "solar_kwh_m2_day": 5.8599834442138672, "wind_m_s": 7.4883108139038086, "dist_grid_km": 548.98627231035664, "dist_demand_km": 572.34000418635901, "connection_cost_brl": 658783526.77242792, "is_restricted": false, "restriction_factor": 1.0, "score_final": 0.59578550626278715, "longitude": -42.603626280324058, "latitude": -16.654111575578227 }, "geometry": { "type": "Point", "coordinates": [ -42.603626280324058, -16.654111575578227 ] } },
{ "type": "Feature", "properties": { "rank": 625, "candidate_id": 2561, "scenario": "eolico", "solar_kwh_m2_day": 6.2289414405822754, "wind_m_s": 7.8353004455566406, "dist_grid_km": 723.52146873836966, "dist_demand_km": 638.6179204907022, "connection_cost_brl": 868225762.48604357, "is_restricted": false, "restriction_factor": 1.0, "score_final": 0.5951926164619934, "longitude": -34.903687324147121, "latitude": -13.528030156622375 }, "geometry": { "type": "Point", "coordinates": [ -34.903687324147121, -13.528030156622375 ] } },
{ "type": "Feature", "properties": { "rank": 626, "candidate_id": 2621, "scenario": "eolico", "solar_kwh_m2_day": 6.0275788307189941, "wind_m_s": 7.8729276657104492, "dist_grid_km": 745.84777181351649, "dist_demand_km": 637.30679954533218, "connection_cost_brl": 895017326.17621982, "is_restricted": false, "restriction_factor": 1.0, "score_final": 0.5950521398198918, "longitude": -34.443213969704253, "latitude": -13.494277134386312 }, "geometry": { "type": "Point", "coordinates": [ -34.443213969704253, -13.494277134386312 ] } },
{ "type": "Feature", "properties": { "rank": 627, "candidate_id": 1499, "scenario": "eolico", "solar_kwh_m2_day": 6.4557170867919922, "wind_m_s": 7.6162829399108887, "dist_grid_km": 476.82545213139372, "dist_demand_km": 977.69589943907397, "connection_cost_brl": 572190542.5576725, "is_restricted": false, "restriction_factor": 1.0, "score_final": 0.59492087315326314, "longitude": -43.475485202903059, "latitude": -6.0179245237751813 }, "geometry": { "type": "Point", "coordinates": [ -43.475485202903059, -6.017924523775181 ] } },
{ "type": "Feature", "properties": { "rank": 628, "candidate_id": 2939, "scenario": "eolico", "solar_kwh_m2_day": 6.1376686096191406, "wind_m_s": 7.5260014533996582, "dist_grid_km": 648.58961967875075, "dist_demand_km": 368.42892499948277, "connection_cost_brl": 778307543.61450088, "is_restricted": false, "restriction_factor": 1.0, "score_final": 0.59480494855593813, "longitude": -32.643368866539291, "latitude": -5.7219290814933768 }, "geometry": { "type": "Point", "coordinates": [ -32.643368866539291, -5.721929081493377 ] } },
{ "type": "Feature", "properties": { "rank": 629, "candidate_id": 2867, "scenario": "eolico", "solar_kwh_m2_day": 6.2062478065490723, "wind_m_s": 7.5517616271972656, "dist_grid_km": 657.49548712834553, "dist_demand_km": 396.37925647609353, "connection_cost_brl": 788994584.55401468, "is_restricted": false, "restriction_factor": 1.0, "score_final": 0.59364573458912739, "longitude": -32.812350711892854, "latitude": -10.817685926083554 }, "geometry": { "type": "Point", "coordinates": [ -32.812350711892854, -10.817685926083554 ] } },
{ "type": "Feature", "properties": { "rank": 630, "candidate_id": 1500, "scenario": "eolico", "solar_kwh_m2_day": 6.2258338928222656, "wind_m_s": 7.6963863372802734, "dist_grid_km": 521.92624295568339, "dist_demand_km": 992.30235272977848, "connection_cost_brl": 626311491.54682004, "is_restricted": false, "restriction_factor": 1.0, "score_final": 0.59361763230442488, "longitude": -43.483809239302609, "latitude": -5.573331193525819 }, "geometry": { "type": "Point", "coordinates": [ -43.483809239302609, -5.573331193525819 ] } },
{ "type": "Feature", "properties": { "rank": 631, "candidate_id": 1718, "scenario": "eolico", "solar_kwh_m2_day": 6.0355396270751953, "wind_m_s": 7.5753340721130371, "dist_grid_km": 556.63175207481277, "dist_demand_km": 710.06337813369566, "connection_cost_brl": 667958102.4897753, "is_restricted": false, "restriction_factor": 1.0, "score_final": 0.5935677130886774, "longitude": -41.285181382556615, "latitude": -15.251473739532871 }, "geometry": { "type": "Point", "coordinates": [ -41.285181382556615, -15.251473739532871 ] } },
{ "type": "Feature", "properties": { "rank": 632, "candidate_id": 996, "scenario": "eolico", "solar_kwh_m2_day": 5.5573196411132812, "wind_m_s": 6.6917314529418945, "dist_grid_km": 268.15130123170496, "dist_demand_km": 130.32748493841146, "connection_cost_brl": 321781561.47804594, "is_restricted": false, "restriction_factor": 1.0, "score_final": 0.59355479741664396, "longitude": -46.836181543831636, "latitude": -16.393338411635064 }, "geometry": { "type": "Point", "coordinates": [ -46.836181543831636, -16.393338411635064 ] } },
{ "type": "Feature", "properties": { "rank": 633, "candidate_id": 697, "scenario": "eolico", "solar_kwh_m2_day": 5.585963249206543, "wind_m_s": 6.4499306678771973, "dist_grid_km": 127.93413583005488, "dist_demand_km": 142.06153538748384, "connection_cost_brl": 153520962.99606586, "is_restricted": false, "restriction_factor": 1.0, "score_final": 0.59331451994556428, "longitude": -49.186885983828269, "latitude": -16.009584345456616 }, "geometry": { "type": "Point", "coordinates": [ -49.186885983828269, -16.009584345456616 ] } },
{ "type": "Feature", "properties": { "rank": 634, "candidate_id": 890, "scenario": "eolico", "solar_kwh_m2_day": 6.4831571578979492, "wind_m_s": 7.040255069732666, "dist_grid_km": 286.76982695309027, "dist_demand_km": 629.33404093005845, "connection_cost_brl": 344123792.34370834, "is_restricted": false, "restriction_factor": 1.0, "score_final": 0.5926586531350363, "longitude": -47.930946151582894, "latitude": -10.132171517323942 }, "geometry": { "type": "Point", "coordinates": [ -47.930946151582894, -10.132171517323942 ] } },
{ "type": "Feature", "properties": { "rank": 635, "candidate_id": 939, "scenario": "eolico", "solar_kwh_m2_day": 5.4903731346130371, "wind_m_s": 6.5932478904724121, "dist_grid_km": 230.9240213381274, "dist_demand_km": 99.086428621779433, "connection_cost_brl": 277108825.60575289, "is_restricted": false, "restriction_factor": 1.0, "score_final": 0.59173314667915999, "longitude": -47.34810924923152, "latitude": -15.062299386637328 }, "geometry": { "type": "Point", "coordinates": [ -47.34810924923152, -15.062299386637328 ] } },
{ "type": "Feature", "properties": { "rank": 636, "candidate_id": 761, "scenario": "eolico", "solar_kwh_m2_day": 5.9427919387817383, "wind_m_s": 6.3823237419128418, "dist_grid_km": 75.96699201745659, "dist_demand_km": 200.82994570900345, "connection_cost_brl": 91160390.420947909, "is_restricted": false, "restriction_factor": 1.0, "score_final": 0.5913288401113338, "longitude": -48.764287434789438, "latitude": -14.198770425943303 }, "geometry": { "type": "Point", "coordinates": [ -48.764287434789438, -14.198770425943303 ] } },
{ "type": "Feature", "properties": { "rank": 637, "candidate_id": 2929, "scenario": "eolico", "solar_kwh_m2_day": 5.8689107894897461, "wind_m_s": 7.5010643005371094, "dist_grid_km": 654.53479994109807, "dist_demand_km": 350.70357603756253, "connection_cost_brl": 785441759.92931771, "is_restricted": false, "restriction_factor": 1.0, "score_final": 0.59132543070580812, "longitude": -32.416816427877933, "latitude": -9.9444906599274603 }, "geometry": { "type": "Point", "coordinates": [ -32.416816427877933, -9.94449065992746 ] } },
{ "type": "Feature", "properties": { "rank": 638, "candidate_id": 821, "scenario": "eolico", "solar_kwh_m2_day": 5.7774367332458496, "wind_m_s": 6.4089150428771973, "dist_grid_km": 97.552141241487021, "dist_demand_km": 183.78977252684123, "connection_cost_brl": 117062569.48978442, "is_restricted": false, "restriction_factor": 1.0, "score_final": 0.59124883689867214, "longitude": -48.301206262517709, "latitude": -14.188243355234999 }, "geometry": { "type": "Point", "coordinates": [ -48.301206262517709, -14.188243355234999 ] } },
{ "type": "Feature", "properties": { "rank": 639, "candidate_id": 816, "scenario": "eolico", "solar_kwh_m2_day": 5.6827630996704102, "wind_m_s": 6.4504165649414062, "dist_grid_km": 162.68794697395367, "dist_demand_km": 81.530443114284381, "connection_cost_brl": 195225536.3687444, "is_restricted": false, "restriction_factor": 1.0, "score_final": 0.59014443681080719, "longitude": -48.239826686325202, "latitude": -16.436276040619575 }, "geometry": { "type": "Point", "coordinates": [ -48.239826686325202, -16.436276040619575 ] } },
{ "type": "Feature", "properties": { "rank": 640, "candidate_id": 938, "scenario": "eolico", "solar_kwh_m2_day": 5.638221263885498, "wind_m_s": 6.6376528739929199, "dist_grid_km": 276.02481216241716, "dist_demand_km": 66.27085989186871, "connection_cost_brl": 331229774.59490061, "is_restricted": false, "restriction_factor": 1.0, "score_final": 0.58968854616243793, "longitude": -47.333876803710105, "latitude": -15.511118468594898 }, "geometry": { "type": "Point", "coordinates": [ -47.333876803710105, -15.511118468594898 ] } },
{ "type": "Feature", "properties": { "rank": 641, "candidate_id": 814, "scenario": "eolico", "solar_kwh_m2_day": 5.4958391189575195, "wind_m_s": 6.3799643516540527, "dist_grid_km": 91.577763584749491, "dist_demand_km": 175.48397710899127, "connection_cost_brl": 109893316.30169939, "is_restricted": false, "restriction_factor": 1.0, "score_final": 0.58935902468816181, "longitude": -48.21240098128407, "latitude": -17.33528721941725 }, "geometry": { "type": "Point", "coordinates": [ -48.21240098128407, -17.33528721941725 ] } },
{ "type": "Feature", "properties": { "rank": 642, "candidate_id": 2742, "scenario": "eolico", "solar_kwh_m2_day": 5.8427014350891113, "wind_m_s": 7.8264379501342773, "dist_grid_km": 757.19486862527356, "dist_demand_km": 597.15061831122603, "connection_cost_brl": 908633842.35032833, "is_restricted": false, "restriction_factor": 1.0, "score_final": 0.58916251463726932, "longitude": -33.55952593756998, "latitude": -13.0002505684129 }, "geometry": { "type": "Point", "coordinates": [ -33.55952593756998, -13.0002505684129 ] } },
{ "type": "Feature", "properties": { "rank": 643, "candidate_id": 1419, "scenario": "eolico", "solar_kwh_m2_day": 6.3366703987121582, "wind_m_s": 7.1152162551879883, "dist_grid_km": 403.60521513037088, "dist_demand_km": 466.24695974656299, "connection_cost_brl": 484326258.15644503, "is_restricted": false, "restriction_factor": 1.0, "score_final": 0.58885204781434075, "longitude": -43.631719317346302, "latitude": -14.924907420709557 }, "geometry": { "type": "Point", "coordinates": [ -43.631719317346302, -14.924907420709557 ] } },
{ "type": "Feature", "properties": { "rank": 644, "candidate_id": 1007, "scenario": "eolico", "solar_kwh_m2_day": 6.0867433547973633, "wind_m_s": 6.6063680648803711, "dist_grid_km": 108.29715603216015, "dist_demand_km": 491.60398844872702, "connection_cost_brl": 129956587.23859218, "is_restricted": false, "restriction_factor": 1.0, "score_final": 0.58834415924341332, "longitude": -46.987429047867558, "latitude": -11.46016562705686 }, "geometry": { "type": "Point", "coordinates": [ -46.987429047867558, -11.46016562705686 ] } },
{ "type": "Feature", "properties": { "rank": 645, "candidate_id": 1060, "scenario": "eolico", "solar_kwh_m2_day": 6.021275520324707, "wind_m_s": 6.6343793869018555, "dist_grid_km": 228.99352896189842, "dist_demand_km": 205.27162635689285, "connection_cost_brl": 274792234.75427812, "is_restricted": false, "restriction_factor": 1.0, "score_final": 0.58826385987713392, "longitude": -46.434234926552847, "latitude": -14.585420679649685 }, "geometry": { "type": "Point", "coordinates": [ -46.434234926552847, -14.585420679649685 ] } },
{ "type": "Feature", "properties": { "rank": 646, "candidate_id": 1352, "scenario": "eolico", "solar_kwh_m2_day": 5.8766341209411621, "wind_m_s": 7.0086712837219238, "dist_grid_km": 336.85764296879904, "dist_demand_km": 490.87285504236974, "connection_cost_brl": 404229171.56255883, "is_restricted": false, "restriction_factor": 1.0, "score_final": 0.58819857432189615, "longitude": -43.934487862701332, "latitude": -18.060334034935348 }, "geometry": { "type": "Point", "coordinates": [ -43.934487862701332, -18.060334034935348 ] } },
{ "type": "Feature", "properties": { "rank": 647, "candidate_id": 696, "scenario": "eolico", "solar_kwh_m2_day": 6.0768637657165527, "wind_m_s": 6.3615627288818359, "dist_grid_km": 92.379044135452787, "dist_demand_km": 157.33780972937822, "connection_cost_brl": 110854852.96254334, "is_restricted": false, "restriction_factor": 1.0, "score_final": 0.58818301268918538, "longitude": -49.175902509530637, "latitude": -16.459812531371778 }, "geometry": { "type": "Point", "coordinates": [ -49.175902509530637, -16.459812531371778 ] } },
{ "type": "Feature", "properties": { "rank": 648, "candidate_id": 2873, "scenario": "eolico", "solar_kwh_m2_day": 6.1427412033081055, "wind_m_s": 7.2130260467529297, "dist_grid_km": 554.66379893300814, "dist_demand_km": 211.57655749866251, "connection_cost_brl": 665596558.71960974, "is_restricted": false, "restriction_factor": 1.0, "score_final": 0.58815448111688151, "longitude": -32.975789563933624, "latitude": -8.2788899333943355 }, "geometry": { "type": "Point", "coordinates": [ -32.975789563933624, -8.278889933394336 ] } },
{ "type": "Feature", "properties": { "rank": 649, "candidate_id": 1358, "scenario": "eolico", "solar_kwh_m2_day": 5.9433622360229492, "wind_m_s": 7.1123785972595215, "dist_grid_km": 427.12085673063024, "dist_demand_km": 410.50447088273603, "connection_cost_brl": 512545028.0767563, "is_restricted": false, "restriction_factor": 1.0, "score_final": 0.58763004387993112, "longitude": -44.075038234688584, "latitude": -15.390369328574698 }, "geometry": { "type": "Point", "coordinates": [ -44.075038234688584, -15.390369328574698 ] } },
{ "type": "Feature", "properties": { "rank": 650, "candidate_id": 1319, "scenario": "eolico", "solar_kwh_m2_day": 6.4989709854125977, "wind_m_s": 7.7731151580810547, "dist_grid_km": 541.58089980348518, "dist_demand_km": 1122.9015747853607, "connection_cost_brl": 649897079.76418221, "is_restricted": false, "restriction_factor": 1.0, "score_final": 0.58749903361121369, "longitude": -44.830186729599937, "latitude": -6.0420556493768718 }, "geometry": { "type": "Point", "coordinates": [ -44.830186729599937, -6.042055649376872 ] } },
{ "type": "Feature", "properties": { "rank": 651, "candidate_id": 1014, "scenario": "eolico", "solar_kwh_m2_day": 6.0608515739440918, "wind_m_s": 7.3788204193115234, "dist_grid_km": 424.00269180218839, "dist_demand_km": 836.45593770513403, "connection_cost_brl": 508803230.16262609, "is_restricted": false, "restriction_factor": 1.0, "score_final": 0.58723139667439483, "longitude": -47.054045638694483, "latitude": -8.3192597066041394 }, "geometry": { "type": "Point", "coordinates": [ -47.054045638694483, -8.319259706604139 ] } },
{ "type": "Feature", "properties": { "rank": 652, "candidate_id": 2820, "scenario": "eolico", "solar_kwh_m2_day": 6.2898082733154297, "wind_m_s": 7.341224193572998, "dist_grid_km": 580.57201317837166, "dist_demand_km": 350.51439839136037, "connection_cost_brl": 696686415.81404603, "is_restricted": false, "restriction_factor": 1.0, "score_final": 0.58711470996977921, "longitude": -33.560836497371994, "latitude": -5.3279590557825323 }, "geometry": { "type": "Point", "coordinates": [ -33.560836497371994, -5.327959055782532 ] } },
{ "type": "Feature", "properties": { "rank": 653, "candidate_id": 1256, "scenario": "eolico", "solar_kwh_m2_day": 5.919797420501709, "wind_m_s": 7.4748492240905762, "dist_grid_km": 427.86367655464625, "dist_demand_km": 979.4361521929568, "connection_cost_brl": 513436411.86557549, "is_restricted": false, "restriction_factor": 1.0, "score_final": 0.58679636830008985, "longitude": -45.257681325089266, "latitude": -7.3901005349719942 }, "geometry": { "type": "Point", "coordinates": [ -45.257681325089266, -7.390100534971994 ] } },
{ "type": "Feature", "properties": { "rank": 654, "candidate_id": 1314, "scenario": "eolico", "solar_kwh_m2_day": 6.2594413757324219, "wind_m_s": 7.2186770439147949, "dist_grid_km": 316.07694568203635, "dist_demand_km": 903.81889927247539, "connection_cost_brl": 379292334.8184436, "is_restricted": false, "restriction_factor": 1.0, "score_final": 0.58535852052990145, "longitude": -44.785127794159393, "latitude": -8.2737177634452337 }, "geometry": { "type": "Point", "coordinates": [ -44.785127794159393, -8.273717763445234 ] } },
{ "type": "Feature", "properties": { "rank": 655, "candidate_id": 1196, "scenario": "eolico", "solar_kwh_m2_day": 6.2437152862548828, "wind_m_s": 7.4918160438537598, "dist_grid_km": 449.44882577867673, "dist_demand_km": 964.80524606293375, "connection_cost_brl": 539338590.93441212, "is_restricted": false, "restriction_factor": 1.0, "score_final": 0.58509633362595836, "longitude": -45.71049822810383, "latitude": -7.398654593071937 }, "geometry": { "type": "Point", "coordinates": [ -45.71049822810383, -7.398654593071937 ] } },
{ "type": "Feature", "properties": { "rank": 656, "candidate_id": 812, "scenario": "eolico", "solar_kwh_m2_day": 5.6515054702758789, "wind_m_s": 6.2854933738708496, "dist_grid_km": 20.467580195545338, "dist_demand_km": 273.75543700457598, "connection_cost_brl": 24561096.234654404, "is_restricted": false, "restriction_factor": 1.0, "score_final": 0.58468906521486341, "longitude": -48.183279009376115, "latitude": -18.234173254562361 }, "geometry": { "type": "Point", "coordinates": [ -48.183279009376115, -18.234173254562361 ] } },
{ "type": "Feature", "properties": { "rank": 657, "candidate_id": 891, "scenario": "eolico", "solar_kwh_m2_day": 6.4400558471679688, "wind_m_s": 7.0955429077148438, "dist_grid_km": 331.87061777738006, "dist_demand_km": 679.32880738238077, "connection_cost_brl": 398244741.33285606, "is_restricted": false, "restriction_factor": 1.0, "score_final": 0.58445138681840469, "longitude": -47.939234040144605, "latitude": -9.6826558809726073 }, "geometry": { "type": "Point", "coordinates": [ -47.939234040144605, -9.682655880972607 ] } },
{ "type": "Feature", "properties": { "rank": 658, "candidate_id": 1418, "scenario": "eolico", "solar_kwh_m2_day": 5.2497100830078125, "wind_m_s": 7.158409595489502, "dist_grid_km": 448.70600595466067, "dist_demand_km": 460.39106638454859, "connection_cost_brl": 538447207.14559281, "is_restricted": false, "restriction_factor": 1.0, "score_final": 0.58411205502179986, "longitude": -43.609817498784643, "latitude": -15.369438841819436 }, "geometry": { "type": "Point", "coordinates": [ -43.609817498784643, -15.369438841819436 ] } },
{ "type": "Feature", "properties": { "rank": 659, "candidate_id": 2880, "scenario": "eolico", "solar_kwh_m2_day": 6.3021612167358398, "wind_m_s": 7.412503719329834, "dist_grid_km": 624.28263882760791, "dist_demand_km": 375.74918743026291, "connection_cost_brl": 749139166.59312952, "is_restricted": false, "restriction_factor": 1.0, "score_final": 0.58389519606018792, "longitude": -33.109990056685824, "latitude": -5.3137612163213932 }, "geometry": { "type": "Point", "coordinates": [ -33.109990056685824, -5.313761216321393 ] } },
{ "type": "Feature", "properties": { "rank": 660, "candidate_id": 1229, "scenario": "eolico", "solar_kwh_m2_day": 5.6930418014526367, "wind_m_s": 6.6685590744018555, "dist_grid_km": 159.88346504649203, "dist_demand_km": 496.12905476925772, "connection_cost_brl": 191860158.05579045, "is_restricted": false, "restriction_factor": 1.0, "score_final": 0.58372669185206894, "longitude": -44.805021687370171, "latitude": -19.444620383900908 }, "geometry": { "type": "Point", "coordinates": [ -44.805021687370171, -19.444620383900908 ] } },
{ "type": "Feature", "properties": { "rank": 661, "candidate_id": 1473, "scenario": "eolico", "solar_kwh_m2_day": 5.7947139739990234, "wind_m_s": 7.2044310569763184, "dist_grid_km": 442.72163750190208, "dist_demand_km": 555.22471132653322, "connection_cost_brl": 531265965.0022825, "is_restricted": false, "restriction_factor": 1.0, "score_final": 0.58345035068897921, "longitude": -43.019049026318349, "latitude": -17.566161877825017 }, "geometry": { "type": "Point", "coordinates": [ -43.019049026318349, -17.566161877825017 ] } },
{ "type": "Feature", "properties": { "rank": 662, "candidate_id": 1838, "scenario": "eolico", "solar_kwh_m2_day": 5.7808046340942383, "wind_m_s": 7.6440868377685547, "dist_grid_km": 599.80205052287363, "dist_demand_km": 809.9889059429205, "connection_cost_brl": 719762460.62744832, "is_restricted": false, "restriction_factor": 1.0, "score_final": 0.58313935647032111, "longitude": -40.356075301719073, "latitude": -15.198236125396503 }, "geometry": { "type": "Point", "coordinates": [ -40.356075301719073, -15.198236125396503 ] } },
{ "type": "Feature", "properties": { "rank": 663, "candidate_id": 1055, "scenario": "eolico", "solar_kwh_m2_day": 4.931617259979248, "wind_m_s": 6.6637969017028809, "dist_grid_km": 267.75066095635322, "dist_demand_km": 200.01243275393495, "connection_cost_brl": 321300793.14762384, "is_restricted": false, "restriction_factor": 1.0, "score_final": 0.58309577881435271, "longitude": -46.350644336433142, "latitude": -16.824819337257139 }, "geometry": { "type": "Point", "coordinates": [ -46.350644336433142, -16.824819337257139 ] } },
{ "type": "Feature", "properties": { "rank": 664, "candidate_id": 1197, "scenario": "eolico", "solar_kwh_m2_day": 6.0625710487365723, "wind_m_s": 7.586235523223877, "dist_grid_km": 494.54961660296647, "dist_demand_km": 1013.0525436998663, "connection_cost_brl": 593459539.92355978, "is_restricted": false, "restriction_factor": 1.0, "score_final": 0.58272363267977934, "longitude": -45.71864592936214, "latitude": -6.951249797214297 }, "geometry": { "type": "Point", "coordinates": [ -45.71864592936214, -6.951249797214297 ] } },
{ "type": "Feature", "properties": { "rank": 665, "candidate_id": 2141, "scenario": "eolico", "solar_kwh_m2_day": 5.038848876953125, "wind_m_s": 7.5528535842895508, "dist_grid_km": 572.42542417015648, "dist_demand_km": 748.02612905429282, "connection_cost_brl": 686910509.00418782, "is_restricted": false, "restriction_factor": 1.0, "score_final": 0.58271781181370075, "longitude": -38.130286890255022, "latitude": -13.745715801168016 }, "geometry": { "type": "Point", "coordinates": [ -38.130286890255022, -13.745715801168016 ] } },
{ "type": "Feature", "properties": { "rank": 666, "candidate_id": 1012, "scenario": "eolico", "solar_kwh_m2_day": 5.819603443145752, "wind_m_s": 7.1169333457946777, "dist_grid_km": 333.80111015360893, "dist_demand_km": 737.43199604421329, "connection_cost_brl": 400561332.1843307, "is_restricted": false, "restriction_factor": 1.0, "score_final": 0.58162654842367645, "longitude": -47.037270812602351, "latitude": -9.2167637326454663 }, "geometry": { "type": "Point", "coordinates": [ -47.037270812602351, -9.216763732645466 ] } },
{ "type": "Feature", "properties": { "rank": 667, "candidate_id": 829, "scenario": "eolico", "solar_kwh_m2_day": 5.9843177795410156, "wind_m_s": 6.8846011161804199, "dist_grid_km": 263.25418535283097, "dist_demand_km": 580.67979835289464, "connection_cost_brl": 315905022.42339718, "is_restricted": false, "restriction_factor": 1.0, "score_final": 0.58066838187625969, "longitude": -48.379064804368348, "latitude": -10.590102386901837 }, "geometry": { "type": "Point", "coordinates": [ -48.379064804368348, -10.590102386901837 ] } },
{ "type": "Feature", "properties": { "rank": 668, "candidate_id": 1300, "scenario": "eolico", "solar_kwh_m2_day": 5.6189279556274414, "wind_m_s": 6.8466362953186035, "dist_grid_km": 315.33412585802017, "dist_demand_km": 381.99541117027951, "connection_cost_brl": 378400951.02962422, "is_restricted": false, "restriction_factor": 1.0, "score_final": 0.58040224739035717, "longitude": -44.579722604934176, "latitude": -14.518810656789016 }, "geometry": { "type": "Point", "coordinates": [ -44.579722604934176, -14.518810656789016 ] } },
{ "type": "Feature", "properties": { "rank": 669, "candidate_id": 700, "scenario": "eolico", "solar_kwh_m2_day": 5.9838013648986816, "wind_m_s": 6.3418645858764648, "dist_grid_km": 99.482633617715848, "dist_demand_km": 190.94596155793189, "connection_cost_brl": 119379160.34125902, "is_restricted": false, "restriction_factor": 1.0, "score_final": 0.58036828347022884, "longitude": -49.217783281970711, "latitude": -14.658747012038599 }, "geometry": { "type": "Point", "coordinates": [ -49.217783281970711, -14.658747012038599 ] } },
{ "type": "Feature", "properties": { "rank": 670, "candidate_id": 1120, "scenario": "eolico", "solar_kwh_m2_day": 5.9626936912536621, "wind_m_s": 6.6423587799072266, "dist_grid_km": 250.57867818592885, "dist_demand_km": 246.13503200314778, "connection_cost_brl": 300694413.82311463, "is_restricted": false, "restriction_factor": 1.0, "score_final": 0.5800745143169751, "longitude": -45.970505517285673, "latitude": -14.570078415075432 }, "geometry": { "type": "Point", "coordinates": [ -45.970505517285673, -14.570078415075432 ] } },
{ "type": "Feature", "properties": { "rank": 671, "candidate_id": 2745, "scenario": "eolico", "solar_kwh_m2_day": 5.8994641304016113, "wind_m_s": 7.466768741607666, "dist_grid_km": 643.05511132310676, "dist_demand_km": 450.45857002470444, "connection_cost_brl": 771666133.58772814, "is_restricted": false, "restriction_factor": 1.0, "score_final": 0.57997060606492779, "longitude": -33.662512826798604, "latitude": -11.725705466150217 }, "geometry": { "type": "Point", "coordinates": [ -33.662512826798604, -11.725705466150217 ] } },
{ "type": "Feature", "properties": { "rank": 672, "candidate_id": 1320, "scenario": "eolico", "solar_kwh_m2_day": 6.1495270729064941, "wind_m_s": 7.8061871528625488, "dist_grid_km": 586.68169062777486, "dist_demand_km": 1135.6419480225786, "connection_cost_brl": 704018028.75332987, "is_restricted": false, "restriction_factor": 1.0, "score_final": 0.5795540785840263, "longitude": -44.837478252730492, "latitude": -5.5956682030973797 }, "geometry": { "type": "Point", "coordinates": [ -44.837478252730492, -5.59566820309738 ] } },
{ "type": "Feature", "properties": { "rank": 673, "candidate_id": 708, "scenario": "eolico", "solar_kwh_m2_day": 5.5633807182312012, "wind_m_s": 6.8516721725463867, "dist_grid_km": 261.3236929766021, "dist_demand_km": 547.60451784565612, "connection_cost_brl": 313588431.57192254, "is_restricted": false, "restriction_factor": 1.0, "score_final": 0.57948173819447546, "longitude": -49.285683979698071, "latitude": -11.055519995236267 }, "geometry": { "type": "Point", "coordinates": [ -49.285683979698071, -11.055519995236267 ] } },
{ "type": "Feature", "properties": { "rank": 674, "candidate_id": 889, "scenario": "eolico", "solar_kwh_m2_day": 6.0295710563659668, "wind_m_s": 6.8363332748413086, "dist_grid_km": 241.66903612880057, "dist_demand_km": 579.34017779465739, "connection_cost_brl": 290002843.35456067, "is_restricted": false, "restriction_factor": 1.0, "score_final": 0.579324737225, "longitude": -47.922262090270749, "latitude": -10.581667884567661 }, "geometry": { "type": "Point", "coordinates": [ -47.922262090270749, -10.581667884567661 ] } },
{ "type": "Feature", "properties": { "rank": 675, "candidate_id": 1226, "scenario": "eolico", "solar_kwh_m2_day": 5.2977504730224609, "wind_m_s": 6.3645224571228027, "dist_grid_km": 53.218189962685756, "dist_demand_km": 366.34801591517521, "connection_cost_brl": 63861827.955222905, "is_restricted": false, "restriction_factor": 1.0, "score_final": 0.5791031659054493, "longitude": -44.725858603173378, "latitude": -20.782080599193602 }, "geometry": { "type": "Point", "coordinates": [ -44.725858603173378, -20.782080599193602 ] } },
{ "type": "Feature", "properties": { "rank": 676, "candidate_id": 2806, "scenario": "eolico", "solar_kwh_m2_day": 5.9372830390930176, "wind_m_s": 7.4448356628417969, "dist_grid_km": 646.45966300803082, "dist_demand_km": 418.34760563031926, "connection_cost_brl": 775751595.60963702, "is_restricted": false, "restriction_factor": 1.0, "score_final": 0.57892149484976274, "longitude": -33.23743963853736, "latitude": -11.270835040669793 }, "geometry": { "type": "Point", "coordinates": [ -33.23743963853736, -11.270835040669793 ] } },
{ "type": "Feature", "properties": { "rank": 677, "candidate_id": 1180, "scenario": "eolico", "solar_kwh_m2_day": 5.7246737480163574, "wind_m_s": 6.699547290802002, "dist_grid_km": 272.16382740995925, "dist_demand_km": 289.87664164464405, "connection_cost_brl": 326596592.89195108, "is_restricted": false, "restriction_factor": 1.0, "score_final": 0.57874789463999599, "longitude": -45.506841376935547, "latitude": -14.553858585146243 }, "geometry": { "type": "Point", "coordinates": [ -45.506841376935547, -14.553858585146243 ] } },
{ "type": "Feature", "properties": { "rank": 678, "candidate_id": 461, "scenario": "eolico", "solar_kwh_m2_day": 6.1108722686767578, "wind_m_s": 6.3339042663574219, "dist_grid_km": 31.95875410269559, "dist_demand_km": 384.8410063046133, "connection_cost_brl": 38350504.923234709, "is_restricted": false, "restriction_factor": 1.0, "score_final": 0.57838038276685722, "longitude": -51.080235020691092, "latitude": -14.238165657913813 }, "geometry": { "type": "Point", "coordinates": [ -51.080235020691092, -14.238165657913813 ] } },
{ "type": "Feature", "properties": { "rank": 679, "candidate_id": 2139, "scenario": "eolico", "solar_kwh_m2_day": 5.4287552833557129, "wind_m_s": 7.7358379364013672, "dist_grid_km": 662.62700581873594, "dist_demand_km": 834.86149440598911, "connection_cost_brl": 795152406.98248315, "is_restricted": false, "restriction_factor": 1.0, "score_final": 0.57802672053528148, "longitude": -38.06808883549941, "latitude": -14.615771961970864 }, "geometry": { "type": "Point", "coordinates": [ -38.06808883549941, -14.615771961970864 ] } },
{ "type": "Feature", "properties": { "rank": 680, "candidate_id": 1534, "scenario": "eolico", "solar_kwh_m2_day": 5.6166887283325195, "wind_m_s": 7.3102216720581055, "dist_grid_km": 513.43118061575456, "dist_demand_km": 584.93314739876917, "connection_cost_brl": 616117416.73890543, "is_restricted": false, "restriction_factor": 1.0, "score_final": 0.5779017390257366, "longitude": -42.57667698365816, "latitude": -17.09706878426584 }, "geometry": { "type": "Point", "coordinates": [ -42.57667698365816, -17.09706878426584 ] } },
{ "type": "Feature", "properties": { "rank": 681, "candidate_id": 707, "scenario": "eolico", "solar_kwh_m2_day": 5.8053073883056641, "wind_m_s": 6.7126359939575195, "dist_grid_km": 216.22290215231237, "dist_demand_km": 499.44410548004498, "connection_cost_brl": 259467482.58277485, "is_restricted": false, "restriction_factor": 1.0, "score_final": 0.57538014671927618, "longitude": -49.278315687012409, "latitude": -11.505994050644137 }, "geometry": { "type": "Point", "coordinates": [ -49.278315687012409, -11.505994050644137 ] } },
{ "type": "Feature", "properties": { "rank": 682, "candidate_id": 757, "scenario": "eolico", "solar_kwh_m2_day": 6.0594100952148438, "wind_m_s": 6.3560185432434082, "dist_grid_km": 163.08858724930533, "dist_demand_km": 92.884300226874132, "connection_cost_brl": 195706304.69916639, "is_restricted": false, "restriction_factor": 1.0, "score_final": 0.57529983204772861, "longitude": -48.719874123786703, "latitude": -15.998652334524969 }, "geometry": { "type": "Point", "coordinates": [ -48.719874123786703, -15.998652334524969 ] } },
{ "type": "Feature", "properties": { "rank": 683, "candidate_id": 1199, "scenario": "eolico", "solar_kwh_m2_day": 6.1886386871337891, "wind_m_s": 7.7545833587646484, "dist_grid_km": 584.75119825154604, "dist_demand_km": 1110.0126320133443, "connection_cost_brl": 701701437.90185523, "is_restricted": false, "restriction_factor": 1.0, "score_final": 0.57496500300793918, "longitude": -45.733383360989656, "latitude": -6.0563895448376526 }, "geometry": { "type": "Point", "coordinates": [ -45.733383360989656, -6.056389544837653 ] } },
{ "type": "Feature", "properties": { "rank": 684, "candidate_id": 1291, "scenario": "eolico", "solar_kwh_m2_day": 5.4753446578979492, "wind_m_s": 6.7859621047973633, "dist_grid_km": 266.14809985494668, "dist_demand_km": 481.75082040329642, "connection_cost_brl": 319377719.82593602, "is_restricted": false, "restriction_factor": 1.0, "score_final": 0.57487839740241964, "longitude": -44.381347962175759, "latitude": -18.529482280824514 }, "geometry": { "type": "Point", "coordinates": [ -44.381347962175759, -18.529482280824514 ] } },
{ "type": "Feature", "properties": { "rank": 685, "candidate_id": 998, "scenario": "eolico", "solar_kwh_m2_day": 5.4179835319519043, "wind_m_s": 6.6023039817810059, "dist_grid_km": 297.60996138644759, "dist_demand_km": 113.3041934916553, "connection_cost_brl": 357131953.66373712, "is_restricted": false, "restriction_factor": 1.0, "score_final": 0.57464308138396392, "longitude": -46.868109840817866, "latitude": -15.496675253064275 }, "geometry": { "type": "Point", "coordinates": [ -46.868109840817866, -15.496675253064275 ] } },
{ "type": "Feature", "properties": { "rank": 686, "candidate_id": 994, "scenario": "eolico", "solar_kwh_m2_day": 5.2970528602600098, "wind_m_s": 6.480463981628418, "dist_grid_km": 197.04111784250077, "dist_demand_km": 202.81189905414641, "connection_cost_brl": 236449341.41100091, "is_restricted": false, "restriction_factor": 1.0, "score_final": 0.57436804557743448, "longitude": -46.802198901546355, "latitude": -17.289861182973418 }, "geometry": { "type": "Point", "coordinates": [ -46.802198901546355, -17.289861182973418 ] } },
{ "type": "Feature", "properties": { "rank": 687, "candidate_id": 1720, "scenario": "eolico", "solar_kwh_m2_day": 5.4687209129333496, "wind_m_s": 7.2904973030090332, "dist_grid_km": 466.43017042623325, "dist_demand_km": 721.13978388316525, "connection_cost_brl": 559716204.51147985, "is_restricted": false, "restriction_factor": 1.0, "score_final": 0.57434627624882473, "longitude": -41.337349799438272, "latitude": -14.369481702556714 }, "geometry": { "type": "Point", "coordinates": [ -41.337349799438272, -14.369481702556714 ] } },
{ "type": "Feature", "properties": { "rank": 688, "candidate_id": 1073, "scenario": "eolico", "solar_kwh_m2_day": 6.2330894470214844, "wind_m_s": 7.142998218536377, "dist_grid_km": 357.31675175386823, "dist_demand_km": 795.4107465001656, "connection_cost_brl": 428780102.10464185, "is_restricted": false, "restriction_factor": 1.0, "score_final": 0.57396432448555046, "longitude": -46.591535463306023, "latitude": -8.7594546421035329 }, "geometry": { "type": "Point", "coordinates": [ -46.591535463306023, -8.759454642103533 ] } },
{ "type": "Feature", "properties": { "rank": 689, "candidate_id": 1239, "scenario": "eolico", "solar_kwh_m2_day": 5.9916939735412598, "wind_m_s": 6.8014554977416992, "dist_grid_km": 338.84976745827959, "dist_demand_km": 319.44981968527208, "connection_cost_brl": 406619720.9499355, "is_restricted": false, "restriction_factor": 1.0, "score_final": 0.57367942587801435, "longitude": -45.0248069750632, "latitude": -14.983155921449661 }, "geometry": { "type": "Point", "coordinates": [ -45.0248069750632, -14.983155921449661 ] } },
{ "type": "Feature", "properties": { "rank": 690, "candidate_id": 1107, "scenario": "eolico", "solar_kwh_m2_day": 5.4708614349365234, "wind_m_s": 6.265284538269043, "dist_grid_km": 18.464378818786976, "dist_demand_km": 365.97143689943601, "connection_cost_brl": 22157254.582544371, "is_restricted": false, "restriction_factor": 1.0, "score_final": 0.57365414812658244, "longitude": -45.709400762106839, "latitude": -20.383896259990568 }, "geometry": { "type": "Point", "coordinates": [ -45.709400762106839, -20.383896259990568 ] } },
{ "type": "Feature", "properties": { "rank": 691, "candidate_id": 1896, "scenario": "eolico", "solar_kwh_m2_day": 5.4716787338256836, "wind_m_s": 7.806358814239502, "dist_grid_km": 711.58878139548358, "dist_demand_km": 862.36619496022308, "connection_cost_brl": 853906537.67458034, "is_restricted": false, "restriction_factor": 1.0, "score_final": 0.57314064262366871, "longitude": -39.830393399232818, "latitude": -16.047169158205609 }, "geometry": { "type": "Point", "coordinates": [ -39.830393399232818, -16.047169158205609 ] } },
{ "type": "Feature", "properties": { "rank": 692, "candidate_id": 634, "scenario": "eolico", "solar_kwh_m2_day": 6.2147917747497559, "wind_m_s": 6.1798505783081055, "dist_grid_km": 13.885590673001792, "dist_demand_km": 255.84484760500584, "connection_cost_brl": 16662708.80760215, "is_restricted": false, "restriction_factor": 1.0, "score_final": 0.57273776563993284, "longitude": -49.623219431113988, "latitude": -17.371008901471303 }, "geometry": { "type": "Point", "coordinates": [ -49.623219431113988, -17.371008901471303 ] } },
{ "type": "Feature", "properties": { "rank": 693, "candidate_id": 989, "scenario": "eolico", "solar_kwh_m2_day": 5.1359724998474121, "wind_m_s": 6.302830696105957, "dist_grid_km": 19.265659369490333, "dist_demand_km": 434.74268144143929, "connection_cost_brl": 23118791.243388399, "is_restricted": false, "restriction_factor": 1.0, "score_final": 0.57246273338231468, "longitude": -46.707947472045667, "latitude": -19.53050118003943 }, "geometry": { "type": "Point", "coordinates": [ -46.707947472045667, -19.53050118003943 ] } },
{ "type": "Feature", "properties": { "rank": 694, "candidate_id": 2682, "scenario": "eolico", "solar_kwh_m2_day": 5.747657299041748, "wind_m_s": 7.6553258895874023, "dist_grid_km": 728.47726005474669, "dist_demand_km": 590.13706253262376, "connection_cost_brl": 874172712.065696, "is_restricted": false, "restriction_factor": 1.0, "score_final": 0.5723718525485989, "longitude": -34.01905221611959, "latitude": -13.034110303016558 }, "geometry": { "type": "Point", "coordinates": [ -34.01905221611959, -13.034110303016558 ] } },
{ "type": "Feature", "properties": { "rank": 695, "candidate_id": 1315, "scenario": "eolico", "solar_kwh_m2_day": 6.0335884094238281, "wind_m_s": 7.2382731437683105, "dist_grid_km": 361.17773650632608, "dist_demand_km": 949.90257192425815, "connection_cost_brl": 433413283.80759132, "is_restricted": false, "restriction_factor": 1.0, "score_final": 0.57234410312217066, "longitude": -44.79529525307894, "latitude": -7.8274261897893274 }, "geometry": { "type": "Point", "coordinates": [ -44.79529525307894, -7.827426189789327 ] } },
{ "type": "Feature", "properties": { "rank": 696, "candidate_id": 1002, "scenario": "eolico", "solar_kwh_m2_day": 5.4604983329772949, "wind_m_s": 6.3533897399902344, "dist_grid_km": 117.2067980892886, "dist_demand_km": 254.05317185116908, "connection_cost_brl": 140648157.70714632, "is_restricted": false, "restriction_factor": 1.0, "score_final": 0.57160232473018269, "longitude": -46.925969623741544, "latitude": -13.702959509712976 }, "geometry": { "type": "Point", "coordinates": [ -46.925969623741544, -13.702959509712976 ] } },
{ "type": "Feature", "properties": { "rank": 697, "candidate_id": 2862, "scenario": "eolico", "solar_kwh_m2_day": 5.6597704887390137, "wind_m_s": 7.8287825584411621, "dist_grid_km": 820.77644360909494, "dist_demand_km": 623.09154840935753, "connection_cost_brl": 984931732.3309139, "is_restricted": false, "restriction_factor": 1.0, "score_final": 0.57079887870548518, "longitude": -32.640826136926187, "latitude": -12.930772769290302 }, "geometry": { "type": "Point", "coordinates": [ -32.640826136926187, -12.930772769290302 ] } },
{ "type": "Feature", "properties": { "rank": 698, "candidate_id": 1437, "scenario": "eolico", "solar_kwh_m2_day": 6.2297763824462891, "wind_m_s": 7.3461818695068359, "dist_grid_km": 408.20901970684469, "dist_demand_km": 1004.9939246079979, "connection_cost_brl": 489850823.64821362, "is_restricted": false, "restriction_factor": 1.0, "score_final": 0.57079241319325524, "longitude": -43.909201221624564, "latitude": -6.9166926919778158 }, "geometry": { "type": "Point", "coordinates": [ -43.909201221624564, -6.916692691977816 ] } },
{ "type": "Feature", "properties": { "rank": 699, "candidate_id": 1015, "scenario": "eolico", "solar_kwh_m2_day": 6.4656815528869629, "wind_m_s": 7.3756489753723145, "dist_grid_km": 469.10348262647818, "dist_demand_km": 886.05012792075502, "connection_cost_brl": 562924179.15177381, "is_restricted": false, "restriction_factor": 1.0, "score_final": 0.57058923238960135, "longitude": -47.061766529622332, "latitude": -7.8704808264508888 }, "geometry": { "type": "Point", "coordinates": [ -47.061766529622332, -7.870480826450889 ] } },
{ "type": "Feature", "properties": { "rank": 700, "candidate_id": 830, "scenario": "eolico", "solar_kwh_m2_day": 6.2304353713989258, "wind_m_s": 6.9264302253723145, "dist_grid_km": 308.3549761771207, "dist_demand_km": 630.56746005591629, "connection_cost_brl": 370025971.41254485, "is_restricted": false, "restriction_factor": 1.0, "score_final": 0.57052059073965977, "longitude": -48.387104877996371, "latitude": -10.1402402720935 }, "geometry": { "type": "Point", "coordinates": [ -48.387104877996371, -10.1402402720935 ] } },
{ "type": "Feature", "properties": { "rank": 701, "candidate_id": 1654, "scenario": "eolico", "solar_kwh_m2_day": 5.2652773857116699, "wind_m_s": 7.4425950050354004, "dist_grid_km": 583.74008345425534, "dist_demand_km": 681.20394428526595, "connection_cost_brl": 700488100.14510643, "is_restricted": false, "restriction_factor": 1.0, "score_final": 0.57008699525865669, "longitude": -41.638954624936517, "latitude": -17.043119836801257 }, "geometry": { "type": "Point", "coordinates": [ -41.638954624936517, -17.043119836801257 ] } },
{ "type": "Feature", "properties": { "rank": 702, "candidate_id": 2260, "scenario": "eolico", "solar_kwh_m2_day": 5.8068752288818359, "wind_m_s": 7.6201300621032715, "dist_grid_km": 660.69651344250713, "dist_demand_km": 746.60740623474044, "connection_cost_brl": 792835816.13100851, "is_restricted": false, "restriction_factor": 1.0, "score_final": 0.57000046117481062, "longitude": -37.1756740185251, "latitude": -14.120078341373713 }, "geometry": { "type": "Point", "coordinates": [ -37.1756740185251, -14.120078341373713 ] } },
{ "type": "Feature", "properties": { "rank": 703, "candidate_id": 1478, "scenario": "eolico", "solar_kwh_m2_day": 5.6310834884643555, "wind_m_s": 7.130434513092041, "dist_grid_km": 470.2911551786911, "dist_demand_km": 510.29986027696361, "connection_cost_brl": 564349386.21442926, "is_restricted": false, "restriction_factor": 1.0, "score_final": 0.56986650002728767, "longitude": -43.144689910209586, "latitude": -15.347609900373808 }, "geometry": { "type": "Point", "coordinates": [ -43.144689910209586, -15.347609900373808 ] } },
{ "type": "Feature", "properties": { "rank": 704, "candidate_id": 1050, "scenario": "eolico", "solar_kwh_m2_day": 5.5279159545898438, "wind_m_s": 6.3893370628356934, "dist_grid_km": 89.975202483342798, "dist_demand_km": 403.57589859292995, "connection_cost_brl": 107970242.98001136, "is_restricted": false, "restriction_factor": 1.0, "score_final": 0.56980902664381217, "longitude": -46.253241393503792, "latitude": -19.063262215255758 }, "geometry": { "type": "Point", "coordinates": [ -46.253241393503792, -19.063262215255758 ] } },
{ "type": "Feature", "properties": { "rank": 705, "candidate_id": 1170, "scenario": "eolico", "solar_kwh_m2_day": 5.0017828941345215, "wind_m_s": 6.5445451736450195, "dist_grid_km": 160.2841053218437, "dist_demand_km": 452.51025702083746, "connection_cost_brl": 192340926.38621244, "is_restricted": false, "restriction_factor": 1.0, "score_final": 0.56972797357163163, "longitude": -45.304294608397782, "latitude": -19.021373407286106 }, "geometry": { "type": "Point", "coordinates": [ -45.304294608397782, -19.021373407286106 ] } },
{ "type": "Feature", "properties": { "rank": 706, "candidate_id": 833, "scenario": "eolico", "solar_kwh_m2_day": 5.8820152282714844, "wind_m_s": 7.254298210144043, "dist_grid_km": 443.65734864999007, "dist_demand_km": 780.31673189801813, "connection_cost_brl": 532388818.37998807, "is_restricted": false, "restriction_factor": 1.0, "score_final": 0.56939960714694027, "longitude": -48.409033683583679, "latitude": -8.7905473849499387 }, "geometry": { "type": "Point", "coordinates": [ -48.409033683583679, -8.790547384949939 ] } },
{ "type": "Feature", "properties": { "rank": 707, "candidate_id": 1295, "scenario": "eolico", "solar_kwh_m2_day": 5.5260739326477051, "wind_m_s": 6.9329957962036133, "dist_grid_km": 408.36846663335501, "dist_demand_km": 379.19523576133503, "connection_cost_brl": 490042159.96002603, "is_restricted": false, "restriction_factor": 1.0, "score_final": 0.56936012258762758, "longitude": -44.476312936872255, "latitude": -16.747436288764288 }, "geometry": { "type": "Point", "coordinates": [ -44.476312936872255, -16.747436288764288 ] } },
{ "type": "Feature", "properties": { "rank": 708, "candidate_id": 1131, "scenario": "eolico", "solar_kwh_m2_day": 5.8318982124328613, "wind_m_s": 6.8586091995239258, "dist_grid_km": 245.53002088125837, "dist_demand_km": 710.82464933872041, "connection_cost_brl": 294636025.05751002, "is_restricted": false, "restriction_factor": 1.0, "score_final": 0.56927536538579537, "longitude": -46.117287093030193, "latitude": -9.6459915733572679 }, "geometry": { "type": "Point", "coordinates": [ -46.117287093030193, -9.645991573357268 ] } },
{ "type": "Feature", "properties": { "rank": 709, "candidate_id": 1110, "scenario": "eolico", "solar_kwh_m2_day": 5.6229262351989746, "wind_m_s": 6.4599146842956543, "dist_grid_km": 125.12965390259325, "dist_demand_km": 425.81629761797234, "connection_cost_brl": 150155584.68311191, "is_restricted": false, "restriction_factor": 1.0, "score_final": 0.56895830548815363, "longitude": -45.778709131049652, "latitude": -19.042899607101052 }, "geometry": { "type": "Point", "coordinates": [ -45.778709131049652, -19.042899607101052 ] } },
{ "type": "Feature", "properties": { "rank": 710, "candidate_id": 990, "scenario": "eolico", "solar_kwh_m2_day": 5.124575138092041, "wind_m_s": 6.3087873458862305, "dist_grid_km": 54.82075106409242, "dist_demand_km": 386.5585240724929, "connection_cost_brl": 65784901.276910901, "is_restricted": false, "restriction_factor": 1.0, "score_final": 0.56872634909750608, "longitude": -46.727885122634376, "latitude": -19.08245345562575 }, "geometry": { "type": "Point", "coordinates": [ -46.727885122634376, -19.08245345562575 ] } },
{ "type": "Feature", "properties": { "rank": 711, "candidate_id": 1224, "scenario": "eolico", "solar_kwh_m2_day": 5.2495846748352051, "wind_m_s": 6.1814732551574707, "dist_grid_km": 17.891993426518468, "dist_demand_km": 290.84146073789231, "connection_cost_brl": 21470392.111822162, "is_restricted": false, "restriction_factor": 1.0, "score_final": 0.5686762055310931, "longitude": -44.669477747311944, "latitude": -21.673435568210898 }, "geometry": { "type": "Point", "coordinates": [ -44.669477747311944, -21.673435568210898 ] } },
{ "type": "Feature", "properties": { "rank": 712, "candidate_id": 2136, "scenario": "eolico", "solar_kwh_m2_day": 5.4363632202148438, "wind_m_s": 7.997401237487793, "dist_grid_km": 797.92937829160519, "dist_demand_km": 969.88125689827598, "connection_cost_brl": 957515253.94992626, "is_restricted": false, "restriction_factor": 1.0, "score_final": 0.56867308417900375, "longitude": -37.966796378560836, "latitude": -15.920223781241322 }, "geometry": { "type": "Point", "coordinates": [ -37.966796378560836, -15.920223781241322 ] } },
{ "type": "Feature", "properties": { "rank": 713, "candidate_id": 2500, "scenario": "eolico", "solar_kwh_m2_day": 5.8204121589660645, "wind_m_s": 7.7280173301696777, "dist_grid_km": 747.03711033862885, "dist_demand_km": 693.34771402518447, "connection_cost_brl": 896444532.40635467, "is_restricted": false, "restriction_factor": 1.0, "score_final": 0.56850831133116631, "longitude": -35.329043192512984, "latitude": -13.990139510132538 }, "geometry": { "type": "Point", "coordinates": [ -35.329043192512984, -13.990139510132538 ] } },
{ "type": "Feature", "properties": { "rank": 714, "candidate_id": 1294, "scenario": "eolico", "solar_kwh_m2_day": 5.4592194557189941, "wind_m_s": 6.8647174835205078, "dist_grid_km": 372.81337493875287, "dist_demand_km": 397.94815410789772, "connection_cost_brl": 447376049.92650342, "is_restricted": false, "restriction_factor": 1.0, "score_final": 0.5668152025598614, "longitude": -44.453613589989537, "latitude": -17.193023169301451 }, "geometry": { "type": "Point", "coordinates": [ -44.453613589989537, -17.193023169301451 ] } },
{ "type": "Feature", "properties": { "rank": 715, "candidate_id": 1009, "scenario": "eolico", "solar_kwh_m2_day": 6.4364619255065918, "wind_m_s": 6.6779475212097168, "dist_grid_km": 198.49873768073965, "dist_demand_km": 589.5142647901904, "connection_cost_brl": 238198485.21688759, "is_restricted": false, "restriction_factor": 1.0, "score_final": 0.56647235329814905, "longitude": -47.00873574508347, "latitude": -10.562871072057296 }, "geometry": { "type": "Point", "coordinates": [ -47.00873574508347, -10.562871072057296 ] } },
{ "type": "Feature", "properties": { "rank": 716, "candidate_id": 1440, "scenario": "eolico", "solar_kwh_m2_day": 5.9005575180053711, "wind_m_s": 7.5760750770568848, "dist_grid_km": 543.51139217971388, "dist_demand_km": 1039.8734782934932, "connection_cost_brl": 652213670.61565661, "is_restricted": false, "restriction_factor": 1.0, "score_final": 0.56620854766284168, "longitude": -43.935020970329241, "latitude": -5.5810980695185082 }, "geometry": { "type": "Point", "coordinates": [ -43.935020970329241, -5.581098069518508 ] } },
{ "type": "Feature", "properties": { "rank": 717, "candidate_id": 1656, "scenario": "eolico", "solar_kwh_m2_day": 5.3977560997009277, "wind_m_s": 7.4757933616638184, "dist_grid_km": 625.24818449936174, "dist_demand_km": 663.24309317340533, "connection_cost_brl": 750297821.39923406, "is_restricted": false, "restriction_factor": 1.0, "score_final": 0.56594969068332845, "longitude": -41.696149535785118, "latitude": -16.160094408714432 }, "geometry": { "type": "Point", "coordinates": [ -41.696149535785118, -16.160094408714432 ] } },
{ "type": "Feature", "properties": { "rank": 718, "candidate_id": 576, "scenario": "eolico", "solar_kwh_m2_day": 5.825345516204834, "wind_m_s": 6.1424012184143066, "dist_grid_km": 22.070141296951974, "dist_demand_km": 250.72526714805687, "connection_cost_brl": 26484169.556342367, "is_restricted": false, "restriction_factor": 1.0, "score_final": 0.56569333968138291, "longitude": -50.112183651177055, "latitude": -16.479235328653544 }, "geometry": { "type": "Point", "coordinates": [ -50.112183651177055, -16.479235328653544 ] } },
{ "type": "Feature", "properties": { "rank": 719, "candidate_id": 1000, "scenario": "eolico", "solar_kwh_m2_day": 5.85650634765625, "wind_m_s": 6.4167728424072266, "dist_grid_km": 207.40837973786807, "dist_demand_km": 169.38248786464629, "connection_cost_brl": 248890055.6854417, "is_restricted": false, "restriction_factor": 1.0, "score_final": 0.56560761592253472, "longitude": -46.898026114265789, "latitude": -14.599879654865898 }, "geometry": { "type": "Point", "coordinates": [ -46.898026114265789, -14.599879654865898 ] } },
{ "type": "Feature", "properties": { "rank": 720, "candidate_id": 1897, "scenario": "eolico", "solar_kwh_m2_day": 5.877711296081543, "wind_m_s": 7.6714878082275391, "dist_grid_km": 666.48799057119379, "dist_demand_km": 859.71026961202733, "connection_cost_brl": 799785588.68543255, "is_restricted": false, "restriction_factor": 1.0, "score_final": 0.56538961044812952, "longitude": -39.861529317560844, "latitude": -15.608800721697989 }, "geometry": { "type": "Point", "coordinates": [ -39.861529317560844, -15.608800721697989 ] } },
{ "type": "Feature", "properties": { "rank": 721, "candidate_id": 880, "scenario": "eolico", "solar_kwh_m2_day": 5.7558045387268066, "wind_m_s": 6.3128604888916016, "dist_grid_km": 164.23808128980718, "dist_demand_km": 129.60864327367798, "connection_cost_brl": 197085697.54776862, "is_restricted": false, "restriction_factor": 1.0, "score_final": 0.56531830228621716, "longitude": -47.825779620843377, "latitude": -14.62612640969949 }, "geometry": { "type": "Point", "coordinates": [ -47.825779620843377, -14.62612640969949 ] } },
{ "type": "Feature", "properties": { "rank": 722, "candidate_id": 1175, "scenario": "eolico", "solar_kwh_m2_day": 5.6062064170837402, "wind_m_s": 6.7127089500427246, "dist_grid_km": 338.05956379485411, "dist_demand_km": 286.17651902299895, "connection_cost_brl": 405671476.55382496, "is_restricted": false, "restriction_factor": 1.0, "score_final": 0.56412985382266279, "longitude": -45.413291155842309, "latitude": -16.78815163393633 }, "geometry": { "type": "Point", "coordinates": [ -45.413291155842309, -16.78815163393633 ] } },
{ "type": "Feature", "properties": { "rank": 723, "candidate_id": 2378, "scenario": "eolico", "solar_kwh_m2_day": 5.3386087417602539, "wind_m_s": 7.8557405471801758, "dist_grid_km": 794.06839353914756, "dist_demand_km": 810.26382178159099, "connection_cost_brl": 952882072.24697709, "is_restricted": false, "restriction_factor": 1.0, "score_final": 0.56404981446505031, "longitude": -36.181195489208804, "latitude": -14.918436409233392 }, "geometry": { "type": "Point", "coordinates": [ -36.181195489208804, -14.918436409233392 ] } },
{ "type": "Feature", "properties": { "rank": 724, "candidate_id": 2559, "scenario": "eolico", "solar_kwh_m2_day": 5.9513101577758789, "wind_m_s": 7.8440136909484863, "dist_grid_km": 813.72305038694913, "dist_demand_km": 738.43312050971861, "connection_cost_brl": 976467660.4643389, "is_restricted": false, "restriction_factor": 1.0, "score_final": 0.56403174474592521, "longitude": -34.83047614651926, "latitude": -14.383747151699477 }, "geometry": { "type": "Point", "coordinates": [ -34.83047614651926, -14.383747151699477 ] } },
{ "type": "Feature", "properties": { "rank": 725, "candidate_id": 1410, "scenario": "eolico", "solar_kwh_m2_day": 5.5352416038513184, "wind_m_s": 6.8409819602966309, "dist_grid_km": 300.90191099884532, "dist_demand_km": 590.38088237764907, "connection_cost_brl": 361082293.19861436, "is_restricted": false, "restriction_factor": 1.0, "score_final": 0.56380107998690476, "longitude": -43.407935889496322, "latitude": -18.923802625697228 }, "geometry": { "type": "Point", "coordinates": [ -43.407935889496322, -18.923802625697228 ] } },
{ "type": "Feature", "properties": { "rank": 726, "candidate_id": 1593, "scenario": "eolico", "solar_kwh_m2_day": 5.5613918304443359, "wind_m_s": 7.2527799606323242, "dist_grid_km": 513.03054034040281, "dist_demand_km": 648.20251993617364, "connection_cost_brl": 615636648.40848339, "is_restricted": false, "restriction_factor": 1.0, "score_final": 0.56376596460937423, "longitude": -42.07890734304776, "latitude": -17.512751485462456 }, "geometry": { "type": "Point", "coordinates": [ -42.07890734304776, -17.512751485462456 ] } },
{ "type": "Feature", "properties": { "rank": 727, "candidate_id": 1594, "scenario": "eolico", "solar_kwh_m2_day": 5.5003433227539062, "wind_m_s": 7.3049087524414062, "dist_grid_km": 548.58563203500489, "dist_demand_km": 632.9240083278695, "connection_cost_brl": 658302758.44200587, "is_restricted": false, "restriction_factor": 1.0, "score_final": 0.56364564415732177, "longitude": -42.10774996950321, "latitude": -17.070584079603165 }, "geometry": { "type": "Point", "coordinates": [ -42.10774996950321, -17.070584079603165 ] } },
{ "type": "Feature", "properties": { "rank": 728, "candidate_id": 693, "scenario": "eolico", "solar_kwh_m2_day": 6.2147841453552246, "wind_m_s": 6.1211519241333008, "dist_grid_km": 14.28623094835347, "dist_demand_km": 261.67977753698153, "connection_cost_brl": 17143477.138024163, "is_restricted": false, "restriction_factor": 1.0, "score_final": 0.56358279675498013, "longitude": -49.14084729453262, "latitude": -17.810334323005787 }, "geometry": { "type": "Point", "coordinates": [ -49.14084729453262, -17.810334323005787 ] } },
{ "type": "Feature", "properties": { "rank": 729, "candidate_id": 583, "scenario": "eolico", "solar_kwh_m2_day": 5.8387389183044434, "wind_m_s": 6.3043136596679688, "dist_grid_km": 78.990037303214237, "dist_demand_km": 368.57457027030989, "connection_cost_brl": 94788044.763857082, "is_restricted": false, "restriction_factor": 1.0, "score_final": 0.5635707767238719, "longitude": -50.168503010959, "latitude": -13.323250448619133 }, "geometry": { "type": "Point", "coordinates": [ -50.168503010959, -13.323250448619133 ] } },
{ "type": "Feature", "properties": { "rank": 730, "candidate_id": 2079, "scenario": "eolico", "solar_kwh_m2_day": 5.7655243873596191, "wind_m_s": 7.6066598892211914, "dist_grid_km": 641.04185659470556, "dist_demand_km": 859.4571580171729, "connection_cost_brl": 769250227.9136467, "is_restricted": false, "restriction_factor": 1.0, "score_final": 0.5625329419388988, "longitude": -38.53111425226011, "latitude": -14.645957781880561 }, "geometry": { "type": "Point", "coordinates": [ -38.53111425226011, -14.645957781880561 ] } },
{ "type": "Feature", "properties": { "rank": 731, "candidate_id": 2080, "scenario": "eolico", "solar_kwh_m2_day": 6.0137133598327637, "wind_m_s": 7.4965877532958984, "dist_grid_km": 595.94106577041578, "dist_demand_km": 816.97080359094218, "connection_cost_brl": 715129278.92449892, "is_restricted": false, "restriction_factor": 1.0, "score_final": 0.56209869988426397, "longitude": -38.561908235190295, "latitude": -14.210034614098872 }, "geometry": { "type": "Point", "coordinates": [ -38.561908235190295, -14.210034614098872 ] } },
{ "type": "Feature", "properties": { "rank": 732, "candidate_id": 2380, "scenario": "eolico", "solar_kwh_m2_day": 6.3251485824584961, "wind_m_s": 7.620018482208252, "dist_grid_km": 703.86681189056799, "dist_demand_km": 713.49620587236325, "connection_cost_brl": 844640174.26868153, "is_restricted": false, "restriction_factor": 1.0, "score_final": 0.56202609868432252, "longitude": -36.252111449853558, "latitude": -14.056501668671945 }, "geometry": { "type": "Point", "coordinates": [ -36.252111449853558, -14.056501668671945 ] } },
{ "type": "Feature", "properties": { "rank": 733, "candidate_id": 1168, "scenario": "eolico", "solar_kwh_m2_day": 5.3119821548461914, "wind_m_s": 6.3498873710632324, "dist_grid_km": 89.173921932639502, "dist_demand_km": 430.16225520870319, "connection_cost_brl": 107008706.31916741, "is_restricted": false, "restriction_factor": 1.0, "score_final": 0.56181194748326135, "longitude": -45.256170662608142, "latitude": -19.914327480024149 }, "geometry": { "type": "Point", "coordinates": [ -45.256170662608142, -19.914327480024149 ] } },
{ "type": "Feature", "properties": { "rank": 734, "candidate_id": 1051, "scenario": "eolico", "solar_kwh_m2_day": 6.2784218788146973, "wind_m_s": 6.3676838874816895, "dist_grid_km": 125.53029417794488, "dist_demand_km": 358.18961374012804, "connection_cost_brl": 150636353.01353386, "is_restricted": false, "restriction_factor": 1.0, "score_final": 0.56180972491481795, "longitude": -46.273864542962592, "latitude": -18.615656564875682 }, "geometry": { "type": "Point", "coordinates": [ -46.273864542962592, -18.615656564875682 ] } },
{ "type": "Feature", "properties": { "rank": 735, "candidate_id": 997, "scenario": "eolico", "solar_kwh_m2_day": 5.365994930267334, "wind_m_s": 6.522331714630127, "dist_grid_km": 303.70639292630699, "dist_demand_km": 111.40712183959859, "connection_cost_brl": 364447671.51156837, "is_restricted": false, "restriction_factor": 1.0, "score_final": 0.5616693619125237, "longitude": -46.852399767012301, "latitude": -15.945023882661484 }, "geometry": { "type": "Point", "coordinates": [ -46.852399767012301, -15.945023882661484 ] } },
{ "type": "Feature", "properties": { "rank": 736, "candidate_id": 1651, "scenario": "eolico", "solar_kwh_m2_day": 5.4759678840637207, "wind_m_s": 7.2289538383483887, "dist_grid_km": 477.07480837044915, "dist_demand_km": 733.32116655062521, "connection_cost_brl": 572489770.04453897, "is_restricted": false, "restriction_factor": 1.0, "score_final": 0.56156306274995549, "longitude": -41.546544032011518, "latitude": -18.367144702554164 }, "geometry": { "type": "Point", "coordinates": [ -41.546544032011518, -18.367144702554164 ] } },
{ "type": "Feature", "properties": { "rank": 737, "candidate_id": 1834, "scenario": "eolico", "solar_kwh_m2_day": 5.5625815391540527, "wind_m_s": 7.66290283203125, "dist_grid_km": 689.20343771200646, "dist_demand_km": 827.27072587259124, "connection_cost_brl": 827044125.25440776, "is_restricted": false, "restriction_factor": 1.0, "score_final": 0.56136152349103807, "longitude": -40.233400417769815, "latitude": -16.954951403249332 }, "geometry": { "type": "Point", "coordinates": [ -40.233400417769815, -16.954951403249332 ] } },
{ "type": "Feature", "properties": { "rank": 738, "candidate_id": 878, "scenario": "eolico", "solar_kwh_m2_day": 5.9401121139526367, "wind_m_s": 6.3810701370239258, "dist_grid_km": 254.43966293838676, "dist_demand_km": 30.754080685673628, "connection_cost_brl": 305327595.5260641, "is_restricted": false, "restriction_factor": 1.0, "score_final": 0.56134879053604758, "longitude": -47.799705944003385, "latitude": -15.524610497166368 }, "geometry": { "type": "Point", "coordinates": [ -47.799705944003385, -15.524610497166368 ] } },
{ "type": "Feature", "properties": { "rank": 739, "candidate_id": 2440, "scenario": "eolico", "solar_kwh_m2_day": 5.5316667556762695, "wind_m_s": 7.6452164649963379, "dist_grid_km": 725.45196111459836, "dist_demand_km": 701.7150020977914, "connection_cost_brl": 870542353.33751798, "is_restricted": false, "restriction_factor": 1.0, "score_final": 0.56125263503471967, "longitude": -35.790514551702792, "latitude": -14.023663342180885 }, "geometry": { "type": "Point", "coordinates": [ -35.790514551702792, -14.023663342180885 ] } },
{ "type": "Feature", "properties": { "rank": 740, "candidate_id": 2933, "scenario": "eolico", "solar_kwh_m2_day": 6.1039533615112305, "wind_m_s": 7.1470270156860352, "dist_grid_km": 604.41449395457971, "dist_demand_km": 260.94395577945556, "connection_cost_brl": 725297392.74549568, "is_restricted": false, "restriction_factor": 1.0, "score_final": 0.56123757006638797, "longitude": -32.522564320229606, "latitude": -8.2563198318182085 }, "geometry": { "type": "Point", "coordinates": [ -32.522564320229606, -8.256319831818208 ] } },
{ "type": "Feature", "properties": { "rank": 741, "candidate_id": 879, "scenario": "eolico", "solar_kwh_m2_day": 5.3894295692443848, "wind_m_s": 6.3306255340576172, "dist_grid_km": 209.338872114097, "dist_demand_km": 79.825478044495426, "connection_cost_brl": 251206646.5369164, "is_restricted": false, "restriction_factor": 1.0, "score_final": 0.56099873137423173, "longitude": -47.812959883357479, "latitude": -15.0753828232865 }, "geometry": { "type": "Point", "coordinates": [ -47.812959883357479, -15.0753828232865 ] } },
{ "type": "Feature", "properties": { "rank": 742, "candidate_id": 1472, "scenario": "eolico", "solar_kwh_m2_day": 5.1289210319519043, "wind_m_s": 6.9994053840637207, "dist_grid_km": 407.16654580729988, "dist_demand_km": 576.92996680829549, "connection_cost_brl": 488599854.96875983, "is_restricted": false, "restriction_factor": 1.0, "score_final": 0.56081108273601965, "longitude": -42.991572574336672, "latitude": -18.009699751507608 }, "geometry": { "type": "Point", "coordinates": [ -42.991572574336672, -18.009699751507608 ] } },
{ "type": "Feature", "properties": { "rank": 743, "candidate_id": 2439, "scenario": "eolico", "solar_kwh_m2_day": 5.5236029624938965, "wind_m_s": 7.7516951560974121, "dist_grid_km": 770.55275193888826, "dist_demand_km": 750.75246034630447, "connection_cost_brl": 924663302.32666588, "is_restricted": false, "restriction_factor": 1.0, "score_final": 0.56055378889729646, "longitude": -35.754849511572502, "latitude": -14.453630873936188 }, "geometry": { "type": "Point", "coordinates": [ -35.754849511572502, -14.453630873936188 ] } },
{ "type": "Feature", "properties": { "rank": 744, "candidate_id": 1255, "scenario": "eolico", "solar_kwh_m2_day": 6.1015896797180176, "wind_m_s": 7.1818361282348633, "dist_grid_km": 382.76288573035652, "dist_demand_km": 932.13136561127124, "connection_cost_brl": 459315462.87642783, "is_restricted": false, "restriction_factor": 1.0, "score_final": 0.56029936767603528, "longitude": -45.24855166100528, "latitude": -7.836963617069582 }, "geometry": { "type": "Point", "coordinates": [ -45.24855166100528, -7.836963617069582 ] } },
{ "type": "Feature", "properties": { "rank": 745, "candidate_id": 2680, "scenario": "eolico", "solar_kwh_m2_day": 5.9428114891052246, "wind_m_s": 7.7839570045471191, "dist_grid_km": 813.77428094813388, "dist_demand_km": 689.71905705764425, "connection_cost_brl": 976529137.13776064, "is_restricted": false, "restriction_factor": 1.0, "score_final": 0.55986785405992667, "longitude": -33.945400513585341, "latitude": -13.885566146626447 }, "geometry": { "type": "Point", "coordinates": [ -33.945400513585341, -13.885566146626447 ] } },
{ "type": "Feature", "properties": { "rank": 746, "candidate_id": 882, "scenario": "eolico", "solar_kwh_m2_day": 6.4149227142333984, "wind_m_s": 6.1772894859313965, "dist_grid_km": 74.036499641227707, "dist_demand_km": 229.4580295907426, "connection_cost_brl": 88843799.569473252, "is_restricted": false, "restriction_factor": 1.0, "score_final": 0.55943234251238783, "longitude": -47.850133189423779, "latitude": -13.727530825136395 }, "geometry": { "type": "Point", "coordinates": [ -47.850133189423779, -13.727530825136395 ] } },
{ "type": "Feature", "properties": { "rank": 747, "candidate_id": 579, "scenario": "eolico", "solar_kwh_m2_day": 5.3203849792480469, "wind_m_s": 6.2403168678283691, "dist_grid_km": 101.4131259939448, "dist_demand_km": 253.26278839398884, "connection_cost_brl": 121695751.19273376, "is_restricted": false, "restriction_factor": 1.0, "score_final": 0.55933253814131212, "longitude": -50.137951124308259, "latitude": -15.126802690563487 }, "geometry": { "type": "Point", "coordinates": [ -50.137951124308259, -15.126802690563487 ] } },
{ "type": "Feature", "properties": { "rank": 748, "candidate_id": 1289, "scenario": "eolico", "solar_kwh_m2_day": 5.3210687637329102, "wind_m_s": 6.5766181945800781, "dist_grid_km": 195.03791646574248, "dist_demand_km": 519.55505524036585, "connection_cost_brl": 234045499.75889099, "is_restricted": false, "restriction_factor": 1.0, "score_final": 0.55921181275196219, "longitude": -44.329616660502467, "latitude": -19.420189527332504 }, "geometry": { "type": "Point", "coordinates": [ -44.329616660502467, -19.420189527332504 ] } },
{ "type": "Feature", "properties": { "rank": 749, "candidate_id": 2319, "scenario": "eolico", "solar_kwh_m2_day": 5.6713595390319824, "wind_m_s": 7.6820707321166992, "dist_grid_km": 727.3824534908274, "dist_demand_km": 775.87050463742867, "connection_cost_brl": 872858944.18899286, "is_restricted": false, "restriction_factor": 1.0, "score_final": 0.55916859231245208, "longitude": -36.679758465931087, "latitude": -14.520686458597732 }, "geometry": { "type": "Point", "coordinates": [ -36.679758465931087, -14.520686458597732 ] } },
{ "type": "Feature", "properties": { "rank": 750, "candidate_id": 462, "scenario": "eolico", "solar_kwh_m2_day": 6.4629602432250977, "wind_m_s": 6.2974157333374023, "dist_grid_km": 77.059544926985339, "dist_demand_km": 410.52270777602388, "connection_cost_brl": 92471453.912382409, "is_restricted": false, "restriction_factor": 1.0, "score_final": 0.55914465352217224, "longitude": -51.085938012702485, "latitude": -13.786835528913766 }, "geometry": { "type": "Point", "coordinates": [ -51.085938012702485, -13.786835528913766 ] } },
{ "type": "Feature", "properties": { "rank": 751, "candidate_id": 1054, "scenario": "eolico", "solar_kwh_m2_day": 5.8994650840759277, "wind_m_s": 6.4524383544921875, "dist_grid_km": 232.19556926175113, "dist_demand_km": 233.62080341856554, "connection_cost_brl": 278634683.11410135, "is_restricted": false, "restriction_factor": 1.0, "score_final": 0.55842617795252303, "longitude": -46.332293117104072, "latitude": -17.272588666985552 }, "geometry": { "type": "Point", "coordinates": [ -46.332293117104072, -17.272588666985552 ] } },
{ "type": "Feature", "properties": { "rank": 752, "candidate_id": 516, "scenario": "eolico", "solar_kwh_m2_day": 6.0516548156738281, "wind_m_s": 6.1062235832214355, "dist_grid_km": 13.08431012229846, "dist_demand_km": 299.02699910623073, "connection_cost_brl": 15701172.146758152, "is_restricted": false, "restriction_factor": 1.0, "score_final": 0.55823633706154052, "longitude": -50.580389051544216, "latitude": -16.487394541611771 }, "geometry": { "type": "Point", "coordinates": [ -50.580389051544216, -16.487394541611771 ] } },
{ "type": "Feature", "properties": { "rank": 753, "candidate_id": 1293, "scenario": "eolico", "solar_kwh_m2_day": 5.5036067962646484, "wind_m_s": 6.7553229331970215, "dist_grid_km": 337.25828324415079, "dist_demand_km": 421.82512951657088, "connection_cost_brl": 404709939.89298093, "is_restricted": false, "restriction_factor": 1.0, "score_final": 0.5578325016584591, "longitude": -44.430224873249756, "latitude": -17.638560734799988 }, "geometry": { "type": "Point", "coordinates": [ -44.430224873249756, -17.638560734799988 ] } },
{ "type": "Feature", "properties": { "rank": 754, "candidate_id": 1475, "scenario": "eolico", "solar_kwh_m2_day": 6.0704202651977539, "wind_m_s": 7.1326146125793457, "dist_grid_km": 513.83182089110619, "dist_demand_km": 523.57145357635261, "connection_cost_brl": 616598185.06932747, "is_restricted": false, "restriction_factor": 1.0, "score_final": 0.55779426012388622, "longitude": -43.071628260537167, "latitude": -16.678908580931203 }, "geometry": { "type": "Point", "coordinates": [ -43.071628260537167, -16.678908580931203 ] } },
{ "type": "Feature", "properties": { "rank": 755, "candidate_id": 1299, "scenario": "eolico", "solar_kwh_m2_day": 5.6857056617736816, "wind_m_s": 6.7588472366333008, "dist_grid_km": 360.43491668231002, "dist_demand_km": 368.09536901316704, "connection_cost_brl": 432521900.01877201, "is_restricted": false, "restriction_factor": 1.0, "score_final": 0.55743119524149254, "longitude": -44.560362756995502, "latitude": -14.964623378590955 }, "geometry": { "type": "Point", "coordinates": [ -44.560362756995502, -14.964623378590955 ] } },
{ "type": "Feature", "properties": { "rank": 756, "candidate_id": 1136, "scenario": "eolico", "solar_kwh_m2_day": 6.4266104698181152, "wind_m_s": 7.3284530639648438, "dist_grid_km": 471.03397500270717, "dist_demand_km": 952.57710944498933, "connection_cost_brl": 565240770.00324857, "is_restricted": false, "restriction_factor": 1.0, "score_final": 0.55703703716019892, "longitude": -46.163331924194559, "latitude": -7.4067720156116845 }, "geometry": { "type": "Point", "coordinates": [ -46.163331924194559, -7.406772015611685 ] } },
{ "type": "Feature", "properties": { "rank": 757, "candidate_id": 2740, "scenario": "eolico", "solar_kwh_m2_day": 5.9023227691650391, "wind_m_s": 7.8115906715393066, "dist_grid_km": 839.5793774195663, "dist_demand_km": 695.72946325661053, "connection_cost_brl": 1007495252.9034796, "is_restricted": false, "restriction_factor": 1.0, "score_final": 0.55670405270577217, "longitude": -33.484449060386076, "latitude": -13.84941210700123 }, "geometry": { "type": "Point", "coordinates": [ -33.484449060386076, -13.84941210700123 ] } },
{ "type": "Feature", "properties": { "rank": 758, "candidate_id": 1198, "scenario": "eolico", "solar_kwh_m2_day": 6.1533951759338379, "wind_m_s": 7.5153532028198242, "dist_grid_km": 539.65040742725614, "dist_demand_km": 1061.4620811705809, "connection_cost_brl": 647580488.91270733, "is_restricted": false, "restriction_factor": 1.0, "score_final": 0.55637904696156504, "longitude": -45.72627353139994, "latitude": -6.5038277408055727 }, "geometry": { "type": "Point", "coordinates": [ -45.72627353139994, -6.503827740805573 ] } },
{ "type": "Feature", "properties": { "rank": 759, "candidate_id": 1348, "scenario": "eolico", "solar_kwh_m2_day": 5.887481689453125, "wind_m_s": 6.543738842010498, "dist_grid_km": 194.63727619039074, "dist_demand_km": 506.37912192840724, "connection_cost_brl": 233564731.42846888, "is_restricted": false, "restriction_factor": 1.0, "score_final": 0.5557807694359167, "longitude": -43.826126036081824, "latitude": -19.839227622562628 }, "geometry": { "type": "Point", "coordinates": [ -43.826126036081824, -19.839227622562628 ] } },
{ "type": "Feature", "properties": { "rank": 760, "candidate_id": 2321, "scenario": "eolico", "solar_kwh_m2_day": 6.1300287246704102, "wind_m_s": 7.4370217323303223, "dist_grid_km": 637.18087184224794, "dist_demand_km": 681.56027970568118, "connection_cost_brl": 764617046.21069753, "is_restricted": false, "restriction_factor": 1.0, "score_final": 0.55556346971038439, "longitude": -36.746772541934945, "latitude": -13.656509884095183 }, "geometry": { "type": "Point", "coordinates": [ -36.746772541934945, -13.656509884095183 ] } },
{ "type": "Feature", "properties": { "rank": 761, "candidate_id": 581, "scenario": "eolico", "solar_kwh_m2_day": 5.6244316101074219, "wind_m_s": 6.0765013694763184, "dist_grid_km": 11.211544345365285, "dist_demand_km": 299.99104472887348, "connection_cost_brl": 13453853.214438342, "is_restricted": false, "restriction_factor": 1.0, "score_final": 0.55431816239649667, "longitude": -50.153761791287252, "latitude": -14.225068547509366 }, "geometry": { "type": "Point", "coordinates": [ -50.153761791287252, -14.225068547509366 ] } },
{ "type": "Feature", "properties": { "rank": 762, "candidate_id": 1776, "scenario": "eolico", "solar_kwh_m2_day": 5.7181272506713867, "wind_m_s": 7.5335726737976074, "dist_grid_km": 668.4184829474226, "dist_demand_km": 762.74728936011297, "connection_cost_brl": 802102179.53690708, "is_restricted": false, "restriction_factor": 1.0, "score_final": 0.55397036242757958, "longitude": -40.763015155465297, "latitude": -16.105426255465247 }, "geometry": { "type": "Point", "coordinates": [ -40.763015155465297, -16.105426255465247 ] } },
{ "type": "Feature", "properties": { "rank": 763, "candidate_id": 638, "scenario": "eolico", "solar_kwh_m2_day": 5.367340087890625, "wind_m_s": 6.2111239433288574, "dist_grid_km": 128.33477610540658, "dist_demand_km": 192.77385691756507, "connection_cost_brl": 154001731.3264879, "is_restricted": false, "restriction_factor": 1.0, "score_final": 0.55386252353925025, "longitude": -49.663561044443931, "latitude": -15.56897002447379 }, "geometry": { "type": "Point", "coordinates": [ -49.663561044443931, -15.56897002447379 ] } },
{ "type": "Feature", "properties": { "rank": 764, "candidate_id": 2936, "scenario": "eolico", "solar_kwh_m2_day": 6.5719771385192871, "wind_m_s": 7.1169204711914062, "dist_grid_km": 608.68110503670039, "dist_demand_km": 281.80810921095303, "connection_cost_brl": 730417326.04404044, "is_restricted": false, "restriction_factor": 1.0, "score_final": 0.5538318560849701, "longitude": -32.588576709954516, "latitude": -6.9894035936863075 }, "geometry": { "type": "Point", "coordinates": [ -32.588576709954516, -6.989403593686307 ] } },
{ "type": "Feature", "properties": { "rank": 765, "candidate_id": 1414, "scenario": "eolico", "solar_kwh_m2_day": 5.2721767425537109, "wind_m_s": 6.957939624786377, "dist_grid_km": 443.1222777772536, "dist_demand_km": 490.15789307309603, "connection_cost_brl": 531746733.33270431, "is_restricted": false, "restriction_factor": 1.0, "score_final": 0.55370595533717792, "longitude": -43.514908585382805, "latitude": -17.14706112262191 }, "geometry": { "type": "Point", "coordinates": [ -43.514908585382805, -17.14706112262191 ] } },
{ "type": "Feature", "properties": { "rank": 766, "candidate_id": 705, "scenario": "eolico", "solar_kwh_m2_day": 6.4154744148254395, "wind_m_s": 6.3421454429626465, "dist_grid_km": 126.02132050373288, "dist_demand_km": 404.46486567604319, "connection_cost_brl": 151225584.60447946, "is_restricted": false, "restriction_factor": 1.0, "score_final": 0.55365766552479578, "longitude": -49.262632882425471, "latitude": -12.406885190458574 }, "geometry": { "type": "Point", "coordinates": [ -49.262632882425471, -12.406885190458574 ] } },
{ "type": "Feature", "properties": { "rank": 767, "candidate_id": 2926, "scenario": "eolico", "solar_kwh_m2_day": 5.8938126564025879, "wind_m_s": 7.4425125122070312, "dist_grid_km": 726.80120886498617, "dist_demand_km": 465.47710565216028, "connection_cost_brl": 872161450.63798344, "is_restricted": false, "restriction_factor": 1.0, "score_final": 0.55360990609757044, "longitude": -32.323958566561622, "latitude": -11.209690866588241 }, "geometry": { "type": "Point", "coordinates": [ -32.323958566561622, -11.209690866588241 ] } },
{ "type": "Feature", "properties": { "rank": 768, "candidate_id": 822, "scenario": "eolico", "solar_kwh_m2_day": 5.8376197814941406, "wind_m_s": 6.1010360717773438, "dist_grid_km": 52.451350417197276, "dist_demand_km": 232.81961676731481, "connection_cost_brl": 62941620.500636734, "is_restricted": false, "restriction_factor": 1.0, "score_final": 0.55359342870723083, "longitude": -48.312283361729065, "latitude": -13.738556793585271 }, "geometry": { "type": "Point", "coordinates": [ -48.312283361729065, -13.738556793585271 ] } },
{ "type": "Feature", "properties": { "rank": 769, "candidate_id": 760, "scenario": "eolico", "solar_kwh_m2_day": 5.5354995727539062, "wind_m_s": 6.1736292839050293, "dist_grid_km": 121.06778284174628, "dist_demand_km": 157.81753269922191, "connection_cost_brl": 145281339.41009554, "is_restricted": false, "restriction_factor": 1.0, "score_final": 0.55355630580732651, "longitude": -48.753737180931438, "latitude": -14.64877922973675 }, "geometry": { "type": "Point", "coordinates": [ -48.753737180931438, -14.64877922973675 ] } },
{ "type": "Feature", "properties": { "rank": 770, "candidate_id": 2318, "scenario": "eolico", "solar_kwh_m2_day": 5.4453005790710449, "wind_m_s": 7.748054027557373, "dist_grid_km": 772.48324431511708, "dist_demand_km": 823.52920562252325, "connection_cost_brl": 926979893.17814052, "is_restricted": false, "restriction_factor": 1.0, "score_final": 0.55272972920563335, "longitude": -36.64454197486215, "latitude": -14.952635367909165 }, "geometry": { "type": "Point", "coordinates": [ -36.64454197486215, -14.952635367909165 ] } },
{ "type": "Feature", "properties": { "rank": 771, "candidate_id": 819, "scenario": "eolico", "solar_kwh_m2_day": 5.7122650146484375, "wind_m_s": 6.2412571907043457, "dist_grid_km": 187.75372289006657, "dist_demand_km": 89.02861086777358, "connection_cost_brl": 225304467.46807989, "is_restricted": false, "restriction_factor": 1.0, "score_final": 0.55271312667086936, "longitude": -48.27786498526541, "latitude": -15.087538890015763 }, "geometry": { "type": "Point", "coordinates": [ -48.27786498526541, -15.087538890015763 ] } },
{ "type": "Feature", "properties": { "rank": 772, "candidate_id": 928, "scenario": "eolico", "solar_kwh_m2_day": 5.3411397933959961, "wind_m_s": 6.2008051872253418, "dist_grid_km": 51.443883744362189, "dist_demand_km": 399.83233992250786, "connection_cost_brl": 61732660.493234627, "is_restricted": false, "restriction_factor": 1.0, "score_final": 0.55270074380155554, "longitude": -47.164789478490405, "latitude": -19.997433646432398 }, "geometry": { "type": "Point", "coordinates": [ -47.164789478490405, -19.997433646432398 ] } },
{ "type": "Feature", "properties": { "rank": 773, "candidate_id": 1716, "scenario": "eolico", "solar_kwh_m2_day": 5.6571359634399414, "wind_m_s": 7.4536523818969727, "dist_grid_km": 646.83333372339223, "dist_demand_km": 712.97784960979902, "connection_cost_brl": 776200000.46807063, "is_restricted": false, "restriction_factor": 1.0, "score_final": 0.55256592208642119, "longitude": -41.229520049802439, "latitude": -16.133213969553392 }, "geometry": { "type": "Point", "coordinates": [ -41.229520049802439, -16.133213969553392 ] } },
{ "type": "Feature", "properties": { "rank": 774, "candidate_id": 1135, "scenario": "eolico", "solar_kwh_m2_day": 6.7989077568054199, "wind_m_s": 7.1810846328735352, "dist_grid_km": 425.93318417841738, "dist_demand_km": 903.86772039516939, "connection_cost_brl": 511119821.01410085, "is_restricted": false, "restriction_factor": 1.0, "score_final": 0.55177918619503774, "longitude": -46.155123143159983, "latitude": -7.8546550644749207 }, "geometry": { "type": "Point", "coordinates": [ -46.155123143159983, -7.854655064474921 ] } },
{ "type": "Feature", "properties": { "rank": 775, "candidate_id": 1416, "scenario": "eolico", "solar_kwh_m2_day": 5.2937684059143066, "wind_m_s": 7.0523247718811035, "dist_grid_km": 514.23246116645782, "dist_demand_km": 464.87347426399714, "connection_cost_brl": 617078953.3997494, "is_restricted": false, "restriction_factor": 1.0, "score_final": 0.55154172502536147, "longitude": -43.563838401070434, "latitude": -16.258353761697027 }, "geometry": { "type": "Point", "coordinates": [ -43.563838401070434, -16.258353761697027 ] } },
{ "type": "Feature", "properties": { "rank": 776, "candidate_id": 1598, "scenario": "eolico", "solar_kwh_m2_day": 5.2948570251464844, "wind_m_s": 7.1418776512145996, "dist_grid_km": 513.46145362675179, "dist_demand_km": 610.162252341672, "connection_cost_brl": 616153744.35210216, "is_restricted": false, "restriction_factor": 1.0, "score_final": 0.55113832263723483, "longitude": -42.214728396763427, "latitude": -15.301288914744338 }, "geometry": { "type": "Point", "coordinates": [ -42.214728396763427, -15.301288914744338 ] } },
{ "type": "Feature", "properties": { "rank": 777, "candidate_id": 1356, "scenario": "eolico", "solar_kwh_m2_day": 5.8275032043457031, "wind_m_s": 6.9536232948303223, "dist_grid_km": 479.07800974720737, "dist_demand_km": 415.52537068426096, "connection_cost_brl": 574893611.69664884, "is_restricted": false, "restriction_factor": 1.0, "score_final": 0.55085016340187354, "longitude": -44.031033821875482, "latitude": -16.280558149947701 }, "geometry": { "type": "Point", "coordinates": [ -44.031033821875482, -16.280558149947701 ] } },
{ "type": "Feature", "properties": { "rank": 778, "candidate_id": 752, "scenario": "eolico", "solar_kwh_m2_day": 5.5495681762695312, "wind_m_s": 6.048677921295166, "dist_grid_km": 14.686871223705095, "dist_demand_km": 285.47508805074324, "connection_cost_brl": 17624245.468446113, "is_restricted": false, "restriction_factor": 1.0, "score_final": 0.55075273455674312, "longitude": -48.655827850592566, "latitude": -18.24788411171123 }, "geometry": { "type": "Point", "coordinates": [ -48.655827850592566, -18.24788411171123 ] } },
{ "type": "Feature", "properties": { "rank": 779, "candidate_id": 831, "scenario": "eolico", "solar_kwh_m2_day": 5.5565376281738281, "wind_m_s": 6.9003386497497559, "dist_grid_km": 353.45576700141049, "dist_demand_km": 680.47161230104302, "connection_cost_brl": 424146920.40169257, "is_restricted": false, "restriction_factor": 1.0, "score_final": 0.55052770610695756, "longitude": -48.394778123547468, "latitude": -9.6903598598518261 }, "geometry": { "type": "Point", "coordinates": [ -48.394778123547468, -9.690359859851826 ] } },
{ "type": "Feature", "properties": { "rank": 780, "candidate_id": 1046, "scenario": "eolico", "solar_kwh_m2_day": 5.2983565330505371, "wind_m_s": 6.1248230934143066, "dist_grid_km": 52.24516429506555, "dist_demand_km": 304.68117671795579, "connection_cost_brl": 62694197.154078662, "is_restricted": false, "restriction_factor": 1.0, "score_final": 0.55037704710379454, "longitude": -46.164823823010231, "latitude": -20.853237233526503 }, "geometry": { "type": "Point", "coordinates": [ -46.164823823010231, -20.853237233526503 ] } },
{ "type": "Feature", "properties": { "rank": 781, "candidate_id": 1380, "scenario": "eolico", "solar_kwh_m2_day": 6.2615523338317871, "wind_m_s": 7.5237212181091309, "dist_grid_km": 565.09654140374437, "dist_demand_km": 1087.6625131369394, "connection_cost_brl": 678115849.68449318, "is_restricted": false, "restriction_factor": 1.0, "score_final": 0.54862796949666426, "longitude": -44.386244125126922, "latitude": -5.5885446249710862 }, "geometry": { "type": "Point", "coordinates": [ -44.386244125126922, -5.588544624971086 ] } },
{ "type": "Feature", "properties": { "rank": 782, "candidate_id": 1412, "scenario": "eolico", "solar_kwh_m2_day": 5.6967625617980957, "wind_m_s": 6.8249120712280273, "dist_grid_km": 372.01209438804949, "dist_demand_km": 533.29370257807659, "connection_cost_brl": 446414513.26565939, "is_restricted": false, "restriction_factor": 1.0, "score_final": 0.54860136694498296, "longitude": -43.462963994951757, "latitude": -18.035548346004443 }, "geometry": { "type": "Point", "coordinates": [ -43.462963994951757, -18.035548346004443 ] } },
{ "type": "Feature", "properties": { "rank": 783, "candidate_id": 644, "scenario": "eolico", "solar_kwh_m2_day": 6.2705025672912598, "wind_m_s": 6.2490873336791992, "dist_grid_km": 102.50567890347355, "dist_demand_km": 380.42018966945176, "connection_cost_brl": 123006814.68416826, "is_restricted": false, "restriction_factor": 1.0, "score_final": 0.5484390936312955, "longitude": -49.714882356595922, "latitude": -12.865205200988196 }, "geometry": { "type": "Point", "coordinates": [ -49.714882356595922, -12.865205200988196 ] } },
{ "type": "Feature", "properties": { "rank": 784, "candidate_id": 1476, "scenario": "eolico", "solar_kwh_m2_day": 5.959437370300293, "wind_m_s": 7.1237277984619141, "dist_grid_km": 549.38691258570816, "dist_demand_km": 514.34750943915924, "connection_cost_brl": 659264295.10284984, "is_restricted": false, "restriction_factor": 1.0, "score_final": 0.54826522942447042, "longitude": -43.09674827039121, "latitude": -16.235196524817397 }, "geometry": { "type": "Point", "coordinates": [ -43.09674827039121, -16.235196524817397 ] } },
{ "type": "Feature", "properties": { "rank": 785, "candidate_id": 520, "scenario": "eolico", "solar_kwh_m2_day": 5.6829395294189453, "wind_m_s": 6.0878229141235352, "dist_grid_km": 34.727185945624534, "dist_demand_km": 317.99735857287072, "connection_cost_brl": 41672623.134749442, "is_restricted": false, "restriction_factor": 1.0, "score_final": 0.54825526271895197, "longitude": -50.61014585333804, "latitude": -14.683171534784721 }, "geometry": { "type": "Point", "coordinates": [ -50.61014585333804, -14.683171534784721 ] } },
{ "type": "Feature", "properties": { "rank": 786, "candidate_id": 876, "scenario": "eolico", "solar_kwh_m2_day": 5.725837230682373, "wind_m_s": 6.2165689468383789, "dist_grid_km": 197.84239839320406, "dist_demand_km": 71.366844867895963, "connection_cost_brl": 237410878.07184488, "is_restricted": false, "restriction_factor": 1.0, "score_final": 0.54820287619970876, "longitude": -47.77187777536318, "latitude": -16.422976155851511 }, "geometry": { "type": "Point", "coordinates": [ -47.77187777536318, -16.422976155851511 ] } },
{ "type": "Feature", "properties": { "rank": 787, "candidate_id": 2930, "scenario": "eolico", "solar_kwh_m2_day": 6.1180472373962402, "wind_m_s": 7.1505823135375977, "dist_grid_km": 636.50693112961665, "dist_demand_km": 319.01047897930943, "connection_cost_brl": 763808317.35553992, "is_restricted": false, "restriction_factor": 1.0, "score_final": 0.54810896747845084, "longitude": -32.445173402625542, "latitude": -9.5225724364664135 }, "geometry": { "type": "Point", "coordinates": [ -32.445173402625542, -9.522572436466413 ] } },
{ "type": "Feature", "properties": { "rank": 788, "candidate_id": 993, "scenario": "eolico", "solar_kwh_m2_day": 5.9363012313842773, "wind_m_s": 6.263634204864502, "dist_grid_km": 161.48602614789863, "dist_demand_km": 246.3866330216353, "connection_cost_brl": 193783231.37747836, "is_restricted": false, "restriction_factor": 1.0, "score_final": 0.54797400649573202, "longitude": -46.784423103546239, "latitude": -17.738067423055782 }, "geometry": { "type": "Point", "coordinates": [ -46.784423103546239, -17.738067423055782 ] } },
{ "type": "Feature", "properties": { "rank": 789, "candidate_id": 1377, "scenario": "eolico", "solar_kwh_m2_day": 6.4803042411804199, "wind_m_s": 7.2527475357055664, "dist_grid_km": 429.79416893087512, "dist_demand_km": 1054.3650601779918, "connection_cost_brl": 515753002.71705014, "is_restricted": false, "restriction_factor": 1.0, "score_final": 0.54711028691648855, "longitude": -44.36153768236786, "latitude": -6.9259364119402145 }, "geometry": { "type": "Point", "coordinates": [ -44.36153768236786, -6.925936411940214 ] } },
{ "type": "Feature", "properties": { "rank": 790, "candidate_id": 2256, "scenario": "eolico", "solar_kwh_m2_day": 5.5774364471435547, "wind_m_s": 7.900240421295166, "dist_grid_km": 841.09967673966605, "dist_demand_km": 933.98279921649021, "connection_cost_brl": 1009319612.0875993, "is_restricted": false, "restriction_factor": 1.0, "score_final": 0.54689416278344627, "longitude": -37.035871427259252, "latitude": -15.851712963769298 }, "geometry": { "type": "Point", "coordinates": [ -37.035871427259252, -15.851712963769298 ] } },
{ "type": "Feature", "properties": { "rank": 791, "candidate_id": 1056, "scenario": "eolico", "solar_kwh_m2_day": 5.2627987861633301, "wind_m_s": 6.4521737098693848, "dist_grid_km": 303.3057526509553, "dist_demand_km": 174.44559817421199, "connection_cost_brl": 363966903.18114638, "is_restricted": false, "restriction_factor": 1.0, "score_final": 0.54571223193761176, "longitude": -46.368443496109343, "latitude": -16.377011786948465 }, "geometry": { "type": "Point", "coordinates": [ -46.368443496109343, -16.377011786948465 ] } },
{ "type": "Feature", "properties": { "rank": 792, "candidate_id": 894, "scenario": "eolico", "solar_kwh_m2_day": 6.3958854675292969, "wind_m_s": 7.1613879203796387, "dist_grid_km": 467.1729902502492, "dist_demand_km": 829.31689295359331, "connection_cost_brl": 560607588.30029905, "is_restricted": false, "restriction_factor": 1.0, "score_final": 0.54533383628515164, "longitude": -47.961746086588022, "latitude": -8.3340019256166542 }, "geometry": { "type": "Point", "coordinates": [ -47.961746086588022, -8.334001925616654 ] } },
{ "type": "Feature", "properties": { "rank": 793, "candidate_id": 1537, "scenario": "eolico", "solar_kwh_m2_day": 5.5479240417480469, "wind_m_s": 7.1104927062988281, "dist_grid_km": 536.97709522701109, "dist_demand_km": 559.84432418705842, "connection_cost_brl": 644372514.27241325, "is_restricted": false, "restriction_factor": 1.0, "score_final": 0.54527203355497078, "longitude": -42.655108997391267, "latitude": -15.768020681265787 }, "geometry": { "type": "Point", "coordinates": [ -42.655108997391267, -15.768020681265787 ] } },
{ "type": "Feature", "properties": { "rank": 794, "candidate_id": 1772, "scenario": "eolico", "solar_kwh_m2_day": 5.3554449081420898, "wind_m_s": 7.349238395690918, "dist_grid_km": 582.93880290355196, "dist_demand_km": 806.27430416785251, "connection_cost_brl": 699526563.48426235, "is_restricted": false, "restriction_factor": 1.0, "score_final": 0.54507250940989782, "longitude": -40.636775388787001, "latitude": -17.864860913559873 }, "geometry": { "type": "Point", "coordinates": [ -40.636775388787001, -17.864860913559873 ] } },
{ "type": "Feature", "properties": { "rank": 795, "candidate_id": 641, "scenario": "eolico", "solar_kwh_m2_day": 5.9381451606750488, "wind_m_s": 6.0239615440368652, "dist_grid_km": 32.796693569395728, "dist_demand_km": 261.61162112854953, "connection_cost_brl": 39356032.283274874, "is_restricted": false, "restriction_factor": 1.0, "score_final": 0.54476438742689659, "longitude": -49.690568715702071, "latitude": -14.217186508730567 }, "geometry": { "type": "Point", "coordinates": [ -49.690568715702071, -14.217186508730567 ] } },
{ "type": "Feature", "properties": { "rank": 796, "candidate_id": 1048, "scenario": "eolico", "solar_kwh_m2_day": 5.2988595962524414, "wind_m_s": 6.085883617401123, "dist_grid_km": 18.865019094138628, "dist_demand_km": 403.0542555625392, "connection_cost_brl": 22638022.912966352, "is_restricted": false, "restriction_factor": 1.0, "score_final": 0.54408555097355582, "longitude": -46.210232606889384, "latitude": -19.958341462478199 }, "geometry": { "type": "Point", "coordinates": [ -46.210232606889384, -19.958341462478199 ] } },
{ "type": "Feature", "properties": { "rank": 797, "candidate_id": 811, "scenario": "eolico", "solar_kwh_m2_day": 5.593574047088623, "wind_m_s": 6.0274686813354492, "dist_grid_km": 15.087511499056747, "dist_demand_km": 323.28895097629777, "connection_cost_brl": 18105013.798868097, "is_restricted": false, "restriction_factor": 1.0, "score_final": 0.54404208181167679, "longitude": -48.168069613075964, "latitude": -18.683567300729493 }, "geometry": { "type": "Point", "coordinates": [ -48.168069613075964, -18.683567300729493 ] } },
{ "type": "Feature", "properties": { "rank": 798, "candidate_id": 1290, "scenario": "eolico", "solar_kwh_m2_day": 5.8964061737060547, "wind_m_s": 6.5312943458557129, "dist_grid_km": 230.59300816034457, "dist_demand_km": 516.38896143608451, "connection_cost_brl": 276711609.79241347, "is_restricted": false, "restriction_factor": 1.0, "score_final": 0.54383586759983427, "longitude": -44.35584338551233, "latitude": -18.974863411754367 }, "geometry": { "type": "Point", "coordinates": [ -44.35584338551233, -18.974863411754367 ] } },
{ "type": "Feature", "properties": { "rank": 799, "candidate_id": 1013, "scenario": "eolico", "solar_kwh_m2_day": 6.0394721031188965, "wind_m_s": 6.9663147926330566, "dist_grid_km": 378.90190097789861, "dist_demand_km": 786.91310972429721, "connection_cost_brl": 454682281.17347831, "is_restricted": false, "restriction_factor": 1.0, "score_final": 0.54362586153428372, "longitude": -47.045881244475879, "latitude": -8.7680209941070046 }, "geometry": { "type": "Point", "coordinates": [ -47.045881244475879, -8.768020994107005 ] } },
{ "type": "Feature", "properties": { "rank": 800, "candidate_id": 1117, "scenario": "eolico", "solar_kwh_m2_day": 5.8915624618530273, "wind_m_s": 6.5858478546142578, "dist_grid_km": 374.01529576480783, "dist_demand_km": 210.48414092410073, "connection_cost_brl": 448818354.91776937, "is_restricted": false, "restriction_factor": 1.0, "score_final": 0.54361305626422229, "longitude": -45.919068062415164, "latitude": -15.912341827551392 }, "geometry": { "type": "Point", "coordinates": [ -45.919068062415164, -15.912341827551392 ] } },
{ "type": "Feature", "properties": { "rank": 801, "candidate_id": 691, "scenario": "eolico", "solar_kwh_m2_day": 5.7469320297241211, "wind_m_s": 6.1651525497436523, "dist_grid_km": 85.396414337557616, "dist_demand_km": 350.17669688227613, "connection_cost_brl": 102475697.20506914, "is_restricted": false, "restriction_factor": 1.0, "score_final": 0.54348188170457212, "longitude": -49.115683111264104, "latitude": -18.710539428460923 }, "geometry": { "type": "Point", "coordinates": [ -49.115683111264104, -18.710539428460923 ] } },
{ "type": "Feature", "properties": { "rank": 802, "candidate_id": 1657, "scenario": "eolico", "solar_kwh_m2_day": 5.6521592140197754, "wind_m_s": 7.236109733581543, "dist_grid_km": 580.14739367507195, "dist_demand_km": 659.78609723791362, "connection_cost_brl": 696176872.41008639, "is_restricted": false, "restriction_factor": 1.0, "score_final": 0.54308333472243964, "longitude": -41.723451447851289, "latitude": -15.718484995288488 }, "geometry": { "type": "Point", "coordinates": [ -41.723451447851289, -15.718484995288488 ] } },
{ "type": "Feature", "properties": { "rank": 803, "candidate_id": 1138, "scenario": "eolico", "solar_kwh_m2_day": 6.3889150619506836, "wind_m_s": 7.454312801361084, "dist_grid_km": 561.23555665128652, "dist_demand_km": 1050.3598128122544, "connection_cost_brl": 673482667.98154378, "is_restricted": false, "restriction_factor": 1.0, "score_final": 0.54304384202984057, "longitude": -46.178267428723842, "latitude": -6.5109546764781649 }, "geometry": { "type": "Point", "coordinates": [ -46.178267428723842, -6.510954676478165 ] } },
{ "type": "Feature", "properties": { "rank": 804, "candidate_id": 1283, "scenario": "eolico", "solar_kwh_m2_day": 5.3635396957397461, "wind_m_s": 5.9897160530090332, "dist_grid_km": 5.4899947348645233, "dist_demand_km": 301.77991149729655, "connection_cost_brl": 6587993.6818374284, "is_restricted": false, "restriction_factor": 1.0, "score_final": 0.54303831023056615, "longitude": -44.156569769326715, "latitude": -22.090908289065414 }, "geometry": { "type": "Point", "coordinates": [ -44.156569769326715, -22.090908289065414 ] } },
{ "type": "Feature", "properties": { "rank": 805, "candidate_id": 456, "scenario": "eolico", "solar_kwh_m2_day": 5.1084089279174805, "wind_m_s": 6.092219352722168, "dist_grid_km": 48.238761541548868, "dist_demand_km": 347.80904646442269, "connection_cost_brl": 57886513.849858642, "is_restricted": false, "restriction_factor": 1.0, "score_final": 0.54264668673683603, "longitude": -51.048631109997686, "latitude": -16.49451465142468 }, "geometry": { "type": "Point", "coordinates": [ -51.048631109997686, -16.49451465142468 ] } },
{ "type": "Feature", "properties": { "rank": 806, "candidate_id": 633, "scenario": "eolico", "solar_kwh_m2_day": 5.4485130310058594, "wind_m_s": 6.0579652786254883, "dist_grid_km": 49.440682367603877, "dist_demand_km": 291.59954146023165, "connection_cost_brl": 59328818.841124654, "is_restricted": false, "restriction_factor": 1.0, "score_final": 0.54262824618208194, "longitude": -49.612338285256222, "latitude": -17.821453593740134 }, "geometry": { "type": "Point", "coordinates": [ -49.612338285256222, -17.821453593740134 ] } },
{ "type": "Feature", "properties": { "rank": 807, "candidate_id": 758, "scenario": "eolico", "solar_kwh_m2_day": 5.6480441093444824, "wind_m_s": 6.194582462310791, "dist_grid_km": 198.64367894390742, "dist_demand_km": 95.151388297004814, "connection_cost_brl": 238372414.7326889, "is_restricted": false, "restriction_factor": 1.0, "score_final": 0.54258825682191703, "longitude": -48.731534199919146, "latitude": -15.54872094608781 }, "geometry": { "type": "Point", "coordinates": [ -48.731534199919146, -15.54872094608781 ] } },
{ "type": "Feature", "properties": { "rank": 808, "candidate_id": 765, "scenario": "eolico", "solar_kwh_m2_day": 5.9891343116760254, "wind_m_s": 6.2173781394958496, "dist_grid_km": 104.43617127970245, "dist_demand_km": 389.92030077738508, "connection_cost_brl": 125323405.53564294, "is_restricted": false, "restriction_factor": 1.0, "score_final": 0.54246137396686178, "longitude": -48.802892882303418, "latitude": -12.398500036113479 }, "geometry": { "type": "Point", "coordinates": [ -48.802892882303418, -12.398500036113479 ] } },
{ "type": "Feature", "properties": { "rank": 809, "candidate_id": 1233, "scenario": "eolico", "solar_kwh_m2_day": 4.980156421661377, "wind_m_s": 6.5577878952026367, "dist_grid_km": 302.10383182490034, "dist_demand_km": 380.11896361492552, "connection_cost_brl": 362524598.18988043, "is_restricted": false, "restriction_factor": 1.0, "score_final": 0.54210301691008511, "longitude": -44.900854259411027, "latitude": -17.660599655799118 }, "geometry": { "type": "Point", "coordinates": [ -44.900854259411027, -17.660599655799118 ] } },
{ "type": "Feature", "properties": { "rank": 810, "candidate_id": 1167, "scenario": "eolico", "solar_kwh_m2_day": 5.844001293182373, "wind_m_s": 6.121457576751709, "dist_grid_km": 53.618830238037418, "dist_demand_km": 384.35466572661801, "connection_cost_brl": 64342596.285644904, "is_restricted": false, "restriction_factor": 1.0, "score_final": 0.54209089018493284, "longitude": -45.231106982916344, "latitude": -20.360727735751201 }, "geometry": { "type": "Point", "coordinates": [ -45.231106982916344, -20.360727735751201 ] } },
{ "type": "Feature", "properties": { "rank": 811, "candidate_id": 1343, "scenario": "eolico", "solar_kwh_m2_day": 5.3024721145629883, "wind_m_s": 6.0624256134033203, "dist_grid_km": 34.44299350899896, "dist_demand_km": 346.2145742496964, "connection_cost_brl": 41331592.210798755, "is_restricted": false, "restriction_factor": 1.0, "score_final": 0.54200993749825788, "longitude": -43.673156270088448, "latitude": -22.061452492959667 }, "geometry": { "type": "Point", "coordinates": [ -43.673156270088448, -22.061452492959667 ] } },
{ "type": "Feature", "properties": { "rank": 812, "candidate_id": 873, "scenario": "eolico", "solar_kwh_m2_day": 5.2219657897949219, "wind_m_s": 6.081141471862793, "dist_grid_km": 91.177123309397786, "dist_demand_km": 220.93968893742121, "connection_cost_brl": 109412547.97127734, "is_restricted": false, "restriction_factor": 1.0, "score_final": 0.54190552007686676, "longitude": -47.726763995435611, "latitude": -17.770287366663382 }, "geometry": { "type": "Point", "coordinates": [ -47.726763995435611, -17.770287366663382 ] } },
{ "type": "Feature", "properties": { "rank": 813, "candidate_id": 1076, "scenario": "eolico", "solar_kwh_m2_day": 6.21075439453125, "wind_m_s": 7.2553696632385254, "dist_grid_km": 492.6191242267376, "dist_demand_km": 942.84523440837552, "connection_cost_brl": 591142949.07208514, "is_restricted": false, "restriction_factor": 1.0, "score_final": 0.5418283903756097, "longitude": -46.616181569360016, "latitude": -7.4144498536204759 }, "geometry": { "type": "Point", "coordinates": [ -46.616181569360016, -7.414449853620476 ] } },
{ "type": "Feature", "properties": { "rank": 814, "candidate_id": 2317, "scenario": "eolico", "solar_kwh_m2_day": 6.1185173988342285, "wind_m_s": 7.7824139595031738, "dist_grid_km": 817.58403513940664, "dist_demand_km": 871.45032277244013, "connection_cost_brl": 981100842.16728795, "is_restricted": false, "restriction_factor": 1.0, "score_final": 0.54168325493499492, "longitude": -36.608171964964754, "latitude": -15.384487143441984 }, "geometry": { "type": "Point", "coordinates": [ -36.608171964964754, -15.384487143441984 ] } },
{ "type": "Feature", "properties": { "rank": 815, "candidate_id": 1771, "scenario": "eolico", "solar_kwh_m2_day": 5.5168642997741699, "wind_m_s": 7.274540901184082, "dist_grid_km": 547.38371120894988, "dist_demand_km": 824.41006792441794, "connection_cost_brl": 656860453.45073986, "is_restricted": false, "restriction_factor": 1.0, "score_final": 0.54165495806316011, "longitude": -40.602838880365333, "latitude": -18.304527154222423 }, "geometry": { "type": "Point", "coordinates": [ -40.602838880365333, -18.304527154222423 ] } },
{ "type": "Feature", "properties": { "rank": 816, "candidate_id": 582, "scenario": "eolico", "solar_kwh_m2_day": 5.6796035766601562, "wind_m_s": 6.047123908996582, "dist_grid_km": 33.889246478924477, "dist_demand_km": 332.29643450349005, "connection_cost_brl": 40667095.774709374, "is_restricted": false, "restriction_factor": 1.0, "score_final": 0.54123494345482959, "longitude": -50.16126483652338, "latitude": -13.774169672059509 }, "geometry": { "type": "Point", "coordinates": [ -50.16126483652338, -13.774169672059509 ] } },
{ "type": "Feature", "properties": { "rank": 817, "candidate_id": 635, "scenario": "eolico", "solar_kwh_m2_day": 5.8804035186767578, "wind_m_s": 5.9561519622802734, "dist_grid_km": 21.669501021600301, "dist_demand_km": 225.57233764856889, "connection_cost_brl": 26003401.225920361, "is_restricted": false, "restriction_factor": 1.0, "score_final": 0.54115426395556421, "longitude": -49.633778751674079, "latitude": -16.920537530996132 }, "geometry": { "type": "Point", "coordinates": [ -49.633778751674079, -16.920537530996132 ] } },
{ "type": "Feature", "properties": { "rank": 818, "candidate_id": 2316, "scenario": "eolico", "solar_kwh_m2_day": 6.1921243667602539, "wind_m_s": 7.886927604675293, "dist_grid_km": 862.68482596369643, "dist_demand_km": 919.59283251182217, "connection_cost_brl": 1035221791.1564357, "is_restricted": false, "restriction_factor": 1.0, "score_final": 0.54078326683293465, "longitude": -36.570637537961993, "latitude": -15.816238579972104 }, "geometry": { "type": "Point", "coordinates": [ -36.570637537961993, -15.816238579972104 ] } },
{ "type": "Feature", "properties": { "rank": 819, "candidate_id": 1658, "scenario": "eolico", "solar_kwh_m2_day": 5.3386354446411133, "wind_m_s": 7.1404013633728027, "dist_grid_km": 535.04660285078239, "dist_demand_km": 660.10907248321382, "connection_cost_brl": 642055923.42093885, "is_restricted": false, "restriction_factor": 1.0, "score_final": 0.54072960864587771, "longitude": -41.749901394993316, "latitude": -15.276813716257619 }, "geometry": { "type": "Point", "coordinates": [ -41.749901394993316, -15.276813716257619 ] } },
{ "type": "Feature", "properties": { "rank": 820, "candidate_id": 648, "scenario": "eolico", "solar_kwh_m2_day": 6.7018599510192871, "wind_m_s": 6.6299943923950195, "dist_grid_km": 282.90884220063253, "dist_demand_km": 562.51639493706034, "connection_cost_brl": 339490610.64075905, "is_restricted": false, "restriction_factor": 1.0, "score_final": 0.5404343955021631, "longitude": -49.743232250226036, "latitude": -11.062287512663669 }, "geometry": { "type": "Point", "coordinates": [ -49.743232250226036, -11.062287512663669 ] } },
{ "type": "Feature", "properties": { "rank": 821, "candidate_id": 1072, "scenario": "eolico", "solar_kwh_m2_day": 6.4851260185241699, "wind_m_s": 6.7994723320007324, "dist_grid_km": 312.21596092957856, "dist_demand_km": 746.49310926607984, "connection_cost_brl": 374659153.11549425, "is_restricted": false, "restriction_factor": 1.0, "score_final": 0.54029739383714681, "longitude": -46.582374611013087, "latitude": -9.2077517920976781 }, "geometry": { "type": "Point", "coordinates": [ -46.582374611013087, -9.207751792097678 ] } },
{ "type": "Feature", "properties": { "rank": 822, "candidate_id": 888, "scenario": "eolico", "solar_kwh_m2_day": 5.7340617179870605, "wind_m_s": 6.4486269950866699, "dist_grid_km": 196.56824530451081, "dist_demand_km": 529.34747391570113, "connection_cost_brl": 235881894.36541298, "is_restricted": false, "restriction_factor": 1.0, "score_final": 0.53935534884942005, "longitude": -47.913179115286937, "latitude": -11.03114412525421 }, "geometry": { "type": "Point", "coordinates": [ -47.913179115286937, -11.03114412525421 ] } },
{ "type": "Feature", "properties": { "rank": 823, "candidate_id": 2922, "scenario": "eolico", "solar_kwh_m2_day": 5.9253849983215332, "wind_m_s": 7.681910514831543, "dist_grid_km": 855.18355985084747, "dist_demand_km": 641.53736140151364, "connection_cost_brl": 1026220271.821017, "is_restricted": false, "restriction_factor": 1.0, "score_final": 0.5389797972312026, "longitude": -32.181655085565346, "latitude": -12.895176542728354 }, "geometry": { "type": "Point", "coordinates": [ -32.181655085565346, -12.895176542728354 ] } },
{ "type": "Feature", "properties": { "rank": 824, "candidate_id": 2744, "scenario": "eolico", "solar_kwh_m2_day": 5.9670596122741699, "wind_m_s": 7.2792043685913086, "dist_grid_km": 679.55471240854763, "dist_demand_km": 499.13749193546613, "connection_cost_brl": 815465654.89025712, "is_restricted": false, "restriction_factor": 1.0, "score_final": 0.53889261510325548, "longitude": -33.629454457797145, "latitude": -12.150655672464055 }, "geometry": { "type": "Point", "coordinates": [ -33.629454457797145, -12.150655672464055 ] } },
{ "type": "Feature", "properties": { "rank": 825, "candidate_id": 1225, "scenario": "eolico", "solar_kwh_m2_day": 5.4748697280883789, "wind_m_s": 5.9962677955627441, "dist_grid_km": 17.663098268083672, "dist_demand_km": 326.95536702211848, "connection_cost_brl": 21195717.921700407, "is_restricted": false, "restriction_factor": 1.0, "score_final": 0.53851811329008903, "longitude": -44.698035114570658, "latitude": -21.227787540102799 }, "geometry": { "type": "Point", "coordinates": [ -44.698035114570658, -21.227787540102799 ] } },
{ "type": "Feature", "properties": { "rank": 826, "candidate_id": 463, "scenario": "eolico", "solar_kwh_m2_day": 5.5184111595153809, "wind_m_s": 6.2535896301269531, "dist_grid_km": 122.16033575127511, "dist_demand_km": 440.40343670998988, "connection_cost_brl": 146592402.90153015, "is_restricted": false, "restriction_factor": 1.0, "score_final": 0.53845304797382021, "longitude": -51.091439638968062, "latitude": -13.335486637602957 }, "geometry": { "type": "Point", "coordinates": [ -51.091439638968062, -13.335486637602957 ] } },
{ "type": "Feature", "properties": { "rank": 827, "candidate_id": 1232, "scenario": "eolico", "solar_kwh_m2_day": 5.2284893989562988, "wind_m_s": 6.4852643013000488, "dist_grid_km": 266.54874013029831, "dist_demand_km": 411.17409090733548, "connection_cost_brl": 319858488.156358, "is_restricted": false, "restriction_factor": 1.0, "score_final": 0.53779301152682768, "longitude": -44.877912182987124, "latitude": -18.106680098613001 }, "geometry": { "type": "Point", "coordinates": [ -44.877912182987124, -18.106680098613001 ] } },
{ "type": "Feature", "properties": { "rank": 828, "candidate_id": 1893, "scenario": "eolico", "solar_kwh_m2_day": 5.8715147972106934, "wind_m_s": 7.5374364852905273, "dist_grid_km": 688.80279743665494, "dist_demand_km": 887.35369149597818, "connection_cost_brl": 826563356.92398596, "is_restricted": false, "restriction_factor": 1.0, "score_final": 0.53766494987498659, "longitude": -39.731068007673422, "latitude": -17.361801551723104 }, "geometry": { "type": "Point", "coordinates": [ -39.731068007673422, -17.361801551723104 ] } },
{ "type": "Feature", "properties": { "rank": 829, "candidate_id": 937, "scenario": "eolico", "solar_kwh_m2_day": 5.7676968574523926, "wind_m_s": 6.2570028305053711, "dist_grid_km": 268.55194150705654, "dist_demand_km": 62.972481327929238, "connection_cost_brl": 322262329.80846786, "is_restricted": false, "restriction_factor": 1.0, "score_final": 0.53674358575849457, "longitude": -47.319173513034656, "latitude": -15.959906249607606 }, "geometry": { "type": "Point", "coordinates": [ -47.319173513034656, -15.959906249607606 ] } },
{ "type": "Feature", "properties": { "rank": 830, "candidate_id": 2861, "scenario": "eolico", "solar_kwh_m2_day": 5.5865058898925781, "wind_m_s": 7.6860194206237793, "dist_grid_km": 858.45716337012675, "dist_demand_km": 670.42403764043002, "connection_cost_brl": 1030148596.0441521, "is_restricted": false, "restriction_factor": 1.0, "score_final": 0.53603724525717622, "longitude": -32.602559997518483, "latitude": -13.353060546792221 }, "geometry": { "type": "Point", "coordinates": [ -32.602559997518483, -13.353060546792221 ] } },
{ "type": "Feature", "properties": { "rank": 831, "candidate_id": 1296, "scenario": "eolico", "solar_kwh_m2_day": 5.3510227203369141, "wind_m_s": 6.7572574615478516, "dist_grid_km": 443.92355832795698, "dist_demand_km": 366.35409140653218, "connection_cost_brl": 532708269.99354839, "is_restricted": false, "restriction_factor": 1.0, "score_final": 0.53598785671528493, "longitude": -44.498330416617698, "latitude": -16.301801489120937 }, "geometry": { "type": "Point", "coordinates": [ -44.498330416617698, -16.301801489120937 ] } },
{ "type": "Feature", "properties": { "rank": 832, "candidate_id": 2258, "scenario": "eolico", "solar_kwh_m2_day": 5.980985164642334, "wind_m_s": 7.6042423248291016, "dist_grid_km": 750.8980950910867, "dist_demand_km": 839.5672957770679, "connection_cost_brl": 901077714.10930407, "is_restricted": false, "restriction_factor": 1.0, "score_final": 0.53591497198865268, "longitude": -37.108026602284355, "latitude": -14.986082520752603 }, "geometry": { "type": "Point", "coordinates": [ -37.108026602284355, -14.986082520752603 ] } },
{ "type": "Feature", "properties": { "rank": 833, "candidate_id": 1466, "scenario": "eolico", "solar_kwh_m2_day": 5.5491046905517578, "wind_m_s": 6.4029760360717773, "dist_grid_km": 193.83599563968738, "dist_demand_km": 509.29808022739991, "connection_cost_brl": 232603194.76762486, "is_restricted": false, "restriction_factor": 1.0, "score_final": 0.53531274682671315, "longitude": -42.809505842979483, "latitude": -20.669575406089038 }, "geometry": { "type": "Point", "coordinates": [ -42.809505842979483, -20.669575406089038 ] } },
{ "type": "Feature", "properties": { "rank": 834, "candidate_id": 1895, "scenario": "eolico", "solar_kwh_m2_day": 5.1039724349975586, "wind_m_s": 7.6285800933837891, "dist_grid_km": 756.68957221977337, "dist_demand_km": 867.89928029925341, "connection_cost_brl": 908027486.663728, "is_restricted": false, "restriction_factor": 1.0, "score_final": 0.53531132224570643, "longitude": -39.798278006912248, "latitude": -16.485460387210068 }, "geometry": { "type": "Point", "coordinates": [ -39.798278006912248, -16.485460387210068 ] } },
{ "type": "Feature", "properties": { "rank": 835, "candidate_id": 930, "scenario": "eolico", "solar_kwh_m2_day": 5.5615673065185547, "wind_m_s": 6.0088801383972168, "dist_grid_km": 19.666299644841985, "dist_demand_km": 375.47500468222557, "connection_cost_brl": 23599559.57381038, "is_restricted": false, "restriction_factor": 1.0, "score_final": 0.53529820348550428, "longitude": -47.202633953026243, "latitude": -19.100465975894824 }, "geometry": { "type": "Point", "coordinates": [ -47.202633953026243, -19.100465975894824 ] } },
{ "type": "Feature", "properties": { "rank": 836, "candidate_id": 1059, "scenario": "eolico", "solar_kwh_m2_day": 5.7534389495849609, "wind_m_s": 6.3281326293945312, "dist_grid_km": 274.09431978618824, "dist_demand_km": 178.07343182235954, "connection_cost_brl": 328913183.74342591, "is_restricted": false, "restriction_factor": 1.0, "score_final": 0.53487526793037721, "longitude": -46.418586832185575, "latitude": -15.03337047439568 }, "geometry": { "type": "Point", "coordinates": [ -46.418586832185575, -15.03337047439568 ] } },
{ "type": "Feature", "properties": { "rank": 837, "candidate_id": 1707, "scenario": "eolico", "solar_kwh_m2_day": 4.8879923820495605, "wind_m_s": 6.8612632751464844, "dist_grid_km": 384.00954398142147, "dist_demand_km": 704.88953533306335, "connection_cost_brl": 460811452.77770579, "is_restricted": false, "restriction_factor": 1.0, "score_final": 0.53475968003995344, "longitude": -40.933799394781296, "latitude": -20.097482759659204 }, "geometry": { "type": "Point", "coordinates": [ -40.933799394781296, -20.097482759659204 ] } },
{ "type": "Feature", "properties": { "rank": 838, "candidate_id": 1166, "scenario": "eolico", "solar_kwh_m2_day": 5.3459339141845703, "wind_m_s": 5.9786996841430664, "dist_grid_km": 18.063738543435324, "dist_demand_km": 339.73144147311865, "connection_cost_brl": 21676486.252122387, "is_restricted": false, "restriction_factor": 1.0, "score_final": 0.53467532163692233, "longitude": -45.205364000020325, "latitude": -20.807075082187342 }, "geometry": { "type": "Point", "coordinates": [ -45.205364000020325, -20.807075082187342 ] } },
{ "type": "Feature", "properties": { "rank": 839, "candidate_id": 1101, "scenario": "eolico", "solar_kwh_m2_day": 5.1419143676757812, "wind_m_s": 5.8786625862121582, "dist_grid_km": 41.53943290817837, "dist_demand_km": 122.75484586660697, "connection_cost_brl": 49847319.489814043, "is_restricted": false, "restriction_factor": 1.0, "score_final": 0.53444648916813764, "longitude": -45.553161772053386, "latitude": -23.064509751476475 }, "geometry": { "type": "Point", "coordinates": [ -45.553161772053386, -23.064509751476475 ] } },
{ "type": "Feature", "properties": { "rank": 840, "candidate_id": 1074, "scenario": "eolico", "solar_kwh_m2_day": 6.5229082107543945, "wind_m_s": 6.9814691543579102, "dist_grid_km": 402.41754257815802, "dist_demand_km": 844.45517886632797, "connection_cost_brl": 482901051.09378964, "is_restricted": false, "restriction_factor": 1.0, "score_final": 0.53442322269990994, "longitude": -46.600221806057547, "latitude": -8.3111379284247846 }, "geometry": { "type": "Point", "coordinates": [ -46.600221806057547, -8.311137928424785 ] } },
{ "type": "Feature", "properties": { "rank": 841, "candidate_id": 2803, "scenario": "eolico", "solar_kwh_m2_day": 6.522892951965332, "wind_m_s": 7.409888744354248, "dist_grid_km": 750.15617625273796, "dist_demand_km": 560.08093770222104, "connection_cost_brl": 900187411.50328553, "is_restricted": false, "restriction_factor": 1.0, "score_final": 0.53406006985164534, "longitude": -33.136388457467248, "latitude": -12.542217302429641 }, "geometry": { "type": "Point", "coordinates": [ -33.136388457467248, -12.542217302429641 ] } },
{ "type": "Feature", "properties": { "rank": 842, "candidate_id": 999, "scenario": "eolico", "solar_kwh_m2_day": 5.6071982383728027, "wind_m_s": 6.2554178237915039, "dist_grid_km": 252.50917056215789, "dist_demand_km": 135.14486201482379, "connection_cost_brl": 303011004.67458946, "is_restricted": false, "restriction_factor": 1.0, "score_final": 0.53387571479805596, "longitude": -46.883316956562219, "latitude": -15.048293514417137 }, "geometry": { "type": "Point", "coordinates": [ -46.883316956562219, -15.048293514417137 ] } },
{ "type": "Feature", "properties": { "rank": 843, "candidate_id": 987, "scenario": "eolico", "solar_kwh_m2_day": 5.0190191268920898, "wind_m_s": 6.0364251136779785, "dist_grid_km": 51.844524019713838, "dist_demand_km": 348.35077113029774, "connection_cost_brl": 62213428.823656604, "is_restricted": false, "restriction_factor": 1.0, "score_final": 0.53358676629545676, "longitude": -46.666393658631108, "latitude": -20.426469040374126 }, "geometry": { "type": "Point", "coordinates": [ -46.666393658631108, -20.426469040374126 ] } },
{ "type": "Feature", "properties": { "rank": 844, "candidate_id": 584, "scenario": "eolico", "solar_kwh_m2_day": 5.2662162780761719, "wind_m_s": 6.1979737281799316, "dist_grid_km": 124.090828127504, "dist_demand_km": 407.76648625917608, "connection_cost_brl": 148908993.75300479, "is_restricted": false, "restriction_factor": 1.0, "score_final": 0.53294894711365637, "longitude": -50.175478682874335, "latitude": -12.872311520838641 }, "geometry": { "type": "Point", "coordinates": [ -50.175478682874335, -12.872311520838641 ] } },
{ "type": "Feature", "properties": { "rank": 845, "candidate_id": 832, "scenario": "eolico", "solar_kwh_m2_day": 5.8815197944641113, "wind_m_s": 6.8888993263244629, "dist_grid_km": 398.55655782570028, "dist_demand_km": 730.38887492471599, "connection_cost_brl": 478267869.39084035, "is_restricted": false, "restriction_factor": 1.0, "score_final": 0.53265710546184308, "longitude": -48.402086959837057, "latitude": -9.2404619606210279 }, "geometry": { "type": "Point", "coordinates": [ -48.402086959837057, -9.240461960621028 ] } },
{ "type": "Feature", "properties": { "rank": 846, "candidate_id": 1474, "scenario": "eolico", "solar_kwh_m2_day": 6.1762180328369141, "wind_m_s": 6.9003157615661621, "dist_grid_km": 478.27672919650405, "dist_demand_km": 537.30882510325785, "connection_cost_brl": 573932075.03580487, "is_restricted": false, "restriction_factor": 1.0, "score_final": 0.53194708793186851, "longitude": -43.045731333216708, "latitude": -17.122564257145495 }, "geometry": { "type": "Point", "coordinates": [ -43.045731333216708, -17.122564257145495 ] } },
{ "type": "Feature", "properties": { "rank": 847, "candidate_id": 1413, "scenario": "eolico", "solar_kwh_m2_day": 6.0468912124633789, "wind_m_s": 6.7536072731018066, "dist_grid_km": 407.56718608265163, "dist_demand_km": 509.73372134443423, "connection_cost_brl": 489080623.29918194, "is_restricted": false, "restriction_factor": 1.0, "score_final": 0.53136619586742739, "longitude": -43.4893173209325, "latitude": -17.591333046317096 }, "geometry": { "type": "Point", "coordinates": [ -43.4893173209325, -17.591333046317096 ] } },
{ "type": "Feature", "properties": { "rank": 848, "candidate_id": 1532, "scenario": "eolico", "solar_kwh_m2_day": 5.7553176879882812, "wind_m_s": 6.8860783576965332, "dist_grid_km": 442.32099722655033, "dist_demand_km": 621.52570340526347, "connection_cost_brl": 530785196.6718604, "is_restricted": false, "restriction_factor": 1.0, "score_final": 0.53121813581812716, "longitude": -42.520318659727302, "latitude": -17.982797845969291 }, "geometry": { "type": "Point", "coordinates": [ -42.520318659727302, -17.982797845969291 ] } },
{ "type": "Feature", "properties": { "rank": 849, "candidate_id": 813, "scenario": "eolico", "solar_kwh_m2_day": 5.7439055442810059, "wind_m_s": 5.9447622299194336, "dist_grid_km": 56.0226718901474, "dist_demand_km": 224.42890356586798, "connection_cost_brl": 67227206.268176883, "is_restricted": false, "restriction_factor": 1.0, "score_final": 0.53081497475224548, "longitude": -48.198054447153012, "latitude": -17.784746288159326 }, "geometry": { "type": "Point", "coordinates": [ -48.198054447153012, -17.784746288159326 ] } },
{ "type": "Feature", "properties": { "rank": 850, "candidate_id": 640, "scenario": "eolico", "solar_kwh_m2_day": 5.6642360687255859, "wind_m_s": 5.9864687919616699, "dist_grid_km": 77.897484393685417, "dist_demand_km": 230.24844590853689, "connection_cost_brl": 93476981.272422507, "is_restricted": false, "restriction_factor": 1.0, "score_final": 0.5307148320868228, "longitude": -49.681869283493164, "latitude": -14.667803893201478 }, "geometry": { "type": "Point", "coordinates": [ -49.681869283493164, -14.667803893201478 ] } },
{ "type": "Feature", "properties": { "rank": 851, "candidate_id": 2441, "scenario": "eolico", "solar_kwh_m2_day": 5.7619304656982422, "wind_m_s": 7.3222222328186035, "dist_grid_km": 680.3511702903088, "dist_demand_km": 652.8235838434282, "connection_cost_brl": 816421404.34837055, "is_restricted": false, "restriction_factor": 1.0, "score_final": 0.53055884825461908, "longitude": -35.824995020334804, "latitude": -13.593597915931769 }, "geometry": { "type": "Point", "coordinates": [ -35.824995020334804, -13.593597915931769 ] } },
{ "type": "Feature", "properties": { "rank": 852, "candidate_id": 1709, "scenario": "eolico", "solar_kwh_m2_day": 5.8732686042785645, "wind_m_s": 6.9700608253479004, "dist_grid_km": 442.31008071590776, "dist_demand_km": 759.27028817338589, "connection_cost_brl": 530772096.85908931, "is_restricted": false, "restriction_factor": 1.0, "score_final": 0.53051794231209271, "longitude": -41.006130968430668, "latitude": -19.217082883415966 }, "geometry": { "type": "Point", "coordinates": [ -41.006130968430668, -19.217082883415966 ] } },
{ "type": "Feature", "properties": { "rank": 853, "candidate_id": 1230, "scenario": "eolico", "solar_kwh_m2_day": 5.2666711807250977, "wind_m_s": 6.3542256355285645, "dist_grid_km": 195.43855674109409, "dist_demand_km": 482.91981332416998, "connection_cost_brl": 234526268.08931291, "is_restricted": false, "restriction_factor": 1.0, "score_final": 0.5303026349079818, "longitude": -44.830004001683704, "latitude": -18.998691808392959 }, "geometry": { "type": "Point", "coordinates": [ -44.830004001683704, -18.998691808392959 ] } },
{ "type": "Feature", "properties": { "rank": 854, "candidate_id": 1113, "scenario": "eolico", "solar_kwh_m2_day": 5.2080011367797852, "wind_m_s": 6.2983427047729492, "dist_grid_km": 231.7949289863995, "dist_demand_km": 304.29985165246381, "connection_cost_brl": 278153914.78367943, "is_restricted": false, "restriction_factor": 1.0, "score_final": 0.52959007535934777, "longitude": -45.842438876628492, "latitude": -17.701486346076283 }, "geometry": { "type": "Point", "coordinates": [ -45.842438876628492, -17.701486346076283 ] } },
{ "type": "Feature", "properties": { "rank": 855, "candidate_id": 2866, "scenario": "eolico", "solar_kwh_m2_day": 5.7788844108581543, "wind_m_s": 7.1878299713134766, "dist_grid_km": 685.98472763759924, "dist_demand_km": 439.70652429940901, "connection_cost_brl": 823181673.16511905, "is_restricted": false, "restriction_factor": 1.0, "score_final": 0.52955842829027988, "longitude": -32.780654517738604, "latitude": -11.240509334293565 }, "geometry": { "type": "Point", "coordinates": [ -32.780654517738604, -11.240509334293565 ] } },
{ "type": "Feature", "properties": { "rank": 856, "candidate_id": 1592, "scenario": "eolico", "solar_kwh_m2_day": 5.9516825675964355, "wind_m_s": 6.9573431015014648, "dist_grid_km": 477.47544864580084, "dist_demand_km": 666.8884564793384, "connection_cost_brl": 572970538.37496102, "is_restricted": false, "restriction_factor": 1.0, "score_final": 0.52830586121418366, "longitude": -42.049207201818341, "latitude": -17.954852569623771 }, "geometry": { "type": "Point", "coordinates": [ -42.049207201818341, -17.954852569623771 ] } },
{ "type": "Feature", "properties": { "rank": 857, "candidate_id": 1353, "scenario": "eolico", "solar_kwh_m2_day": 6.0854887962341309, "wind_m_s": 6.6406168937683105, "dist_grid_km": 372.41273466340112, "dist_demand_km": 465.16927379574264, "connection_cost_brl": 446895281.59608138, "is_restricted": false, "restriction_factor": 1.0, "score_final": 0.52815667865284421, "longitude": -43.959710899239404, "latitude": -17.615468990586056 }, "geometry": { "type": "Point", "coordinates": [ -43.959710899239404, -17.615468990586056 ] } },
{ "type": "Feature", "properties": { "rank": 858, "candidate_id": 1341, "scenario": "eolico", "solar_kwh_m2_day": 5.2481827735900879, "wind_m_s": 6.061525821685791, "dist_grid_km": 100.43632982809422, "dist_demand_km": 316.61083042445671, "connection_cost_brl": 120523595.79371306, "is_restricted": false, "restriction_factor": 1.0, "score_final": 0.52775010977683701, "longitude": -43.606249679960875, "latitude": -22.949867889735639 }, "geometry": { "type": "Point", "coordinates": [ -43.606249679960875, -22.949867889735639 ] } },
{ "type": "Feature", "properties": { "rank": 859, "candidate_id": 2940, "scenario": "eolico", "solar_kwh_m2_day": 6.5399847030639648, "wind_m_s": 7.1220974922180176, "dist_grid_km": 668.87499863362802, "dist_demand_km": 405.60394503671745, "connection_cost_brl": 802649998.36035359, "is_restricted": false, "restriction_factor": 1.0, "score_final": 0.52760003409189116, "longitude": -32.659162902487836, "latitude": -5.299331470077596 }, "geometry": { "type": "Point", "coordinates": [ -32.659162902487836, -5.299331470077596 ] } },
{ "type": "Feature", "properties": { "rank": 860, "candidate_id": 589, "scenario": "eolico", "solar_kwh_m2_day": 5.9441404342651367, "wind_m_s": 6.7007403373718262, "dist_grid_km": 349.5947822489527, "dist_demand_km": 627.22003686681705, "connection_cost_brl": 419513738.69874322, "is_restricted": false, "restriction_factor": 1.0, "score_final": 0.52756619161109575, "longitude": -50.206495786831191, "latitude": -10.617343989267161 }, "geometry": { "type": "Point", "coordinates": [ -50.206495786831191, -10.617343989267161 ] } },
{ "type": "Feature", "properties": { "rank": 861, "candidate_id": 1044, "scenario": "eolico", "solar_kwh_m2_day": 5.7219305038452148, "wind_m_s": 6.0258197784423828, "dist_grid_km": 123.35534768426977, "dist_demand_km": 207.8665580736924, "connection_cost_brl": 148026417.22112373, "is_restricted": false, "restriction_factor": 1.0, "score_final": 0.52687116208485218, "longitude": -46.116951384725375, "latitude": -21.747940533600577 }, "geometry": { "type": "Point", "coordinates": [ -46.116951384725375, -21.747940533600577 ] } },
{ "type": "Feature", "properties": { "rank": 862, "candidate_id": 2678, "scenario": "eolico", "solar_kwh_m2_day": 5.794550895690918, "wind_m_s": 7.7760200500488281, "dist_grid_km": 902.09647058861367, "dist_demand_km": 789.40674101652939, "connection_cost_brl": 1082515764.7063365, "is_restricted": false, "restriction_factor": 1.0, "score_final": 0.52678701715493337, "longitude": -33.86661196648398, "latitude": -14.736571845958759 }, "geometry": { "type": "Point", "coordinates": [ -33.86661196648398, -14.736571845958759 ] } },
{ "type": "Feature", "properties": { "rank": 863, "candidate_id": 870, "scenario": "eolico", "solar_kwh_m2_day": 5.3231701850891113, "wind_m_s": 5.9368457794189453, "dist_grid_km": 15.488151774408452, "dist_demand_km": 370.8577432778377, "connection_cost_brl": 18585782.129290141, "is_restricted": false, "restriction_factor": 1.0, "score_final": 0.52635975720178696, "longitude": -47.677481431829754, "latitude": -19.117292854536881 }, "geometry": { "type": "Point", "coordinates": [ -47.677481431829754, -19.117292854536881 ] } },
{ "type": "Feature", "properties": { "rank": 864, "candidate_id": 2927, "scenario": "eolico", "solar_kwh_m2_day": 6.2816319465637207, "wind_m_s": 7.1771249771118164, "dist_grid_km": 699.97518973868978, "dist_demand_km": 424.78656209841012, "connection_cost_brl": 839970227.68642771, "is_restricted": false, "restriction_factor": 1.0, "score_final": 0.52581948863035011, "longitude": -32.356217200219724, "latitude": -10.788053960609366 }, "geometry": { "type": "Point", "coordinates": [ -32.356217200219724, -10.788053960609366 ] } },
{ "type": "Feature", "properties": { "rank": 865, "candidate_id": 703, "scenario": "eolico", "solar_kwh_m2_day": 5.9745321273803711, "wind_m_s": 5.9296088218688965, "dist_grid_km": 35.819738855153361, "dist_demand_km": 312.63275681527222, "connection_cost_brl": 42983686.626184031, "is_restricted": false, "restriction_factor": 1.0, "score_final": 0.52554741933031501, "longitude": -49.245671457789356, "latitude": -13.307695549834683 }, "geometry": { "type": "Point", "coordinates": [ -49.245671457789356, -13.307695549834683 ] } },
{ "type": "Feature", "properties": { "rank": 866, "candidate_id": 869, "scenario": "eolico", "solar_kwh_m2_day": 5.7239341735839844, "wind_m_s": 6.0252485275268555, "dist_grid_km": 51.043243469010541, "dist_demand_km": 420.84340589216703, "connection_cost_brl": 61251892.16281265, "is_restricted": false, "restriction_factor": 1.0, "score_final": 0.5253965872920453, "longitude": -47.660101634542428, "latitude": -19.566222640390318 }, "geometry": { "type": "Point", "coordinates": [ -47.660101634542428, -19.566222640390318 ] } },
{ "type": "Feature", "properties": { "rank": 867, "candidate_id": 2017, "scenario": "eolico", "solar_kwh_m2_day": 5.7684545516967773, "wind_m_s": 7.5352139472961426, "dist_grid_km": 709.65828901925465, "dist_demand_km": 959.68420559075491, "connection_cost_brl": 851589946.82310557, "is_restricted": false, "restriction_factor": 1.0, "score_final": 0.5252428018836971, "longitude": -38.931318107437434, "latitude": -15.548808751100765 }, "geometry": { "type": "Point", "coordinates": [ -38.931318107437434, -15.548808751100765 ] } },
{ "type": "Feature", "properties": { "rank": 868, "candidate_id": 1954, "scenario": "eolico", "solar_kwh_m2_day": 5.1065845489501953, "wind_m_s": 7.5996899604797363, "dist_grid_km": 759.51234055050747, "dist_demand_km": 925.34797815186118, "connection_cost_brl": 911414808.66060901, "is_restricted": false, "restriction_factor": 1.0, "score_final": 0.52503218508229943, "longitude": -39.297097424048609, "latitude": -16.891465982790109 }, "geometry": { "type": "Point", "coordinates": [ -39.297097424048609, -16.891465982790109 ] } },
{ "type": "Feature", "properties": { "rank": 869, "candidate_id": 1134, "scenario": "eolico", "solar_kwh_m2_day": 6.7358875274658203, "wind_m_s": 6.8827519416809082, "dist_grid_km": 380.83239335412759, "dist_demand_km": 855.30729127381392, "connection_cost_brl": 456998872.02495313, "is_restricted": false, "restriction_factor": 1.0, "score_final": 0.52462859062585099, "longitude": -46.146417032372234, "latitude": -8.3025196130904941 }, "geometry": { "type": "Point", "coordinates": [ -46.146417032372234, -8.302519613090494 ] } },
{ "type": "Feature", "properties": { "rank": 870, "candidate_id": 1114, "scenario": "eolico", "solar_kwh_m2_day": 5.6981320381164551, "wind_m_s": 6.303917407989502, "dist_grid_km": 267.35002068100152, "dist_demand_km": 270.23081464171105, "connection_cost_brl": 320820024.81720185, "is_restricted": false, "restriction_factor": 1.0, "score_final": 0.52447906367072339, "longitude": -45.862476694430065, "latitude": -17.254261494613441 }, "geometry": { "type": "Point", "coordinates": [ -45.862476694430065, -17.254261494613441 ] } },
{ "type": "Feature", "properties": { "rank": 871, "candidate_id": 1655, "scenario": "eolico", "solar_kwh_m2_day": 5.2515521049499512, "wind_m_s": 7.1829180717468262, "dist_grid_km": 619.29517514885754, "dist_demand_km": 670.42158913329672, "connection_cost_brl": 743154210.17862904, "is_restricted": false, "restriction_factor": 1.0, "score_final": 0.52435732115863132, "longitude": -41.667986940690739, "latitude": -16.601640010850172 }, "geometry": { "type": "Point", "coordinates": [ -41.667986940690739, -16.601640010850172 ] } },
{ "type": "Feature", "properties": { "rank": 872, "candidate_id": 1653, "scenario": "eolico", "solar_kwh_m2_day": 5.314246654510498, "wind_m_s": 7.0715932846069336, "dist_grid_km": 548.18499175965337, "dist_demand_km": 695.42254798330521, "connection_cost_brl": 657821990.11158407, "is_restricted": false, "restriction_factor": 1.0, "score_final": 0.524093031135624, "longitude": -41.609043224206076, "latitude": -17.484531901621125 }, "geometry": { "type": "Point", "coordinates": [ -41.609043224206076, -17.484531901621125 ] } },
{ "type": "Feature", "properties": { "rank": 873, "candidate_id": 1235, "scenario": "eolico", "solar_kwh_m2_day": 4.7388358116149902, "wind_m_s": 6.5262770652770996, "dist_grid_km": 373.21401521410456, "dist_demand_km": 332.17918874021541, "connection_cost_brl": 447856818.25692546, "is_restricted": false, "restriction_factor": 1.0, "score_final": 0.52381052779977866, "longitude": -44.944752862424338, "latitude": -16.768296242585158 }, "geometry": { "type": "Point", "coordinates": [ -44.944752862424338, -16.768296242585158 ] } },
{ "type": "Feature", "properties": { "rank": 874, "candidate_id": 820, "scenario": "eolico", "solar_kwh_m2_day": 5.9549479484558105, "wind_m_s": 5.9866442680358887, "dist_grid_km": 142.65293206577672, "dist_demand_km": 135.4709822037795, "connection_cost_brl": 171183518.47893208, "is_restricted": false, "restriction_factor": 1.0, "score_final": 0.52301925454810139, "longitude": -48.289734724332682, "latitude": -14.637904324558983 }, "geometry": { "type": "Point", "coordinates": [ -48.289734724332682, -14.637904324558983 ] } },
{ "type": "Feature", "properties": { "rank": 875, "candidate_id": 950, "scenario": "eolico", "solar_kwh_m2_day": 6.3404650688171387, "wind_m_s": 6.5192852020263672, "dist_grid_km": 265.18467772905984, "dist_demand_km": 632.06593680196318, "connection_cost_brl": 318221613.27487183, "is_restricted": false, "restriction_factor": 1.0, "score_final": 0.52242709932767295, "longitude": -47.474810955436581, "latitude": -10.123486932148751 }, "geometry": { "type": "Point", "coordinates": [ -47.474810955436581, -10.123486932148751 ] } },
{ "type": "Feature", "properties": { "rank": 876, "candidate_id": 1836, "scenario": "eolico", "solar_kwh_m2_day": 6.1898078918457031, "wind_m_s": 7.3820409774780273, "dist_grid_km": 690.00363217145309, "dist_demand_km": 812.54503925517054, "connection_cost_brl": 828004358.60574377, "is_restricted": false, "restriction_factor": 1.0, "score_final": 0.52182847657904874, "longitude": -40.296638441013428, "latitude": -16.076741238848584 }, "geometry": { "type": "Point", "coordinates": [ -40.296638441013428, -16.076741238848584 ] } },
{ "type": "Feature", "properties": { "rank": 877, "candidate_id": 931, "scenario": "eolico", "solar_kwh_m2_day": 5.5166206359863281, "wind_m_s": 5.9425406455993652, "dist_grid_km": 55.221391339444075, "dist_demand_km": 326.20204261673257, "connection_cost_brl": 66265669.607332893, "is_restricted": false, "restriction_factor": 1.0, "score_final": 0.5211859096949738, "longitude": -47.220780142812607, "latitude": -18.6519234482613 }, "geometry": { "type": "Point", "coordinates": [ -47.220780142812607, -18.6519234482613 ] } },
{ "type": "Feature", "properties": { "rank": 878, "candidate_id": 519, "scenario": "eolico", "solar_kwh_m2_day": 5.5774116516113281, "wind_m_s": 5.9693551063537598, "dist_grid_km": 79.827976769914372, "dist_demand_km": 301.15781011474962, "connection_cost_brl": 95793572.12389724, "is_restricted": false, "restriction_factor": 1.0, "score_final": 0.52111276811343399, "longitude": -50.603069030113694, "latitude": -15.134259868343531 }, "geometry": { "type": "Point", "coordinates": [ -50.603069030113694, -15.134259868343531 ] } },
{ "type": "Feature", "properties": { "rank": 879, "candidate_id": 1536, "scenario": "eolico", "solar_kwh_m2_day": 5.5371041297912598, "wind_m_s": 7.0239901542663574, "dist_grid_km": 582.07788605130088, "dist_demand_km": 563.91433202061182, "connection_cost_brl": 698493463.26156104, "is_restricted": false, "restriction_factor": 1.0, "score_final": 0.52080785630967785, "longitude": -42.629767464033542, "latitude": -16.211094954959464 }, "geometry": { "type": "Point", "coordinates": [ -42.629767464033542, -16.211094954959464 ] } },
{ "type": "Feature", "properties": { "rank": 880, "candidate_id": 1220, "scenario": "eolico", "solar_kwh_m2_day": 5.5054779052734375, "wind_m_s": 5.8809466361999512, "dist_grid_km": 64.664640399403211, "dist_demand_km": 212.94254699914251, "connection_cost_brl": 77597568.479283854, "is_restricted": false, "restriction_factor": 1.0, "score_final": 0.52042732431452465, "longitude": -44.547702980055277, "latitude": -23.455409716615502 }, "geometry": { "type": "Point", "coordinates": [ -44.547702980055277, -23.455409716615502 ] } },
{ "type": "Feature", "properties": { "rank": 881, "candidate_id": 1234, "scenario": "eolico", "solar_kwh_m2_day": 5.6197452545166016, "wind_m_s": 6.4523415565490723, "dist_grid_km": 337.65892351950237, "dist_demand_km": 353.43559521629447, "connection_cost_brl": 405190708.22340286, "is_restricted": false, "restriction_factor": 1.0, "score_final": 0.52021173730098214, "longitude": -44.923132009335703, "latitude": -17.214471263979227 }, "geometry": { "type": "Point", "coordinates": [ -44.923132009335703, -17.214471263979227 ] } },
{ "type": "Feature", "properties": { "rank": 882, "candidate_id": 1171, "scenario": "eolico", "solar_kwh_m2_day": 5.2374482154846191, "wind_m_s": 6.2360062599182129, "dist_grid_km": 195.83919701644578, "dist_demand_km": 412.54312038291908, "connection_cost_brl": 235007036.41973493, "is_restricted": false, "restriction_factor": 1.0, "score_final": 0.51964463355200385, "longitude": -45.327371413307525, "latitude": -18.574822146529119 }, "geometry": { "type": "Point", "coordinates": [ -45.327371413307525, -18.574822146529119 ] } },
{ "type": "Feature", "properties": { "rank": 883, "candidate_id": 1710, "scenario": "eolico", "solar_kwh_m2_day": 5.1450161933898926, "wind_m_s": 6.9739718437194824, "dist_grid_km": 476.67416809509746, "dist_demand_km": 789.81164035693575, "connection_cost_brl": 572009001.71411693, "is_restricted": false, "restriction_factor": 1.0, "score_final": 0.51943192671047644, "longitude": -41.040845813856244, "latitude": -18.776758781602496 }, "geometry": { "type": "Point", "coordinates": [ -41.040845813856244, -18.776758781602496 ] } },
{ "type": "Feature", "properties": { "rank": 884, "candidate_id": 1835, "scenario": "eolico", "solar_kwh_m2_day": 5.3462638854980469, "wind_m_s": 7.4297046661376953, "dist_grid_km": 724.75852940660877, "dist_demand_km": 818.41502146036839, "connection_cost_brl": 869710235.28793049, "is_restricted": false, "restriction_factor": 1.0, "score_final": 0.51928926719205826, "longitude": -40.265499456562679, "latitude": -16.515884334406405 }, "geometry": { "type": "Point", "coordinates": [ -40.265499456562679, -16.515884334406405 ] } },
{ "type": "Feature", "properties": { "rank": 885, "candidate_id": 952, "scenario": "eolico", "solar_kwh_m2_day": 5.9047555923461914, "wind_m_s": 6.7199115753173828, "dist_grid_km": 355.38625937763942, "dist_demand_km": 731.68294731923743, "connection_cost_brl": 426463511.25316733, "is_restricted": false, "restriction_factor": 1.0, "score_final": 0.51909817673392511, "longitude": -47.492189186105207, "latitude": -9.2252214509013211 }, "geometry": { "type": "Point", "coordinates": [ -47.492189186105207, -9.225221450901321 ] } },
{ "type": "Feature", "properties": { "rank": 886, "candidate_id": 1257, "scenario": "eolico", "solar_kwh_m2_day": 5.9562544822692871, "wind_m_s": 7.1145644187927246, "dist_grid_km": 472.96446737893604, "dist_demand_km": 1026.9963338243988, "connection_cost_brl": 567557360.85472322, "is_restricted": false, "restriction_factor": 1.0, "score_final": 0.51858888652989299, "longitude": -45.26626075099206, "latitude": -6.9432180728580617 }, "geometry": { "type": "Point", "coordinates": [ -45.26626075099206, -6.943218072858062 ] } },
{ "type": "Feature", "properties": { "rank": 887, "candidate_id": 1102, "scenario": "eolico", "solar_kwh_m2_day": 5.558967113494873, "wind_m_s": 5.8482542037963867, "dist_grid_km": 76.755624847623665, "dist_demand_km": 149.59882661355226, "connection_cost_brl": 92106749.817148402, "is_restricted": false, "restriction_factor": 1.0, "score_final": 0.51851407058582411, "longitude": -45.580893208667781, "latitude": -22.617876804741162 }, "geometry": { "type": "Point", "coordinates": [ -45.580893208667781, -22.617876804741162 ] } },
{ "type": "Feature", "properties": { "rank": 888, "candidate_id": 2137, "scenario": "eolico", "solar_kwh_m2_day": 5.5511350631713867, "wind_m_s": 7.5420646667480469, "dist_grid_km": 752.8285874673154, "dist_demand_km": 924.36158506055062, "connection_cost_brl": 903394304.96077847, "is_restricted": false, "restriction_factor": 1.0, "score_final": 0.51848415658484415, "longitude": -38.001639944216294, "latitude": -15.485494576055761 }, "geometry": { "type": "Point", "coordinates": [ -38.001639944216294, -15.485494576055761 ] } },
{ "type": "Feature", "properties": { "rank": 889, "candidate_id": 1259, "scenario": "eolico", "solar_kwh_m2_day": 6.4127893447875977, "wind_m_s": 7.3314957618713379, "dist_grid_km": 563.16604902751544, "dist_demand_km": 1122.752892056475, "connection_cost_brl": 675799258.83301854, "is_restricted": false, "restriction_factor": 1.0, "score_final": 0.51798381502196178, "longitude": -45.281779177643379, "latitude": -6.0493997494906973 }, "geometry": { "type": "Point", "coordinates": [ -45.281779177643379, -6.049399749490697 ] } },
{ "type": "Feature", "properties": { "rank": 890, "candidate_id": 2860, "scenario": "eolico", "solar_kwh_m2_day": 6.0757064819335938, "wind_m_s": 7.6590461730957031, "dist_grid_km": 897.34242756005642, "dist_demand_km": 718.11816770850658, "connection_cost_brl": 1076810913.0720677, "is_restricted": false, "restriction_factor": 1.0, "score_final": 0.51771451055151307, "longitude": -32.562949594756844, "latitude": -13.775228737713611 }, "geometry": { "type": "Point", "coordinates": [ -32.562949594756844, -13.775228737713611 ] } },
{ "type": "Feature", "properties": { "rank": 891, "candidate_id": 1717, "scenario": "eolico", "solar_kwh_m2_day": 5.5823793411254883, "wind_m_s": 7.130307674407959, "dist_grid_km": 601.73254289910233, "dist_demand_km": 709.76313478541874, "connection_cost_brl": 722079051.47892284, "is_restricted": false, "restriction_factor": 1.0, "score_final": 0.51755215831885171, "longitude": -41.257791623598344, "latitude": -15.692376343778745 }, "geometry": { "type": "Point", "coordinates": [ -41.257791623598344, -15.692376343778745 ] } },
{ "type": "Feature", "properties": { "rank": 892, "candidate_id": 1357, "scenario": "eolico", "solar_kwh_m2_day": 5.8642992973327637, "wind_m_s": 6.7066812515258789, "dist_grid_km": 472.2216475549198, "dist_demand_km": 409.98491087905148, "connection_cost_brl": 566665977.06590378, "is_restricted": false, "restriction_factor": 1.0, "score_final": 0.51733483554329363, "longitude": -44.053385502040122, "latitude": -15.83548758675172 }, "geometry": { "type": "Point", "coordinates": [ -44.053385502040122, -15.83548758675172 ] } },
{ "type": "Feature", "properties": { "rank": 893, "candidate_id": 2018, "scenario": "eolico", "solar_kwh_m2_day": 5.4330911636352539, "wind_m_s": 7.3773598670959473, "dist_grid_km": 664.55749819496498, "dist_demand_km": 928.20515546889533, "connection_cost_brl": 797468997.83395803, "is_restricted": false, "restriction_factor": 1.0, "score_final": 0.51685485794209174, "longitude": -38.963297509162111, "latitude": -15.112129690256776 }, "geometry": { "type": "Point", "coordinates": [ -38.963297509162111, -15.112129690256776 ] } },
{ "type": "Feature", "properties": { "rank": 894, "candidate_id": 984, "scenario": "eolico", "solar_kwh_m2_day": 5.1501865386962891, "wind_m_s": 6.0124120712280273, "dist_grid_km": 158.50979910352018, "dist_demand_km": 198.53233874062266, "connection_cost_brl": 190211758.92422423, "is_restricted": false, "restriction_factor": 1.0, "score_final": 0.51679981442467682, "longitude": -46.599755976434182, "latitude": -21.770086261371116 }, "geometry": { "type": "Point", "coordinates": [ -46.599755976434182, -21.770086261371116 ] } },
{ "type": "Feature", "properties": { "rank": 895, "candidate_id": 1237, "scenario": "eolico", "solar_kwh_m2_day": 5.2156400680541992, "wind_m_s": 6.5619831085205078, "dist_grid_km": 429.05134910685894, "dist_demand_km": 310.15415580728597, "connection_cost_brl": 514861618.9282307, "is_restricted": false, "restriction_factor": 1.0, "score_final": 0.51674778607377492, "longitude": -44.98605231010189, "latitude": -15.87581154099445 }, "geometry": { "type": "Point", "coordinates": [ -44.98605231010189, -15.87581154099445 ] } },
{ "type": "Feature", "properties": { "rank": 896, "candidate_id": 767, "scenario": "eolico", "solar_kwh_m2_day": 6.0877189636230469, "wind_m_s": 6.2623329162597656, "dist_grid_km": 194.63775292828191, "dist_demand_km": 487.74012331440298, "connection_cost_brl": 233565303.51393831, "is_restricted": false, "restriction_factor": 1.0, "score_final": 0.51673938301454958, "longitude": -48.820081728254742, "latitude": -11.498234426729534 }, "geometry": { "type": "Point", "coordinates": [ -48.820081728254742, -11.498234426729534 ] } },
{ "type": "Feature", "properties": { "rank": 897, "candidate_id": 2739, "scenario": "eolico", "solar_kwh_m2_day": 5.6041469573974609, "wind_m_s": 7.6416001319885254, "dist_grid_km": 882.13845962304424, "dist_demand_km": 745.16092127154491, "connection_cost_brl": 1058566151.5476531, "is_restricted": false, "restriction_factor": 1.0, "score_final": 0.51655123621812793, "longitude": -33.444953757346823, "latitude": -14.273820467445677 }, "geometry": { "type": "Point", "coordinates": [ -33.444953757346823, -14.273820467445677 ] } },
{ "type": "Feature", "properties": { "rank": 898, "candidate_id": 647, "scenario": "eolico", "solar_kwh_m2_day": 6.1287388801574707, "wind_m_s": 6.3543920516967773, "dist_grid_km": 237.8080513763428, "dist_demand_km": 515.75032826627989, "connection_cost_brl": 285369661.65161139, "is_restricted": false, "restriction_factor": 1.0, "score_final": 0.51641033465979169, "longitude": -49.736573510840778, "latitude": -11.51304444965511 }, "geometry": { "type": "Point", "coordinates": [ -49.736573510840778, -11.51304444965511 ] } },
{ "type": "Feature", "properties": { "rank": 899, "candidate_id": 692, "scenario": "eolico", "solar_kwh_m2_day": 6.0494608879089355, "wind_m_s": 5.8843145370483398, "dist_grid_km": 49.841322642955539, "dist_demand_km": 305.04100135160985, "connection_cost_brl": 59809587.171546645, "is_restricted": false, "restriction_factor": 1.0, "score_final": 0.51610265124082322, "longitude": -49.128447397511572, "latitude": -18.260451625150107 }, "geometry": { "type": "Point", "coordinates": [ -49.128447397511572, -18.260451625150107 ] } },
{ "type": "Feature", "properties": { "rank": 900, "candidate_id": 1053, "scenario": "eolico", "solar_kwh_m2_day": 5.1811704635620117, "wind_m_s": 6.1184844970703125, "dist_grid_km": 196.64047756714905, "dist_demand_km": 272.30935776011216, "connection_cost_brl": 235968573.08057886, "is_restricted": false, "restriction_factor": 1.0, "score_final": 0.51551436596802025, "longitude": -46.313383693975823, "latitude": -17.720318702178631 }, "geometry": { "type": "Point", "coordinates": [ -46.313383693975823, -17.720318702178631 ] } },
{ "type": "Feature", "properties": { "rank": 901, "candidate_id": 1178, "scenario": "eolico", "solar_kwh_m2_day": 5.4640674591064453, "wind_m_s": 6.4035935401916504, "dist_grid_km": 362.36540905853889, "dist_demand_km": 261.10511377365776, "connection_cost_brl": 434838490.87024665, "is_restricted": false, "restriction_factor": 1.0, "score_final": 0.51545088743895884, "longitude": -45.471222521282286, "latitude": -15.447694612998125 }, "geometry": { "type": "Point", "coordinates": [ -45.471222521282286, -15.447694612998125 ] } },
{ "type": "Feature", "properties": { "rank": 902, "candidate_id": 645, "scenario": "eolico", "solar_kwh_m2_day": 6.3381285667419434, "wind_m_s": 6.1269011497497559, "dist_grid_km": 147.60646972776331, "dist_demand_km": 424.43587757675823, "connection_cost_brl": 177127763.67331597, "is_restricted": false, "restriction_factor": 1.0, "score_final": 0.51506985664802041, "longitude": -49.722400845807186, "latitude": -12.414503978902232 }, "geometry": { "type": "Point", "coordinates": [ -49.722400845807186, -12.414503978902232 ] } },
{ "type": "Feature", "properties": { "rank": 903, "candidate_id": 1894, "scenario": "eolico", "solar_kwh_m2_day": 5.7097129821777344, "wind_m_s": 7.4362039566040039, "dist_grid_km": 724.35788913125691, "dist_demand_km": 876.25502410984814, "connection_cost_brl": 869229466.95750833, "is_restricted": false, "restriction_factor": 1.0, "score_final": 0.51492773812697512, "longitude": -39.765173033161126, "latitude": -16.923671997725528 }, "geometry": { "type": "Point", "coordinates": [ -39.765173033161126, -16.923671997725528 ] } },
{ "type": "Feature", "properties": { "rank": 904, "candidate_id": 524, "scenario": "eolico", "solar_kwh_m2_day": 5.7299952507019043, "wind_m_s": 6.1316690444946289, "dist_grid_km": 145.67597735153444, "dist_demand_km": 439.12127473417644, "connection_cost_brl": 174811172.82184133, "is_restricted": false, "restriction_factor": 1.0, "score_final": 0.51488254610535633, "longitude": -50.636099430782814, "latitude": -12.878617104707455 }, "geometry": { "type": "Point", "coordinates": [ -50.636099430782814, -12.878617104707455 ] } },
{ "type": "Feature", "properties": { "rank": 905, "candidate_id": 1596, "scenario": "eolico", "solar_kwh_m2_day": 5.3968143463134766, "wind_m_s": 7.0497703552246094, "dist_grid_km": 603.66303527533125, "dist_demand_km": 613.55145444391178, "connection_cost_brl": 724395642.33039749, "is_restricted": false, "restriction_factor": 1.0, "score_final": 0.51437829389984291, "longitude": -42.162899931625986, "latitude": -16.186057875312255 }, "geometry": { "type": "Point", "coordinates": [ -42.162899931625986, -16.186057875312255 ] } },
{ "type": "Feature", "properties": { "rank": 906, "candidate_id": 2800, "scenario": "eolico", "solar_kwh_m2_day": 6.1684865951538086, "wind_m_s": 7.5748434066772461, "dist_grid_km": 867.50128624907575, "dist_demand_km": 705.24222393315131, "connection_cost_brl": 1041001543.4988909, "is_restricted": false, "restriction_factor": 1.0, "score_final": 0.51435495468335224, "longitude": -33.023631606358258, "latitude": -13.812629088270059 }, "geometry": { "type": "Point", "coordinates": [ -33.023631606358258, -13.812629088270059 ] } },
{ "type": "Feature", "properties": { "rank": 907, "candidate_id": 1411, "scenario": "eolico", "solar_kwh_m2_day": 5.7186555862426758, "wind_m_s": 6.5417847633361816, "dist_grid_km": 336.45700269344746, "dist_demand_km": 560.33550640952853, "connection_cost_brl": 403748403.23213696, "is_restricted": false, "restriction_factor": 1.0, "score_final": 0.51414426883826292, "longitude": -43.435839866914982, "latitude": -18.479705413651722 }, "geometry": { "type": "Point", "coordinates": [ -43.435839866914982, -18.479705413651722 ] } },
{ "type": "Feature", "properties": { "rank": 908, "candidate_id": 2619, "scenario": "eolico", "solar_kwh_m2_day": 5.3030047416687012, "wind_m_s": 7.5354723930358887, "dist_grid_km": 835.3081996109795, "dist_demand_km": 737.29951976151881, "connection_cost_brl": 1002369839.5331753, "is_restricted": false, "restriction_factor": 1.0, "score_final": 0.51389521307699426, "longitude": -34.368495196343176, "latitude": -14.347773377736948 }, "geometry": { "type": "Point", "coordinates": [ -34.368495196343176, -14.347773377736948 ] } },
{ "type": "Feature", "properties": { "rank": 909, "candidate_id": 933, "scenario": "eolico", "solar_kwh_m2_day": 5.1845250129699707, "wind_m_s": 5.9547853469848633, "dist_grid_km": 126.33157472864822, "dist_demand_km": 228.60524827691776, "connection_cost_brl": 151597889.67437786, "is_restricted": false, "restriction_factor": 1.0, "score_final": 0.5138759903805008, "longitude": -47.255551697643028, "latitude": -17.75472576169048 }, "geometry": { "type": "Point", "coordinates": [ -47.255551697643028, -17.75472576169048 ] } },
{ "type": "Feature", "properties": { "rank": 910, "candidate_id": 2804, "scenario": "eolico", "solar_kwh_m2_day": 6.2279129028320312, "wind_m_s": 7.1744117736816406, "dist_grid_km": 713.76435734228005, "dist_demand_km": 512.31371661363232, "connection_cost_brl": 856517228.81073606, "is_restricted": false, "restriction_factor": 1.0, "score_final": 0.51371507085073298, "longitude": -33.171359726991824, "latitude": -12.118525701504314 }, "geometry": { "type": "Point", "coordinates": [ -33.171359726991824, -12.118525701504314 ] } },
{ "type": "Feature", "properties": { "rank": 911, "candidate_id": 701, "scenario": "eolico", "solar_kwh_m2_day": 5.6231770515441895, "wind_m_s": 5.8256926536560059, "dist_grid_km": 54.381842793426166, "dist_demand_km": 227.7864212403683, "connection_cost_brl": 65258211.352111399, "is_restricted": false, "restriction_factor": 1.0, "score_final": 0.51366485084595082, "longitude": -49.227409419669151, "latitude": -14.208419360498786 }, "geometry": { "type": "Point", "coordinates": [ -49.227409419669151, -14.208419360498786 ] } },
{ "type": "Feature", "properties": { "rank": 912, "candidate_id": 1354, "scenario": "eolico", "solar_kwh_m2_day": 5.8458781242370605, "wind_m_s": 6.5839753150939941, "dist_grid_km": 407.96782635800315, "dist_demand_km": 443.63131849529054, "connection_cost_brl": 489561391.6296038, "is_restricted": false, "restriction_factor": 1.0, "score_final": 0.51285761726148915, "longitude": -43.984204211506494, "latitude": -17.170550331521614 }, "geometry": { "type": "Point", "coordinates": [ -43.984204211506494, -17.170550331521614 ] } },
{ "type": "Feature", "properties": { "rank": 913, "candidate_id": 2016, "scenario": "eolico", "solar_kwh_m2_day": 5.2953805923461914, "wind_m_s": 7.5248875617980957, "dist_grid_km": 754.75907984354444, "dist_demand_km": 962.06417717018599, "connection_cost_brl": 905710895.81225336, "is_restricted": false, "restriction_factor": 1.0, "score_final": 0.51197658001980006, "longitude": -38.898311817092399, "latitude": -15.985406036311836 }, "geometry": { "type": "Point", "coordinates": [ -38.898311817092399, -15.985406036311836 ] } },
{ "type": "Feature", "properties": { "rank": 914, "candidate_id": 577, "scenario": "eolico", "solar_kwh_m2_day": 5.4063553810119629, "wind_m_s": 5.82470703125, "dist_grid_km": 57.625232991554071, "dist_demand_km": 241.43208786877477, "connection_cost_brl": 69150279.58986488, "is_restricted": false, "restriction_factor": 1.0, "score_final": 0.51141620336844018, "longitude": -50.121050070628975, "latitude": -16.028447771941089 }, "geometry": { "type": "Point", "coordinates": [ -50.121050070628975, -16.028447771941089 ] } },
{ "type": "Feature", "properties": { "rank": 915, "candidate_id": 929, "scenario": "eolico", "solar_kwh_m2_day": 5.6935162544250488, "wind_m_s": 5.8682770729064941, "dist_grid_km": 15.888792049760104, "dist_demand_km": 424.91785756179507, "connection_cost_brl": 19066550.459712125, "is_restricted": false, "restriction_factor": 1.0, "score_final": 0.51126697167603108, "longitude": -47.183972555124974, "latitude": -19.548969693543174 }, "geometry": { "type": "Point", "coordinates": [ -47.183972555124974, -19.548969693543174 ] } },
{ "type": "Feature", "properties": { "rank": 916, "candidate_id": 587, "scenario": "eolico", "solar_kwh_m2_day": 5.7778472900390625, "wind_m_s": 6.3670406341552734, "dist_grid_km": 259.39320060037323, "dist_demand_km": 536.23911430889552, "connection_cost_brl": 311271840.7204479, "is_restricted": false, "restriction_factor": 1.0, "score_final": 0.51080199999238274, "longitude": -50.194852939682733, "latitude": -11.519382979223931 }, "geometry": { "type": "Point", "coordinates": [ -50.194852939682733, -11.519382979223931 ] } },
{ "type": "Feature", "properties": { "rank": 917, "candidate_id": 2865, "scenario": "eolico", "solar_kwh_m2_day": 5.8331003189086914, "wind_m_s": 7.1404790878295898, "dist_grid_km": 716.83315876842755, "dist_demand_km": 484.3213190211564, "connection_cost_brl": 860199790.52211308, "is_restricted": false, "restriction_factor": 1.0, "score_final": 0.51062791031825649, "longitude": -32.747663201260778, "latitude": -11.663233790422707 }, "geometry": { "type": "Point", "coordinates": [ -32.747663201260778, -11.663233790422707 ] } },
{ "type": "Feature", "properties": { "rank": 918, "candidate_id": 1830, "scenario": "eolico", "solar_kwh_m2_day": 5.4702620506286621, "wind_m_s": 7.0954937934875488, "dist_grid_km": 551.2422920878048, "dist_demand_km": 869.70642180133325, "connection_cost_brl": 661490750.50536573, "is_restricted": false, "restriction_factor": 1.0, "score_final": 0.51048461787535537, "longitude": -40.09519414293802, "latitude": -18.710412594594541 }, "geometry": { "type": "Point", "coordinates": [ -40.09519414293802, -18.710412594594541 ] } },
{ "type": "Feature", "properties": { "rank": 919, "candidate_id": 646, "scenario": "eolico", "solar_kwh_m2_day": 6.362424373626709, "wind_m_s": 6.1960506439208984, "dist_grid_km": 192.70726055205307, "dist_demand_km": 469.65104880172919, "connection_cost_brl": 231248712.66246369, "is_restricted": false, "restriction_factor": 1.0, "score_final": 0.50931824681398186, "longitude": -49.729630453096519, "latitude": -11.963783500351139 }, "geometry": { "type": "Point", "coordinates": [ -49.729630453096519, -11.963783500351139 ] } },
{ "type": "Feature", "properties": { "rank": 920, "candidate_id": 704, "scenario": "eolico", "solar_kwh_m2_day": 5.6918854713439941, "wind_m_s": 5.9263215065002441, "dist_grid_km": 80.920529679443121, "dist_demand_km": 358.00214259153307, "connection_cost_brl": 97104635.615331739, "is_restricted": false, "restriction_factor": 1.0, "score_final": 0.50928333444680585, "longitude": -49.254313328695901, "latitude": -12.857300828611054 }, "geometry": { "type": "Point", "coordinates": [ -49.254313328695901, -12.857300828611054 ] } },
{ "type": "Feature", "properties": { "rank": 921, "candidate_id": 815, "scenario": "eolico", "solar_kwh_m2_day": 5.4545183181762695, "wind_m_s": 5.857236385345459, "dist_grid_km": 127.13285527935157, "dist_demand_km": 127.36137439663671, "connection_cost_brl": 152559426.33522189, "is_restricted": false, "restriction_factor": 1.0, "score_final": 0.5089961253044355, "longitude": -48.226323491443438, "latitude": -16.885796865029434 }, "geometry": { "type": "Point", "coordinates": [ -48.226323491443438, -16.885796865029434 ] } },
{ "type": "Feature", "properties": { "rank": 922, "candidate_id": 1172, "scenario": "eolico", "solar_kwh_m2_day": 5.0937514305114746, "wind_m_s": 6.1965832710266113, "dist_grid_km": 231.39428871104784, "dist_demand_km": 374.99082607643481, "connection_cost_brl": 277673146.45325738, "is_restricted": false, "restriction_factor": 1.0, "score_final": 0.5083377974195592, "longitude": -45.349802007097914, "latitude": -18.128223089997757 }, "geometry": { "type": "Point", "coordinates": [ -45.349802007097914, -18.128223089997757 ] } },
{ "type": "Feature", "properties": { "rank": 923, "candidate_id": 955, "scenario": "eolico", "solar_kwh_m2_day": 5.9872903823852539, "wind_m_s": 6.9798178672790527, "dist_grid_km": 490.68863185050861, "dist_demand_km": 881.27113636859769, "connection_cost_brl": 588826358.22061038, "is_restricted": false, "restriction_factor": 1.0, "score_final": 0.50814275340520765, "longitude": -47.515112766964748, "latitude": -7.8776867469711549 }, "geometry": { "type": "Point", "coordinates": [ -47.515112766964748, -7.877686746971155 ] } },
{ "type": "Feature", "properties": { "rank": 924, "candidate_id": 1349, "scenario": "eolico", "solar_kwh_m2_day": 5.4249844551086426, "wind_m_s": 6.3035640716552734, "dist_grid_km": 230.19236788499279, "dist_demand_km": 546.56277943654561, "connection_cost_brl": 276230841.46199137, "is_restricted": false, "restriction_factor": 1.0, "score_final": 0.50811393839624608, "longitude": -43.854354941477517, "latitude": -19.394592294255535 }, "geometry": { "type": "Point", "coordinates": [ -43.854354941477517, -19.394592294255535 ] } },
{ "type": "Feature", "properties": { "rank": 925, "candidate_id": 895, "scenario": "eolico", "solar_kwh_m2_day": 5.9043307304382324, "wind_m_s": 7.0163683891296387, "dist_grid_km": 512.2737810745391, "dist_demand_km": 879.31382475451448, "connection_cost_brl": 614728537.28944695, "is_restricted": false, "restriction_factor": 1.0, "score_final": 0.50809638870132723, "longitude": -47.968474051084037, "latitude": -7.88441777946427 }, "geometry": { "type": "Point", "coordinates": [ -47.968474051084037, -7.88441777946427 ] } },
{ "type": "Feature", "properties": { "rank": 926, "candidate_id": 755, "scenario": "eolico", "solar_kwh_m2_day": 5.4540324211120605, "wind_m_s": 5.8028731346130371, "dist_grid_km": 91.978403860101139, "dist_demand_km": 150.91357227305136, "connection_cost_brl": 110374084.63212137, "is_restricted": false, "restriction_factor": 1.0, "score_final": 0.5079167336154693, "longitude": -48.695417354741913, "latitude": -16.898432363164861 }, "geometry": { "type": "Point", "coordinates": [ -48.695417354741913, -16.898432363164861 ] } },
{ "type": "Feature", "properties": { "rank": 927, "candidate_id": 400, "scenario": "eolico", "solar_kwh_m2_day": 5.9325218200683594, "wind_m_s": 5.8208670616149902, "dist_grid_km": 8.4431125024363407, "dist_demand_km": 411.37609711230112, "connection_cost_brl": 10131735.00292361, "is_restricted": false, "restriction_factor": 1.0, "score_final": 0.50756798223140298, "longitude": -51.538536345595823, "latitude": -14.694858754619858 }, "geometry": { "type": "Point", "coordinates": [ -51.538536345595823, -14.694858754619858 ] } },
{ "type": "Feature", "properties": { "rank": 928, "candidate_id": 2257, "scenario": "eolico", "solar_kwh_m2_day": 6.1787199974060059, "wind_m_s": 7.515143871307373, "dist_grid_km": 795.99888591537626, "dist_demand_km": 886.621991992836, "connection_cost_brl": 955198663.0984515, "is_restricted": false, "restriction_factor": 1.0, "score_final": 0.5070570043144923, "longitude": -37.072517789459454, "latitude": -15.418945994534742 }, "geometry": { "type": "Point", "coordinates": [ -37.072517789459454, -15.418945994534742 ] } },
{ "type": "Feature", "properties": { "rank": 929, "candidate_id": 1833, "scenario": "eolico", "solar_kwh_m2_day": 6.0199074745178223, "wind_m_s": 7.2329602241516113, "dist_grid_km": 653.64834601740449, "dist_demand_km": 839.0176162748628, "connection_cost_brl": 784378015.2208854, "is_restricted": false, "restriction_factor": 1.0, "score_final": 0.50705644297813113, "longitude": -40.200331119993045, "latitude": -17.393940124613142 }, "geometry": { "type": "Point", "coordinates": [ -40.200331119993045, -17.393940124613142 ] } },
{ "type": "Feature", "properties": { "rank": 930, "candidate_id": 588, "scenario": "eolico", "solar_kwh_m2_day": 6.0452995300292969, "wind_m_s": 6.4490194320678711, "dist_grid_km": 304.49399142466297, "dist_demand_km": 581.35933911910286, "connection_cost_brl": 365392789.70959556, "is_restricted": false, "restriction_factor": 1.0, "score_final": 0.50691857894978531, "longitude": -50.200800394742728, "latitude": -11.068371711968394 }, "geometry": { "type": "Point", "coordinates": [ -50.200800394742728, -11.068371711968394 ] } },
{ "type": "Feature", "properties": { "rank": 931, "candidate_id": 338, "scenario": "eolico", "solar_kwh_m2_day": 5.5971469879150391, "wind_m_s": 5.9012055397033691, "dist_grid_km": 47.437480990845543, "dist_demand_km": 441.51069403915915, "connection_cost_brl": 56924977.189014651, "is_restricted": false, "restriction_factor": 1.0, "score_final": 0.50641090326157967, "longitude": -51.994271172533388, "latitude": -15.602511159370573 }, "geometry": { "type": "Point", "coordinates": [ -51.994271172533388, -15.602511159370573 ] } },
{ "type": "Feature", "properties": { "rank": 932, "candidate_id": 2138, "scenario": "eolico", "solar_kwh_m2_day": 5.5331892967224121, "wind_m_s": 7.3493461608886719, "dist_grid_km": 707.72779664302584, "dist_demand_km": 879.32873681503622, "connection_cost_brl": 849273355.97163105, "is_restricted": false, "restriction_factor": 1.0, "score_final": 0.50631021917980412, "longitude": -38.035400663412098, "latitude": -15.050676359188085 }, "geometry": { "type": "Point", "coordinates": [ -38.035400663412098, -15.050676359188085 ] } },
{ "type": "Feature", "properties": { "rank": 933, "candidate_id": 1469, "scenario": "eolico", "solar_kwh_m2_day": 5.2581262588500977, "wind_m_s": 6.4548435211181641, "dist_grid_km": 300.50127072349363, "dist_demand_km": 609.35843700121745, "connection_cost_brl": 360601524.86819237, "is_restricted": false, "restriction_factor": 1.0, "score_final": 0.50616796606534697, "longitude": -42.90428598888095, "latitude": -19.339937723467003 }, "geometry": { "type": "Point", "coordinates": [ -42.90428598888095, -19.339937723467003 ] } },
{ "type": "Feature", "properties": { "rank": 934, "candidate_id": 578, "scenario": "eolico", "solar_kwh_m2_day": 5.5323600769042969, "wind_m_s": 5.8516035079956055, "dist_grid_km": 93.180324686156155, "dist_demand_km": 242.31332303215825, "connection_cost_brl": 111816389.62338738, "is_restricted": false, "restriction_factor": 1.0, "score_final": 0.50612866061194106, "longitude": -50.129638268809401, "latitude": -15.577636681693381 }, "geometry": { "type": "Point", "coordinates": [ -50.129638268809401, -15.577636681693381 ] } },
{ "type": "Feature", "properties": { "rank": 935, "candidate_id": 1705, "scenario": "eolico", "solar_kwh_m2_day": 5.8653750419616699, "wind_m_s": 6.5670466423034668, "dist_grid_km": 345.38160378735535, "dist_demand_km": 661.24665862386587, "connection_cost_brl": 414457924.54482639, "is_restricted": false, "restriction_factor": 1.0, "score_final": 0.5060887421241721, "longitude": -40.857517710618616, "latitude": -20.977536415873651 }, "geometry": { "type": "Point", "coordinates": [ -40.857517710618616, -20.977536415873651 ] } },
{ "type": "Feature", "properties": { "rank": 936, "candidate_id": 1160, "scenario": "eolico", "solar_kwh_m2_day": 5.1696243286132812, "wind_m_s": 5.6863789558410645, "dist_grid_km": 29.170699715335079, "dist_demand_km": 162.9451192362005, "connection_cost_brl": 35004839.658402093, "is_restricted": false, "restriction_factor": 1.0, "score_final": 0.50598975478727182, "longitude": -45.036115651524192, "latitude": -23.48397404966245 }, "geometry": { "type": "Point", "coordinates": [ -45.036115651524192, -23.48397404966245 ] } },
{ "type": "Feature", "properties": { "rank": 937, "candidate_id": 637, "scenario": "eolico", "solar_kwh_m2_day": 5.9629697799682617, "wind_m_s": 5.8108549118041992, "dist_grid_km": 92.779684410804464, "dist_demand_km": 191.66498492072711, "connection_cost_brl": 111335621.29296535, "is_restricted": false, "restriction_factor": 1.0, "score_final": 0.50505951707331409, "longitude": -49.653946156449436, "latitude": -16.019517423481417 }, "geometry": { "type": "Point", "coordinates": [ -49.653946156449436, -16.019517423481417 ] } },
{ "type": "Feature", "properties": { "rank": 938, "candidate_id": 774, "scenario": "eolico", "solar_kwh_m2_day": 6.6325187683105469, "wind_m_s": 6.9602088928222656, "dist_grid_km": 510.34328869831012, "dist_demand_km": 834.19091469173179, "connection_cost_brl": 612411946.43797219, "is_restricted": false, "restriction_factor": 1.0, "score_final": 0.50466904137855595, "longitude": -48.869509455046249, "latitude": -8.3467245833232528 }, "geometry": { "type": "Point", "coordinates": [ -48.869509455046249, -8.346724583323253 ] } },
{ "type": "Feature", "properties": { "rank": 939, "candidate_id": 985, "scenario": "eolico", "solar_kwh_m2_day": 5.0620017051696777, "wind_m_s": 5.8971171379089355, "dist_grid_km": 122.95470740891801, "dist_demand_km": 248.44747184513383, "connection_cost_brl": 147545648.89070162, "is_restricted": false, "restriction_factor": 1.0, "score_final": 0.50452832535173375, "longitude": -46.622553055167266, "latitude": -21.32225986101189 }, "geometry": { "type": "Point", "coordinates": [ -46.622553055167266, -21.32225986101189 ] } },
{ "type": "Feature", "properties": { "rank": 940, "candidate_id": 1016, "scenario": "eolico", "solar_kwh_m2_day": 6.2956790924072266, "wind_m_s": 7.0311341285705566, "dist_grid_km": 514.20427345076791, "dist_demand_km": 935.68751335827812, "connection_cost_brl": 617045128.14092147, "is_restricted": false, "restriction_factor": 1.0, "score_final": 0.50447309964360343, "longitude": -47.069046307560228, "latitude": -7.4216853088084003 }, "geometry": { "type": "Point", "coordinates": [ -47.069046307560228, -7.4216853088084 ] } },
{ "type": "Feature", "properties": { "rank": 941, "candidate_id": 2072, "scenario": "eolico", "solar_kwh_m2_day": 4.9860711097717285, "wind_m_s": 7.5538825988769531, "dist_grid_km": 771.57486918174334, "dist_demand_km": 1045.1355512665755, "connection_cost_brl": 925889843.01809204, "is_restricted": false, "restriction_factor": 1.0, "score_final": 0.50410909895730183, "longitude": -38.2860000735404, "latitude": -17.695028602703001 }, "geometry": { "type": "Point", "coordinates": [ -38.2860000735404, -17.695028602703001 ] } },
{ "type": "Feature", "properties": { "rank": 942, "candidate_id": 1100, "scenario": "eolico", "solar_kwh_m2_day": 4.3032488822937012, "wind_m_s": 5.5988507270812988, "dist_grid_km": 6.32324096873307, "dist_demand_km": 112.94996876191331, "connection_cost_brl": 7587889.1624796838, "is_restricted": false, "restriction_factor": 1.0, "score_final": 0.50382700429213378, "longitude": -45.524730947066026, "latitude": -23.511085371644324 }, "geometry": { "type": "Point", "coordinates": [ -45.524730947066026, -23.511085371644324 ] } },
{ "type": "Feature", "properties": { "rank": 943, "candidate_id": 1773, "scenario": "eolico", "solar_kwh_m2_day": 5.3067917823791504, "wind_m_s": 7.115656852722168, "dist_grid_km": 618.49389459815404, "dist_demand_km": 790.88845422573081, "connection_cost_brl": 742192673.51778483, "is_restricted": false, "restriction_factor": 1.0, "score_final": 0.50355503291310588, "longitude": -40.669750804205037, "latitude": -17.425115459902862 }, "geometry": { "type": "Point", "coordinates": [ -40.669750804205037, -17.425115459902862 ] } },
{ "type": "Feature", "properties": { "rank": 944, "candidate_id": 1407, "scenario": "eolico", "solar_kwh_m2_day": 5.2563786506652832, "wind_m_s": 6.1801490783691406, "dist_grid_km": 194.23663591503905, "dist_demand_km": 502.89380074141883, "connection_cost_brl": 233083963.09804687, "is_restricted": false, "restriction_factor": 1.0, "score_final": 0.50351506895971632, "longitude": -43.319449624344102, "latitude": -20.255718644804887 }, "geometry": { "type": "Point", "coordinates": [ -43.319449624344102, -20.255718644804887 ] } },
{ "type": "Feature", "properties": { "rank": 945, "candidate_id": 1591, "scenario": "eolico", "solar_kwh_m2_day": 5.6945052146911621, "wind_m_s": 6.7366862297058105, "dist_grid_km": 441.9203569511987, "dist_demand_km": 688.70452294084942, "connection_cost_brl": 530304428.34143841, "is_restricted": false, "restriction_factor": 1.0, "score_final": 0.50339085096883052, "longitude": -42.018639819599265, "latitude": -18.396885414135163 }, "geometry": { "type": "Point", "coordinates": [ -42.018639819599265, -18.396885414135163 ] } },
{ "type": "Feature", "properties": { "rank": 946, "candidate_id": 1768, "scenario": "eolico", "solar_kwh_m2_day": 5.5677485466003418, "wind_m_s": 6.8089923858642578, "dist_grid_km": 452.62785797937204, "dist_demand_km": 773.28761156639609, "connection_cost_brl": 543153429.57524645, "is_restricted": false, "restriction_factor": 1.0, "score_final": 0.50322294636503939, "longitude": -40.495150735630062, "latitude": -19.623027631214882 }, "geometry": { "type": "Point", "coordinates": [ -40.495150735630062, -19.623027631214882 ] } },
{ "type": "Feature", "properties": { "rank": 947, "candidate_id": 1533, "scenario": "eolico", "solar_kwh_m2_day": 5.2747159004211426, "wind_m_s": 6.7419028282165527, "dist_grid_km": 477.87608892115242, "dist_demand_km": 601.43203561135556, "connection_cost_brl": 573451306.70538294, "is_restricted": false, "restriction_factor": 1.0, "score_final": 0.50309803654874929, "longitude": -42.548910804586967, "latitude": -17.539964805424454 }, "geometry": { "type": "Point", "coordinates": [ -42.548910804586967, -17.539964805424454 ] } },
{ "type": "Feature", "properties": { "rank": 948, "candidate_id": 1347, "scenario": "eolico", "solar_kwh_m2_day": 5.0319352149963379, "wind_m_s": 6.0922508239746094, "dist_grid_km": 159.0821844957886, "dist_demand_km": 468.09054507068123, "connection_cost_brl": 190898621.39494631, "is_restricted": false, "restriction_factor": 1.0, "score_final": 0.50302975019808371, "longitude": -43.797122387994712, "latitude": -20.283801633509132 }, "geometry": { "type": "Point", "coordinates": [ -43.797122387994712, -20.283801633509132 ] } },
{ "type": "Feature", "properties": { "rank": 949, "candidate_id": 2924, "scenario": "eolico", "solar_kwh_m2_day": 5.5219922065734863, "wind_m_s": 7.2540760040283203, "dist_grid_km": 787.26708245892428, "dist_demand_km": 551.47036273961669, "connection_cost_brl": 944720498.9507091, "is_restricted": false, "restriction_factor": 1.0, "score_final": 0.50278181586165727, "longitude": -32.255479478416149, "latitude": -12.052654500896629 }, "geometry": { "type": "Point", "coordinates": [ -32.255479478416149, -12.052654500896629 ] } },
{ "type": "Feature", "properties": { "rank": 950, "candidate_id": 650, "scenario": "eolico", "solar_kwh_m2_day": 5.7459321022033691, "wind_m_s": 6.5899763107299805, "dist_grid_km": 373.11042384921205, "dist_demand_km": 657.47797035749375, "connection_cost_brl": 447732508.61905444, "is_restricted": false, "restriction_factor": 1.0, "score_final": 0.50266467591425901, "longitude": -49.755705203340362, "latitude": -10.160722730654351 }, "geometry": { "type": "Point", "coordinates": [ -49.755705203340362, -10.160722730654351 ] } },
{ "type": "Feature", "properties": { "rank": 951, "candidate_id": 280, "scenario": "eolico", "solar_kwh_m2_day": 6.2169671058654785, "wind_m_s": 5.9390835762023926, "dist_grid_km": 60.068590422961933, "dist_demand_km": 507.28519246216507, "connection_cost_brl": 72082308.507554322, "is_restricted": false, "restriction_factor": 1.0, "score_final": 0.50251887462748157, "longitude": -52.467009843276237, "latitude": -14.702847707071955 }, "geometry": { "type": "Point", "coordinates": [ -52.467009843276237, -14.702847707071955 ] } },
{ "type": "Feature", "properties": { "rank": 952, "candidate_id": 982, "scenario": "eolico", "solar_kwh_m2_day": 5.3018527030944824, "wind_m_s": 5.8283190727233887, "dist_grid_km": 147.74350621575996, "dist_demand_km": 98.959466676952403, "connection_cost_brl": 177292207.45891196, "is_restricted": false, "restriction_factor": 1.0, "score_final": 0.50218284513316858, "longitude": -46.552367510553019, "latitude": -22.6655957397154 }, "geometry": { "type": "Point", "coordinates": [ -46.552367510553019, -22.6655957397154 ] } },
{ "type": "Feature", "properties": { "rank": 953, "candidate_id": 2863, "scenario": "eolico", "solar_kwh_m2_day": 6.5217938423156738, "wind_m_s": 7.2609353065490723, "dist_grid_km": 784.47386153121954, "dist_demand_km": 576.20982736520966, "connection_cost_brl": 941368633.8374635, "is_restricted": false, "restriction_factor": 1.0, "score_final": 0.50217878669693072, "longitude": -32.677758637078405, "latitude": -12.508369613591764 }, "geometry": { "type": "Point", "coordinates": [ -32.677758637078405, -12.508369613591764 ] } },
{ "type": "Feature", "properties": { "rank": 954, "candidate_id": 1228, "scenario": "eolico", "solar_kwh_m2_day": 5.510584831237793, "wind_m_s": 6.0132060050964355, "dist_grid_km": 124.32837335188994, "dist_demand_km": 451.47866200499431, "connection_cost_brl": 149194048.02226794, "is_restricted": false, "restriction_factor": 1.0, "score_final": 0.50202469755231438, "longitude": -44.77934261381963, "latitude": -19.890495626442551 }, "geometry": { "type": "Point", "coordinates": [ -44.77934261381963, -19.890495626442551 ] } },
{ "type": "Feature", "properties": { "rank": 955, "candidate_id": 467, "scenario": "eolico", "solar_kwh_m2_day": 5.9432253837585449, "wind_m_s": 6.4149417877197266, "dist_grid_km": 302.5634990484341, "dist_demand_km": 587.92887404074236, "connection_cost_brl": 363076198.85812092, "is_restricted": false, "restriction_factor": 1.0, "score_final": 0.50186004553668762, "longitude": -51.11146748817368, "latitude": -11.529915168266566 }, "geometry": { "type": "Point", "coordinates": [ -51.11146748817368, -11.529915168266566 ] } },
{ "type": "Feature", "properties": { "rank": 956, "candidate_id": 1077, "scenario": "eolico", "solar_kwh_m2_day": 6.044337272644043, "wind_m_s": 7.0865917205810547, "dist_grid_km": 537.71991505102733, "dist_demand_km": 992.16098971527595, "connection_cost_brl": 645263898.06123281, "is_restricted": false, "restriction_factor": 1.0, "score_final": 0.50121136993123605, "longitude": -46.623459912891498, "latitude": -6.9660805103064529 }, "geometry": { "type": "Point", "coordinates": [ -46.623459912891498, -6.966080510306453 ] } },
{ "type": "Feature", "properties": { "rank": 957, "candidate_id": 1956, "scenario": "eolico", "solar_kwh_m2_day": 6.1049299240112305, "wind_m_s": 7.3797488212585449, "dist_grid_km": 733.17393061951395, "dist_demand_km": 912.20692148336616, "connection_cost_brl": 879808716.74341679, "is_restricted": false, "restriction_factor": 1.0, "score_final": 0.50112842263601154, "longitude": -39.364283425687816, "latitude": -16.016720509323804 }, "geometry": { "type": "Point", "coordinates": [ -39.364283425687816, -16.016720509323804 ] } },
{ "type": "Feature", "properties": { "rank": 958, "candidate_id": 1099, "scenario": "eolico", "solar_kwh_m2_day": 5.2766270637512207, "wind_m_s": 5.6269502639770508, "dist_grid_km": 28.892950970712214, "dist_demand_km": 124.2845070911896, "connection_cost_brl": 34671541.164854653, "is_restricted": false, "restriction_factor": 1.0, "score_final": 0.50106145835106841, "longitude": -45.495590337392336, "latitude": -23.957602380305783 }, "geometry": { "type": "Point", "coordinates": [ -45.495590337392336, -23.957602380305783 ] } },
{ "type": "Feature", "properties": { "rank": 959, "candidate_id": 817, "scenario": "eolico", "solar_kwh_m2_day": 5.7651996612548828, "wind_m_s": 5.8737378120422363, "dist_grid_km": 198.24303866855576, "dist_demand_km": 45.535772977109531, "connection_cost_brl": 237891646.40226692, "is_restricted": false, "restriction_factor": 1.0, "score_final": 0.50082906294110541, "longitude": -48.25291510768735, "latitude": -15.986725560866789 }, "geometry": { "type": "Point", "coordinates": [ -48.25291510768735, -15.986725560866789 ] } },
{ "type": "Feature", "properties": { "rank": 960, "candidate_id": 580, "scenario": "eolico", "solar_kwh_m2_day": 5.7703585624694824, "wind_m_s": 5.7673344612121582, "dist_grid_km": 56.312335169654972, "dist_demand_km": 273.07202978575026, "connection_cost_brl": 67574802.203585967, "is_restricted": false, "restriction_factor": 1.0, "score_final": 0.50048026769836085, "longitude": -50.145991409181185, "latitude": -14.67594643345698 }, "geometry": { "type": "Point", "coordinates": [ -50.145991409181185, -14.67594643345698 ] } },
{ "type": "Feature", "properties": { "rank": 961, "candidate_id": 1712, "scenario": "eolico", "solar_kwh_m2_day": 5.0703568458557129, "wind_m_s": 6.9488906860351562, "dist_grid_km": 547.78435148430162, "dist_demand_km": 759.36304898866922, "connection_cost_brl": 657341221.7811619, "is_restricted": false, "restriction_factor": 1.0, "score_final": 0.50043645427080097, "longitude": -41.107430899595151, "latitude": -17.895873339897733 }, "geometry": { "type": "Point", "coordinates": [ -41.107430899595151, -17.895873339897733 ] } },
{ "type": "Feature", "properties": { "rank": 962, "candidate_id": 1470, "scenario": "eolico", "solar_kwh_m2_day": 5.2376294136047363, "wind_m_s": 6.4883561134338379, "dist_grid_km": 336.05636241809577, "dist_demand_km": 630.07586818493394, "connection_cost_brl": 403267634.90171492, "is_restricted": false, "restriction_factor": 1.0, "score_final": 0.49998528354819788, "longitude": -42.934200612716424, "latitude": -18.896589408617078 }, "geometry": { "type": "Point", "coordinates": [ -42.934200612716424, -18.896589408617078 ] } },
{ "type": "Feature", "properties": { "rank": 963, "candidate_id": 750, "scenario": "eolico", "solar_kwh_m2_day": 5.6809916496276855, "wind_m_s": 5.8853340148925781, "dist_grid_km": 85.797054612909278, "dist_demand_km": 381.63259683255177, "connection_cost_brl": 102956465.53549114, "is_restricted": false, "restriction_factor": 1.0, "score_final": 0.49988596582782602, "longitude": -48.627446116249075, "latitude": -19.147364193999259 }, "geometry": { "type": "Point", "coordinates": [ -48.627446116249075, -19.147364193999259 ] } },
{ "type": "Feature", "properties": { "rank": 964, "candidate_id": 1075, "scenario": "eolico", "solar_kwh_m2_day": 6.0781402587890625, "wind_m_s": 6.8481054306030273, "dist_grid_km": 447.51833340244775, "dist_demand_km": 893.60552962723614, "connection_cost_brl": 537022000.08293736, "is_restricted": false, "restriction_factor": 1.0, "score_final": 0.49895414412815647, "longitude": -46.608436329088505, "latitude": -7.8628026623741079 }, "geometry": { "type": "Point", "coordinates": [ -46.608436329088505, -7.862802662374108 ] } },
{ "type": "Feature", "properties": { "rank": 965, "candidate_id": 754, "scenario": "eolico", "solar_kwh_m2_day": 5.6574010848999023, "wind_m_s": 5.7050380706787109, "dist_grid_km": 56.423312165499055, "dist_demand_km": 193.25789202514395, "connection_cost_brl": 67707974.598598868, "is_restricted": false, "restriction_factor": 1.0, "score_final": 0.49888326170203923, "longitude": -48.682612440617511, "latitude": -17.348279480201747 }, "geometry": { "type": "Point", "coordinates": [ -48.682612440617511, -17.348279480201747 ] } },
{ "type": "Feature", "properties": { "rank": 966, "candidate_id": 872, "scenario": "eolico", "solar_kwh_m2_day": 5.0561280250549316, "wind_m_s": 5.7529311180114746, "dist_grid_km": 55.622031614795731, "dist_demand_km": 270.90229360703677, "connection_cost_brl": 66746437.937754877, "is_restricted": false, "restriction_factor": 1.0, "score_final": 0.49877236606662551, "longitude": -47.710806873200667, "latitude": -18.21932433556875 }, "geometry": { "type": "Point", "coordinates": [ -47.710806873200667, -18.21932433556875 ] } },
{ "type": "Feature", "properties": { "rank": 967, "candidate_id": 1770, "scenario": "eolico", "solar_kwh_m2_day": 5.3431305885314941, "wind_m_s": 6.9155783653259277, "dist_grid_km": 512.8809369172227, "dist_demand_km": 829.21399149007129, "connection_cost_brl": 615457124.30066729, "is_restricted": false, "restriction_factor": 1.0, "score_final": 0.49801631811172004, "longitude": -40.567930263019839, "latitude": -18.744111899164835 }, "geometry": { "type": "Point", "coordinates": [ -40.567930263019839, -18.744111899164835 ] } },
{ "type": "Feature", "properties": { "rank": 968, "candidate_id": 2497, "scenario": "eolico", "solar_kwh_m2_day": 5.9422526359558105, "wind_m_s": 7.5655727386474609, "dist_grid_km": 882.33948281149787, "dist_demand_km": 842.2630172248613, "connection_cost_brl": 1058807379.3737974, "is_restricted": false, "restriction_factor": 1.0, "score_final": 0.49640566382190626, "longitude": -35.216025525572519, "latitude": -15.276512915380685 }, "geometry": { "type": "Point", "coordinates": [ -35.216025525572519, -15.276512915380685 ] } },
{ "type": "Feature", "properties": { "rank": 969, "candidate_id": 2499, "scenario": "eolico", "solar_kwh_m2_day": 5.7452192306518555, "wind_m_s": 7.3409113883972168, "dist_grid_km": 792.13790116291864, "dist_demand_km": 742.93765895320928, "connection_cost_brl": 950565481.39550233, "is_restricted": false, "restriction_factor": 1.0, "score_final": 0.49622400603215899, "longitude": -35.292594880964138, "latitude": -14.419036837896694 }, "geometry": { "type": "Point", "coordinates": [ -35.292594880964138, -14.419036837896694 ] } },
{ "type": "Feature", "properties": { "rank": 970, "candidate_id": 875, "scenario": "eolico", "solar_kwh_m2_day": 6.0110688209533691, "wind_m_s": 5.8227758407592773, "dist_grid_km": 162.28730669860198, "dist_demand_km": 121.10711407752656, "connection_cost_brl": 194744768.03832239, "is_restricted": false, "restriction_factor": 1.0, "score_final": 0.49558578055920305, "longitude": -47.757294280606047, "latitude": -16.872112401802909 }, "geometry": { "type": "Point", "coordinates": [ -47.757294280606047, -16.872112401802909 ] } },
{ "type": "Feature", "properties": { "rank": 971, "candidate_id": 585, "scenario": "eolico", "solar_kwh_m2_day": 6.1431140899658203, "wind_m_s": 6.0455012321472168, "dist_grid_km": 169.19161895179377, "dist_demand_km": 449.11000966619093, "connection_cost_brl": 203029942.74215251, "is_restricted": false, "restriction_factor": 1.0, "score_final": 0.49544015528941765, "longitude": -50.182194124705518, "latitude": -12.421353534469343 }, "geometry": { "type": "Point", "coordinates": [ -50.182194124705518, -12.421353534469343 ] } },
{ "type": "Feature", "properties": { "rank": 972, "candidate_id": 1587, "scenario": "eolico", "solar_kwh_m2_day": 5.5833930969238281, "wind_m_s": 6.386448860168457, "dist_grid_km": 301.36508026405812, "dist_demand_km": 619.90517350873688, "connection_cost_brl": 361638096.31686974, "is_restricted": false, "restriction_factor": 1.0, "score_final": 0.4950488066138129, "longitude": -41.887491290953157, "latitude": -20.164295286247427 }, "geometry": { "type": "Point", "coordinates": [ -41.887491290953157, -20.164295286247427 ] } },
{ "type": "Feature", "properties": { "rank": 973, "candidate_id": 2377, "scenario": "eolico", "solar_kwh_m2_day": 5.6525650024414062, "wind_m_s": 7.4899954795837402, "dist_grid_km": 839.16918436343713, "dist_demand_km": 858.92535964135777, "connection_cost_brl": 1007003021.2361245, "is_restricted": false, "restriction_factor": 1.0, "score_final": 0.49494805385383378, "longitude": -36.143973044769055, "latitude": -15.349254085704946 }, "geometry": { "type": "Point", "coordinates": [ -36.143973044769055, -15.349254085704946 ] } },
{ "type": "Feature", "properties": { "rank": 974, "candidate_id": 1281, "scenario": "eolico", "solar_kwh_m2_day": 5.556556224822998, "wind_m_s": 5.7394294738769531, "dist_grid_km": 64.942389144026052, "dist_demand_km": 267.29946034827992, "connection_cost_brl": 77930866.972831264, "is_restricted": false, "restriction_factor": 1.0, "score_final": 0.49476604965159238, "longitude": -44.092668739295505, "latitude": -22.980639950832984 }, "geometry": { "type": "Point", "coordinates": [ -44.092668739295505, -22.980639950832984 ] } },
{ "type": "Feature", "properties": { "rank": 975, "candidate_id": 2198, "scenario": "eolico", "solar_kwh_m2_day": 5.5022344589233398, "wind_m_s": 7.2912559509277344, "dist_grid_km": 729.31294586705621, "dist_demand_km": 858.22266094736335, "connection_cost_brl": 875175535.0404675, "is_restricted": false, "restriction_factor": 1.0, "score_final": 0.49433758530448313, "longitude": -37.571646989964563, "latitude": -15.018766560033319 }, "geometry": { "type": "Point", "coordinates": [ -37.571646989964563, -15.018766560033319 ] } },
{ "type": "Feature", "properties": { "rank": 976, "candidate_id": 2859, "scenario": "eolico", "solar_kwh_m2_day": 5.6827917098999023, "wind_m_s": 7.5958304405212402, "dist_grid_km": 937.28232846739729, "dist_demand_km": 766.10639949027222, "connection_cost_brl": 1124738794.1608768, "is_restricted": false, "restriction_factor": 1.0, "score_final": 0.49384174723781549, "longitude": -32.521983893604308, "latitude": -14.197273089350762 }, "geometry": { "type": "Point", "coordinates": [ -32.521983893604308, -14.197273089350762 ] } },
{ "type": "Feature", "properties": { "rank": 977, "candidate_id": 1105, "scenario": "eolico", "solar_kwh_m2_day": 5.5277929306030273, "wind_m_s": 5.7143158912658691, "dist_grid_km": 52.645804570417205, "dist_demand_km": 272.60407030234046, "connection_cost_brl": 63174965.484500647, "is_restricted": false, "restriction_factor": 1.0, "score_final": 0.49377892041022636, "longitude": -45.65999023761929, "latitude": -21.277646661199512 }, "geometry": { "type": "Point", "coordinates": [ -45.65999023761929, -21.277646661199512 ] } },
{ "type": "Feature", "properties": { "rank": 978, "candidate_id": 1109, "scenario": "eolico", "solar_kwh_m2_day": 5.6997008323669434, "wind_m_s": 5.9017305374145508, "dist_grid_km": 89.57456220799115, "dist_demand_km": 462.12250119105033, "connection_cost_brl": 107489474.64958937, "is_restricted": false, "restriction_factor": 1.0, "score_final": 0.49377210060903653, "longitude": -45.756236403164273, "latitude": -19.489946361073976 }, "geometry": { "type": "Point", "coordinates": [ -45.756236403164273, -19.489946361073976 ] } },
{ "type": "Feature", "properties": { "rank": 979, "candidate_id": 992, "scenario": "eolico", "solar_kwh_m2_day": 5.6566734313964844, "wind_m_s": 5.8560810089111328, "dist_grid_km": 125.93093445329659, "dist_demand_km": 292.02753203341405, "connection_cost_brl": 151117121.3439559, "is_restricted": false, "restriction_factor": 1.0, "score_final": 0.4937458486367472, "longitude": -46.766116388752863, "latitude": -18.186235557460424 }, "geometry": { "type": "Point", "coordinates": [ -46.766116388752863, -18.186235557460424 ] } },
{ "type": "Feature", "properties": { "rank": 980, "candidate_id": 464, "scenario": "eolico", "solar_kwh_m2_day": 5.7490057945251465, "wind_m_s": 6.0462098121643066, "dist_grid_km": 167.26112657556487, "dist_demand_km": 473.68922357615583, "connection_cost_brl": 200713351.89067784, "is_restricted": false, "restriction_factor": 1.0, "score_final": 0.49373981191787203, "longitude": -51.0967417039476, "latitude": -12.884119567750183 }, "geometry": { "type": "Point", "coordinates": [ -51.0967417039476, -12.884119567750183 ] } },
{ "type": "Feature", "properties": { "rank": 981, "candidate_id": 2438, "scenario": "eolico", "solar_kwh_m2_day": 5.5881538391113281, "wind_m_s": 7.4012413024902344, "dist_grid_km": 815.65354276317805, "dist_demand_km": 799.90910062516184, "connection_cost_brl": 978784251.31581366, "is_restricted": false, "restriction_factor": 1.0, "score_final": 0.49362186569690741, "longitude": -35.717989433258964, "latitude": -14.883497124638277 }, "geometry": { "type": "Point", "coordinates": [ -35.717989433258964, -14.883497124638277 ] } },
{ "type": "Feature", "properties": { "rank": 982, "candidate_id": 1951, "scenario": "eolico", "solar_kwh_m2_day": 5.7029843330383301, "wind_m_s": 7.2341508865356445, "dist_grid_km": 661.13381525189027, "dist_demand_km": 964.35989146744578, "connection_cost_brl": 793360578.30226827, "is_restricted": false, "restriction_factor": 1.0, "score_final": 0.49359734505175046, "longitude": -39.188568195286813, "latitude": -18.202933772518541 }, "geometry": { "type": "Point", "coordinates": [ -39.188568195286813, -18.202933772518541 ] } },
{ "type": "Feature", "properties": { "rank": 983, "candidate_id": 1284, "scenario": "eolico", "solar_kwh_m2_day": 5.4782109260559082, "wind_m_s": 5.6866779327392578, "dist_grid_km": 17.262457992731964, "dist_demand_km": 329.21447678334766, "connection_cost_brl": 20714949.591278356, "is_restricted": false, "restriction_factor": 1.0, "score_final": 0.4935415607170095, "longitude": -44.187327707956733, "latitude": -21.645943375788086 }, "geometry": { "type": "Point", "coordinates": [ -44.187327707956733, -21.645943375788086 ] } },
{ "type": "Feature", "properties": { "rank": 984, "candidate_id": 2923, "scenario": "eolico", "solar_kwh_m2_day": 6.3006162643432617, "wind_m_s": 7.276360034942627, "dist_grid_km": 820.40489398910665, "dist_demand_km": 596.10810557070135, "connection_cost_brl": 984485872.78692794, "is_restricted": false, "restriction_factor": 1.0, "score_final": 0.49335499117246684, "longitude": -32.219240357214439, "latitude": -12.473972842305855 }, "geometry": { "type": "Point", "coordinates": [ -32.219240357214439, -12.473972842305855 ] } },
{ "type": "Feature", "properties": { "rank": 985, "candidate_id": 343, "scenario": "eolico", "solar_kwh_m2_day": 5.7658929824829102, "wind_m_s": 6.0705857276916504, "dist_grid_km": 165.33063419933592, "dist_demand_km": 521.59674105768386, "connection_cost_brl": 198396761.03920311, "is_restricted": false, "restriction_factor": 1.0, "score_final": 0.4932891230928112, "longitude": -52.014456344779475, "latitude": -13.344385564585744 }, "geometry": { "type": "Point", "coordinates": [ -52.014456344779475, -13.344385564585744 ] } },
{ "type": "Feature", "properties": { "rank": 986, "candidate_id": 2074, "scenario": "eolico", "solar_kwh_m2_day": 4.9920907020568848, "wind_m_s": 7.5704154968261719, "dist_grid_km": 832.7680687844113, "dist_demand_km": 1023.7972980300891, "connection_cost_brl": 999321682.5412935, "is_restricted": false, "restriction_factor": 1.0, "score_final": 0.49283218964085407, "longitude": -38.361416191490797, "latitude": -16.82432003111909 }, "geometry": { "type": "Point", "coordinates": [ -38.361416191490797, -16.82432003111909 ] } },
{ "type": "Feature", "properties": { "rank": 987, "candidate_id": 957, "scenario": "eolico", "solar_kwh_m2_day": 6.0736227035522461, "wind_m_s": 7.0946197509765625, "dist_grid_km": 580.89021349908808, "dist_demand_km": 981.06646193253505, "connection_cost_brl": 697068256.19890571, "is_restricted": false, "restriction_factor": 1.0, "score_final": 0.49235886470551471, "longitude": -47.52832705671878, "latitude": -6.9792498429700247 }, "geometry": { "type": "Point", "coordinates": [ -47.52832705671878, -6.979249842970025 ] } },
{ "type": "Feature", "properties": { "rank": 988, "candidate_id": 591, "scenario": "eolico", "solar_kwh_m2_day": 6.3485231399536133, "wind_m_s": 6.6764092445373535, "dist_grid_km": 439.79636389753222, "dist_demand_km": 720.59528279030098, "connection_cost_brl": 527755636.67703867, "is_restricted": false, "restriction_factor": 1.0, "score_final": 0.49221820947211326, "longitude": -50.217137573471533, "latitude": -9.7152418016370543 }, "geometry": { "type": "Point", "coordinates": [ -50.217137573471533, -9.715241801637054 ] } },
{ "type": "Feature", "properties": { "rank": 989, "candidate_id": 756, "scenario": "eolico", "solar_kwh_m2_day": 5.028533935546875, "wind_m_s": 5.7323927879333496, "dist_grid_km": 127.53349555470324, "dist_demand_km": 114.89647410788893, "connection_cost_brl": 153040194.66564387, "is_restricted": false, "restriction_factor": 1.0, "score_final": 0.49196535524757817, "longitude": -48.707836520531721, "latitude": -16.44855639408738 }, "geometry": { "type": "Point", "coordinates": [ -48.707836520531721, -16.44855639408738 ] } },
{ "type": "Feature", "properties": { "rank": 990, "candidate_id": 1827, "scenario": "eolico", "solar_kwh_m2_day": 5.4563937187194824, "wind_m_s": 6.7796549797058105, "dist_grid_km": 473.39808632384262, "dist_demand_km": 793.38268817842686, "connection_cost_brl": 568077703.58861113, "is_restricted": false, "restriction_factor": 1.0, "score_final": 0.49177514465732197, "longitude": -39.980921720828484, "latitude": -20.026093732919762 }, "geometry": { "type": "Point", "coordinates": [ -39.980921720828484, -20.026093732919762 ] } },
{ "type": "Feature", "properties": { "rank": 991, "candidate_id": 770, "scenario": "eolico", "solar_kwh_m2_day": 6.2127947807312012, "wind_m_s": 6.4236292839050293, "dist_grid_km": 329.94012540115119, "dist_demand_km": 635.74311501532043, "connection_cost_brl": 395928150.48138142, "is_restricted": false, "restriction_factor": 1.0, "score_final": 0.49164086388110728, "longitude": -48.843285439519043, "latitude": -10.147690202253346 }, "geometry": { "type": "Point", "coordinates": [ -48.843285439519043, -10.147690202253346 ] } },
{ "type": "Feature", "properties": { "rank": 992, "candidate_id": 2077, "scenario": "eolico", "solar_kwh_m2_day": 6.0956664085388184, "wind_m_s": 7.3306183815002441, "dist_grid_km": 731.24343824328491, "dist_demand_km": 946.63468749080164, "connection_cost_brl": 877492125.89194191, "is_restricted": false, "restriction_factor": 1.0, "score_final": 0.49128455430138745, "longitude": -38.466410923668548, "latitude": -15.51756153208666 }, "geometry": { "type": "Point", "coordinates": [ -38.466410923668548, -15.51756153208666 ] } },
{ "type": "Feature", "properties": { "rank": 993, "candidate_id": 1231, "scenario": "eolico", "solar_kwh_m2_day": 5.1756114959716797, "wind_m_s": 6.119351863861084, "dist_grid_km": 230.9936484356962, "dist_demand_km": 445.68805185607397, "connection_cost_brl": 277192378.12283546, "is_restricted": false, "restriction_factor": 1.0, "score_final": 0.49063971251783195, "longitude": -44.854298085641162, "latitude": -18.55271126286663 }, "geometry": { "type": "Point", "coordinates": [ -44.854298085641162, -18.55271126286663 ] } },
{ "type": "Feature", "properties": { "rank": 994, "candidate_id": 1350, "scenario": "eolico", "solar_kwh_m2_day": 5.1754131317138672, "wind_m_s": 6.2493367195129395, "dist_grid_km": 265.74745957959487, "dist_demand_km": 552.36181338414826, "connection_cost_brl": 318896951.49551386, "is_restricted": false, "restriction_factor": 1.0, "score_final": 0.49060970601925485, "longitude": -43.88181872858452, "latitude": -18.949897219403972 }, "geometry": { "type": "Point", "coordinates": [ -43.88181872858452, -18.949897219403972 ] } },
{ "type": "Feature", "properties": { "rank": 995, "candidate_id": 1176, "scenario": "eolico", "solar_kwh_m2_day": 5.4048457145690918, "wind_m_s": 6.2530455589294434, "dist_grid_km": 373.61465548945614, "dist_demand_km": 268.92990444785454, "connection_cost_brl": 448337586.58734739, "is_restricted": false, "restriction_factor": 1.0, "score_final": 0.49002089311450359, "longitude": -45.433210269522796, "latitude": -16.34137383876152 }, "geometry": { "type": "Point", "coordinates": [ -45.433210269522796, -16.34137383876152 ] } },
{ "type": "Feature", "properties": { "rank": 996, "candidate_id": 1468, "scenario": "eolico", "solar_kwh_m2_day": 5.0704436302185059, "wind_m_s": 6.2574234008789062, "dist_grid_km": 264.94617902889155, "dist_demand_km": 573.5910110907854, "connection_cost_brl": 317935414.83466989, "is_restricted": false, "restriction_factor": 1.0, "score_final": 0.49000264667812554, "longitude": -42.873538975607843, "latitude": -19.783219352608238 }, "geometry": { "type": "Point", "coordinates": [ -42.873538975607843, -19.783219352608238 ] } },
{ "type": "Feature", "properties": { "rank": 997, "candidate_id": 2864, "scenario": "eolico", "solar_kwh_m2_day": 5.7187962532043457, "wind_m_s": 7.0856995582580566, "dist_grid_km": 749.74963052195801, "dist_demand_km": 529.89853048042949, "connection_cost_brl": 899699556.62634957, "is_restricted": false, "restriction_factor": 1.0, "score_final": 0.49000134459384737, "longitude": -32.713367717838828, "latitude": -12.085855245581453 }, "geometry": { "type": "Point", "coordinates": [ -32.713367717838828, -12.085855245581453 ] } },
{ "type": "Feature", "properties": { "rank": 998, "candidate_id": 1342, "scenario": "eolico", "solar_kwh_m2_day": 5.2250547409057617, "wind_m_s": 5.7450451850891113, "dist_grid_km": 65.220137888648921, "dist_demand_km": 327.95346420259278, "connection_cost_brl": 78264165.466378704, "is_restricted": false, "restriction_factor": 1.0, "score_final": 0.48983976601799095, "longitude": -43.640122805506657, "latitude": -22.505695749610027 }, "geometry": { "type": "Point", "coordinates": [ -43.640122805506657, -22.505695749610027 ] } },
{ "type": "Feature", "properties": { "rank": 999, "candidate_id": 1769, "scenario": "eolico", "solar_kwh_m2_day": 5.4652605056762695, "wind_m_s": 6.7841715812683105, "dist_grid_km": 481.1022933182104, "dist_demand_km": 800.17797204276917, "connection_cost_brl": 577322751.98185253, "is_restricted": false, "restriction_factor": 1.0, "score_final": 0.4898220838188857, "longitude": -40.532038142221019, "latitude": -19.183612837937538 }, "geometry": { "type": "Point", "coordinates": [ -40.532038142221019, -19.183612837937538 ] } },
{ "type": "Feature", "properties": { "rank": 1000, "candidate_id": 1173, "scenario": "eolico", "solar_kwh_m2_day": 5.651188850402832, "wind_m_s": 6.1093134880065918, "dist_grid_km": 266.94938040564995, "dist_demand_km": 340.6529217659791, "connection_cost_brl": 320339256.48677993, "is_restricted": false, "restriction_factor": 1.0, "score_final": 0.48979622742351309, "longitude": -45.371593981994366, "latitude": -17.6815774910107 }, "geometry": { "type": "Point", "coordinates": [ -45.371593981994366, -17.6815774910107 ] } },
{ "type": "Feature", "properties": { "rank": 1001, "candidate_id": 1648, "scenario": "eolico", "solar_kwh_m2_day": 5.6201939582824707, "wind_m_s": 6.5183243751525879, "dist_grid_km": 371.79236080470713, "dist_demand_km": 689.48306529087188, "connection_cost_brl": 446150832.96564853, "is_restricted": false, "restriction_factor": 1.0, "score_final": 0.48962646564447143, "longitude": -41.445948358908872, "latitude": -19.690504819374702 }, "geometry": { "type": "Point", "coordinates": [ -41.445948358908872, -19.690504819374702 ] } },
{ "type": "Feature", "properties": { "rank": 1002, "candidate_id": 512, "scenario": "eolico", "solar_kwh_m2_day": 5.5689020156860352, "wind_m_s": 5.946591854095459, "dist_grid_km": 155.3046769007068, "dist_demand_km": 397.1296668968871, "connection_cost_brl": 186365612.28084815, "is_restricted": false, "restriction_factor": 1.0, "score_final": 0.48951934292940813, "longitude": -50.546669420876896, "latitude": -18.291247758324708 }, "geometry": { "type": "Point", "coordinates": [ -50.546669420876896, -18.291247758324708 ] } },
{ "type": "Feature", "properties": { "rank": 1003, "candidate_id": 1828, "scenario": "eolico", "solar_kwh_m2_day": 5.2988176345825195, "wind_m_s": 6.8153815269470215, "dist_grid_km": 495.67447680117959, "dist_demand_km": 816.5581097764225, "connection_cost_brl": 594809372.16141546, "is_restricted": false, "restriction_factor": 1.0, "score_final": 0.48908334772423617, "longitude": -40.020047754400586, "latitude": -19.587625386496367 }, "geometry": { "type": "Point", "coordinates": [ -40.020047754400586, -19.587625386496367 ] } },
{ "type": "Feature", "properties": { "rank": 1004, "candidate_id": 2012, "scenario": "eolico", "solar_kwh_m2_day": 5.4204325675964355, "wind_m_s": 7.3474111557006836, "dist_grid_km": 731.09956204315699, "dist_demand_km": 996.92643014883583, "connection_cost_brl": 877319474.45178843, "is_restricted": false, "restriction_factor": 1.0, "score_final": 0.48905459091506831, "longitude": -38.755807575227834, "latitude": -17.73092457816794 }, "geometry": { "type": "Point", "coordinates": [ -38.755807575227834, -17.73092457816794 ] } },
{ "type": "Feature", "properties": { "rank": 1005, "candidate_id": 1260, "scenario": "eolico", "solar_kwh_m2_day": 6.3166542053222656, "wind_m_s": 7.2422981262207031, "dist_grid_km": 608.26683985180523, "dist_demand_km": 1170.897241472278, "connection_cost_brl": 729920207.82216632, "is_restricted": false, "restriction_factor": 1.0, "score_final": 0.48900962847614177, "longitude": -45.2887228941144, "latitude": -5.6024662522748772 }, "geometry": { "type": "Point", "coordinates": [ -45.2887228941144, -5.602466252274877 ] } },
{ "type": "Feature", "properties": { "rank": 1006, "candidate_id": 1139, "scenario": "eolico", "solar_kwh_m2_day": 5.7858572006225586, "wind_m_s": 7.1907072067260742, "dist_grid_km": 606.3363474755763, "dist_demand_km": 1099.4007594308844, "connection_cost_brl": 727603616.97069156, "is_restricted": false, "restriction_factor": 1.0, "score_final": 0.4887094040053947, "longitude": -46.184998725773205, "latitude": -6.0630225113391303 }, "geometry": { "type": "Point", "coordinates": [ -46.184998725773205, -6.06302251133913 ] } },
{ "type": "Feature", "properties": { "rank": 1007, "candidate_id": 977, "scenario": "eolico", "solar_kwh_m2_day": 5.2995920181274414, "wind_m_s": 5.5588588714599609, "dist_grid_km": 28.337453481466518, "dist_demand_km": 152.43914307978991, "connection_cost_brl": 34004944.177759819, "is_restricted": false, "restriction_factor": 1.0, "score_final": 0.48870391104789446, "longitude": -46.423016444352932, "latitude": -24.903482950303509 }, "geometry": { "type": "Point", "coordinates": [ -46.423016444352932, -24.903482950303509 ] } },
{ "type": "Feature", "properties": { "rank": 1008, "candidate_id": 405, "scenario": "eolico", "solar_kwh_m2_day": 6.4435548782348633, "wind_m_s": 6.1737685203552246, "dist_grid_km": 233.94706662388506, "dist_demand_km": 544.39118343926725, "connection_cost_brl": 280736479.9486621, "is_restricted": false, "restriction_factor": 1.0, "score_final": 0.48854468649329363, "longitude": -51.561699086217033, "latitude": -12.437262422143998 }, "geometry": { "type": "Point", "coordinates": [ -51.561699086217033, -12.437262422143998 ] } },
{ "type": "Feature", "properties": { "rank": 1009, "candidate_id": 1588, "scenario": "eolico", "solar_kwh_m2_day": 5.3158926963806152, "wind_m_s": 6.4187126159667969, "dist_grid_km": 335.25508186739245, "dist_demand_km": 649.30230315571373, "connection_cost_brl": 402306098.24087095, "is_restricted": false, "restriction_factor": 1.0, "score_final": 0.48830019853813145, "longitude": -41.921631819368912, "latitude": -19.722555011420706 }, "geometry": { "type": "Point", "coordinates": [ -41.921631819368912, -19.722555011420706 ] } },
{ "type": "Feature", "properties": { "rank": 1010, "candidate_id": 690, "scenario": "eolico", "solar_kwh_m2_day": 5.5273399353027344, "wind_m_s": 5.8770060539245605, "dist_grid_km": 120.95150603215971, "dist_demand_km": 396.48130545231294, "connection_cost_brl": 145141807.23859164, "is_restricted": false, "restriction_factor": 1.0, "score_final": 0.48829054845848319, "longitude": -49.102550024695027, "latitude": -19.160597023153372 }, "geometry": { "type": "Point", "coordinates": [ -49.102550024695027, -19.160597023153372 ] } },
{ "type": "Feature", "properties": { "rank": 1011, "candidate_id": 1355, "scenario": "eolico", "solar_kwh_m2_day": 5.7452316284179688, "wind_m_s": 6.4641046524047852, "dist_grid_km": 443.52291805260529, "dist_demand_km": 426.88996265557853, "connection_cost_brl": 532227501.66312635, "is_restricted": false, "restriction_factor": 1.0, "score_final": 0.48794662879110867, "longitude": -44.007975909535638, "latitude": -16.725579556077221 }, "geometry": { "type": "Point", "coordinates": [ -44.007975909535638, -16.725579556077221 ] } },
{ "type": "Feature", "properties": { "rank": 1012, "candidate_id": 1765, "scenario": "eolico", "solar_kwh_m2_day": 4.8889975547790527, "wind_m_s": 6.556581974029541, "dist_grid_km": 393.83963915260523, "dist_demand_km": 707.84218578777131, "connection_cost_brl": 472607566.98312628, "is_restricted": false, "restriction_factor": 1.0, "score_final": 0.48781030335902459, "longitude": -40.378392956539408, "latitude": -20.940731286303262 }, "geometry": { "type": "Point", "coordinates": [ -40.378392956539408, -20.940731286303262 ] } },
{ "type": "Feature", "properties": { "rank": 1013, "candidate_id": 459, "scenario": "eolico", "solar_kwh_m2_day": 5.8974771499633789, "wind_m_s": 5.7301125526428223, "dist_grid_km": 58.242827545883934, "dist_demand_km": 349.64269361896419, "connection_cost_brl": 69891393.055060714, "is_restricted": false, "restriction_factor": 1.0, "score_final": 0.48743484133289083, "longitude": -51.068217347248975, "latitude": -15.140767309056921 }, "geometry": { "type": "Point", "coordinates": [ -51.068217347248975, -15.140767309056921 ] } },
{ "type": "Feature", "properties": { "rank": 1014, "candidate_id": 1116, "scenario": "eolico", "solar_kwh_m2_day": 5.4965076446533203, "wind_m_s": 6.1411280632019043, "dist_grid_km": 338.46020407020575, "dist_demand_km": 221.08206646932132, "connection_cost_brl": 406152244.88424689, "is_restricted": false, "restriction_factor": 1.0, "score_final": 0.48727374871978252, "longitude": -45.900784910265244, "latitude": -16.359688089921733 }, "geometry": { "type": "Point", "coordinates": [ -45.900784910265244, -16.359688089921733 ] } },
{ "type": "Feature", "properties": { "rank": 1015, "candidate_id": 1049, "scenario": "eolico", "solar_kwh_m2_day": 5.4421176910400391, "wind_m_s": 5.7817707061767578, "dist_grid_km": 54.420110788740722, "dist_demand_km": 449.94134335364151, "connection_cost_brl": 65304132.946488865, "is_restricted": false, "restriction_factor": 1.0, "score_final": 0.48652580887460867, "longitude": -46.232033185529872, "latitude": -19.510824216182982 }, "geometry": { "type": "Point", "coordinates": [ -46.232033185529872, -19.510824216182982 ] } },
{ "type": "Feature", "properties": { "rank": 1016, "candidate_id": 469, "scenario": "eolico", "solar_kwh_m2_day": 6.578679084777832, "wind_m_s": 6.522364616394043, "dist_grid_km": 392.76508069701362, "dist_demand_km": 671.94713174716196, "connection_cost_brl": 471318096.83641636, "is_restricted": false, "restriction_factor": 1.0, "score_final": 0.48648133859906223, "longitude": -51.120316728384843, "latitude": -10.627032173684178 }, "geometry": { "type": "Point", "coordinates": [ -51.120316728384843, -10.627032173684178 ] } },
{ "type": "Feature", "properties": { "rank": 1017, "candidate_id": 2620, "scenario": "eolico", "solar_kwh_m2_day": 5.7809271812438965, "wind_m_s": 7.2331089973449707, "dist_grid_km": 790.29338202788858, "dist_demand_km": 687.30289486778702, "connection_cost_brl": 948352058.43346632, "is_restricted": false, "restriction_factor": 1.0, "score_final": 0.48627268148509983, "longitude": -34.406484439878142, "latitude": -13.921079662643546 }, "geometry": { "type": "Point", "coordinates": [ -34.406484439878142, -13.921079662643546 ] } },
{ "type": "Feature", "properties": { "rank": 1018, "candidate_id": 1415, "scenario": "eolico", "solar_kwh_m2_day": 5.9324564933776855, "wind_m_s": 6.5423464775085449, "dist_grid_km": 478.67736947185574, "dist_demand_km": 475.05900013373912, "connection_cost_brl": 574412843.36622691, "is_restricted": false, "restriction_factor": 1.0, "score_final": 0.48578323277295321, "longitude": -43.539746229290927, "latitude": -16.702734168093734 }, "geometry": { "type": "Point", "coordinates": [ -43.539746229290927, -16.702734168093734 ] } },
{ "type": "Feature", "properties": { "rank": 1019, "candidate_id": 1524, "scenario": "eolico", "solar_kwh_m2_day": 4.9704222679138184, "wind_m_s": 6.0456857681274414, "dist_grid_km": 187.71623802509293, "dist_demand_km": 503.54328263026503, "connection_cost_brl": 225259485.63011152, "is_restricted": false, "restriction_factor": 1.0, "score_final": 0.48563640323295215, "longitude": -42.260646968135084, "latitude": -21.52297328774667 }, "geometry": { "type": "Point", "coordinates": [ -42.260646968135084, -21.52297328774667 ] } },
{ "type": "Feature", "properties": { "rank": 1020, "candidate_id": 2014, "scenario": "eolico", "solar_kwh_m2_day": 5.924583911895752, "wind_m_s": 7.4215707778930664, "dist_grid_km": 795.4127527603448, "dist_demand_km": 974.53316724559159, "connection_cost_brl": 954495303.31241381, "is_restricted": false, "restriction_factor": 1.0, "score_final": 0.48542915136708764, "longitude": -38.829177283623864, "latitude": -16.858344771670598 }, "geometry": { "type": "Point", "coordinates": [ -38.829177283623864, -16.858344771670598 ] } },
{ "type": "Feature", "properties": { "rank": 1021, "candidate_id": 342, "scenario": "eolico", "solar_kwh_m2_day": 6.0589389801025391, "wind_m_s": 5.9175314903259277, "dist_grid_km": 120.22984337504616, "dist_demand_km": 496.6254794266855, "connection_cost_brl": 144275812.05005538, "is_restricted": false, "restriction_factor": 1.0, "score_final": 0.48498855481069492, "longitude": -52.0106971573572, "latitude": -13.796046964882072 }, "geometry": { "type": "Point", "coordinates": [ -52.0106971573572, -13.796046964882072 ] } },
{ "type": "Feature", "properties": { "rank": 1022, "candidate_id": 808, "scenario": "eolico", "solar_kwh_m2_day": 5.7296414375305176, "wind_m_s": 5.8705720901489258, "dist_grid_km": 121.752786582863, "dist_demand_km": 421.04520798691328, "connection_cost_brl": 146103343.89943561, "is_restricted": false, "restriction_factor": 1.0, "score_final": 0.48485706882288898, "longitude": -48.119784402247909, "latitude": -20.031543717711873 }, "geometry": { "type": "Point", "coordinates": [ -48.119784402247909, -20.031543717711873 ] } },
{ "type": "Feature", "properties": { "rank": 1023, "candidate_id": 892, "scenario": "eolico", "solar_kwh_m2_day": 5.640655517578125, "wind_m_s": 6.5187597274780273, "dist_grid_km": 376.97140860166985, "dist_demand_km": 729.32429138606039, "connection_cost_brl": 452365690.32200384, "is_restricted": false, "restriction_factor": 1.0, "score_final": 0.48463979353548531, "longitude": -47.947128363277855, "latitude": -9.2331218325329925 }, "geometry": { "type": "Point", "coordinates": [ -47.947128363277855, -9.233121832532992 ] } },
{ "type": "Feature", "properties": { "rank": 1024, "candidate_id": 2134, "scenario": "eolico", "solar_kwh_m2_day": 5.6273655891418457, "wind_m_s": 7.6066789627075195, "dist_grid_km": 871.39191270062088, "dist_demand_km": 1062.1300662237329, "connection_cost_brl": 1045670295.2407451, "is_restricted": false, "restriction_factor": 1.0, "score_final": 0.48461606600103141, "longitude": -37.893817612159552, "latitude": -16.789403671579162 }, "geometry": { "type": "Point", "coordinates": [ -37.893817612159552, -16.789403671579162 ] } },
{ "type": "Feature", "properties": { "rank": 1025, "candidate_id": 1774, "scenario": "eolico", "solar_kwh_m2_day": 6.0963554382324219, "wind_m_s": 7.0397219657897949, "dist_grid_km": 654.04898629275613, "dist_demand_km": 778.41559625548177, "connection_cost_brl": 784858783.55130732, "is_restricted": false, "restriction_factor": 1.0, "score_final": 0.48461257567082822, "longitude": -40.70177577276106, "latitude": -16.985293049365829 }, "geometry": { "type": "Point", "coordinates": [ -40.70177577276106, -16.985293049365829 ] } },
{ "type": "Feature", "properties": { "rank": 1026, "candidate_id": 1775, "scenario": "eolico", "solar_kwh_m2_day": 5.4478659629821777, "wind_m_s": 7.0920977592468262, "dist_grid_km": 689.60407798735832, "dist_demand_km": 768.99748631578018, "connection_cost_brl": 827524893.58483005, "is_restricted": false, "restriction_factor": 1.0, "score_final": 0.48398030867680492, "longitude": -40.732860579292819, "latitude": -16.545395912526683 }, "geometry": { "type": "Point", "coordinates": [ -40.732860579292819, -16.545395912526683 ] } },
{ "type": "Feature", "properties": { "rank": 1027, "candidate_id": 893, "scenario": "eolico", "solar_kwh_m2_day": 5.9718179702758789, "wind_m_s": 6.625063419342041, "dist_grid_km": 422.07219942595947, "dist_demand_km": 779.32035484259632, "connection_cost_brl": 506486639.31115139, "is_restricted": false, "restriction_factor": 1.0, "score_final": 0.48382598899868412, "longitude": -47.95463159673006, "latitude": -8.7835702286452086 }, "geometry": { "type": "Point", "coordinates": [ -47.95463159673006, -8.783570228645209 ] } },
{ "type": "Feature", "properties": { "rank": 1028, "candidate_id": 1892, "scenario": "eolico", "solar_kwh_m2_day": 5.5079002380371094, "wind_m_s": 7.110863208770752, "dist_grid_km": 654.11325575426054, "dist_demand_km": 901.09393536152947, "connection_cost_brl": 784935906.90511262, "is_restricted": false, "restriction_factor": 1.0, "score_final": 0.48344026006791607, "longitude": -39.695952089185305, "latitude": -17.79984658299286 }, "geometry": { "type": "Point", "coordinates": [ -39.695952089185305, -17.79984658299286 ] } },
{ "type": "Feature", "properties": { "rank": 1029, "candidate_id": 1525, "scenario": "eolico", "solar_kwh_m2_day": 5.6479029655456543, "wind_m_s": 6.0702533721923828, "dist_grid_km": 204.51118511059514, "dist_demand_km": 525.23032492657944, "connection_cost_brl": 245413422.13271415, "is_restricted": false, "restriction_factor": 1.0, "score_final": 0.48286990381967615, "longitude": -42.296214105940379, "latitude": -21.080711010504523 }, "geometry": { "type": "Point", "coordinates": [ -42.296214105940379, -21.080711010504523 ] } },
{ "type": "Feature", "properties": { "rank": 1030, "candidate_id": 460, "scenario": "eolico", "solar_kwh_m2_day": 5.8739709854125977, "wind_m_s": 5.6242799758911133, "dist_grid_km": 13.142036721594099, "dist_demand_km": 364.24758978933016, "connection_cost_brl": 15770444.065912919, "is_restricted": false, "restriction_factor": 1.0, "score_final": 0.48227897969275529, "longitude": -51.074328783917309, "latitude": -14.68947644384988 }, "geometry": { "type": "Point", "coordinates": [ -51.074328783917309, -14.68947644384988 ] } },
{ "type": "Feature", "properties": { "rank": 1031, "candidate_id": 523, "scenario": "eolico", "solar_kwh_m2_day": 5.9911408424377441, "wind_m_s": 5.8024506568908691, "dist_grid_km": 100.57518652724467, "dist_demand_km": 402.99032303264647, "connection_cost_brl": 120690223.83269361, "is_restricted": false, "restriction_factor": 1.0, "score_final": 0.4820940501911109, "longitude": -50.629959745907307, "latitude": -13.329784658448899 }, "geometry": { "type": "Point", "coordinates": [ -50.629959745907307, -13.329784658448899 ] } },
{ "type": "Feature", "properties": { "rank": 1032, "candidate_id": 935, "scenario": "eolico", "solar_kwh_m2_day": 5.3368606567382812, "wind_m_s": 5.8004169464111328, "dist_grid_km": 197.44175811785237, "dist_demand_km": 134.5843470548258, "connection_cost_brl": 236930109.74142286, "is_restricted": false, "restriction_factor": 1.0, "score_final": 0.48208508509807058, "longitude": -47.288334728511643, "latitude": -16.857384193733701 }, "geometry": { "type": "Point", "coordinates": [ -47.288334728511643, -16.857384193733701 ] } },
{ "type": "Feature", "properties": { "rank": 1033, "candidate_id": 521, "scenario": "eolico", "solar_kwh_m2_day": 5.6509790420532227, "wind_m_s": 5.5996236801147461, "dist_grid_km": 10.373604878665153, "dist_demand_km": 341.39216968983663, "connection_cost_brl": 12448325.854398184, "is_restricted": false, "restriction_factor": 1.0, "score_final": 0.48155060433082603, "longitude": -50.616985087455298, "latitude": -14.232062483884073 }, "geometry": { "type": "Point", "coordinates": [ -50.616985087455298, -14.232062483884073 ] } },
{ "type": "Feature", "properties": { "rank": 1034, "candidate_id": 575, "scenario": "eolico", "solar_kwh_m2_day": 5.6884374618530273, "wind_m_s": 5.557373046875, "dist_grid_km": 13.484950397650113, "dist_demand_km": 269.1409781513272, "connection_cost_brl": 16181940.477180136, "is_restricted": false, "restriction_factor": 1.0, "score_final": 0.48138371302514643, "longitude": -50.103036022884631, "latitude": -16.929998721448509 }, "geometry": { "type": "Point", "coordinates": [ -50.103036022884631, -16.929998721448509 ] } },
{ "type": "Feature", "properties": { "rank": 1035, "candidate_id": 337, "scenario": "eolico", "solar_kwh_m2_day": 5.8605656623840332, "wind_m_s": 5.7909064292907715, "dist_grid_km": 82.992572685447641, "dist_demand_km": 441.02766294726763, "connection_cost_brl": 99591087.222537175, "is_restricted": false, "restriction_factor": 1.0, "score_final": 0.48136750465142253, "longitude": -51.989810540529071, "latitude": -16.054079202806342 }, "geometry": { "type": "Point", "coordinates": [ -51.989810540529071, -16.054079202806342 ] } },
{ "type": "Feature", "properties": { "rank": 1036, "candidate_id": 747, "scenario": "eolico", "solar_kwh_m2_day": 5.877375602722168, "wind_m_s": 5.9540619850158691, "dist_grid_km": 192.46232969671556, "dist_demand_km": 395.18931411254459, "connection_cost_brl": 230954795.63605866, "is_restricted": false, "restriction_factor": 1.0, "score_final": 0.48126980991324586, "longitude": -48.581792170234472, "latitude": -20.496337442170532 }, "geometry": { "type": "Point", "coordinates": [ -48.581792170234472, -20.496337442170532 ] } },
{ "type": "Feature", "properties": { "rank": 1037, "candidate_id": 1079, "scenario": "eolico", "solar_kwh_m2_day": 6.4409842491149902, "wind_m_s": 7.1687936782836914, "dist_grid_km": 627.92149669960691, "dist_demand_km": 1090.9793840605873, "connection_cost_brl": 753505796.03952825, "is_restricted": false, "restriction_factor": 1.0, "score_final": 0.48079417552278847, "longitude": -46.636624709771048, "latitude": -6.0692962456053614 }, "geometry": { "type": "Point", "coordinates": [ -46.636624709771048, -6.069296245605361 ] } },
{ "type": "Feature", "properties": { "rank": 1038, "candidate_id": 1286, "scenario": "eolico", "solar_kwh_m2_day": 5.9023599624633789, "wind_m_s": 5.767547607421875, "dist_grid_km": 88.372641381936205, "dist_demand_km": 397.49752855152178, "connection_cost_brl": 106047169.65832345, "is_restricted": false, "restriction_factor": 1.0, "score_final": 0.48067326615896061, "longitude": -44.246512848661041, "latitude": -20.755823141111513 }, "geometry": { "type": "Point", "coordinates": [ -44.246512848661041, -20.755823141111513 ] } },
{ "type": "Feature", "properties": { "rank": 1039, "candidate_id": 868, "scenario": "eolico", "solar_kwh_m2_day": 5.1363744735717773, "wind_m_s": 5.769615650177002, "dist_grid_km": 86.598335163612617, "dist_demand_km": 407.51991805103893, "connection_cost_brl": 103918002.19633514, "is_restricted": false, "restriction_factor": 1.0, "score_final": 0.48049051430030526, "longitude": -47.642235798435017, "latitude": -20.015114929720546 }, "geometry": { "type": "Point", "coordinates": [ -47.642235798435017, -20.015114929720546 ] } },
{ "type": "Feature", "properties": { "rank": 1040, "candidate_id": 1714, "scenario": "eolico", "solar_kwh_m2_day": 5.0893888473510742, "wind_m_s": 6.9154205322265625, "dist_grid_km": 618.89453487350579, "dist_demand_km": 729.71557959371444, "connection_cost_brl": 742673441.848207, "is_restricted": false, "restriction_factor": 1.0, "score_final": 0.48015031136736169, "longitude": -41.170295182924413, "latitude": -17.014686058878318 }, "geometry": { "type": "Point", "coordinates": [ -41.170295182924413, -17.014686058878318 ] } },
{ "type": "Feature", "properties": { "rank": 1041, "candidate_id": 2741, "scenario": "eolico", "solar_kwh_m2_day": 6.4470281600952148, "wind_m_s": 7.1777439117431641, "dist_grid_km": 797.88395148062477, "dist_demand_km": 646.38546819711655, "connection_cost_brl": 957460741.77674973, "is_restricted": false, "restriction_factor": 1.0, "score_final": 0.48012971177893043, "longitude": -33.522636189201329, "latitude": -13.424887477060276 }, "geometry": { "type": "Point", "coordinates": [ -33.522636189201329, -13.424887477060276 ] } },
{ "type": "Feature", "properties": { "rank": 1042, "candidate_id": 2496, "scenario": "eolico", "solar_kwh_m2_day": 5.5760416984558105, "wind_m_s": 7.5644736289978027, "dist_grid_km": 927.44027363578778, "dist_demand_km": 891.98223229594271, "connection_cost_brl": 1112928328.3629453, "is_restricted": false, "restriction_factor": 1.0, "score_final": 0.48005215159096681, "longitude": -35.175882021371038, "latitude": -15.705084519419474 }, "geometry": { "type": "Point", "coordinates": [ -35.175882021371038, -15.705084519419474 ] } },
{ "type": "Feature", "properties": { "rank": 1043, "candidate_id": 689, "scenario": "eolico", "solar_kwh_m2_day": 5.5330862998962402, "wind_m_s": 5.9127459526062012, "dist_grid_km": 156.50659772676181, "dist_demand_km": 443.58892243490362, "connection_cost_brl": 187807917.27211419, "is_restricted": false, "restriction_factor": 1.0, "score_final": 0.47996409834841058, "longitude": -49.089043571209295, "latitude": -19.610623700003384 }, "geometry": { "type": "Point", "coordinates": [ -49.089043571209295, -19.610623700003384 ] } },
{ "type": "Feature", "properties": { "rank": 1044, "candidate_id": 1530, "scenario": "eolico", "solar_kwh_m2_day": 5.5126590728759766, "wind_m_s": 6.4384975433349609, "dist_grid_km": 371.21081383734622, "dist_demand_km": 671.14947147486077, "connection_cost_brl": 445452976.60481548, "is_restricted": false, "restriction_factor": 1.0, "score_final": 0.47991983697881208, "longitude": -42.460618524746515, "latitude": -18.868267720779222 }, "geometry": { "type": "Point", "coordinates": [ -42.460618524746515, -18.868267720779222 ] } },
{ "type": "Feature", "properties": { "rank": 1045, "candidate_id": 1165, "scenario": "eolico", "solar_kwh_m2_day": 5.0133018493652344, "wind_m_s": 5.5700640678405762, "dist_grid_km": 17.491353151166763, "dist_demand_km": 296.82721503424483, "connection_cost_brl": 20989623.781400114, "is_restricted": false, "restriction_factor": 1.0, "score_final": 0.47960952263350909, "longitude": -45.17893272392628, "latitude": -21.253368213369711 }, "geometry": { "type": "Point", "coordinates": [ -45.17893272392628, -21.253368213369711 ] } },
{ "type": "Feature", "properties": { "rank": 1046, "candidate_id": 810, "scenario": "eolico", "solar_kwh_m2_day": 5.3449006080627441, "wind_m_s": 5.6767029762268066, "dist_grid_km": 50.642603193658843, "dist_demand_km": 372.9469833061313, "connection_cost_brl": 60771123.832390614, "is_restricted": false, "restriction_factor": 1.0, "score_final": 0.47946209564960429, "longitude": -48.152421023762301, "latitude": -19.132927607416857 }, "geometry": { "type": "Point", "coordinates": [ -48.152421023762301, -19.132927607416857 ] } },
{ "type": "Feature", "properties": { "rank": 1047, "candidate_id": 1523, "scenario": "eolico", "solar_kwh_m2_day": 5.1097960472106934, "wind_m_s": 5.9832077026367188, "dist_grid_km": 183.4392193650163, "dist_demand_km": 486.05018335728028, "connection_cost_brl": 220127063.23801956, "is_restricted": false, "restriction_factor": 1.0, "score_final": 0.47931168060169976, "longitude": -42.224156656377602, "latitude": -21.965155522072596 }, "geometry": { "type": "Point", "coordinates": [ -42.224156656377602, -21.965155522072596 ] } },
{ "type": "Feature", "properties": { "rank": 1048, "candidate_id": 2071, "scenario": "eolico", "solar_kwh_m2_day": 5.5584597587585449, "wind_m_s": 7.3422164916992188, "dist_grid_km": 744.13731255446237, "dist_demand_km": 1059.1893254065003, "connection_cost_brl": 892964775.06535482, "is_restricted": false, "restriction_factor": 1.0, "score_final": 0.47914425801551858, "longitude": -38.246631262653892, "latitude": -18.130235244838158 }, "geometry": { "type": "Point", "coordinates": [ -38.246631262653892, -18.130235244838158 ] } },
{ "type": "Feature", "properties": { "rank": 1049, "candidate_id": 699, "scenario": "eolico", "solar_kwh_m2_day": 5.7218017578125, "wind_m_s": 5.7008605003356934, "dist_grid_km": 144.58342444200568, "dist_demand_km": 161.35075695227437, "connection_cost_brl": 173500109.33040681, "is_restricted": false, "restriction_factor": 1.0, "score_final": 0.4786882985559987, "longitude": -49.207822881229241, "latitude": -15.10905087082485 }, "geometry": { "type": "Point", "coordinates": [ -49.207822881229241, -15.10905087082485 ] } },
{ "type": "Feature", "properties": { "rank": 1050, "candidate_id": 220, "scenario": "eolico", "solar_kwh_m2_day": 5.3644523620605469, "wind_m_s": 5.885892391204834, "dist_grid_km": 105.39561449795507, "dist_demand_km": 555.78075992192203, "connection_cost_brl": 126474737.39754608, "is_restricted": false, "restriction_factor": 1.0, "score_final": 0.47867225143274283, "longitude": -52.931267980413182, "latitude": -14.705451292168714 }, "geometry": { "type": "Point", "coordinates": [ -52.931267980413182, -14.705451292168714 ] } },
{ "type": "Feature", "properties": { "rank": 1051, "candidate_id": 1595, "scenario": "eolico", "solar_kwh_m2_day": 5.8474941253662109, "wind_m_s": 6.7704987525939941, "dist_grid_km": 584.14072372960709, "dist_demand_km": 621.30434875673313, "connection_cost_brl": 700968868.47552848, "is_restricted": false, "restriction_factor": 1.0, "score_final": 0.47817794480834308, "longitude": -42.135744475615347, "latitude": -16.628352249973101 }, "geometry": { "type": "Point", "coordinates": [ -42.135744475615347, -16.628352249973101 ] } },
{ "type": "Feature", "properties": { "rank": 1052, "candidate_id": 526, "scenario": "eolico", "solar_kwh_m2_day": 6.1107978820800781, "wind_m_s": 6.0879302024841309, "dist_grid_km": 235.87755900011396, "dist_demand_km": 518.34359343642973, "connection_cost_brl": 283053070.80013674, "is_restricted": false, "restriction_factor": 1.0, "score_final": 0.47804466052414768, "longitude": -50.647693526824646, "latitude": -11.9762277863565 }, "geometry": { "type": "Point", "coordinates": [ -50.647693526824646, -11.9762277863565 ] } },
{ "type": "Feature", "properties": { "rank": 1053, "candidate_id": 639, "scenario": "eolico", "solar_kwh_m2_day": 6.0792512893676758, "wind_m_s": 5.6821789741516113, "dist_grid_km": 122.99827521797526, "dist_demand_km": 206.36873158762484, "connection_cost_brl": 147597930.2615703, "is_restricted": false, "restriction_factor": 1.0, "score_final": 0.47729969134320754, "longitude": -49.672867720528409, "latitude": -15.11839862335396 }, "geometry": { "type": "Point", "coordinates": [ -49.672867720528409, -15.11839862335396 ] } },
{ "type": "Feature", "properties": { "rank": 1054, "candidate_id": 1885, "scenario": "eolico", "solar_kwh_m2_day": 5.3514199256896973, "wind_m_s": 6.7176127433776855, "dist_grid_km": 491.68290557442748, "dist_demand_km": 802.26391721177072, "connection_cost_brl": 590019486.68931293, "is_restricted": false, "restriction_factor": 1.0, "score_final": 0.47727197145660261, "longitude": -39.420843025702652, "latitude": -20.863581523383854 }, "geometry": { "type": "Point", "coordinates": [ -39.420843025702652, -20.863581523383854 ] } },
{ "type": "Feature", "properties": { "rank": 1055, "candidate_id": 395, "scenario": "eolico", "solar_kwh_m2_day": 5.6797981262207031, "wind_m_s": 5.8030185699462891, "dist_grid_km": 118.94830465540137, "dist_demand_km": 408.77723266382253, "connection_cost_brl": 142737965.58648166, "is_restricted": false, "restriction_factor": 1.0, "score_final": 0.47693139237582616, "longitude": -51.511051693190424, "latitude": -16.951974269065165 }, "geometry": { "type": "Point", "coordinates": [ -51.511051693190424, -16.951974269065165 ] } },
{ "type": "Feature", "properties": { "rank": 1056, "candidate_id": 1163, "scenario": "eolico", "solar_kwh_m2_day": 5.4738621711730957, "wind_m_s": 5.603485107421875, "dist_grid_km": 76.477876103000796, "dist_demand_km": 220.19146691947742, "connection_cost_brl": 91773451.323600948, "is_restricted": false, "restriction_factor": 1.0, "score_final": 0.47651353463727125, "longitude": -45.12396781199724, "latitude": -22.145786544926189 }, "geometry": { "type": "Point", "coordinates": [ -45.12396781199724, -22.145786544926189 ] } },
{ "type": "Feature", "properties": { "rank": 1057, "candidate_id": 2681, "scenario": "eolico", "solar_kwh_m2_day": 6.3907709121704102, "wind_m_s": 7.0978264808654785, "dist_grid_km": 770.68401396082015, "dist_demand_km": 639.91176354366223, "connection_cost_brl": 924820816.75298417, "is_restricted": false, "restriction_factor": 1.0, "score_final": 0.47611660046375248, "longitude": -33.982863087815417, "latitude": -13.459892557196898 }, "geometry": { "type": "Point", "coordinates": [ -33.982863087815417, -13.459892557196898 ] } },
{ "type": "Feature", "properties": { "rank": 1058, "candidate_id": 1715, "scenario": "eolico", "solar_kwh_m2_day": 5.4027891159057617, "wind_m_s": 6.9395813941955566, "dist_grid_km": 654.44962656810799, "dist_demand_km": 719.66042031502741, "connection_cost_brl": 785339551.8817296, "is_restricted": false, "restriction_factor": 1.0, "score_final": 0.4754884763430352, "longitude": -41.200357674688746, "latitude": -16.573984565367116 }, "geometry": { "type": "Point", "coordinates": [ -41.200357674688746, -16.573984565367116 ] } },
{ "type": "Feature", "properties": { "rank": 1059, "candidate_id": 468, "scenario": "eolico", "solar_kwh_m2_day": 5.8276357650756836, "wind_m_s": 6.3393044471740723, "dist_grid_km": 347.66428987272383, "dist_demand_km": 629.35415657404417, "connection_cost_brl": 417197147.84726858, "is_restricted": false, "restriction_factor": 1.0, "score_final": 0.47547911323077452, "longitude": -51.11598791210146, "latitude": -11.078481279564498 }, "geometry": { "type": "Point", "coordinates": [ -51.11598791210146, -11.078481279564498 ] } },
{ "type": "Feature", "properties": { "rank": 1060, "candidate_id": 834, "scenario": "eolico", "solar_kwh_m2_day": 6.0809388160705566, "wind_m_s": 6.7169890403747559, "dist_grid_km": 488.75813947427963, "dist_demand_km": 830.25327192743714, "connection_cost_brl": 586509767.3691355, "is_restricted": false, "restriction_factor": 1.0, "score_final": 0.47531437945135646, "longitude": -48.415620471189946, "latitude": -8.3406169435128383 }, "geometry": { "type": "Point", "coordinates": [ -48.415620471189946, -8.340616943512838 ] } },
{ "type": "Feature", "properties": { "rank": 1061, "candidate_id": 2802, "scenario": "eolico", "solar_kwh_m2_day": 6.1388969421386719, "wind_m_s": 7.1021394729614258, "dist_grid_km": 788.04125509266294, "dist_demand_km": 608.20717631767968, "connection_cost_brl": 945649506.11119556, "is_restricted": false, "restriction_factor": 1.0, "score_final": 0.47526095378007827, "longitude": -33.100116820738108, "latitude": -12.965801098978694 }, "geometry": { "type": "Point", "coordinates": [ -33.100116820738108, -12.965801098978694 ] } },
{ "type": "Feature", "properties": { "rank": 1062, "candidate_id": 1832, "scenario": "eolico", "solar_kwh_m2_day": 5.6298770904541016, "wind_m_s": 6.9581975936889648, "dist_grid_km": 618.09325432280252, "dist_demand_km": 853.5363301894896, "connection_cost_brl": 741711905.18736303, "is_restricted": false, "restriction_factor": 1.0, "score_final": 0.47498208732632452, "longitude": -40.166280996368336, "latitude": -17.832848151406086 }, "geometry": { "type": "Point", "coordinates": [ -40.166280996368336, -17.832848151406086 ] } },
{ "type": "Feature", "properties": { "rank": 1063, "candidate_id": 2495, "scenario": "eolico", "solar_kwh_m2_day": 5.8891463279724121, "wind_m_s": 7.6409749984741211, "dist_grid_km": 972.54106446007756, "dist_demand_km": 941.73117994392589, "connection_cost_brl": 1167049277.352093, "is_restricted": false, "restriction_factor": 1.0, "score_final": 0.47494227773602832, "longitude": -35.134483639871249, "latitude": -16.13354033426053 }, "geometry": { "type": "Point", "coordinates": [ -35.134483639871249, -16.13354033426053 ] } },
{ "type": "Feature", "properties": { "rank": 1064, "candidate_id": 653, "scenario": "eolico", "solar_kwh_m2_day": 6.3123936653137207, "wind_m_s": 6.730438232421875, "dist_grid_km": 508.41279632208125, "dist_demand_km": 802.21952226559733, "connection_cost_brl": 610095355.58649755, "is_restricted": false, "restriction_factor": 1.0, "score_final": 0.47485151084300969, "longitude": -49.77233239767336, "latitude": -8.808258640975847 }, "geometry": { "type": "Point", "coordinates": [ -49.77233239767336, -8.808258640975847 ] } },
{ "type": "Feature", "properties": { "rank": 1065, "candidate_id": 1704, "scenario": "eolico", "solar_kwh_m2_day": 5.4949812889099121, "wind_m_s": 6.3221898078918457, "dist_grid_km": 335.70971600130815, "dist_demand_km": 644.15532816302175, "connection_cost_brl": 402851659.2015698, "is_restricted": false, "restriction_factor": 1.0, "score_final": 0.47467608447592385, "longitude": -40.817863699962551, "latitude": -21.417427629094632 }, "geometry": { "type": "Point", "coordinates": [ -40.817863699962551, -21.417427629094632 ] } },
{ "type": "Feature", "properties": { "rank": 1066, "candidate_id": 926, "scenario": "eolico", "solar_kwh_m2_day": 5.7665224075317383, "wind_m_s": 5.7224693298339844, "dist_grid_km": 122.55406713356636, "dist_demand_km": 300.40603616950409, "connection_cost_brl": 147064880.56027964, "is_restricted": false, "restriction_factor": 1.0, "score_final": 0.47446337107656206, "longitude": -47.124831283474876, "latitude": -20.894238416506653 }, "geometry": { "type": "Point", "coordinates": [ -47.124831283474876, -20.894238416506653 ] } },
{ "type": "Feature", "properties": { "rank": 1067, "candidate_id": 2437, "scenario": "eolico", "solar_kwh_m2_day": 5.8832316398620605, "wind_m_s": 7.3791747093200684, "dist_grid_km": 860.75433358746773, "dist_demand_km": 849.1642254651814, "connection_cost_brl": 1032905200.3049613, "is_restricted": false, "restriction_factor": 1.0, "score_final": 0.47427297185053569, "longitude": -35.679923456028448, "latitude": -15.313258670577163 }, "geometry": { "type": "Point", "coordinates": [ -35.679923456028448, -15.313258670577163 ] } },
{ "type": "Feature", "properties": { "rank": 1068, "candidate_id": 631, "scenario": "eolico", "solar_kwh_m2_day": 5.9480409622192383, "wind_m_s": 5.763120174407959, "dist_grid_km": 120.55086575680804, "dist_demand_km": 373.06528335854944, "connection_cost_brl": 144661038.90816966, "is_restricted": false, "restriction_factor": 1.0, "score_final": 0.47407655120818543, "longitude": -49.589595493751098, "latitude": -18.72226028502558 }, "geometry": { "type": "Point", "coordinates": [ -49.589595493751098, -18.72226028502558 ] } },
{ "type": "Feature", "properties": { "rank": 1069, "candidate_id": 749, "scenario": "eolico", "solar_kwh_m2_day": 5.2581887245178223, "wind_m_s": 5.8001117706298828, "dist_grid_km": 121.35214630751136, "dist_demand_km": 430.36861583873156, "connection_cost_brl": 145622575.56901363, "is_restricted": false, "restriction_factor": 1.0, "score_final": 0.47387661646120222, "longitude": -48.612644150213733, "latitude": -19.597055623318564 }, "geometry": { "type": "Point", "coordinates": [ -48.612644150213733, -19.597055623318564 ] } },
{ "type": "Feature", "properties": { "rank": 1070, "candidate_id": 1955, "scenario": "eolico", "solar_kwh_m2_day": 5.5886673927307129, "wind_m_s": 7.2745785713195801, "dist_grid_km": 778.27472144380363, "dist_demand_km": 917.43946619706139, "connection_cost_brl": 933929665.73256433, "is_restricted": false, "restriction_factor": 1.0, "score_final": 0.47385013210416616, "longitude": -39.331199827235608, "latitude": -16.454134892154954 }, "geometry": { "type": "Point", "coordinates": [ -39.331199827235608, -16.454134892154954 ] } },
{ "type": "Feature", "properties": { "rank": 1071, "candidate_id": 751, "scenario": "eolico", "solar_kwh_m2_day": 5.1197686195373535, "wind_m_s": 5.6081051826477051, "dist_grid_km": 50.241962918307181, "dist_demand_km": 333.27125953398428, "connection_cost_brl": 60290355.501968615, "is_restricted": false, "restriction_factor": 1.0, "score_final": 0.47333128899982779, "longitude": -48.641839018135805, "latitude": -18.697640102579843 }, "geometry": { "type": "Point", "coordinates": [ -48.641839018135805, -18.697640102579843 ] } },
{ "type": "Feature", "properties": { "rank": 1072, "candidate_id": 1288, "scenario": "eolico", "solar_kwh_m2_day": 5.0843324661254883, "wind_m_s": 5.8897156715393066, "dist_grid_km": 159.48282477114034, "dist_demand_km": 477.10208413441489, "connection_cost_brl": 191379389.72536841, "is_restricted": false, "restriction_factor": 1.0, "score_final": 0.47273206308657656, "longitude": -44.302658866021673, "latitude": -19.865459170530727 }, "geometry": { "type": "Point", "coordinates": [ -44.302658866021673, -19.865459170530727 ] } },
{ "type": "Feature", "properties": { "rank": 1073, "candidate_id": 2616, "scenario": "eolico", "solar_kwh_m2_day": 5.6095571517944336, "wind_m_s": 7.580479621887207, "dist_grid_km": 970.61057208384864, "dist_demand_km": 887.2916766663285, "connection_cost_brl": 1164732686.5006185, "is_restricted": false, "restriction_factor": 1.0, "score_final": 0.47175732111062779, "longitude": -34.246857840464713, "latitude": -15.627163712103279 }, "geometry": { "type": "Point", "coordinates": [ -34.246857840464713, -15.627163712103279 ] } },
{ "type": "Feature", "properties": { "rank": 1074, "candidate_id": 1218, "scenario": "eolico", "solar_kwh_m2_day": 5.4331212043762207, "wind_m_s": 5.6785221099853516, "dist_grid_km": 135.09702427829379, "dist_demand_km": 236.05595701368676, "connection_cost_brl": 162116429.13395256, "is_restricted": false, "restriction_factor": 1.0, "score_final": 0.47089733342899065, "longitude": -44.482134112004204, "latitude": -24.346005368001041 }, "geometry": { "type": "Point", "coordinates": [ -44.482134112004204, -24.346005368001041 ] } },
{ "type": "Feature", "properties": { "rank": 1075, "candidate_id": 1529, "scenario": "eolico", "solar_kwh_m2_day": 5.1341114044189453, "wind_m_s": 6.2939915657043457, "dist_grid_km": 335.65572214274414, "dist_demand_km": 644.29117732912425, "connection_cost_brl": 402786866.571293, "is_restricted": false, "restriction_factor": 1.0, "score_final": 0.47059052014713332, "longitude": -42.429490730028824, "latitude": -19.310900874340817 }, "geometry": { "type": "Point", "coordinates": [ -42.429490730028824, -19.310900874340817 ] } },
{ "type": "Feature", "properties": { "rank": 1076, "candidate_id": 407, "scenario": "eolico", "solar_kwh_m2_day": 6.2724847793579102, "wind_m_s": 6.2549586296081543, "dist_grid_km": 324.14864827246453, "dist_demand_km": 618.23486438313103, "connection_cost_brl": 388978377.92695743, "is_restricted": false, "restriction_factor": 1.0, "score_final": 0.47031511509284202, "longitude": -51.569798009040923, "latitude": -11.534104861493704 }, "geometry": { "type": "Point", "coordinates": [ -51.569798009040923, -11.534104861493704 ] } },
{ "type": "Feature", "properties": { "rank": 1077, "candidate_id": 1340, "scenario": "eolico", "solar_kwh_m2_day": 5.1400084495544434, "wind_m_s": 5.7241759300231934, "dist_grid_km": 135.6525217675395, "dist_demand_km": 312.93986834797323, "connection_cost_brl": 162783026.12104741, "is_restricted": false, "restriction_factor": 1.0, "score_final": 0.47018561500222217, "longitude": -43.571524788642371, "latitude": -23.393967210072045 }, "geometry": { "type": "Point", "coordinates": [ -43.571524788642371, -23.393967210072045 ] } },
{ "type": "Feature", "properties": { "rank": 1078, "candidate_id": 2919, "scenario": "eolico", "solar_kwh_m2_day": 5.7690205574035645, "wind_m_s": 7.4902358055114746, "dist_grid_km": 967.55522525220238, "dist_demand_km": 781.18251626287326, "connection_cost_brl": 1161066270.3026428, "is_restricted": false, "restriction_factor": 1.0, "score_final": 0.46937832155834514, "longitude": -32.060717080495962, "latitude": -14.158056627665799 }, "geometry": { "type": "Point", "coordinates": [ -32.060717080495962, -14.158056627665799 ] } },
{ "type": "Feature", "properties": { "rank": 1079, "candidate_id": 1169, "scenario": "eolico", "solar_kwh_m2_day": 4.9340190887451172, "wind_m_s": 5.8024234771728516, "dist_grid_km": 124.72901362724159, "dist_demand_km": 476.81298487630841, "connection_cost_brl": 149674816.35268989, "is_restricted": false, "restriction_factor": 1.0, "score_final": 0.46900612895980809, "longitude": -45.280563734758402, "latitude": -19.467875609408928 }, "geometry": { "type": "Point", "coordinates": [ -45.280563734758402, -19.467875609408928 ] } },
{ "type": "Feature", "properties": { "rank": 1080, "candidate_id": 1824, "scenario": "eolico", "solar_kwh_m2_day": 5.1387410163879395, "wind_m_s": 6.5170979499816895, "dist_grid_km": 435.13610707907935, "dist_demand_km": 739.9479168698125, "connection_cost_brl": 522163328.49489522, "is_restricted": false, "restriction_factor": 1.0, "score_final": 0.46851404753393144, "longitude": -39.857175824074695, "latitude": -21.340916108702515 }, "geometry": { "type": "Point", "coordinates": [ -39.857175824074695, -21.340916108702515 ] } },
{ "type": "Feature", "properties": { "rank": 1081, "candidate_id": 1112, "scenario": "eolico", "solar_kwh_m2_day": 4.8984880447387695, "wind_m_s": 5.8342204093933105, "dist_grid_km": 196.23983729179741, "dist_demand_km": 342.30411369058982, "connection_cost_brl": 235487804.75015691, "is_restricted": false, "restriction_factor": 1.0, "score_final": 0.46787727840155241, "longitude": -45.821803028829812, "latitude": -18.148668425135604 }, "geometry": { "type": "Point", "coordinates": [ -45.821803028829812, -18.148668425135604 ] } },
{ "type": "Feature", "properties": { "rank": 1082, "candidate_id": 932, "scenario": "eolico", "solar_kwh_m2_day": 5.5143671035766602, "wind_m_s": 5.6047382354736328, "dist_grid_km": 90.776483034046166, "dist_demand_km": 277.18958507407871, "connection_cost_brl": 108931779.6408554, "is_restricted": false, "restriction_factor": 1.0, "score_final": 0.46770691714293577, "longitude": -47.238417377427744, "latitude": -18.20334306127662 }, "geometry": { "type": "Point", "coordinates": [ -47.238417377427744, -18.20334306127662 ] } },
{ "type": "Feature", "properties": { "rank": 1083, "candidate_id": 1947, "scenario": "eolico", "solar_kwh_m2_day": 5.9489049911499023, "wind_m_s": 6.832709789276123, "dist_grid_km": 566.34633079179866, "dist_demand_km": 884.3319075892216, "connection_cost_brl": 679615596.95015836, "is_restricted": false, "restriction_factor": 1.0, "score_final": 0.46716599997992603, "longitude": -39.028903961362651, "latitude": -19.950232637417898 }, "geometry": { "type": "Point", "coordinates": [ -39.028903961362651, -19.950232637417898 ] } },
{ "type": "Feature", "properties": { "rank": 1084, "candidate_id": 1406, "scenario": "eolico", "solar_kwh_m2_day": 5.3241119384765625, "wind_m_s": 5.8444480895996094, "dist_grid_km": 158.68154422043696, "dist_demand_km": 469.67128726773649, "connection_cost_brl": 190417853.06452435, "is_restricted": false, "restriction_factor": 1.0, "score_final": 0.46707123468199957, "longitude": -43.288329368141582, "latitude": -20.699559863208599 }, "geometry": { "type": "Point", "coordinates": [ -43.288329368141582, -20.699559863208599 ] } },
{ "type": "Feature", "properties": { "rank": 1085, "candidate_id": 341, "scenario": "eolico", "solar_kwh_m2_day": 6.658775806427002, "wind_m_s": 5.696568489074707, "dist_grid_km": 75.129052550756398, "dist_demand_km": 475.61599358050802, "connection_cost_brl": 90154863.060907677, "is_restricted": false, "restriction_factor": 1.0, "score_final": 0.4664758737060174, "longitude": -52.006800358789995, "latitude": -14.24769075904805 }, "geometry": { "type": "Point", "coordinates": [ -52.006800358789995, -14.24769075904805 ] } },
{ "type": "Feature", "properties": { "rank": 1086, "candidate_id": 1108, "scenario": "eolico", "solar_kwh_m2_day": 5.7497377395629883, "wind_m_s": 5.6188230514526367, "dist_grid_km": 54.019470513389059, "dist_demand_km": 413.81898139966353, "connection_cost_brl": 64823364.616066873, "is_restricted": false, "restriction_factor": 1.0, "score_final": 0.46638902867782767, "longitude": -45.733136276782538, "latitude": -19.936945643965835 }, "geometry": { "type": "Point", "coordinates": [ -45.733136276782538, -19.936945643965835 ] } },
{ "type": "Feature", "properties": { "rank": 1087, "candidate_id": 453, "scenario": "eolico", "solar_kwh_m2_day": 5.5756607055664062, "wind_m_s": 5.7909078598022461, "dist_grid_km": 154.90403662535513, "dist_demand_km": 405.82293232869068, "connection_cost_brl": 185884843.95042616, "is_restricted": false, "restriction_factor": 1.0, "score_final": 0.46624656151254606, "longitude": -51.027120023677078, "latitude": -17.848062221880586 }, "geometry": { "type": "Point", "coordinates": [ -51.027120023677078, -17.848062221880586 ] } },
{ "type": "Feature", "properties": { "rank": 1088, "candidate_id": 1103, "scenario": "eolico", "solar_kwh_m2_day": 4.9106364250183105, "wind_m_s": 5.567192554473877, "dist_grid_km": 111.97181678706895, "dist_demand_km": 186.25484064734778, "connection_cost_brl": 134366180.14448273, "is_restricted": false, "restriction_factor": 1.0, "score_final": 0.46533810102083362, "longitude": -45.607935321877527, "latitude": -22.1711878032431 }, "geometry": { "type": "Point", "coordinates": [ -45.607935321877527, -22.1711878032431 ] } },
{ "type": "Feature", "properties": { "rank": 1089, "candidate_id": 2801, "scenario": "eolico", "solar_kwh_m2_day": 5.843909740447998, "wind_m_s": 7.1336312294006348, "dist_grid_km": 827.21445265777982, "dist_demand_km": 656.61349504198517, "connection_cost_brl": 992657343.18933582, "is_restricted": false, "restriction_factor": 1.0, "score_final": 0.46527110150725004, "longitude": -33.06253470712403, "latitude": -13.389273053767289 }, "geometry": { "type": "Point", "coordinates": [ -33.06253470712403, -13.389273053767289 ] } },
{ "type": "Feature", "properties": { "rank": 1090, "candidate_id": 866, "scenario": "eolico", "solar_kwh_m2_day": 5.333559513092041, "wind_m_s": 5.727165699005127, "dist_grid_km": 157.70851855281683, "dist_demand_km": 310.56459896049165, "connection_cost_brl": 189250222.2633802, "is_restricted": false, "restriction_factor": 1.0, "score_final": 0.46519389849174098, "longitude": -47.605020793250091, "latitude": -20.912783458000678 }, "geometry": { "type": "Point", "coordinates": [ -47.605020793250091, -20.912783458000678 ] } },
{ "type": "Feature", "properties": { "rank": 1091, "candidate_id": 1652, "scenario": "eolico", "solar_kwh_m2_day": 6.213587760925293, "wind_m_s": 6.61279296875, "dist_grid_km": 512.62990006505129, "dist_demand_km": 712.87181651218407, "connection_cost_brl": 615155880.07806158, "is_restricted": false, "restriction_factor": 1.0, "score_final": 0.4650727107724113, "longitude": -41.578243040032248, "latitude": -17.925874199438578 }, "geometry": { "type": "Point", "coordinates": [ -41.578243040032248, -17.925874199438578 ] } },
{ "type": "Feature", "properties": { "rank": 1092, "candidate_id": 1408, "scenario": "eolico", "solar_kwh_m2_day": 5.6871705055236816, "wind_m_s": 6.0000462532043457, "dist_grid_km": 229.79172760964113, "dist_demand_km": 538.71442487144077, "connection_cost_brl": 275750073.13156933, "is_restricted": false, "restriction_factor": 1.0, "score_final": 0.46496208647031012, "longitude": -43.349750617438019, "latitude": -19.811810906871095 }, "geometry": { "type": "Point", "coordinates": [ -43.349750617438019, -19.811810906871095 ] } },
{ "type": "Feature", "properties": { "rank": 1093, "candidate_id": 1531, "scenario": "eolico", "solar_kwh_m2_day": 5.5789685249328613, "wind_m_s": 6.3798065185546875, "dist_grid_km": 406.76590553194825, "dist_demand_km": 644.87821061592422, "connection_cost_brl": 488119086.63833791, "is_restricted": false, "restriction_factor": 1.0, "score_final": 0.4647661546692427, "longitude": -42.490891144365854, "latitude": -18.425566094556032 }, "geometry": { "type": "Point", "coordinates": [ -42.490891144365854, -18.425566094556032 ] } },
{ "type": "Feature", "properties": { "rank": 1094, "candidate_id": 1280, "scenario": "eolico", "solar_kwh_m2_day": 4.8622078895568848, "wind_m_s": 5.5912051200866699, "dist_grid_km": 100.15858108347136, "dist_demand_km": 262.94095299527692, "connection_cost_brl": 120190297.30016564, "is_restricted": false, "restriction_factor": 1.0, "score_final": 0.46467524423334061, "longitude": -44.059502798196668, "latitude": -23.425403541280502 }, "geometry": { "type": "Point", "coordinates": [ -44.059502798196668, -23.425403541280502 ] } },
{ "type": "Feature", "properties": { "rank": 1095, "candidate_id": 1471, "scenario": "eolico", "solar_kwh_m2_day": 5.6714944839477539, "wind_m_s": 6.2893743515014648, "dist_grid_km": 371.6114541126978, "dist_demand_km": 602.01486122454605, "connection_cost_brl": 445933744.93523735, "is_restricted": false, "restriction_factor": 1.0, "score_final": 0.46466694164697331, "longitude": -42.963292901187906, "latitude": -18.453176170195061 }, "geometry": { "type": "Point", "coordinates": [ -42.963292901187906, -18.453176170195061 ] } },
{ "type": "Feature", "properties": { "rank": 1096, "candidate_id": 218, "scenario": "eolico", "solar_kwh_m2_day": 6.214139461517334, "wind_m_s": 5.8022298812866211, "dist_grid_km": 120.20898944983938, "dist_demand_km": 541.33138295037577, "connection_cost_brl": 144250787.33980724, "is_restricted": false, "restriction_factor": 1.0, "score_final": 0.46410511134215249, "longitude": -52.926720405875656, "latitude": -15.609041045136385 }, "geometry": { "type": "Point", "coordinates": [ -52.926720405875656, -15.609041045136385 ] } },
{ "type": "Feature", "properties": { "rank": 1097, "candidate_id": 2920, "scenario": "eolico", "solar_kwh_m2_day": 6.2664642333984375, "wind_m_s": 7.3550243377685547, "dist_grid_km": 928.91785587044751, "dist_demand_km": 734.18036691801308, "connection_cost_brl": 1114701427.0445371, "is_restricted": false, "restriction_factor": 1.0, "score_final": 0.46406794058202105, "longitude": -32.10240438625393, "latitude": -13.737222797037109 }, "geometry": { "type": "Point", "coordinates": [ -32.10240438625393, -13.737222797037109 ] } },
{ "type": "Feature", "properties": { "rank": 1098, "candidate_id": 1404, "scenario": "eolico", "solar_kwh_m2_day": 6.3901534080505371, "wind_m_s": 5.6705021858215332, "dist_grid_km": 92.709048922078011, "dist_demand_km": 413.48398349016884, "connection_cost_brl": 111250858.70649362, "is_restricted": false, "restriction_factor": 1.0, "score_final": 0.46400431573056877, "longitude": -43.223587902606191, "latitude": -21.587035872255775 }, "geometry": { "type": "Point", "coordinates": [ -43.223587902606191, -21.587035872255775 ] } },
{ "type": "Feature", "properties": { "rank": 1099, "candidate_id": 927, "scenario": "eolico", "solar_kwh_m2_day": 4.5699028968811035, "wind_m_s": 5.6192779541015625, "dist_grid_km": 86.998975438964294, "dist_demand_km": 350.07833881502961, "connection_cost_brl": 104398770.52675715, "is_restricted": false, "restriction_factor": 1.0, "score_final": 0.46396871247952837, "longitude": -47.145078029087728, "latitude": -20.445856875379114 }, "geometry": { "type": "Point", "coordinates": [ -47.145078029087728, -20.445856875379114 ] } },
{ "type": "Feature", "properties": { "rank": 1100, "candidate_id": 2015, "scenario": "eolico", "solar_kwh_m2_day": 5.6447973251342773, "wind_m_s": 7.2761297225952148, "dist_grid_km": 799.85987066783423, "dist_demand_km": 967.02698386753173, "connection_cost_brl": 959831844.80140102, "is_restricted": false, "restriction_factor": 1.0, "score_final": 0.46391375856536382, "longitude": -38.86426840918174, "latitude": -16.421918926208644 }, "geometry": { "type": "Point", "coordinates": [ -38.86426840918174, -16.421918926208644 ] } },
{ "type": "Feature", "properties": { "rank": 1101, "candidate_id": 1708, "scenario": "eolico", "solar_kwh_m2_day": 5.3852720260620117, "wind_m_s": 6.4359779357910156, "dist_grid_km": 411.15783913950372, "dist_demand_km": 730.87640115308091, "connection_cost_brl": 493389406.96740448, "is_restricted": false, "restriction_factor": 1.0, "score_final": 0.46374460674480644, "longitude": -40.970452775671539, "latitude": -19.657324957950348 }, "geometry": { "type": "Point", "coordinates": [ -40.970452775671539, -19.657324957950348 ] } },
{ "type": "Feature", "properties": { "rank": 1102, "candidate_id": 336, "scenario": "eolico", "solar_kwh_m2_day": 5.6066365242004395, "wind_m_s": 5.7308864593505859, "dist_grid_km": 118.54766438004971, "dist_demand_km": 446.18281681225398, "connection_cost_brl": 142257197.25605965, "is_restricted": false, "restriction_factor": 1.0, "score_final": 0.46308394500689609, "longitude": -51.98520533367136, "latitude": -16.505626996530882 }, "geometry": { "type": "Point", "coordinates": [ -51.98520533367136, -16.505626996530882 ] } },
{ "type": "Feature", "properties": { "rank": 1103, "candidate_id": 1292, "scenario": "eolico", "solar_kwh_m2_day": 5.8535466194152832, "wind_m_s": 6.0549955368041992, "dist_grid_km": 301.70319154954876, "dist_demand_km": 450.01127366484997, "connection_cost_brl": 362043829.85945851, "is_restricted": false, "restriction_factor": 1.0, "score_final": 0.46280482201691531, "longitude": -44.406139013801926, "latitude": -18.084047578207592 }, "geometry": { "type": "Point", "coordinates": [ -44.406139013801926, -18.084047578207592 ] } },
{ "type": "Feature", "properties": { "rank": 1104, "candidate_id": 1020, "scenario": "eolico", "solar_kwh_m2_day": 6.2646727561950684, "wind_m_s": 7.1880850791931152, "dist_grid_km": 694.60743674792695, "dist_demand_km": 1134.5555502131408, "connection_cost_brl": 833528924.09751236, "is_restricted": false, "restriction_factor": 1.0, "score_final": 0.46244349488697778, "longitude": -47.093797151607625, "latitude": -5.6263559310299254 }, "geometry": { "type": "Point", "coordinates": [ -47.093797151607625, -5.626355931029925 ] } },
{ "type": "Feature", "properties": { "rank": 1105, "candidate_id": 956, "scenario": "eolico", "solar_kwh_m2_day": 6.414250373840332, "wind_m_s": 6.7752714157104492, "dist_grid_km": 535.7894226747984, "dist_demand_km": 931.16330966303155, "connection_cost_brl": 642947307.20975804, "is_restricted": false, "restriction_factor": 1.0, "score_final": 0.46228802937628999, "longitude": -47.521925271311204, "latitude": -7.4284757360853666 }, "geometry": { "type": "Point", "coordinates": [ -47.521925271311204, -7.428475736085367 ] } },
{ "type": "Feature", "properties": { "rank": 1106, "candidate_id": 1703, "scenario": "eolico", "solar_kwh_m2_day": 6.0448398590087891, "wind_m_s": 6.2225384712219238, "dist_grid_km": 333.33702854713306, "dist_demand_km": 630.57515813770613, "connection_cost_brl": 400004434.25655967, "is_restricted": false, "restriction_factor": 1.0, "score_final": 0.46211065430951176, "longitude": -40.777183064746652, "latitude": -21.857225284379901 }, "geometry": { "type": "Point", "coordinates": [ -40.777183064746652, -21.857225284379901 ] } },
{ "type": "Feature", "properties": { "rank": 1107, "candidate_id": 522, "scenario": "eolico", "solar_kwh_m2_day": 6.2862815856933594, "wind_m_s": 5.5632519721984863, "dist_grid_km": 55.474395702954915, "dist_demand_km": 370.10121182150363, "connection_cost_brl": 66569274.843545899, "is_restricted": false, "restriction_factor": 1.0, "score_final": 0.46204885512577842, "longitude": -50.623588993853019, "latitude": -13.780933322074308 }, "geometry": { "type": "Point", "coordinates": [ -50.623588993853019, -13.780933322074308 ] } },
{ "type": "Feature", "properties": { "rank": 1108, "candidate_id": 1285, "scenario": "eolico", "solar_kwh_m2_day": 5.5883522033691406, "wind_m_s": 5.5509729385375977, "dist_grid_km": 52.817549687334107, "dist_demand_km": 361.51518427882201, "connection_cost_brl": 63381059.624800928, "is_restricted": false, "restriction_factor": 1.0, "score_final": 0.4617520197596634, "longitude": -44.217305223676604, "latitude": -21.200914481910356 }, "geometry": { "type": "Point", "coordinates": [ -44.217305223676604, -21.200914481910356 ] } },
{ "type": "Feature", "properties": { "rank": 1109, "candidate_id": 529, "scenario": "eolico", "solar_kwh_m2_day": 6.077885627746582, "wind_m_s": 6.2981104850769043, "dist_grid_km": 371.17993147298313, "dist_demand_km": 648.042406988327, "connection_cost_brl": 445415917.76757973, "is_restricted": false, "restriction_factor": 1.0, "score_final": 0.46174155275433199, "longitude": -50.663399073259896, "latitude": -10.62251756866724 }, "geometry": { "type": "Point", "coordinates": [ -50.663399073259896, -10.62251756866724 ] } },
{ "type": "Feature", "properties": { "rank": 1110, "candidate_id": 1137, "scenario": "eolico", "solar_kwh_m2_day": 6.0361771583557129, "wind_m_s": 6.7816004753112793, "dist_grid_km": 516.13476582699684, "dist_demand_km": 1001.4137221472365, "connection_cost_brl": 619361718.99239624, "is_restricted": false, "restriction_factor": 1.0, "score_final": 0.46167151379481586, "longitude": -46.171045897813258, "latitude": -6.9588715318022043 }, "geometry": { "type": "Point", "coordinates": [ -46.171045897813258, -6.958871531802204 ] } },
{ "type": "Feature", "properties": { "rank": 1111, "candidate_id": 1526, "scenario": "eolico", "solar_kwh_m2_day": 5.2464151382446289, "wind_m_s": 5.9861531257629395, "dist_grid_km": 231.11093364959365, "dist_demand_km": 550.61597412615754, "connection_cost_brl": 277333120.37951237, "is_restricted": false, "restriction_factor": 1.0, "score_final": 0.46149845614919105, "longitude": -42.33087035208181, "latitude": -20.638370679330471 }, "geometry": { "type": "Point", "coordinates": [ -42.33087035208181, -20.638370679330471 ] } },
{ "type": "Feature", "properties": { "rank": 1112, "candidate_id": 2069, "scenario": "eolico", "solar_kwh_m2_day": 5.2413806915283203, "wind_m_s": 7.104759693145752, "dist_grid_km": 696.82527386833783, "dist_demand_km": 1016.9817447429383, "connection_cost_brl": 836190328.64200544, "is_restricted": false, "restriction_factor": 1.0, "score_final": 0.46078861060419896, "longitude": -38.164509953878387, "latitude": -19.000338691326537 }, "geometry": { "type": "Point", "coordinates": [ -38.164509953878387, -19.000338691326537 ] } },
{ "type": "Feature", "properties": { "rank": 1113, "candidate_id": 1403, "scenario": "eolico", "solar_kwh_m2_day": 5.5449366569519043, "wind_m_s": 5.6159968376159668, "dist_grid_km": 83.710984553937038, "dist_demand_km": 391.99228036082673, "connection_cost_brl": 100453181.46472445, "is_restricted": false, "restriction_factor": 1.0, "score_final": 0.46041752119248752, "longitude": -43.189944208242785, "latitude": -22.030667177036261 }, "geometry": { "type": "Point", "coordinates": [ -43.189944208242785, -22.030667177036261 ] } },
{ "type": "Feature", "properties": { "rank": 1114, "candidate_id": 1409, "scenario": "eolico", "solar_kwh_m2_day": 5.5620369911193848, "wind_m_s": 6.0557665824890137, "dist_grid_km": 265.34681930424324, "dist_demand_km": 576.64918998034182, "connection_cost_brl": 318416183.16509187, "is_restricted": false, "restriction_factor": 1.0, "score_final": 0.46038868620689954, "longitude": -43.379242700995171, "latitude": -19.367838342351412 }, "geometry": { "type": "Point", "coordinates": [ -43.379242700995171, -19.367838342351412 ] } },
{ "type": "Feature", "properties": { "rank": 1115, "candidate_id": 769, "scenario": "eolico", "solar_kwh_m2_day": 5.7274093627929688, "wind_m_s": 6.0961980819702148, "dist_grid_km": 284.8393345768614, "dist_demand_km": 586.29601296885153, "connection_cost_brl": 341807201.49223369, "is_restricted": false, "restriction_factor": 1.0, "score_final": 0.46035597677235413, "longitude": -48.835891413081548, "latitude": -10.597890030706798 }, "geometry": { "type": "Point", "coordinates": [ -48.835891413081548, -10.597890030706798 ] } },
{ "type": "Feature", "properties": { "rank": 1116, "candidate_id": 1351, "scenario": "eolico", "solar_kwh_m2_day": 5.5146808624267578, "wind_m_s": 6.0779457092285156, "dist_grid_km": 301.30255127419701, "dist_demand_km": 520.12485650200961, "connection_cost_brl": 361563061.5290364, "is_restricted": false, "restriction_factor": 1.0, "score_final": 0.45968031961770295, "longitude": -43.908526703644419, "latitude": -18.505143953007504 }, "geometry": { "type": "Point", "coordinates": [ -43.908526703644419, -18.505143953007504 ] } },
{ "type": "Feature", "properties": { "rank": 1117, "candidate_id": 1344, "scenario": "eolico", "solar_kwh_m2_day": 5.0743184089660645, "wind_m_s": 5.5404458045959473, "dist_grid_km": 52.416909411982296, "dist_demand_km": 370.37222920099686, "connection_cost_brl": 62900291.294378757, "is_restricted": false, "restriction_factor": 1.0, "score_final": 0.45950110271114147, "longitude": -43.705361794298021, "latitude": -21.617139801569927 }, "geometry": { "type": "Point", "coordinates": [ -43.705361794298021, -21.617139801569927 ] } },
{ "type": "Feature", "properties": { "rank": 1118, "candidate_id": 1647, "scenario": "eolico", "solar_kwh_m2_day": 5.1434016227722168, "wind_m_s": 6.236595630645752, "dist_grid_km": 341.52909207809915, "dist_demand_km": 661.87297919047842, "connection_cost_brl": 409834910.49371898, "is_restricted": false, "restriction_factor": 1.0, "score_final": 0.45912523775745862, "longitude": -41.410546521331341, "latitude": -20.1314673966363 }, "geometry": { "type": "Point", "coordinates": [ -41.410546521331341, -20.1314673966363 ] } },
{ "type": "Feature", "properties": { "rank": 1119, "candidate_id": 403, "scenario": "eolico", "solar_kwh_m2_day": 5.8779664039611816, "wind_m_s": 5.7691402435302734, "dist_grid_km": 143.74548497530557, "dist_demand_km": 480.11370910856448, "connection_cost_brl": 172494581.97036669, "is_restricted": false, "restriction_factor": 1.0, "score_final": 0.45900517394721446, "longitude": -51.552939555532483, "latitude": -13.340354222665844 }, "geometry": { "type": "Point", "coordinates": [ -51.552939555532483, -13.340354222665844 ] } },
{ "type": "Feature", "properties": { "rank": 1120, "candidate_id": 339, "scenario": "eolico", "solar_kwh_m2_day": 6.2170553207397461, "wind_m_s": 5.5148534774780273, "dist_grid_km": 11.88238929624346, "dist_demand_km": 447.61365754091031, "connection_cost_brl": 14258867.155492151, "is_restricted": false, "restriction_factor": 1.0, "score_final": 0.45895078781882975, "longitude": -51.998588731322293, "latitude": -15.150923387033872 }, "geometry": { "type": "Point", "coordinates": [ -51.998588731322293, -15.150923387033872 ] } },
{ "type": "Feature", "properties": { "rank": 1121, "candidate_id": 1111, "scenario": "eolico", "solar_kwh_m2_day": 5.31451416015625, "wind_m_s": 5.7357444763183594, "dist_grid_km": 160.68474559719533, "dist_demand_km": 383.07416094444284, "connection_cost_brl": 192821694.71663439, "is_restricted": false, "restriction_factor": 1.0, "score_final": 0.45889806688252854, "longitude": -45.800562184545853, "latitude": -18.595806568962281 }, "geometry": { "type": "Point", "coordinates": [ -45.800562184545853, -18.595806568962281 ] } },
{ "type": "Feature", "properties": { "rank": 1122, "candidate_id": 284, "scenario": "eolico", "solar_kwh_m2_day": 5.9909877777099609, "wind_m_s": 5.9938693046569824, "dist_grid_km": 232.01657424765619, "dist_demand_km": 590.7989847284955, "connection_cost_brl": 278419889.09718746, "is_restricted": false, "restriction_factor": 1.0, "score_final": 0.45862915361301965, "longitude": -52.478768465144363, "latitude": -12.895788907897035 }, "geometry": { "type": "Point", "coordinates": [ -52.478768465144363, -12.895788907897035 ] } },
{ "type": "Feature", "properties": { "rank": 1123, "candidate_id": 954, "scenario": "eolico", "solar_kwh_m2_day": 6.4293608665466309, "wind_m_s": 6.525334358215332, "dist_grid_km": 445.58784102621877, "dist_demand_km": 831.39191861010306, "connection_cost_brl": 534705409.23146254, "is_restricted": false, "restriction_factor": 1.0, "score_final": 0.45848492358264042, "longitude": -47.507887435157549, "latitude": -8.3268819724126057 }, "geometry": { "type": "Point", "coordinates": [ -47.507887435157549, -8.326881972412606 ] } },
{ "type": "Feature", "properties": { "rank": 1124, "candidate_id": 221, "scenario": "eolico", "solar_kwh_m2_day": 5.7547898292541504, "wind_m_s": 5.798682689666748, "dist_grid_km": 130.14320097810156, "dist_demand_km": 569.48972472345827, "connection_cost_brl": 156171841.17372188, "is_restricted": false, "restriction_factor": 1.0, "score_final": 0.45841573427116461, "longitude": -52.933428756195518, "latitude": -14.253629319573704 }, "geometry": { "type": "Point", "coordinates": [ -52.933428756195518, -14.253629319573704 ] } },
{ "type": "Feature", "properties": { "rank": 1125, "candidate_id": 1345, "scenario": "eolico", "solar_kwh_m2_day": 5.3808355331420898, "wind_m_s": 5.6125292778015137, "dist_grid_km": 87.972001106584443, "dist_demand_km": 399.35779058850596, "connection_cost_brl": 105566401.32790133, "is_restricted": false, "restriction_factor": 1.0, "score_final": 0.45813560586941016, "longitude": -43.736750725160014, "latitude": -21.172759336658153 }, "geometry": { "type": "Point", "coordinates": [ -43.736750725160014, -21.172759336658153 ] } },
{ "type": "Feature", "properties": { "rank": 1126, "candidate_id": 1713, "scenario": "eolico", "solar_kwh_m2_day": 5.3090395927429199, "wind_m_s": 6.7048745155334473, "dist_grid_km": 583.33944317890371, "dist_demand_km": 743.00641560862664, "connection_cost_brl": 700007331.81468439, "is_restricted": false, "restriction_factor": 1.0, "score_final": 0.45749745129920971, "longitude": -41.139322923000748, "latitude": -17.455316355987154 }, "geometry": { "type": "Point", "coordinates": [ -41.139322923000748, -17.455316355987154 ] } },
{ "type": "Feature", "properties": { "rank": 1127, "candidate_id": 1763, "scenario": "eolico", "solar_kwh_m2_day": 5.3189563751220703, "wind_m_s": 6.3064289093017578, "dist_grid_km": 383.3207321992391, "dist_demand_km": 679.27788606723777, "connection_cost_brl": 459984878.6390869, "is_restricted": false, "restriction_factor": 1.0, "score_final": 0.45691926500393099, "longitude": -40.295343645904964, "latitude": -21.818725363324646 }, "geometry": { "type": "Point", "coordinates": [ -40.295343645904964, -21.818725363324646 ] } },
{ "type": "Feature", "properties": { "rank": 1128, "candidate_id": 2738, "scenario": "eolico", "solar_kwh_m2_day": 6.3512701988220215, "wind_m_s": 7.3360943794250488, "dist_grid_km": 925.44205269914551, "dist_demand_km": 794.66352070368964, "connection_cost_brl": 1110530463.2389746, "is_restricted": false, "restriction_factor": 1.0, "score_final": 0.45656131711557468, "longitude": -33.404139075900417, "latitude": -14.698108524363132 }, "geometry": { "type": "Point", "coordinates": [ -33.404139075900417, -14.698108524363132 ] } },
{ "type": "Feature", "properties": { "rank": 1129, "candidate_id": 698, "scenario": "eolico", "solar_kwh_m2_day": 5.5729074478149414, "wind_m_s": 5.5687274932861328, "dist_grid_km": 163.48922752465697, "dist_demand_km": 143.55407797363549, "connection_cost_brl": 196187073.02958837, "is_restricted": false, "restriction_factor": 1.0, "score_final": 0.45636153441414479, "longitude": -49.197524922884604, "latitude": -15.559330220443567 }, "geometry": { "type": "Point", "coordinates": [ -49.197524922884604, -15.559330220443567 ] } },
{ "type": "Feature", "properties": { "rank": 1130, "candidate_id": 1467, "scenario": "eolico", "solar_kwh_m2_day": 5.6026382446289062, "wind_m_s": 5.9373769760131836, "dist_grid_km": 229.39108733428949, "dist_demand_km": 540.08850317677775, "connection_cost_brl": 275269304.8011474, "is_restricted": false, "restriction_factor": 1.0, "score_final": 0.45585375369005465, "longitude": -42.841949176298819, "latitude": -20.226432514249673 }, "geometry": { "type": "Point", "coordinates": [ -42.841949176298819, -20.226432514249673 ] } },
{ "type": "Feature", "properties": { "rank": 1131, "candidate_id": 1650, "scenario": "eolico", "solar_kwh_m2_day": 5.690040111541748, "wind_m_s": 6.4460368156433105, "dist_grid_km": 441.51971667584706, "dist_demand_km": 751.67081279222975, "connection_cost_brl": 529823660.01101649, "is_restricted": false, "restriction_factor": 1.0, "score_final": 0.45548527335937283, "longitude": -41.513935809686821, "latitude": -18.808341360504141 }, "geometry": { "type": "Point", "coordinates": [ -41.513935809686821, -18.808341360504141 ] } },
{ "type": "Feature", "properties": { "rank": 1132, "candidate_id": 409, "scenario": "eolico", "solar_kwh_m2_day": 6.4911432266235352, "wind_m_s": 6.3637371063232422, "dist_grid_km": 414.35022992104405, "dist_demand_km": 698.61787442868297, "connection_cost_brl": 497220275.90525287, "is_restricted": false, "restriction_factor": 1.0, "score_final": 0.45547264763964712, "longitude": -51.577246806875223, "latitude": -10.630886108004891 }, "geometry": { "type": "Point", "coordinates": [ -51.577246806875223, -10.630886108004891 ] } },
{ "type": "Feature", "properties": { "rank": 1133, "candidate_id": 2132, "scenario": "eolico", "solar_kwh_m2_day": 5.7319121360778809, "wind_m_s": 7.3204855918884277, "dist_grid_km": 813.11068612210045, "dist_demand_km": 1093.5055253236148, "connection_cost_brl": 975732823.34652054, "is_restricted": false, "restriction_factor": 1.0, "score_final": 0.45512816252393579, "longitude": -37.816374263737167, "latitude": -17.658192722061433 }, "geometry": { "type": "Point", "coordinates": [ -37.816374263737167, -17.658192722061433 ] } },
{ "type": "Feature", "properties": { "rank": 1134, "candidate_id": 775, "scenario": "eolico", "solar_kwh_m2_day": 5.8681292533874512, "wind_m_s": 6.7294735908508301, "dist_grid_km": 555.44407952259996, "dist_demand_km": 883.91219904492743, "connection_cost_brl": 666532895.42711997, "is_restricted": false, "restriction_factor": 1.0, "score_final": 0.45503481371553012, "longitude": -48.875237742625757, "latitude": -7.8964454430807285 }, "geometry": { "type": "Point", "coordinates": [ -48.875237742625757, -7.896445443080728 ] } },
{ "type": "Feature", "properties": { "rank": 1135, "candidate_id": 991, "scenario": "eolico", "solar_kwh_m2_day": 5.9584321975708008, "wind_m_s": 5.5559086799621582, "dist_grid_km": 90.375842758694503, "dist_demand_km": 338.9008498061275, "connection_cost_brl": 108451011.3104334, "is_restricted": false, "restriction_factor": 1.0, "score_final": 0.45496490696069752, "longitude": -46.747272540687554, "latitude": -18.634364574009673 }, "geometry": { "type": "Point", "coordinates": [ -46.747272540687554, -18.634364574009673 ] } },
{ "type": "Feature", "properties": { "rank": 1136, "candidate_id": 404, "scenario": "eolico", "solar_kwh_m2_day": 6.1703662872314453, "wind_m_s": 5.8402543067932129, "dist_grid_km": 188.8462757995953, "dist_demand_km": 510.8184287397965, "connection_cost_brl": 226615530.95951438, "is_restricted": false, "restriction_factor": 1.0, "score_final": 0.45489450623600741, "longitude": -51.557402588659521, "latitude": -12.888816825981628 }, "geometry": { "type": "Point", "coordinates": [ -51.557402588659521, -12.888816825981628 ] } },
{ "type": "Feature", "properties": { "rank": 1137, "candidate_id": 1227, "scenario": "eolico", "solar_kwh_m2_day": 5.417119026184082, "wind_m_s": 5.5947070121765137, "dist_grid_km": 88.773281657287853, "dist_demand_km": 408.07098096458986, "connection_cost_brl": 106527937.98874542, "is_restricted": false, "restriction_factor": 1.0, "score_final": 0.45453314240650178, "longitude": -44.752957959629434, "latitude": -20.336316160857496 }, "geometry": { "type": "Point", "coordinates": [ -44.752957959629434, -20.336316160857496 ] } },
{ "type": "Feature", "properties": { "rank": 1138, "candidate_id": 632, "scenario": "eolico", "solar_kwh_m2_day": 5.939579963684082, "wind_m_s": 5.5360918045043945, "dist_grid_km": 84.995774062205939, "dist_demand_km": 331.06494697204971, "connection_cost_brl": 101994928.87464713, "is_restricted": false, "restriction_factor": 1.0, "score_final": 0.454202752587889, "longitude": -49.601131591614738, "latitude": -18.271870942758841 }, "geometry": { "type": "Point", "coordinates": [ -49.601131591614738, -18.271870942758841 ] } },
{ "type": "Feature", "properties": { "rank": 1139, "candidate_id": 2013, "scenario": "eolico", "solar_kwh_m2_day": 5.8462576866149902, "wind_m_s": 7.1424322128295898, "dist_grid_km": 762.29522393672551, "dist_demand_km": 984.52455560819453, "connection_cost_brl": 914754268.72407055, "is_restricted": false, "restriction_factor": 1.0, "score_final": 0.4525196596314246, "longitude": -38.793027461202009, "latitude": -17.294680892903955 }, "geometry": { "type": "Point", "coordinates": [ -38.793027461202009, -17.294680892903955 ] } },
{ "type": "Feature", "properties": { "rank": 1140, "candidate_id": 223, "scenario": "eolico", "solar_kwh_m2_day": 5.6935701370239258, "wind_m_s": 5.9211511611938477, "dist_grid_km": 208.79484469611907, "dist_demand_km": 608.4169076365506, "connection_cost_brl": 250553813.6353429, "is_restricted": false, "restriction_factor": 1.0, "score_final": 0.45238914026721017, "longitude": -52.937527872171287, "latitude": -13.349933704829173 }, "geometry": { "type": "Point", "coordinates": [ -52.937527872171287, -13.349933704829173 ] } },
{ "type": "Feature", "properties": { "rank": 1141, "candidate_id": 628, "scenario": "eolico", "solar_kwh_m2_day": 5.9938836097717285, "wind_m_s": 5.8777480125427246, "dist_grid_km": 227.21614084061432, "dist_demand_km": 490.814443399943, "connection_cost_brl": 272659369.00873721, "is_restricted": false, "restriction_factor": 1.0, "score_final": 0.45237416234305078, "longitude": -49.552970128812234, "latitude": -20.073253658635668 }, "geometry": { "type": "Point", "coordinates": [ -49.552970128812234, -20.073253658635668 ] } },
{ "type": "Feature", "properties": { "rank": 1142, "candidate_id": 772, "scenario": "eolico", "solar_kwh_m2_day": 5.5408086776733398, "wind_m_s": 6.3758091926574707, "dist_grid_km": 420.14170704973071, "dist_demand_km": 734.86182049539468, "connection_cost_brl": 504170048.45967686, "is_restricted": false, "restriction_factor": 1.0, "score_final": 0.4523518740561524, "longitude": -48.857063576471262, "latitude": -9.2472391183291052 }, "geometry": { "type": "Point", "coordinates": [ -48.857063576471262, -9.247239118329105 ] } },
{ "type": "Feature", "properties": { "rank": 1143, "candidate_id": 1405, "scenario": "eolico", "solar_kwh_m2_day": 5.2364287376403809, "wind_m_s": 5.6585798263549805, "dist_grid_km": 123.12645252583488, "dist_demand_km": 439.63628301507993, "connection_cost_brl": 147751743.03100187, "is_restricted": false, "restriction_factor": 1.0, "score_final": 0.45204431105490833, "longitude": -43.256379147220258, "latitude": -21.143332849829189 }, "geometry": { "type": "Point", "coordinates": [ -43.256379147220258, -21.143332849829189 ] } },
{ "type": "Feature", "properties": { "rank": 1144, "candidate_id": 1078, "scenario": "eolico", "solar_kwh_m2_day": 5.9094533920288086, "wind_m_s": 6.8570957183837891, "dist_grid_km": 582.820705875317, "dist_demand_km": 1041.541992902354, "connection_cost_brl": 699384847.05038035, "is_restricted": false, "restriction_factor": 1.0, "score_final": 0.45178855492687908, "longitude": -46.630273596558261, "latitude": -6.5176956391606122 }, "geometry": { "type": "Point", "coordinates": [ -46.630273596558261, -6.517695639160612 ] } },
{ "type": "Feature", "properties": { "rank": 1145, "candidate_id": 2434, "scenario": "eolico", "solar_kwh_m2_day": 5.638427734375, "wind_m_s": 7.5549120903015137, "dist_grid_km": 996.05670606033698, "dist_demand_km": 997.37446300306863, "connection_cost_brl": 1195268047.2724044, "is_restricted": false, "restriction_factor": 1.0, "score_final": 0.45124797754040474, "longitude": -35.558375452460361, "latitude": -16.601880252441809 }, "geometry": { "type": "Point", "coordinates": [ -35.558375452460361, -16.601880252441809 ] } },
{ "type": "Feature", "properties": { "rank": 1146, "candidate_id": 2196, "scenario": "eolico", "solar_kwh_m2_day": 5.6460862159729004, "wind_m_s": 7.2118816375732422, "dist_grid_km": 819.51452751563568, "dist_demand_km": 950.78744252194724, "connection_cost_brl": 983417433.01876283, "is_restricted": false, "restriction_factor": 1.0, "score_final": 0.45108809557382396, "longitude": -37.501258635099745, "latitude": -15.886378646559409 }, "geometry": { "type": "Point", "coordinates": [ -37.501258635099745, -15.886378646559409 ] } },
{ "type": "Feature", "properties": { "rank": 1147, "candidate_id": 1711, "scenario": "eolico", "solar_kwh_m2_day": 6.0298876762390137, "wind_m_s": 6.5562868118286133, "dist_grid_km": 512.22925978969965, "dist_demand_km": 778.59228528361155, "connection_cost_brl": 614675111.74763954, "is_restricted": false, "restriction_factor": 1.0, "score_final": 0.45084343134339394, "longitude": -41.074608765607074, "latitude": -18.336354870147545 }, "geometry": { "type": "Point", "coordinates": [ -41.074608765607074, -18.336354870147545 ] } },
{ "type": "Feature", "properties": { "rank": 1148, "candidate_id": 466, "scenario": "eolico", "solar_kwh_m2_day": 6.4807248115539551, "wind_m_s": 5.9554414749145508, "dist_grid_km": 257.46270822414442, "dist_demand_km": 547.93618922699739, "connection_cost_brl": 308955249.86897331, "is_restricted": false, "restriction_factor": 1.0, "score_final": 0.4505510975010264, "longitude": -51.10675400396007, "latitude": -11.98133324211849 }, "geometry": { "type": "Point", "coordinates": [ -51.10675400396007, -11.98133324211849 ] } },
{ "type": "Feature", "properties": { "rank": 1149, "candidate_id": 1459, "scenario": "eolico", "solar_kwh_m2_day": 4.9815425872802734, "wind_m_s": 5.832697868347168, "dist_grid_km": 241.85659507512108, "dist_demand_km": 416.18161581260938, "connection_cost_brl": 290227914.09014529, "is_restricted": false, "restriction_factor": 1.0, "score_final": 0.44907233603205776, "longitude": -42.557522491926989, "latitude": -23.769451965524244 }, "geometry": { "type": "Point", "coordinates": [ -42.557522491926989, -23.769451965524244 ] } },
{ "type": "Feature", "properties": { "rank": 1150, "candidate_id": 2253, "scenario": "eolico", "solar_kwh_m2_day": 5.6232266426086426, "wind_m_s": 7.4619340896606445, "dist_grid_km": 924.32615724605387, "dist_demand_km": 1077.4970101457586, "connection_cost_brl": 1109191388.6952646, "is_restricted": false, "restriction_factor": 1.0, "score_final": 0.44864951613615461, "longitude": -36.918994066756305, "latitude": -17.14940351977101 }, "geometry": { "type": "Point", "coordinates": [ -36.918994066756305, -17.14940351977101 ] } },
{ "type": "Feature", "properties": { "rank": 1151, "candidate_id": 2197, "scenario": "eolico", "solar_kwh_m2_day": 5.7438063621520996, "wind_m_s": 7.0838003158569336, "dist_grid_km": 774.41373669134578, "dist_demand_km": 904.30716480104206, "connection_cost_brl": 929296484.02961493, "is_restricted": false, "restriction_factor": 1.0, "score_final": 0.44841712626232477, "longitude": -37.537007991270698, "latitude": -15.452618967127711 }, "geometry": { "type": "Point", "coordinates": [ -37.537007991270698, -15.452618967127711 ] } },
{ "type": "Feature", "properties": { "rank": 1152, "candidate_id": 1643, "scenario": "eolico", "solar_kwh_m2_day": 5.1852188110351562, "wind_m_s": 6.0081467628479004, "dist_grid_km": 283.35907514583624, "dist_demand_km": 582.09244422240226, "connection_cost_brl": 340030890.17500347, "is_restricted": false, "restriction_factor": 1.0, "score_final": 0.44836682875444123, "longitude": -41.259269865138812, "latitude": -21.894472816912035 }, "geometry": { "type": "Point", "coordinates": [ -41.259269865138812, -21.894472816912035 ] } },
{ "type": "Feature", "properties": { "rank": 1153, "candidate_id": 531, "scenario": "eolico", "solar_kwh_m2_day": 5.445518970489502, "wind_m_s": 6.421931266784668, "dist_grid_km": 461.38151312156265, "dist_demand_km": 738.79059833463441, "connection_cost_brl": 553657815.74587512, "is_restricted": false, "restriction_factor": 1.0, "score_final": 0.44811033984365123, "longitude": -50.67276531890078, "latitude": -9.7199672073717682 }, "geometry": { "type": "Point", "coordinates": [ -50.67276531890078, -9.719967207371768 ] } },
{ "type": "Feature", "properties": { "rank": 1154, "candidate_id": 900, "scenario": "eolico", "solar_kwh_m2_day": 6.2923150062561035, "wind_m_s": 7.1592822074890137, "dist_grid_km": 737.77773519598782, "dist_demand_km": 1129.3025589873907, "connection_cost_brl": 885333282.23518538, "is_restricted": false, "restriction_factor": 1.0, "score_final": 0.44770721092680682, "longitude": -47.996384887192519, "latitude": -5.636289346610174 }, "geometry": { "type": "Point", "coordinates": [ -47.996384887192519, -5.636289346610174 ] } },
{ "type": "Feature", "properties": { "rank": 1155, "candidate_id": 777, "scenario": "eolico", "solar_kwh_m2_day": 6.423804759979248, "wind_m_s": 6.8992185592651367, "dist_grid_km": 645.64566117117943, "dist_demand_km": 983.4395571426146, "connection_cost_brl": 774774793.4054153, "is_restricted": false, "restriction_factor": 1.0, "score_final": 0.44723871608728422, "longitude": -48.885713955653692, "latitude": -6.9958472646583125 }, "geometry": { "type": "Point", "coordinates": [ -48.885713955653692, -6.995847264658313 ] } },
{ "type": "Feature", "properties": { "rank": 1156, "candidate_id": 2677, "scenario": "eolico", "solar_kwh_m2_day": 5.2642340660095215, "wind_m_s": 7.3358964920043945, "dist_grid_km": 947.09493048358945, "dist_demand_km": 839.27844921054884, "connection_cost_brl": 1136513916.5803072, "is_restricted": false, "restriction_factor": 1.0, "score_final": 0.44681888393412605, "longitude": -33.825263440283059, "latitude": -15.161896107119993 }, "geometry": { "type": "Point", "coordinates": [ -33.825263440283059, -15.161896107119993 ] } },
{ "type": "Feature", "properties": { "rank": 1157, "candidate_id": 1585, "scenario": "eolico", "solar_kwh_m2_day": 4.9558157920837402, "wind_m_s": 5.9286684989929199, "dist_grid_km": 250.2918975286029, "dist_demand_km": 569.78970740270722, "connection_cost_brl": 300350277.03432345, "is_restricted": false, "restriction_factor": 1.0, "score_final": 0.44646437223405211, "longitude": -41.816434924274716, "latitude": -21.047539294432173 }, "geometry": { "type": "Point", "coordinates": [ -41.816434924274716, -21.047539294432173 ] } },
{ "type": "Feature", "properties": { "rank": 1158, "candidate_id": 1463, "scenario": "eolico", "solar_kwh_m2_day": 5.314753532409668, "wind_m_s": 5.6362948417663574, "dist_grid_km": 133.52429766944303, "dist_demand_km": 438.69279034657427, "connection_cost_brl": 160229157.20333165, "is_restricted": false, "restriction_factor": 1.0, "score_final": 0.44624062383879998, "longitude": -42.706941692116175, "latitude": -21.998564113155993 }, "geometry": { "type": "Point", "coordinates": [ -42.706941692116175, -21.998564113155993 ] } },
{ "type": "Feature", "properties": { "rank": 1159, "candidate_id": 2558, "scenario": "eolico", "solar_kwh_m2_day": 5.8817081451416016, "wind_m_s": 7.1406593322753906, "dist_grid_km": 858.82384121123891, "dist_demand_km": 788.35828530728759, "connection_cost_brl": 1030588609.4534867, "is_restricted": false, "restriction_factor": 1.0, "score_final": 0.44588312197230606, "longitude": -34.792007291573832, "latitude": -14.811444304104908 }, "geometry": { "type": "Point", "coordinates": [ -34.792007291573832, -14.811444304104908 ] } },
{ "type": "Feature", "properties": { "rank": 1160, "candidate_id": 1826, "scenario": "eolico", "solar_kwh_m2_day": 5.3256926536560059, "wind_m_s": 6.4169111251831055, "dist_grid_km": 455.54177560134872, "dist_demand_km": 772.75159861420514, "connection_cost_brl": 546650130.72161841, "is_restricted": false, "restriction_factor": 1.0, "score_final": 0.44570376647303656, "longitude": -39.940743364355932, "latitude": -20.464466684582383 }, "geometry": { "type": "Point", "coordinates": [ -39.940743364355932, -20.464466684582383 ] } },
{ "type": "Feature", "properties": { "rank": 1161, "candidate_id": 2133, "scenario": "eolico", "solar_kwh_m2_day": 5.720670223236084, "wind_m_s": 7.2882156372070312, "dist_grid_km": 841.27072141077133, "dist_demand_km": 1082.2109902322591, "connection_cost_brl": 1009524865.6929256, "is_restricted": false, "restriction_factor": 1.0, "score_final": 0.44429717201318419, "longitude": -37.855659890479828, "latitude": -17.22384853039074 }, "geometry": { "type": "Point", "coordinates": [ -37.855659890479828, -17.22384853039074 ] } },
{ "type": "Feature", "properties": { "rank": 1162, "candidate_id": 282, "scenario": "eolico", "solar_kwh_m2_day": 5.5721988677978516, "wind_m_s": 5.7034249305725098, "dist_grid_km": 141.81499259907667, "dist_demand_km": 541.47100884885651, "connection_cost_brl": 170177991.11889201, "is_restricted": false, "restriction_factor": 1.0, "score_final": 0.44424073191431096, "longitude": -52.473100503417015, "latitude": -13.799352686740198 }, "geometry": { "type": "Point", "coordinates": [ -52.473100503417015, -13.799352686740198 ] } },
{ "type": "Feature", "properties": { "rank": 1163, "candidate_id": 1886, "scenario": "eolico", "solar_kwh_m2_day": 5.7857584953308105, "wind_m_s": 6.5190095901489258, "dist_grid_km": 503.32843993873234, "dist_demand_km": 819.10832592544921, "connection_cost_brl": 603994127.92647886, "is_restricted": false, "restriction_factor": 1.0, "score_final": 0.44393299466316571, "longitude": -39.46337177337471, "latitude": -20.426199829752893 }, "geometry": { "type": "Point", "coordinates": [ -39.46337177337471, -20.426199829752893 ] } },
{ "type": "Feature", "properties": { "rank": 1164, "candidate_id": 2918, "scenario": "eolico", "solar_kwh_m2_day": 6.328711986541748, "wind_m_s": 7.4147810935974121, "dist_grid_km": 1007.1930524337083, "dist_demand_km": 828.53571815686996, "connection_cost_brl": 1208631662.92045, "is_restricted": false, "restriction_factor": 1.0, "score_final": 0.44386849115522709, "longitude": -32.017639854439977, "latitude": -14.578758367002147 }, "geometry": { "type": "Point", "coordinates": [ -32.017639854439977, -14.578758367002147 ] } },
{ "type": "Feature", "properties": { "rank": 1165, "candidate_id": 836, "scenario": "eolico", "solar_kwh_m2_day": 6.6567025184631348, "wind_m_s": 6.7211318016052246, "dist_grid_km": 578.95972112285926, "dist_demand_km": 930.14680694965421, "connection_cost_brl": 694751665.34743106, "is_restricted": false, "restriction_factor": 1.0, "score_final": 0.44348379883014494, "longitude": -48.427722351996671, "latitude": -7.4407117067635626 }, "geometry": { "type": "Point", "coordinates": [ -48.427722351996671, -7.440711706763563 ] } },
{ "type": "Feature", "properties": { "rank": 1166, "candidate_id": 586, "scenario": "eolico", "solar_kwh_m2_day": 5.7316060066223145, "wind_m_s": 5.7933993339538574, "dist_grid_km": 214.2924097760835, "dist_demand_km": 492.06309986482165, "connection_cost_brl": 257150891.7313002, "is_restricted": false, "restriction_factor": 1.0, "score_final": 0.44334191826272495, "longitude": -50.188651514899675, "latitude": -11.970377137322311 }, "geometry": { "type": "Point", "coordinates": [ -50.188651514899675, -11.970377137322311 ] } },
{ "type": "Feature", "properties": { "rank": 1167, "candidate_id": 1582, "scenario": "eolico", "solar_kwh_m2_day": 5.1178407669067383, "wind_m_s": 5.8582324981689453, "dist_grid_km": 240.59035208696201, "dist_demand_km": 522.23284121243364, "connection_cost_brl": 288708422.50435442, "is_restricted": false, "restriction_factor": 1.0, "score_final": 0.44318509286746832, "longitude": -41.702727681892803, "latitude": -22.371782681204596 }, "geometry": { "type": "Point", "coordinates": [ -41.702727681892803, -22.371782681204596 ] } },
{ "type": "Feature", "properties": { "rank": 1168, "candidate_id": 713, "scenario": "eolico", "solar_kwh_m2_day": 6.2748093605041504, "wind_m_s": 6.4647083282470703, "dist_grid_km": 486.82764709805093, "dist_demand_km": 791.83468937400698, "connection_cost_brl": 584193176.51766109, "is_restricted": false, "restriction_factor": 1.0, "score_final": 0.44283711907372153, "longitude": -49.31788536534431, "latitude": -8.8028938809169048 }, "geometry": { "type": "Point", "coordinates": [ -49.31788536534431, -8.802893880916905 ] } },
{ "type": "Feature", "properties": { "rank": 1169, "candidate_id": 806, "scenario": "eolico", "solar_kwh_m2_day": 5.6997971534729004, "wind_m_s": 5.6446833610534668, "dist_grid_km": 192.86296997206719, "dist_demand_km": 328.11119104338485, "connection_cost_brl": 231435563.96648064, "is_restricted": false, "restriction_factor": 1.0, "score_final": 0.44259933929484796, "longitude": -48.085323496623921, "latitude": -20.930014998471385 }, "geometry": { "type": "Point", "coordinates": [ -48.085323496623921, -20.930014998471385 ] } },
{ "type": "Feature", "properties": { "rank": 1170, "candidate_id": 225, "scenario": "eolico", "solar_kwh_m2_day": 5.9435443878173828, "wind_m_s": 6.0455961227416992, "dist_grid_km": 298.7025142959763, "dist_demand_km": 660.32092230251612, "connection_cost_brl": 358443017.15517157, "is_restricted": false, "restriction_factor": 1.0, "score_final": 0.4425542184953416, "longitude": -52.941334867083185, "latitude": -12.446172609088388 }, "geometry": { "type": "Point", "coordinates": [ -52.941334867083185, -12.446172609088388 ] } },
{ "type": "Feature", "properties": { "rank": 1171, "candidate_id": 465, "scenario": "eolico", "solar_kwh_m2_day": 5.8562107086181641, "wind_m_s": 5.7952861785888672, "dist_grid_km": 212.36191739985463, "dist_demand_km": 509.71342340416402, "connection_cost_brl": 254834300.87982556, "is_restricted": false, "restriction_factor": 1.0, "score_final": 0.44245994777287401, "longitude": -51.101845939031669, "latitude": -12.432734906064672 }, "geometry": { "type": "Point", "coordinates": [ -51.101845939031669, -12.432734906064672 ] } },
{ "type": "Feature", "properties": { "rank": 1172, "candidate_id": 1287, "scenario": "eolico", "solar_kwh_m2_day": 6.1091246604919434, "wind_m_s": 5.5907497406005859, "dist_grid_km": 123.92773307653827, "dist_demand_km": 436.25146641012577, "connection_cost_brl": 148713279.69184592, "is_restricted": false, "restriction_factor": 1.0, "score_final": 0.44232509906578948, "longitude": -44.274960775449529, "latitude": -20.310670870337354 }, "geometry": { "type": "Point", "coordinates": [ -44.274960775449529, -20.310670870337354 ] } },
{ "type": "Feature", "properties": { "rank": 1173, "candidate_id": 1520, "scenario": "eolico", "solar_kwh_m2_day": 5.7357702255249023, "wind_m_s": 5.8165149688720703, "dist_grid_km": 242.6677373490474, "dist_demand_km": 462.93802017159277, "connection_cost_brl": 291201284.81885689, "is_restricted": false, "restriction_factor": 1.0, "score_final": 0.44214921860064271, "longitude": -42.109017731233877, "latitude": -23.291201670684078 }, "geometry": { "type": "Point", "coordinates": [ -42.109017731233877, -23.291201670684078 ] } },
{ "type": "Feature", "properties": { "rank": 1174, "candidate_id": 1528, "scenario": "eolico", "solar_kwh_m2_day": 5.7884469032287598, "wind_m_s": 6.0093994140625, "dist_grid_km": 300.100630448142, "dist_demand_km": 610.57355367206333, "connection_cost_brl": 360120756.53777039, "is_restricted": false, "restriction_factor": 1.0, "score_final": 0.44160002025932948, "longitude": -42.397497343905144, "latitude": -19.753463684187093 }, "geometry": { "type": "Point", "coordinates": [ -42.397497343905144, -19.753463684187093 ] } },
{ "type": "Feature", "properties": { "rank": 1175, "candidate_id": 1200, "scenario": "eolico", "solar_kwh_m2_day": 5.8769979476928711, "wind_m_s": 6.9429545402526855, "dist_grid_km": 629.85198907583572, "dist_demand_km": 1158.6864704031902, "connection_cost_brl": 755822386.89100289, "is_restricted": false, "restriction_factor": 1.0, "score_final": 0.44124142538397765, "longitude": -45.739977582486695, "latitude": -5.6089363282874229 }, "geometry": { "type": "Point", "coordinates": [ -45.739977582486695, -5.608936328287423 ] } },
{ "type": "Feature", "properties": { "rank": 1176, "candidate_id": 2498, "scenario": "eolico", "solar_kwh_m2_day": 5.9983224868774414, "wind_m_s": 7.066917896270752, "dist_grid_km": 837.23869198720843, "dist_demand_km": 792.57913020581168, "connection_cost_brl": 1004686430.3846501, "is_restricted": false, "restriction_factor": 1.0, "score_final": 0.44032795131484465, "longitude": -35.254926000892702, "latitude": -14.84782915719842 }, "geometry": { "type": "Point", "coordinates": [ -35.254926000892702, -14.84782915719842 ] } },
{ "type": "Feature", "properties": { "rank": 1177, "candidate_id": 710, "scenario": "eolico", "solar_kwh_m2_day": 6.0913209915161133, "wind_m_s": 6.1122622489929199, "dist_grid_km": 351.52527462518162, "dist_demand_km": 644.76607765715789, "connection_cost_brl": 421830329.55021793, "is_restricted": false, "restriction_factor": 1.0, "score_final": 0.44014552062968176, "longitude": -49.299486123951866, "latitude": -10.154518536832558 }, "geometry": { "type": "Point", "coordinates": [ -49.299486123951866, -10.154518536832558 ] } },
{ "type": "Feature", "properties": { "rank": 1178, "candidate_id": 899, "scenario": "eolico", "solar_kwh_m2_day": 6.2536487579345703, "wind_m_s": 6.992459774017334, "dist_grid_km": 692.67694437169803, "dist_demand_km": 1079.3043946307539, "connection_cost_brl": 831212333.2460376, "is_restricted": false, "restriction_factor": 1.0, "score_final": 0.43975040225543771, "longitude": -47.991560637570267, "latitude": -6.0859398758245273 }, "geometry": { "type": "Point", "coordinates": [ -47.991560637570267, -6.085939875824527 ] } },
{ "type": "Feature", "properties": { "rank": 1179, "candidate_id": 2315, "scenario": "eolico", "solar_kwh_m2_day": 5.8722848892211914, "wind_m_s": 7.3001136779785156, "dist_grid_km": 907.78561678798621, "dist_demand_km": 967.92370058493873, "connection_cost_brl": 1089342740.1455834, "is_restricted": false, "restriction_factor": 1.0, "score_final": 0.43967352962713119, "longitude": -36.53192739778676, "latitude": -16.247886435423943 }, "geometry": { "type": "Point", "coordinates": [ -36.53192739778676, -16.247886435423943 ] } },
{ "type": "Feature", "properties": { "rank": 1180, "candidate_id": 2194, "scenario": "eolico", "solar_kwh_m2_day": 5.7128968238830566, "wind_m_s": 7.351771354675293, "dist_grid_km": 909.71610916421525, "dist_demand_km": 1044.7235930863612, "connection_cost_brl": 1091659330.9970584, "is_restricted": false, "restriction_factor": 1.0, "score_final": 0.43948774455106593, "longitude": -37.42638489369984, "latitude": -16.753607837241805 }, "geometry": { "type": "Point", "coordinates": [ -37.42638489369984, -16.753607837241805 ] } },
{ "type": "Feature", "properties": { "rank": 1181, "candidate_id": 1458, "scenario": "eolico", "solar_kwh_m2_day": 5.415280818939209, "wind_m_s": 5.8328166007995605, "dist_grid_km": 277.07278701456636, "dist_demand_km": 425.31879878507272, "connection_cost_brl": 332487344.41747963, "is_restricted": false, "restriction_factor": 1.0, "score_final": 0.43921909554991301, "longitude": -42.517818563085271, "latitude": -24.211965043792258 }, "geometry": { "type": "Point", "coordinates": [ -42.517818563085271, -24.211965043792258 ] } },
{ "type": "Feature", "properties": { "rank": 1182, "candidate_id": 2076, "scenario": "eolico", "solar_kwh_m2_day": 5.9621810913085938, "wind_m_s": 7.0742683410644531, "dist_grid_km": 776.34422906757482, "dist_demand_km": 991.1319509065047, "connection_cost_brl": 931613074.88108981, "is_restricted": false, "restriction_factor": 1.0, "score_final": 0.43842631956369499, "longitude": -38.432481769821294, "latitude": -15.953236722503224 }, "geometry": { "type": "Point", "coordinates": [ -38.432481769821294, -15.953236722503224 ] } },
{ "type": "Feature", "properties": { "rank": 1183, "candidate_id": 717, "scenario": "eolico", "solar_kwh_m2_day": 6.4238815307617188, "wind_m_s": 6.8800830841064453, "dist_grid_km": 667.2308103952098, "dist_demand_km": 989.29639095716664, "connection_cost_brl": 800676972.47425175, "is_restricted": false, "restriction_factor": 1.0, "score_final": 0.43839158688119939, "longitude": -49.338196082713687, "latitude": -7.0005296887371822 }, "geometry": { "type": "Point", "coordinates": [ -49.338196082713687, -7.000529688737182 ] } },
{ "type": "Feature", "properties": { "rank": 1184, "candidate_id": 1584, "scenario": "eolico", "solar_kwh_m2_day": 5.0773000717163086, "wind_m_s": 5.834892749786377, "dist_grid_km": 236.76696380918915, "dist_demand_km": 549.86294103316823, "connection_cost_brl": 284120356.57102698, "is_restricted": false, "restriction_factor": 1.0, "score_final": 0.43819898187051742, "longitude": -41.779494900255187, "latitude": -21.489038885947831 }, "geometry": { "type": "Point", "coordinates": [ -41.779494900255187, -21.489038885947831 ] } },
{ "type": "Feature", "properties": { "rank": 1185, "candidate_id": 709, "scenario": "eolico", "solar_kwh_m2_day": 5.7427635192871094, "wind_m_s": 5.9875469207763672, "dist_grid_km": 306.42448380089184, "dist_demand_km": 596.06795034726099, "connection_cost_brl": 367709380.5610702, "is_restricted": false, "restriction_factor": 1.0, "score_final": 0.4381696670310733, "longitude": -49.292740042902125, "latitude": -10.605027915395963 }, "geometry": { "type": "Point", "coordinates": [ -49.292740042902125, -10.605027915395963 ] } },
{ "type": "Feature", "properties": { "rank": 1186, "candidate_id": 2131, "scenario": "eolico", "solar_kwh_m2_day": 5.4700264930725098, "wind_m_s": 7.1652278900146484, "dist_grid_km": 787.12232154151627, "dist_demand_km": 1106.9453647073392, "connection_cost_brl": 944546785.84981954, "is_restricted": false, "restriction_factor": 1.0, "score_final": 0.43802477513924337, "longitude": -37.775948460120013, "latitude": -18.092433243247022 }, "geometry": { "type": "Point", "coordinates": [ -37.775948460120013, -18.092433243247022 ] } },
{ "type": "Feature", "properties": { "rank": 1187, "candidate_id": 1346, "scenario": "eolico", "solar_kwh_m2_day": 5.1783061027526855, "wind_m_s": 5.5561704635620117, "dist_grid_km": 123.52709280118651, "dist_demand_km": 432.20099681068564, "connection_cost_brl": 148232511.36142382, "is_restricted": false, "restriction_factor": 1.0, "score_final": 0.43779477695268554, "longitude": -43.767334046349504, "latitude": -20.728312739748059 }, "geometry": { "type": "Point", "coordinates": [ -43.767334046349504, -20.728312739748059 ] } },
{ "type": "Feature", "properties": { "rank": 1188, "candidate_id": 771, "scenario": "eolico", "solar_kwh_m2_day": 5.8541793823242188, "wind_m_s": 6.1630382537841797, "dist_grid_km": 375.04091622544092, "dist_demand_km": 685.27045883767244, "connection_cost_brl": 450049099.47052908, "is_restricted": false, "restriction_factor": 1.0, "score_final": 0.43769785691481072, "longitude": -48.850342084457651, "latitude": -9.6974729756854074 }, "geometry": { "type": "Point", "coordinates": [ -48.850342084457651, -9.697472975685407 ] } },
{ "type": "Feature", "properties": { "rank": 1189, "candidate_id": 2433, "scenario": "eolico", "solar_kwh_m2_day": 5.4118218421936035, "wind_m_s": 7.5671048164367676, "dist_grid_km": 1041.1574968846267, "dist_demand_km": 1046.8911748589658, "connection_cost_brl": 1249388996.2615521, "is_restricted": false, "restriction_factor": 1.0, "score_final": 0.43683974037916146, "longitude": -35.51536912105513, "latitude": -17.03118794376827 }, "geometry": { "type": "Point", "coordinates": [ -35.51536912105513, -17.03118794376827 ] } },
{ "type": "Feature", "properties": { "rank": 1190, "candidate_id": 287, "scenario": "eolico", "solar_kwh_m2_day": 6.0451474189758301, "wind_m_s": 6.1436266899108887, "dist_grid_km": 367.31894672052539, "dist_demand_km": 685.80049632152861, "connection_cost_brl": 440782736.06463045, "is_restricted": false, "restriction_factor": 1.0, "score_final": 0.43681211802215647, "longitude": -52.486493956075158, "latitude": -11.540323542774205 }, "geometry": { "type": "Point", "coordinates": [ -52.486493956075158, -11.540323542774205 ] } },
{ "type": "Feature", "properties": { "rank": 1191, "candidate_id": 406, "scenario": "eolico", "solar_kwh_m2_day": 5.9332189559936523, "wind_m_s": 5.9189157485961914, "dist_grid_km": 279.04785744817485, "dist_demand_km": 580.33443295449672, "connection_cost_brl": 334857428.93780982, "is_restricted": false, "restriction_factor": 1.0, "score_final": 0.43670294953533917, "longitude": -51.565830446620048, "latitude": -11.985691577501806 }, "geometry": { "type": "Point", "coordinates": [ -51.565830446620048, -11.985691577501806 ] } },
{ "type": "Feature", "properties": { "rank": 1192, "candidate_id": 408, "scenario": "eolico", "solar_kwh_m2_day": 6.2302865982055664, "wind_m_s": 6.127840518951416, "dist_grid_km": 369.24943909675437, "dist_demand_km": 657.7542405830917, "connection_cost_brl": 443099326.91610527, "is_restricted": false, "restriction_factor": 1.0, "score_final": 0.43665135676578554, "longitude": -51.573603054495329, "latitude": -11.082502846552025 }, "geometry": { "type": "Point", "coordinates": [ -51.573603054495329, -11.082502846552025 ] } },
{ "type": "Feature", "properties": { "rank": 1193, "candidate_id": 510, "scenario": "eolico", "solar_kwh_m2_day": 5.6790523529052734, "wind_m_s": 5.7548203468322754, "dist_grid_km": 226.41486028991096, "dist_demand_km": 471.01951700243796, "connection_cost_brl": 271697832.34789318, "is_restricted": false, "restriction_factor": 1.0, "score_final": 0.43661389447937077, "longitude": -50.528266833616883, "latitude": -19.193023906066959 }, "geometry": { "type": "Point", "coordinates": [ -50.528266833616883, -19.193023906066959 ] } },
{ "type": "Feature", "properties": { "rank": 1194, "candidate_id": 1590, "scenario": "eolico", "solar_kwh_m2_day": 5.4669971466064453, "wind_m_s": 6.2235159873962402, "dist_grid_km": 406.36526525659662, "dist_demand_km": 713.36360045419462, "connection_cost_brl": 487638318.30791593, "is_restricted": false, "restriction_factor": 1.0, "score_final": 0.43581698492115023, "longitude": -41.987195130469125, "latitude": -18.838848080151688 }, "geometry": { "type": "Point", "coordinates": [ -41.987195130469125, -18.838848080151688 ] } },
{ "type": "Feature", "properties": { "rank": 1195, "candidate_id": 630, "scenario": "eolico", "solar_kwh_m2_day": 5.4931349754333496, "wind_m_s": 5.5884847640991211, "dist_grid_km": 156.10595745141012, "dist_demand_km": 416.83499394986433, "connection_cost_brl": 187327148.94169214, "is_restricted": false, "restriction_factor": 1.0, "score_final": 0.43557298245148074, "longitude": -49.577725997879732, "latitude": -19.172620958544993 }, "geometry": { "type": "Point", "coordinates": [ -49.577725997879732, -19.172620958544993 ] } },
{ "type": "Feature", "properties": { "rank": 1196, "candidate_id": 1882, "scenario": "eolico", "solar_kwh_m2_day": 5.4880251884460449, "wind_m_s": 6.3959522247314453, "dist_grid_km": 486.81594384630733, "dist_demand_km": 769.21662920059339, "connection_cost_brl": 584179132.61556876, "is_restricted": false, "restriction_factor": 1.0, "score_final": 0.43498949060083525, "longitude": -39.286525490559605, "latitude": -22.175082948818702 }, "geometry": { "type": "Point", "coordinates": [ -39.286525490559605, -22.175082948818702 ] } },
{ "type": "Feature", "properties": { "rank": 1197, "candidate_id": 2796, "scenario": "eolico", "solar_kwh_m2_day": 5.4852466583251953, "wind_m_s": 7.443568229675293, "dist_grid_km": 1037.1390482839624, "dist_demand_km": 901.25903302318204, "connection_cost_brl": 1244566857.9407549, "is_restricted": false, "restriction_factor": 1.0, "score_final": 0.4335763225687253, "longitude": -32.854584721819059, "latitude": -15.504810912689521 }, "geometry": { "type": "Point", "coordinates": [ -32.854584721819059, -15.504810912689521 ] } },
{ "type": "Feature", "properties": { "rank": 1198, "candidate_id": 2736, "scenario": "eolico", "solar_kwh_m2_day": 5.8982176780700684, "wind_m_s": 7.3967070579528809, "dist_grid_km": 1013.8996275863747, "dist_demand_km": 893.834848409389, "connection_cost_brl": 1216679553.1036496, "is_restricted": false, "restriction_factor": 1.0, "score_final": 0.43342878262185142, "longitude": -33.318504664896729, "latitude": -15.546307364421168 }, "geometry": { "type": "Point", "coordinates": [ -33.318504664896729, -15.546307364421168 ] } },
{ "type": "Feature", "properties": { "rank": 1199, "candidate_id": 527, "scenario": "eolico", "solar_kwh_m2_day": 6.0671534538269043, "wind_m_s": 5.883458137512207, "dist_grid_km": 280.97834982440367, "dist_demand_km": 560.45193756717617, "connection_cost_brl": 337174019.78928441, "is_restricted": false, "restriction_factor": 1.0, "score_final": 0.43292823451726803, "longitude": -50.653151696325907, "latitude": -11.525007257643288 }, "geometry": { "type": "Point", "coordinates": [ -50.653151696325907, -11.525007257643288 ] } },
{ "type": "Feature", "properties": { "rank": 1200, "candidate_id": 1766, "scenario": "eolico", "solar_kwh_m2_day": 5.617396354675293, "wind_m_s": 6.2134151458740234, "dist_grid_km": 408.28556205785804, "dist_demand_km": 726.87799300929942, "connection_cost_brl": 489942674.46942967, "is_restricted": false, "restriction_factor": 1.0, "score_final": 0.43259831716410624, "longitude": -40.418340938775401, "latitude": -20.501589272394725 }, "geometry": { "type": "Point", "coordinates": [ -40.418340938775401, -20.501589272394725 ] } },
{ "type": "Feature", "properties": { "rank": 1201, "candidate_id": 1950, "scenario": "eolico", "solar_kwh_m2_day": 6.0677800178527832, "wind_m_s": 6.7541837692260742, "dist_grid_km": 632.85897548543448, "dist_demand_km": 953.40237727920703, "connection_cost_brl": 759430770.58252144, "is_restricted": false, "restriction_factor": 1.0, "score_final": 0.43230045601700468, "longitude": -39.150279450878308, "latitude": -18.639905810067553 }, "geometry": { "type": "Point", "coordinates": [ -39.150279450878308, -18.639905810067553 ] } },
{ "type": "Feature", "properties": { "rank": 1202, "candidate_id": 1583, "scenario": "eolico", "solar_kwh_m2_day": 5.3985567092895508, "wind_m_s": 5.7751970291137695, "dist_grid_km": 233.39056607835528, "dist_demand_km": 533.8896863409409, "connection_cost_brl": 280068679.29402632, "is_restricted": false, "restriction_factor": 1.0, "score_final": 0.4319048570229011, "longitude": -41.741596856770755, "latitude": -21.930454062010213 }, "geometry": { "type": "Point", "coordinates": [ -41.741596856770755, -21.930454062010213 ] } },
{ "type": "Feature", "properties": { "rank": 1203, "candidate_id": 652, "scenario": "eolico", "solar_kwh_m2_day": 5.55804443359375, "wind_m_s": 6.3217291831970215, "dist_grid_km": 463.31200549779152, "dist_demand_km": 753.74390109494891, "connection_cost_brl": 555974406.59734976, "is_restricted": false, "restriction_factor": 1.0, "score_final": 0.43169645617481356, "longitude": -49.767065203805167, "latitude": -9.2590946704743669 }, "geometry": { "type": "Point", "coordinates": [ -49.767065203805167, -9.259094670474367 ] } },
{ "type": "Feature", "properties": { "rank": 1204, "candidate_id": 715, "scenario": "eolico", "solar_kwh_m2_day": 6.1526103019714355, "wind_m_s": 6.6050724983215332, "dist_grid_km": 577.02922874663034, "dist_demand_km": 890.42392276288979, "connection_cost_brl": 692435074.49595642, "is_restricted": false, "restriction_factor": 1.0, "score_final": 0.43087062771784546, "longitude": -49.328638115282232, "latitude": -7.9017376324889144 }, "geometry": { "type": "Point", "coordinates": [ -49.328638115282232, -7.901737632488914 ] } },
{ "type": "Feature", "properties": { "rank": 1205, "candidate_id": 1831, "scenario": "eolico", "solar_kwh_m2_day": 6.0751638412475586, "wind_m_s": 6.5990185737609863, "dist_grid_km": 583.48564969779966, "dist_demand_km": 870.68821830040292, "connection_cost_brl": 700182779.63735962, "is_restricted": false, "restriction_factor": 1.0, "score_final": 0.43018480742749987, "longitude": -40.131239109522603, "latitude": -18.271673109101883 }, "geometry": { "type": "Point", "coordinates": [ -40.131239109522603, -18.271673109101883 ] } },
{ "type": "Feature", "properties": { "rank": 1206, "candidate_id": 1706, "scenario": "eolico", "solar_kwh_m2_day": 5.6684246063232422, "wind_m_s": 6.0805253982543945, "dist_grid_km": 361.76773080496343, "dist_demand_km": 681.58506459696184, "connection_cost_brl": 434121276.96595615, "is_restricted": false, "restriction_factor": 1.0, "score_final": 0.42948230681871852, "longitude": -40.8961585880405, "latitude": -20.53755401392829 }, "geometry": { "type": "Point", "coordinates": [ -40.8961585880405, -20.53755401392829 ] } },
{ "type": "Feature", "properties": { "rank": 1207, "candidate_id": 1948, "scenario": "eolico", "solar_kwh_m2_day": 5.5844955444335938, "wind_m_s": 6.618342399597168, "dist_grid_km": 585.0945267376718, "dist_demand_km": 905.181738393351, "connection_cost_brl": 702113432.08520615, "is_restricted": false, "restriction_factor": 1.0, "score_final": 0.42934948740357903, "longitude": -39.070460261557514, "latitude": -19.513557981787127 }, "geometry": { "type": "Point", "coordinates": [ -39.070460261557514, -19.513557981787127 ] } },
{ "type": "Feature", "properties": { "rank": 1208, "candidate_id": 525, "scenario": "eolico", "solar_kwh_m2_day": 5.94390869140625, "wind_m_s": 5.6460156440734863, "dist_grid_km": 190.7767681758242, "dist_demand_km": 477.75913114285885, "connection_cost_brl": 228932121.81098905, "is_restricted": false, "restriction_factor": 1.0, "score_final": 0.42933967661195094, "longitude": -50.642010051150287, "latitude": -12.427431275098025 }, "geometry": { "type": "Point", "coordinates": [ -50.642010051150287, -12.427431275098025 ] } },
{ "type": "Feature", "properties": { "rank": 1209, "candidate_id": 1890, "scenario": "eolico", "solar_kwh_m2_day": 5.5295515060424805, "wind_m_s": 6.632777214050293, "dist_grid_km": 591.3453083599677, "dist_demand_km": 911.14360918686191, "connection_cost_brl": 709614370.0319612, "is_restricted": false, "restriction_factor": 1.0, "score_final": 0.42928386221838571, "longitude": -39.622642302423273, "latitude": -18.675673064507208 }, "geometry": { "type": "Point", "coordinates": [ -39.622642302423273, -18.675673064507208 ] } },
{ "type": "Feature", "properties": { "rank": 1210, "candidate_id": 1945, "scenario": "eolico", "solar_kwh_m2_day": 5.6274800300598145, "wind_m_s": 6.5016789436340332, "dist_grid_km": 540.9004425652098, "dist_demand_km": 849.95341595852017, "connection_cost_brl": 649080531.07825172, "is_restricted": false, "restriction_factor": 1.0, "score_final": 0.42891876993270295, "longitude": -38.942430054109757, "latitude": -20.823265107561106 }, "geometry": { "type": "Point", "coordinates": [ -38.942430054109757, -20.823265107561106 ] } },
{ "type": "Feature", "properties": { "rank": 1211, "candidate_id": 101, "scenario": "eolico", "solar_kwh_m2_day": 5.7871575355529785, "wind_m_s": 5.8070878982543945, "dist_grid_km": 216.65006983803752, "dist_demand_km": 665.15150137515798, "connection_cost_brl": 259980083.80564502, "is_restricted": false, "restriction_factor": 1.0, "score_final": 0.42854438157586056, "longitude": -53.86009095731535, "latitude": -14.255972264807546 }, "geometry": { "type": "Point", "coordinates": [ -53.86009095731535, -14.255972264807546 ] } },
{ "type": "Feature", "properties": { "rank": 1212, "candidate_id": 2554, "scenario": "eolico", "solar_kwh_m2_day": 5.4420857429504395, "wind_m_s": 7.467167854309082, "dist_grid_km": 1039.2270045083978, "dist_demand_km": 988.13462453268517, "connection_cost_brl": 1247072405.4100773, "is_restricted": false, "restriction_factor": 1.0, "score_final": 0.42834212042681202, "longitude": -34.62544421539269, "latitude": -16.521070841607937 }, "geometry": { "type": "Point", "coordinates": [ -34.62544421539269, -16.521070841607937 ] } },
{ "type": "Feature", "properties": { "rank": 1213, "candidate_id": 2799, "scenario": "eolico", "solar_kwh_m2_day": 5.7478699684143066, "wind_m_s": 7.0845823287963867, "dist_grid_km": 908.75365892066236, "dist_demand_km": 754.05033450367432, "connection_cost_brl": 1090504390.7047949, "is_restricted": false, "restriction_factor": 1.0, "score_final": 0.42817905701820186, "longitude": -32.983396600873832, "latitude": -14.2358650810522 }, "geometry": { "type": "Point", "coordinates": [ -32.983396600873832, -14.2358650810522 ] } },
{ "type": "Feature", "properties": { "rank": 1214, "candidate_id": 2679, "scenario": "eolico", "solar_kwh_m2_day": 6.3946976661682129, "wind_m_s": 6.9845452308654785, "dist_grid_km": 857.61489684504841, "dist_demand_km": 739.55235799462628, "connection_cost_brl": 1029137876.214058, "is_restricted": false, "restriction_factor": 1.0, "score_final": 0.42812913258664204, "longitude": -33.906653829773028, "latitude": -14.311127210422255 }, "geometry": { "type": "Point", "coordinates": [ -33.906653829773028, -14.311127210422255 ] } },
{ "type": "Feature", "properties": { "rank": 1215, "candidate_id": 275, "scenario": "eolico", "solar_kwh_m2_day": 5.5974760055541992, "wind_m_s": 5.6518526077270508, "dist_grid_km": 189.2572074939022, "dist_demand_km": 505.17996710115034, "connection_cost_brl": 227108648.99268264, "is_restricted": false, "restriction_factor": 1.0, "score_final": 0.42801177119710365, "longitude": -52.449879326142884, "latitude": -16.961257382552798 }, "geometry": { "type": "Point", "coordinates": [ -52.449879326142884, -16.961257382552798 ] } },
{ "type": "Feature", "properties": { "rank": 1216, "candidate_id": 1761, "scenario": "eolico", "solar_kwh_m2_day": 5.2367520332336426, "wind_m_s": 6.1232638359069824, "dist_grid_km": 398.44686734829173, "dist_demand_km": 664.67761585534151, "connection_cost_brl": 478136240.81795007, "is_restricted": false, "restriction_factor": 1.0, "score_final": 0.42786552755711788, "longitude": -40.207995114865305, "latitude": -22.696315970757009 }, "geometry": { "type": "Point", "coordinates": [ -40.207995114865305, -22.696315970757009 ] } },
{ "type": "Feature", "properties": { "rank": 1217, "candidate_id": 2128, "scenario": "eolico", "solar_kwh_m2_day": 5.3147649765014648, "wind_m_s": 6.9402518272399902, "dist_grid_km": 724.43028140585477, "dist_demand_km": 1041.985714316447, "connection_cost_brl": 869316337.68702567, "is_restricted": false, "restriction_factor": 1.0, "score_final": 0.42754221094857958, "longitude": -37.647700899052396, "latitude": -19.394502160177414 }, "geometry": { "type": "Point", "coordinates": [ -37.647700899052396, -19.394502160177414 ] } },
{ "type": "Feature", "properties": { "rank": 1218, "candidate_id": 1017, "scenario": "eolico", "solar_kwh_m2_day": 6.5943331718444824, "wind_m_s": 6.6108756065368652, "dist_grid_km": 559.30506427505759, "dist_demand_km": 985.3615661881729, "connection_cost_brl": 671166077.13006914, "is_restricted": false, "restriction_factor": 1.0, "score_final": 0.42737622375503082, "longitude": -47.075887220559373, "latitude": -6.9728741077730421 }, "geometry": { "type": "Point", "coordinates": [ -47.075887220559373, -6.972874107773042 ] } },
{ "type": "Feature", "properties": { "rank": 1219, "candidate_id": 1140, "scenario": "eolico", "solar_kwh_m2_day": 5.9399313926696777, "wind_m_s": 6.8760194778442383, "dist_grid_km": 651.43713829986609, "dist_demand_km": 1148.5244112788446, "connection_cost_brl": 781724565.95983934, "is_restricted": false, "restriction_factor": 1.0, "score_final": 0.42696404708773028, "longitude": -46.191241843594391, "latitude": -5.6150760964854962 }, "geometry": { "type": "Point", "coordinates": [ -46.191241843594391, -5.615076096485496 ] } },
{ "type": "Feature", "properties": { "rank": 1220, "candidate_id": 590, "scenario": "eolico", "solar_kwh_m2_day": 6.0589032173156738, "wind_m_s": 6.1107196807861328, "dist_grid_km": 394.69557307324249, "dist_demand_km": 673.66999941619974, "connection_cost_brl": 473634687.68789101, "is_restricted": false, "restriction_factor": 1.0, "score_final": 0.4261675114053835, "longitude": -50.211940935285099, "latitude": -10.166300466695624 }, "geometry": { "type": "Point", "coordinates": [ -50.211940935285099, -10.166300466695624 ] } },
{ "type": "Feature", "properties": { "rank": 1221, "candidate_id": 216, "scenario": "eolico", "solar_kwh_m2_day": 5.2966418266296387, "wind_m_s": 5.6593961715698242, "dist_grid_km": 188.85656721855057, "dist_demand_km": 545.14867626597413, "connection_cost_brl": 226627880.66226068, "is_restricted": false, "restriction_factor": 1.0, "score_final": 0.4254719302676484, "longitude": -52.921866348094667, "latitude": -16.512555228892335 }, "geometry": { "type": "Point", "coordinates": [ -52.921866348094667, -16.512555228892335 ] } },
{ "type": "Feature", "properties": { "rank": 1222, "candidate_id": 1527, "scenario": "eolico", "solar_kwh_m2_day": 5.1273617744445801, "wind_m_s": 5.8145523071289062, "dist_grid_km": 264.54553875353992, "dist_demand_km": 579.21412940579637, "connection_cost_brl": 317454646.5042479, "is_restricted": false, "restriction_factor": 1.0, "score_final": 0.42539560550475242, "longitude": -42.364627595863432, "latitude": -20.195954257612751 }, "geometry": { "type": "Point", "coordinates": [ -42.364627595863432, -20.195954257612751 ] } },
{ "type": "Feature", "properties": { "rank": 1223, "candidate_id": 1019, "scenario": "eolico", "solar_kwh_m2_day": 6.2622256278991699, "wind_m_s": 6.8200955390930176, "dist_grid_km": 649.50664592363717, "dist_demand_km": 1084.7995220561409, "connection_cost_brl": 779407975.10836458, "is_restricted": false, "restriction_factor": 1.0, "score_final": 0.42530947671528796, "longitude": -47.088260742785046, "latitude": -6.075208467083109 }, "geometry": { "type": "Point", "coordinates": [ -47.088260742785046, -6.075208467083109 ] } },
{ "type": "Feature", "properties": { "rank": 1224, "candidate_id": 344, "scenario": "eolico", "solar_kwh_m2_day": 6.4729766845703125, "wind_m_s": 5.6992502212524414, "dist_grid_km": 210.43142502362565, "dist_demand_km": 549.99041241480541, "connection_cost_brl": 252517710.02835077, "is_restricted": false, "restriction_factor": 1.0, "score_final": 0.42527149684210158, "longitude": -52.018079156192115, "latitude": -12.89270709824488 }, "geometry": { "type": "Point", "coordinates": [ -52.018079156192115, -12.89270709824488 ] } },
{ "type": "Feature", "properties": { "rank": 1225, "candidate_id": 2798, "scenario": "eolico", "solar_kwh_m2_day": 5.8903288841247559, "wind_m_s": 7.168095588684082, "dist_grid_km": 950.84590947197228, "dist_demand_km": 803.0051179861988, "connection_cost_brl": 1141015091.3663666, "is_restricted": false, "restriction_factor": 1.0, "score_final": 0.42492990305937955, "longitude": -32.941818358801783, "latitude": -14.658976865956689 }, "geometry": { "type": "Point", "coordinates": [ -32.941818358801783, -14.658976865956689 ] } },
{ "type": "Feature", "properties": { "rank": 1226, "candidate_id": 162, "scenario": "eolico", "solar_kwh_m2_day": 5.9376673698425293, "wind_m_s": 5.7322616577148438, "dist_grid_km": 200.66457077982528, "dist_demand_km": 633.48151246885243, "connection_cost_brl": 240797484.93579033, "is_restricted": false, "restriction_factor": 1.0, "score_final": 0.42475285391666434, "longitude": -53.397937699580496, "latitude": -13.803357837452193 }, "geometry": { "type": "Point", "coordinates": [ -53.397937699580496, -13.803357837452193 ] } },
{ "type": "Feature", "properties": { "rank": 1227, "candidate_id": 2006, "scenario": "eolico", "solar_kwh_m2_day": 5.0608596801757812, "wind_m_s": 6.6157164573669434, "dist_grid_km": 599.98494707568727, "dist_demand_km": 912.97605799908945, "connection_cost_brl": 719981936.4908247, "is_restricted": false, "restriction_factor": 1.0, "score_final": 0.4244280089901421, "longitude": -38.509329302755106, "latitude": -20.34628931067558 }, "geometry": { "type": "Point", "coordinates": [ -38.509329302755106, -20.34628931067558 ] } },
{ "type": "Feature", "properties": { "rank": 1228, "candidate_id": 649, "scenario": "eolico", "solar_kwh_m2_day": 6.2514209747314453, "wind_m_s": 5.9375848770141602, "dist_grid_km": 328.00963302492227, "dist_demand_km": 609.79585767631954, "connection_cost_brl": 393611559.62990671, "is_restricted": false, "restriction_factor": 1.0, "score_final": 0.42411925897511876, "longitude": -49.749608803034072, "latitude": -10.611513376725402 }, "geometry": { "type": "Point", "coordinates": [ -49.749608803034072, -10.611513376725402 ] } },
{ "type": "Feature", "properties": { "rank": 1229, "candidate_id": 1589, "scenario": "eolico", "solar_kwh_m2_day": 6.1642956733703613, "wind_m_s": 6.0570082664489746, "dist_grid_km": 370.81017356199459, "dist_demand_km": 681.10537923564482, "connection_cost_brl": 444972208.2743935, "is_restricted": false, "restriction_factor": 1.0, "score_final": 0.42380372326127524, "longitude": -41.954862720543574, "latitude": -19.280738607035214 }, "geometry": { "type": "Point", "coordinates": [ -41.954862720543574, -19.280738607035214 ] } },
{ "type": "Feature", "properties": { "rank": 1230, "candidate_id": 1338, "scenario": "eolico", "solar_kwh_m2_day": 4.7115979194641113, "wind_m_s": 5.5375008583068848, "dist_grid_km": 206.08490564643009, "dist_demand_km": 329.10370359631679, "connection_cost_brl": 247301886.7757161, "is_restricted": false, "restriction_factor": 1.0, "score_final": 0.42358769149064213, "longitude": -43.499469301292628, "latitude": -24.281940465187439 }, "geometry": { "type": "Point", "coordinates": [ -43.499469301292628, -24.281940465187439 ] } },
{ "type": "Feature", "properties": { "rank": 1231, "candidate_id": 1825, "scenario": "eolico", "solar_kwh_m2_day": 5.786653995513916, "wind_m_s": 6.2286181449890137, "dist_grid_km": 442.64079172731334, "dist_demand_km": 754.87348371789585, "connection_cost_brl": 531168950.07277602, "is_restricted": false, "restriction_factor": 1.0, "score_final": 0.42338903368102665, "longitude": -39.899499330082513, "latitude": -20.902741676842105 }, "geometry": { "type": "Point", "coordinates": [ -39.899499330082513, -20.902741676842105 ] } },
{ "type": "Feature", "properties": { "rank": 1232, "candidate_id": 528, "scenario": "eolico", "solar_kwh_m2_day": 5.8102498054504395, "wind_m_s": 5.9209761619567871, "dist_grid_km": 326.07914064869351, "dist_demand_km": 603.76540791023569, "connection_cost_brl": 391294968.77843219, "is_restricted": false, "restriction_factor": 1.0, "score_final": 0.42277010840390267, "longitude": -50.65838631836543, "latitude": -11.073770310477265 }, "geometry": { "type": "Point", "coordinates": [ -50.65838631836543, -11.073770310477265 ] } },
{ "type": "Feature", "properties": { "rank": 1233, "candidate_id": 1644, "scenario": "eolico", "solar_kwh_m2_day": 5.4996399879455566, "wind_m_s": 5.8429317474365234, "dist_grid_km": 286.14647347914394, "dist_demand_km": 596.77690166529385, "connection_cost_brl": 343375768.17497271, "is_restricted": false, "restriction_factor": 1.0, "score_final": 0.42233653841993607, "longitude": -41.298564794396114, "latitude": -21.453852613332117 }, "geometry": { "type": "Point", "coordinates": [ -41.298564794396114, -21.453852613332117 ] } },
{ "type": "Feature", "properties": { "rank": 1234, "candidate_id": 712, "scenario": "eolico", "solar_kwh_m2_day": 5.7303009033203125, "wind_m_s": 6.2065396308898926, "dist_grid_km": 441.72685627376109, "dist_demand_km": 742.68154806068719, "connection_cost_brl": 530072227.52851331, "is_restricted": false, "restriction_factor": 1.0, "score_final": 0.42156277519362234, "longitude": -49.312056799875016, "latitude": -9.2534507914002138 }, "geometry": { "type": "Point", "coordinates": [ -49.312056799875016, -9.253450791400214 ] } },
{ "type": "Feature", "properties": { "rank": 1235, "candidate_id": 100, "scenario": "eolico", "solar_kwh_m2_day": 6.0774149894714355, "wind_m_s": 5.7223830223083496, "dist_grid_km": 202.75165980923941, "dist_demand_km": 653.45254327718055, "connection_cost_brl": 243301991.77108729, "is_restricted": false, "restriction_factor": 1.0, "score_final": 0.42092021469011376, "longitude": -53.85980744945951, "latitude": -14.7078716949342 }, "geometry": { "type": "Point", "coordinates": [ -53.85980744945951, -14.7078716949342 ] } },
{ "type": "Feature", "properties": { "rank": 1236, "candidate_id": 473, "scenario": "eolico", "solar_kwh_m2_day": 6.3194789886474609, "wind_m_s": 6.4934539794921875, "dist_grid_km": 573.16824399417271, "dist_demand_km": 850.42231963188908, "connection_cost_brl": 687801892.79300725, "is_restricted": false, "restriction_factor": 1.0, "score_final": 0.41942136345042652, "longitude": -51.135742660856657, "latitude": -8.821095618493338 }, "geometry": { "type": "Point", "coordinates": [ -51.135742660856657, -8.821095618493338 ] } },
{ "type": "Feature", "properties": { "rank": 1237, "candidate_id": 345, "scenario": "eolico", "solar_kwh_m2_day": 5.8794846534729004, "wind_m_s": 5.754570484161377, "dist_grid_km": 255.53221584791541, "dist_demand_km": 581.305210035502, "connection_cost_brl": 306638659.01749849, "is_restricted": false, "restriction_factor": 1.0, "score_final": 0.41881485736258328, "longitude": -52.02156677669381, "latitude": -12.441012109500242 }, "geometry": { "type": "Point", "coordinates": [ -52.02156677669381, -12.441012109500242 ] } },
{ "type": "Feature", "properties": { "rank": 1238, "candidate_id": 2255, "scenario": "eolico", "solar_kwh_m2_day": 5.8138537406921387, "wind_m_s": 7.1256389617919922, "dist_grid_km": 886.20046756395584, "dist_demand_km": 981.6054104268153, "connection_cost_brl": 1063440561.0767471, "is_restricted": false, "restriction_factor": 1.0, "score_final": 0.41863510846851687, "longitude": -36.998076418523738, "latitude": -16.284380314452491 }, "geometry": { "type": "Point", "coordinates": [ -36.998076418523738, -16.284380314452491 ] } },
{ "type": "Feature", "properties": { "rank": 1239, "candidate_id": 1949, "scenario": "eolico", "solar_kwh_m2_day": 5.6700191497802734, "wind_m_s": 6.5978789329528809, "dist_grid_km": 607.39035556668739, "dist_demand_km": 928.25914283740076, "connection_cost_brl": 728868426.68002486, "is_restricted": false, "restriction_factor": 1.0, "score_final": 0.41851841550618785, "longitude": -39.110914377865576, "latitude": -19.076781453460139 }, "geometry": { "type": "Point", "coordinates": [ -39.110914377865576, -19.076781453460139 ] } },
{ "type": "Feature", "properties": { "rank": 1240, "candidate_id": 1465, "scenario": "eolico", "solar_kwh_m2_day": 5.1741728782653809, "wind_m_s": 5.5202765464782715, "dist_grid_km": 161.2563663928081, "dist_demand_km": 481.74005208504076, "connection_cost_brl": 193507639.67136973, "is_restricted": false, "restriction_factor": 1.0, "score_final": 0.41830272805567414, "longitude": -42.776197867074409, "latitude": -21.112646204422422 }, "geometry": { "type": "Point", "coordinates": [ -42.776197867074409, -21.112646204422422 ] } },
{ "type": "Feature", "properties": { "rank": 1241, "candidate_id": 285, "scenario": "eolico", "solar_kwh_m2_day": 5.8297576904296875, "wind_m_s": 5.8117218017578125, "dist_grid_km": 277.11736507194593, "dist_demand_km": 620.0562344033259, "connection_cost_brl": 332540838.08633512, "is_restricted": false, "restriction_factor": 1.0, "score_final": 0.41794929356712934, "longitude": -52.481446282734908, "latitude": -12.443982547306387 }, "geometry": { "type": "Point", "coordinates": [ -52.481446282734908, -12.443982547306387 ] } },
{ "type": "Feature", "properties": { "rank": 1242, "candidate_id": 1579, "scenario": "eolico", "solar_kwh_m2_day": 5.0858149528503418, "wind_m_s": 5.8076577186584473, "dist_grid_km": 313.24335757712095, "dist_demand_km": 515.55210233259572, "connection_cost_brl": 375892029.09254515, "is_restricted": false, "restriction_factor": 1.0, "score_final": 0.41787842393844571, "longitude": -41.580155760427481, "latitude": -23.695227320698351 }, "geometry": { "type": "Point", "coordinates": [ -41.580155760427481, -23.695227320698351 ] } },
{ "type": "Feature", "properties": { "rank": 1243, "candidate_id": 508, "scenario": "eolico", "solar_kwh_m2_day": 6.101287841796875, "wind_m_s": 5.8024353981018066, "dist_grid_km": 297.52504367911513, "dist_demand_km": 553.17881237877077, "connection_cost_brl": 357030052.41493815, "is_restricted": false, "restriction_factor": 1.0, "score_final": 0.41762915537031786, "longitude": -50.508802113582952, "latitude": -20.094693553878553 }, "geometry": { "type": "Point", "coordinates": [ -50.508802113582952, -20.094693553878553 ] } },
{ "type": "Feature", "properties": { "rank": 1244, "candidate_id": 509, "scenario": "eolico", "solar_kwh_m2_day": 5.5061311721801758, "wind_m_s": 5.7098069190979004, "dist_grid_km": 261.96995198451305, "dist_demand_km": 511.30528251818271, "connection_cost_brl": 314363942.38141567, "is_restricted": false, "restriction_factor": 1.0, "score_final": 0.417221699732783, "longitude": -50.518668913444124, "latitude": -19.643872330122171 }, "geometry": { "type": "Point", "coordinates": [ -50.518668913444124, -19.643872330122171 ] } },
{ "type": "Feature", "properties": { "rank": 1245, "candidate_id": 2555, "scenario": "eolico", "solar_kwh_m2_day": 5.2492070198059082, "wind_m_s": 7.278505802154541, "dist_grid_km": 994.12621368410794, "dist_demand_km": 938.18160483641157, "connection_cost_brl": 1192951456.4209294, "is_restricted": false, "restriction_factor": 1.0, "score_final": 0.41721593830832127, "longitude": -34.669012173117252, "latitude": -16.093846056208474 }, "geometry": { "type": "Point", "coordinates": [ -34.669012173117252, -16.093846056208474 ] } },
{ "type": "Feature", "properties": { "rank": 1246, "candidate_id": 714, "scenario": "eolico", "solar_kwh_m2_day": 6.4233050346374512, "wind_m_s": 6.3972687721252441, "dist_grid_km": 531.92843792234055, "dist_demand_km": 841.08767008097402, "connection_cost_brl": 638314125.50680864, "is_restricted": false, "restriction_factor": 1.0, "score_final": 0.41691265080194678, "longitude": -49.323411892953359, "latitude": -8.352322584434674 }, "geometry": { "type": "Point", "coordinates": [ -49.323411892953359, -8.352322584434674 ] } },
{ "type": "Feature", "properties": { "rank": 1247, "candidate_id": 711, "scenario": "eolico", "solar_kwh_m2_day": 5.937800407409668, "wind_m_s": 6.0624589920043945, "dist_grid_km": 396.62606544947135, "dist_demand_km": 693.6494708162096, "connection_cost_brl": 475951278.53936565, "is_restricted": false, "restriction_factor": 1.0, "score_final": 0.41681157475389508, "longitude": -49.305924364033167, "latitude": -9.7039925862644196 }, "geometry": { "type": "Point", "coordinates": [ -49.305924364033167, -9.70399258626442 ] } },
{ "type": "Feature", "properties": { "rank": 1248, "candidate_id": 1953, "scenario": "eolico", "solar_kwh_m2_day": 6.0338516235351562, "wind_m_s": 6.7978219985961914, "dist_grid_km": 724.75706226542832, "dist_demand_km": 935.86462012597008, "connection_cost_brl": 869708474.71851397, "is_restricted": false, "restriction_factor": 1.0, "score_final": 0.41673522629478416, "longitude": -39.261965487591702, "latitude": -17.328711223481378 }, "geometry": { "type": "Point", "coordinates": [ -39.261965487591702, -17.328711223481378 ] } },
{ "type": "Feature", "properties": { "rank": 1249, "candidate_id": 349, "scenario": "eolico", "solar_kwh_m2_day": 6.3339853286743164, "wind_m_s": 6.1524715423583984, "dist_grid_km": 435.93537914507442, "dist_demand_km": 727.7505898858924, "connection_cost_brl": 523122454.97408932, "is_restricted": false, "restriction_factor": 1.0, "score_final": 0.41660516397705905, "longitude": -52.034187353529227, "latitude": -10.634077921834461 }, "geometry": { "type": "Point", "coordinates": [ -52.034187353529227, -10.634077921834461 ] } },
{ "type": "Feature", "properties": { "rank": 1250, "candidate_id": 2127, "scenario": "eolico", "solar_kwh_m2_day": 5.3930950164794922, "wind_m_s": 6.8236627578735352, "dist_grid_km": 709.37422690757455, "dist_demand_km": 1023.9253742822955, "connection_cost_brl": 851249072.28908944, "is_restricted": false, "restriction_factor": 1.0, "score_final": 0.41618811931764804, "longitude": -37.602583106033819, "latitude": -19.828297167843068 }, "geometry": { "type": "Point", "coordinates": [ -37.602583106033819, -19.828297167843068 ] } },
{ "type": "Feature", "properties": { "rank": 1251, "candidate_id": 2557, "scenario": "eolico", "solar_kwh_m2_day": 5.9586396217346191, "wind_m_s": 7.0466279983520508, "dist_grid_km": 903.92463203552859, "dist_demand_km": 838.29237057220826, "connection_cost_brl": 1084709558.4426343, "is_restricted": false, "restriction_factor": 1.0, "score_final": 0.41604112317295711, "longitude": -34.752281479528797, "latitude": -15.239028996152076 }, "geometry": { "type": "Point", "coordinates": [ -34.752281479528797, -15.239028996152076 ] } },
{ "type": "Feature", "properties": { "rank": 1252, "candidate_id": 654, "scenario": "eolico", "solar_kwh_m2_day": 6.0312275886535645, "wind_m_s": 6.4317855834960938, "dist_grid_km": 553.51358714637104, "dist_demand_km": 850.87158571094301, "connection_cost_brl": 664216304.57564521, "is_restricted": false, "restriction_factor": 1.0, "score_final": 0.41547414970093344, "longitude": -49.777326629273468, "latitude": -8.3574088704776575 }, "geometry": { "type": "Point", "coordinates": [ -49.777326629273468, -8.357408870477657 ] } },
{ "type": "Feature", "properties": { "rank": 1253, "candidate_id": 1518, "scenario": "eolico", "solar_kwh_m2_day": 5.1263999938964844, "wind_m_s": 5.7618298530578613, "dist_grid_km": 312.56672769863457, "dist_demand_km": 474.01423716968623, "connection_cost_brl": 375080073.23836148, "is_restricted": false, "restriction_factor": 1.0, "score_final": 0.41529230575281412, "longitude": -42.027398708842284, "latitude": -24.174794503400943 }, "geometry": { "type": "Point", "coordinates": [ -42.027398708842284, -24.174794503400943 ] } },
{ "type": "Feature", "properties": { "rank": 1254, "candidate_id": 1888, "scenario": "eolico", "solar_kwh_m2_day": 5.1339178085327148, "wind_m_s": 6.4104547500610352, "dist_grid_km": 539.9207312978931, "dist_demand_km": 860.55828569669029, "connection_cost_brl": 647904877.55747175, "is_restricted": false, "restriction_factor": 1.0, "score_final": 0.41495755623066299, "longitude": -39.545149194287276, "latitude": -19.551131103260527 }, "geometry": { "type": "Point", "coordinates": [ -39.545149194287276, -19.551131103260527 ] } },
{ "type": "Feature", "properties": { "rank": 1255, "candidate_id": 594, "scenario": "eolico", "solar_kwh_m2_day": 6.6192307472229004, "wind_m_s": 6.4719891548156738, "dist_grid_km": 575.09873637040141, "dist_demand_km": 863.4445216562948, "connection_cost_brl": 690118483.64448166, "is_restricted": false, "restriction_factor": 1.0, "score_final": 0.41459913816425509, "longitude": -50.231252498802995, "latitude": -8.3619815512419873 }, "geometry": { "type": "Point", "coordinates": [ -50.231252498802995, -8.361981551241987 ] } },
{ "type": "Feature", "properties": { "rank": 1256, "candidate_id": 1018, "scenario": "eolico", "solar_kwh_m2_day": 5.9630465507507324, "wind_m_s": 6.6339311599731445, "dist_grid_km": 604.40585509934738, "dist_demand_km": 1035.0670072932576, "connection_cost_brl": 725287026.1192168, "is_restricted": false, "restriction_factor": 1.0, "score_final": 0.41452466572112429, "longitude": -47.08229137612112, "latitude": -6.5240481764600604 }, "geometry": { "type": "Point", "coordinates": [ -47.08229137612112, -6.52404817646006 ] } },
{ "type": "Feature", "properties": { "rank": 1257, "candidate_id": 2075, "scenario": "eolico", "solar_kwh_m2_day": 5.4277091026306152, "wind_m_s": 7.0048751831054688, "dist_grid_km": 821.44501989186449, "dist_demand_km": 1016.6549074882403, "connection_cost_brl": 985734023.87023735, "is_restricted": false, "restriction_factor": 1.0, "score_final": 0.41443665348304809, "longitude": -38.397487137578459, "latitude": -16.388823812689683 }, "geometry": { "type": "Point", "coordinates": [ -38.397487137578459, -16.388823812689683 ] } },
{ "type": "Feature", "properties": { "rank": 1258, "candidate_id": 898, "scenario": "eolico", "solar_kwh_m2_day": 5.9163870811462402, "wind_m_s": 6.7031869888305664, "dist_grid_km": 647.57615354740824, "dist_demand_km": 1029.3064086087518, "connection_cost_brl": 777091384.25688994, "is_restricted": false, "restriction_factor": 1.0, "score_final": 0.41404719475312773, "longitude": -47.986359091905079, "latitude": -6.5355788388526292 }, "geometry": { "type": "Point", "coordinates": [ -47.986359091905079, -6.535578838852629 ] } },
{ "type": "Feature", "properties": { "rank": 1259, "candidate_id": 2010, "scenario": "eolico", "solar_kwh_m2_day": 5.9085249900817871, "wind_m_s": 6.7293233871459961, "dist_grid_km": 675.52327271945433, "dist_demand_km": 996.37819598846386, "connection_cost_brl": 810627927.26334524, "is_restricted": false, "restriction_factor": 1.0, "score_final": 0.4137573811092482, "longitude": -38.678110156038656, "latitude": -18.603123626153099 }, "geometry": { "type": "Point", "coordinates": [ -38.678110156038656, -18.603123626153099 ] } },
{ "type": "Feature", "properties": { "rank": 1260, "candidate_id": 1649, "scenario": "eolico", "solar_kwh_m2_day": 6.1620097160339355, "wind_m_s": 6.073662281036377, "dist_grid_km": 405.96462498124504, "dist_demand_km": 719.51230292699927, "connection_cost_brl": 487157549.97749406, "is_restricted": false, "restriction_factor": 1.0, "score_final": 0.41362699876014791, "longitude": -41.480407624086865, "latitude": -19.249462099090355 }, "geometry": { "type": "Point", "coordinates": [ -41.480407624086865, -19.249462099090355 ] } },
{ "type": "Feature", "properties": { "rank": 1261, "candidate_id": 1645, "scenario": "eolico", "solar_kwh_m2_day": 5.2826180458068848, "wind_m_s": 5.8104639053344727, "dist_grid_km": 297.43443496272789, "dist_demand_km": 615.185928887881, "connection_cost_brl": 356921321.95527345, "is_restricted": false, "restriction_factor": 1.0, "score_final": 0.41302039338794749, "longitude": -41.336867217270353, "latitude": -21.013143487763028 }, "geometry": { "type": "Point", "coordinates": [ -41.336867217270353, -21.013143487763028 ] } },
{ "type": "Feature", "properties": { "rank": 1262, "candidate_id": 651, "scenario": "eolico", "solar_kwh_m2_day": 6.4472389221191406, "wind_m_s": 6.0813770294189453, "dist_grid_km": 418.21121467350179, "dist_demand_km": 705.48109469469182, "connection_cost_brl": 501853457.60820216, "is_restricted": false, "restriction_factor": 1.0, "score_final": 0.41292099806431848, "longitude": -49.761523389125855, "latitude": -9.7099162646933674 }, "geometry": { "type": "Point", "coordinates": [ -49.761523389125855, -9.709916264693367 ] } },
{ "type": "Feature", "properties": { "rank": 1263, "candidate_id": 2374, "scenario": "eolico", "solar_kwh_m2_day": 5.2450037002563477, "wind_m_s": 7.254488468170166, "dist_grid_km": 974.47155683630638, "dist_demand_km": 1005.6981212450453, "connection_cost_brl": 1169365868.2035677, "is_restricted": false, "restriction_factor": 1.0, "score_final": 0.41245693020300428, "longitude": -36.025113613804116, "latitude": -16.641068222153695 }, "geometry": { "type": "Point", "coordinates": [ -36.025113613804116, -16.641068222153695 ] } },
{ "type": "Feature", "properties": { "rank": 1264, "candidate_id": 333, "scenario": "eolico", "solar_kwh_m2_day": 5.6242642402648926, "wind_m_s": 5.599545955657959, "dist_grid_km": 225.21293946385597, "dist_demand_km": 492.74762873085803, "connection_cost_brl": 270255527.35662717, "is_restricted": false, "restriction_factor": 1.0, "score_final": 0.41238732348562696, "longitude": -51.970506385495071, "latitude": -17.860143733998708 }, "geometry": { "type": "Point", "coordinates": [ -51.970506385495071, -17.860143733998708 ] } },
{ "type": "Feature", "properties": { "rank": 1265, "candidate_id": 534, "scenario": "eolico", "solar_kwh_m2_day": 6.3205156326293945, "wind_m_s": 6.5033926963806152, "dist_grid_km": 596.6838855944319, "dist_demand_km": 878.68676363439147, "connection_cost_brl": 716020662.71331823, "is_restricted": false, "restriction_factor": 1.0, "score_final": 0.41219927597267775, "longitude": -50.685188327655993, "latitude": -8.3660389244252986 }, "geometry": { "type": "Point", "coordinates": [ -50.685188327655993, -8.366038924425299 ] } },
{ "type": "Feature", "properties": { "rank": 1266, "candidate_id": 2618, "scenario": "eolico", "solar_kwh_m2_day": 5.5579996109008789, "wind_m_s": 6.9371929168701172, "dist_grid_km": 880.40899043526917, "dist_demand_km": 787.29657333656178, "connection_cost_brl": 1056490788.522323, "is_restricted": false, "restriction_factor": 1.0, "score_final": 0.41096807589561424, "longitude": -34.329235310103023, "latitude": -14.774354507607921 }, "geometry": { "type": "Point", "coordinates": [ -34.329235310103023, -14.774354507607921 ] } },
{ "type": "Feature", "properties": { "rank": 1267, "candidate_id": 835, "scenario": "eolico", "solar_kwh_m2_day": 5.7731404304504395, "wind_m_s": 6.3801074028015137, "dist_grid_km": 533.85893029856948, "dist_demand_km": 880.19701715719657, "connection_cost_brl": 640630716.3582834, "is_restricted": false, "restriction_factor": 1.0, "score_final": 0.41027587207998278, "longitude": -48.421849380422927, "latitude": -7.8906714471264863 }, "geometry": { "type": "Point", "coordinates": [ -48.421849380422927, -7.890671447126486 ] } },
{ "type": "Feature", "properties": { "rank": 1268, "candidate_id": 2376, "scenario": "eolico", "solar_kwh_m2_day": 6.0012717247009277, "wind_m_s": 7.016150951385498, "dist_grid_km": 884.26997518772691, "dist_demand_km": 907.73238676493304, "connection_cost_brl": 1061123970.2252723, "is_restricted": false, "restriction_factor": 1.0, "score_final": 0.41016614683724656, "longitude": -36.105559644438671, "latitude": -15.779967534504715 }, "geometry": { "type": "Point", "coordinates": [ -36.105559644438671, -15.779967534504715 ] } },
{ "type": "Feature", "properties": { "rank": 1269, "candidate_id": 1586, "scenario": "eolico", "solar_kwh_m2_day": 5.9681811332702637, "wind_m_s": 5.7316021919250488, "dist_grid_km": 272.45820374052869, "dist_demand_km": 593.27174836029394, "connection_cost_brl": 326949844.48863441, "is_restricted": false, "restriction_factor": 1.0, "score_final": 0.41003409394910295, "longitude": -41.852429624420544, "latitude": -20.605957399753507 }, "geometry": { "type": "Point", "coordinates": [ -41.852429624420544, -20.605957399753507 ] } },
{ "type": "Feature", "properties": { "rank": 1270, "candidate_id": 2073, "scenario": "eolico", "solar_kwh_m2_day": 5.541898250579834, "wind_m_s": 6.9470539093017578, "dist_grid_km": 801.19611679655009, "dist_demand_km": 1033.3124474172853, "connection_cost_brl": 961435340.15586007, "is_restricted": false, "restriction_factor": 1.0, "score_final": 0.40968422769648249, "longitude": -38.324257709308981, "latitude": -17.259722573753709 }, "geometry": { "type": "Point", "coordinates": [ -38.324257709308981, -17.259722573753709 ] } },
{ "type": "Feature", "properties": { "rank": 1271, "candidate_id": 2436, "scenario": "eolico", "solar_kwh_m2_day": 5.839850902557373, "wind_m_s": 7.0380039215087891, "dist_grid_km": 905.85512441175729, "dist_demand_km": 898.50163848309569, "connection_cost_brl": 1087026149.2941086, "is_restricted": false, "restriction_factor": 1.0, "score_final": 0.40866952108034088, "longitude": -35.640640317571247, "latitude": -15.742912049335025 }, "geometry": { "type": "Point", "coordinates": [ -35.640640317571247, -15.742912049335025 ] } },
{ "type": "Feature", "properties": { "rank": 1272, "candidate_id": 839, "scenario": "eolico", "solar_kwh_m2_day": 6.5492081642150879, "wind_m_s": 6.8160972595214844, "dist_grid_km": 714.2620935957284, "dist_demand_km": 1080.0240566196994, "connection_cost_brl": 857114512.31487405, "is_restricted": false, "restriction_factor": 1.0, "score_final": 0.4085969511346137, "longitude": -48.443223322674235, "latitude": -6.0907551340712978 }, "geometry": { "type": "Point", "coordinates": [ -48.443223322674235, -6.090755134071298 ] } },
{ "type": "Feature", "properties": { "rank": 1273, "candidate_id": 1701, "scenario": "eolico", "solar_kwh_m2_day": 5.7547650337219238, "wind_m_s": 5.8711071014404297, "dist_grid_km": 350.62614986127124, "dist_demand_km": 614.81941786150389, "connection_cost_brl": 420751379.83352548, "is_restricted": false, "restriction_factor": 1.0, "score_final": 0.40822476441207456, "longitude": -40.692685741958257, "latitude": -22.736530272134164 }, "geometry": { "type": "Point", "coordinates": [ -40.692685741958257, -22.736530272134164 ] } },
{ "type": "Feature", "properties": { "rank": 1274, "candidate_id": 566, "scenario": "eolico", "solar_kwh_m2_day": 5.231386661529541, "wind_m_s": 5.7290587425231934, "dist_grid_km": 333.4807756490689, "dist_demand_km": 449.98143064973135, "connection_cost_brl": 400176930.77888268, "is_restricted": false, "restriction_factor": 1.0, "score_final": 0.40743446747131029, "longitude": -50.007502581622546, "latitude": -20.985679001047057 }, "geometry": { "type": "Point", "coordinates": [ -50.007502581622546, -20.985679001047057 ] } },
{ "type": "Feature", "properties": { "rank": 1275, "candidate_id": 533, "scenario": "eolico", "solar_kwh_m2_day": 6.2735309600830078, "wind_m_s": 6.3578624725341797, "dist_grid_km": 551.58309477014211, "dist_demand_km": 831.66347468195909, "connection_cost_brl": 661899713.72417057, "is_restricted": false, "restriction_factor": 1.0, "score_final": 0.40705023943621532, "longitude": -50.681262357258667, "latitude": -8.8173612072714018 }, "geometry": { "type": "Point", "coordinates": [ -50.681262357258667, -8.817361207271402 ] } },
{ "type": "Feature", "properties": { "rank": 1276, "candidate_id": 773, "scenario": "eolico", "solar_kwh_m2_day": 5.9786052703857422, "wind_m_s": 6.172065258026123, "dist_grid_km": 465.24249787402039, "dist_demand_km": 784.50505969561277, "connection_cost_brl": 558290997.44882441, "is_restricted": false, "restriction_factor": 1.0, "score_final": 0.40663672321312461, "longitude": -48.863452031610137, "latitude": -8.7969893980646532 }, "geometry": { "type": "Point", "coordinates": [ -48.863452031610137, -8.796989398064653 ] } },
{ "type": "Feature", "properties": { "rank": 1277, "candidate_id": 1760, "scenario": "eolico", "solar_kwh_m2_day": 5.1106991767883301, "wind_m_s": 5.9983301162719727, "dist_grid_km": 414.93670274226218, "dist_demand_km": 662.93685693188274, "connection_cost_brl": 497924043.29071462, "is_restricted": false, "restriction_factor": 1.0, "score_final": 0.40570002823933127, "longitude": -40.16267136739404, "latitude": -23.134953504315959 }, "geometry": { "type": "Point", "coordinates": [ -40.16267136739404, -23.134953504315959 ] } },
{ "type": "Feature", "properties": { "rank": 1278, "candidate_id": 2617, "scenario": "eolico", "solar_kwh_m2_day": 6.3945775032043457, "wind_m_s": 7.00701904296875, "dist_grid_km": 925.50978125955874, "dist_demand_km": 837.29397879981093, "connection_cost_brl": 1110611737.5114706, "is_restricted": false, "restriction_factor": 1.0, "score_final": 0.40486755578436345, "longitude": -34.288693443070166, "latitude": -15.200819238276164 }, "geometry": { "type": "Point", "coordinates": [ -34.288693443070166, -15.200819238276164 ] } },
{ "type": "Feature", "properties": { "rank": 1279, "candidate_id": 2187, "scenario": "eolico", "solar_kwh_m2_day": 5.6505298614501953, "wind_m_s": 6.8596706390380859, "dist_grid_km": 757.64965711986417, "dist_demand_km": 1071.081970970813, "connection_cost_brl": 909179588.54383695, "is_restricted": false, "restriction_factor": 1.0, "score_final": 0.40463912743012753, "longitude": -37.127617693873823, "latitude": -19.785537900542636 }, "geometry": { "type": "Point", "coordinates": [ -37.127617693873823, -19.785537900542636 ] } },
{ "type": "Feature", "properties": { "rank": 1280, "candidate_id": 474, "scenario": "eolico", "solar_kwh_m2_day": 6.3090343475341797, "wind_m_s": 6.50054931640625, "dist_grid_km": 618.26903481846227, "dist_demand_km": 896.46216606965299, "connection_cost_brl": 741922841.78215468, "is_restricted": false, "restriction_factor": 1.0, "score_final": 0.40459934215351023, "longitude": -51.139132934161239, "latitude": -8.3695794772117811 }, "geometry": { "type": "Point", "coordinates": [ -51.139132934161239, -8.369579477211781 ] } },
{ "type": "Feature", "properties": { "rank": 1281, "candidate_id": 1519, "scenario": "eolico", "solar_kwh_m2_day": 5.2911925315856934, "wind_m_s": 5.6165051460266113, "dist_grid_km": 277.3505357591892, "dist_demand_km": 465.83318235176938, "connection_cost_brl": 332820642.91102701, "is_restricted": false, "restriction_factor": 1.0, "score_final": 0.40401189145527849, "longitude": -42.068703655960192, "latitude": -23.733043292692418 }, "geometry": { "type": "Point", "coordinates": [ -42.068703655960192, -23.733043292692418 ] } },
{ "type": "Feature", "properties": { "rank": 1282, "candidate_id": 896, "scenario": "eolico", "solar_kwh_m2_day": 6.6031723022460938, "wind_m_s": 6.4099974632263184, "dist_grid_km": 557.37457189882889, "dist_demand_km": 929.31108670381434, "connection_cost_brl": 668849486.27859461, "is_restricted": false, "restriction_factor": 1.0, "score_final": 0.40399656118386429, "longitude": -47.974817582296723, "latitude": -7.4348186459527232 }, "geometry": { "type": "Point", "coordinates": [ -47.974817582296723, -7.434818645952723 ] } },
{ "type": "Feature", "properties": { "rank": 1283, "candidate_id": 569, "scenario": "eolico", "solar_kwh_m2_day": 5.9857730865478516, "wind_m_s": 5.5337176322937012, "dist_grid_km": 226.81550056526262, "dist_demand_km": 484.64327636209441, "connection_cost_brl": 272178600.67831516, "is_restricted": false, "restriction_factor": 1.0, "score_final": 0.40319418102514698, "longitude": -50.042063163395234, "latitude": -19.634036623197261 }, "geometry": { "type": "Point", "coordinates": [ -50.042063163395234, -19.634036623197261 ] } },
{ "type": "Feature", "properties": { "rank": 1284, "candidate_id": 2129, "scenario": "eolico", "solar_kwh_m2_day": 6.0453958511352539, "wind_m_s": 6.8101382255554199, "dist_grid_km": 742.55415387351559, "dist_demand_km": 1062.0947629943257, "connection_cost_brl": 891064984.64821875, "is_restricted": false, "restriction_factor": 1.0, "score_final": 0.40216544447055713, "longitude": -37.691625121167753, "latitude": -18.960591065597232 }, "geometry": { "type": "Point", "coordinates": [ -37.691625121167753, -18.960591065597232 ] } },
{ "type": "Feature", "properties": { "rank": 1285, "candidate_id": 958, "scenario": "eolico", "solar_kwh_m2_day": 6.4205245971679688, "wind_m_s": 6.5838680267333984, "dist_grid_km": 625.99100432337787, "dist_demand_km": 1030.9789989107603, "connection_cost_brl": 751189205.18805349, "is_restricted": false, "restriction_factor": 1.0, "score_final": 0.40212477571470567, "longitude": -47.534320099856721, "latitude": -6.5300099702680336 }, "geometry": { "type": "Point", "coordinates": [ -47.534320099856721, -6.530009970268034 ] } },
{ "type": "Feature", "properties": { "rank": 1286, "candidate_id": 530, "scenario": "eolico", "solar_kwh_m2_day": 6.2443275451660156, "wind_m_s": 5.9924626350402832, "dist_grid_km": 416.28072229727292, "dist_demand_km": 693.09830090791286, "connection_cost_brl": 499536866.75672752, "is_restricted": false, "restriction_factor": 1.0, "score_final": 0.40168651376812864, "longitude": -50.668191564274963, "latitude": -10.171249658240944 }, "geometry": { "type": "Point", "coordinates": [ -50.668191564274963, -10.171249658240944 ] } },
{ "type": "Feature", "properties": { "rank": 1287, "candidate_id": 2195, "scenario": "eolico", "solar_kwh_m2_day": 5.8540210723876953, "wind_m_s": 6.9775662422180176, "dist_grid_km": 864.61531833992535, "dist_demand_km": 997.6081762918501, "connection_cost_brl": 1037538382.0079104, "is_restricted": false, "restriction_factor": 1.0, "score_final": 0.40120611575864035, "longitude": -37.464388030520205, "latitude": -16.320042610725576 }, "geometry": { "type": "Point", "coordinates": [ -37.464388030520205, -16.320042610725576 ] } },
{ "type": "Feature", "properties": { "rank": 1288, "candidate_id": 2252, "scenario": "eolico", "solar_kwh_m2_day": 5.8562726974487305, "wind_m_s": 7.1195411682128906, "dist_grid_km": 898.77216587531791, "dist_demand_km": 1125.710939548859, "connection_cost_brl": 1078526599.0503814, "is_restricted": false, "restriction_factor": 1.0, "score_final": 0.40106377079878658, "longitude": -36.877682497950872, "latitude": -17.581752957473803 }, "geometry": { "type": "Point", "coordinates": [ -36.877682497950872, -17.581752957473803 ] } },
{ "type": "Feature", "properties": { "rank": 1289, "candidate_id": 331, "scenario": "eolico", "solar_kwh_m2_day": 5.9174671173095703, "wind_m_s": 5.6787257194519043, "dist_grid_km": 296.32312285306011, "dist_demand_km": 544.92902169682702, "connection_cost_brl": 355587747.42367214, "is_restricted": false, "restriction_factor": 1.0, "score_final": 0.40077906018001896, "longitude": -51.959954057081596, "latitude": -18.763044286043151 }, "geometry": { "type": "Point", "coordinates": [ -51.959954057081596, -18.763044286043151 ] } },
{ "type": "Feature", "properties": { "rank": 1290, "candidate_id": 2247, "scenario": "eolico", "solar_kwh_m2_day": 5.2322425842285156, "wind_m_s": 6.9450206756591797, "dist_grid_km": 806.13535592168148, "dist_demand_km": 1118.4855855031408, "connection_cost_brl": 967362427.10601783, "is_restricted": false, "restriction_factor": 1.0, "score_final": 0.40016423131110412, "longitude": -36.652897543512317, "latitude": -19.74174638653907 }, "geometry": { "type": "Point", "coordinates": [ -36.652897543512317, -19.74174638653907 ] } },
{ "type": "Feature", "properties": { "rank": 1291, "candidate_id": 1891, "scenario": "eolico", "solar_kwh_m2_day": 5.7854785919189453, "wind_m_s": 6.4861273765563965, "dist_grid_km": 621.51163507724607, "dist_demand_km": 917.35706618476365, "connection_cost_brl": 745813962.09269524, "is_restricted": false, "restriction_factor": 1.0, "score_final": 0.39972605827225471, "longitude": -39.659814057044002, "latitude": -18.23780459596771 }, "geometry": { "type": "Point", "coordinates": [ -39.659814057044002, -18.23780459596771 ] } },
{ "type": "Feature", "properties": { "rank": 1292, "candidate_id": 1335, "scenario": "eolico", "solar_kwh_m2_day": 5.434455394744873, "wind_m_s": 5.6047039031982422, "dist_grid_km": 311.73348146476599, "dist_demand_km": 401.71641427698796, "connection_cost_brl": 374080177.75771916, "is_restricted": false, "restriction_factor": 1.0, "score_final": 0.39949115707334937, "longitude": -43.384671843010508, "latitude": -25.61331027405949 }, "geometry": { "type": "Point", "coordinates": [ -43.384671843010508, -25.61331027405949 ] } },
{ "type": "Feature", "properties": { "rank": 1293, "candidate_id": 2135, "scenario": "eolico", "solar_kwh_m2_day": 5.5354747772216797, "wind_m_s": 6.9367046356201172, "dist_grid_km": 843.03016911589486, "dist_demand_km": 1015.8223097715, "connection_cost_brl": 1011636202.9390738, "is_restricted": false, "restriction_factor": 1.0, "score_final": 0.39910823958202446, "longitude": -37.930859289006065, "latitude": -16.354861111746047 }, "geometry": { "type": "Point", "coordinates": [ -37.930859289006065, -16.354861111746047 ] } },
{ "type": "Feature", "properties": { "rank": 1294, "candidate_id": 2313, "scenario": "eolico", "solar_kwh_m2_day": 5.1157851219177246, "wind_m_s": 7.184908390045166, "dist_grid_km": 967.05742027161205, "dist_demand_km": 1065.0478464594416, "connection_cost_brl": 1160468904.3259344, "is_restricted": false, "restriction_factor": 1.0, "score_final": 0.39872400039335315, "longitude": -36.450932755893703, "latitude": -17.11085824136568 }, "geometry": { "type": "Point", "coordinates": [ -36.450932755893703, -17.11085824136568 ] } },
{ "type": "Feature", "properties": { "rank": 1295, "candidate_id": 2005, "scenario": "eolico", "solar_kwh_m2_day": 5.5291242599487305, "wind_m_s": 6.4071044921875, "dist_grid_km": 590.24952172819962, "dist_demand_km": 897.89432882669416, "connection_cost_brl": 708299426.07383955, "is_restricted": false, "restriction_factor": 1.0, "score_final": 0.39809665717959397, "longitude": -38.464266239395819, "latitude": -20.781807044183829 }, "geometry": { "type": "Point", "coordinates": [ -38.464266239395819, -20.781807044183829 ] } },
{ "type": "Feature", "properties": { "rank": 1296, "candidate_id": 2193, "scenario": "eolico", "solar_kwh_m2_day": 5.3723087310791016, "wind_m_s": 7.0456399917602539, "dist_grid_km": 882.3591308736643, "dist_demand_km": 1092.0955537397829, "connection_cost_brl": 1058830957.0483972, "is_restricted": false, "restriction_factor": 1.0, "score_final": 0.39769759950596012, "longitude": -37.387237539626312, "latitude": -17.187071267508525 }, "geometry": { "type": "Point", "coordinates": [ -37.387237539626312, -17.187071267508525 ] } },
{ "type": "Feature", "properties": { "rank": 1297, "candidate_id": 1457, "scenario": "eolico", "solar_kwh_m2_day": 5.3214402198791504, "wind_m_s": 5.6176052093505859, "dist_grid_km": 312.28897895401167, "dist_demand_km": 439.98298132945996, "connection_cost_brl": 374746774.74481398, "is_restricted": false, "restriction_factor": 1.0, "score_final": 0.39764208867430534, "longitude": -42.477146898575796, "latitude": -24.65439054917525 }, "geometry": { "type": "Point", "coordinates": [ -42.477146898575796, -24.65439054917525 ] } },
{ "type": "Feature", "properties": { "rank": 1298, "candidate_id": 346, "scenario": "eolico", "solar_kwh_m2_day": 5.5948395729064941, "wind_m_s": 5.7083802223205566, "dist_grid_km": 300.63300667220517, "dist_demand_km": 615.09514766467669, "connection_cost_brl": 360759608.00664622, "is_restricted": false, "restriction_factor": 1.0, "score_final": 0.39741524591942867, "longitude": -52.024920342320215, "latitude": -11.989301145443232 }, "geometry": { "type": "Point", "coordinates": [ -52.024920342320215, -11.989301145443232 ] } },
{ "type": "Feature", "properties": { "rank": 1299, "candidate_id": 1698, "scenario": "eolico", "solar_kwh_m2_day": 4.972320556640625, "wind_m_s": 5.925511360168457, "dist_grid_km": 422.10944139571001, "dist_demand_km": 621.3451105129152, "connection_cost_brl": 506531329.67485201, "is_restricted": false, "restriction_factor": 1.0, "score_final": 0.39719755068693297, "longitude": -40.557876819450037, "latitude": -24.054724798978253 }, "geometry": { "type": "Point", "coordinates": [ -40.557876819450037, -24.054724798978253 ] } },
{ "type": "Feature", "properties": { "rank": 1300, "candidate_id": 2008, "scenario": "eolico", "solar_kwh_m2_day": 5.4812231063842773, "wind_m_s": 6.4941854476928711, "dist_grid_km": 630.99668331260557, "dist_demand_km": 950.34067363256167, "connection_cost_brl": 757196019.97512662, "is_restricted": false, "restriction_factor": 1.0, "score_final": 0.39538260420591304, "longitude": -38.595986003948475, "latitude": -19.474919531663495 }, "geometry": { "type": "Point", "coordinates": [ -38.595986003948475, -19.474919531663495 ] } },
{ "type": "Feature", "properties": { "rank": 1301, "candidate_id": 959, "scenario": "eolico", "solar_kwh_m2_day": 6.1728577613830566, "wind_m_s": 6.646061897277832, "dist_grid_km": 671.09179514766754, "dist_demand_km": 1080.899620529698, "connection_cost_brl": 805310154.17720103, "is_restricted": false, "restriction_factor": 1.0, "score_final": 0.39492531107335421, "longitude": -47.539906247036207, "latitude": -6.0807570201031975 }, "geometry": { "type": "Point", "coordinates": [ -47.539906247036207, -6.080757020103198 ] } },
{ "type": "Feature", "properties": { "rank": 1302, "candidate_id": 897, "scenario": "eolico", "solar_kwh_m2_day": 6.0136609077453613, "wind_m_s": 6.4587478637695312, "dist_grid_km": 602.47536272311856, "dist_demand_km": 979.30862823567293, "connection_cost_brl": 722970435.26774228, "is_restricted": false, "restriction_factor": 1.0, "score_final": 0.39484158322817209, "longitude": -47.980778647748906, "latitude": -6.9852053806288712 }, "geometry": { "type": "Point", "coordinates": [ -47.980778647748906, -6.985205380628871 ] } },
{ "type": "Feature", "properties": { "rank": 1303, "candidate_id": 2921, "scenario": "eolico", "solar_kwh_m2_day": 6.1555891036987305, "wind_m_s": 6.7809805870056152, "dist_grid_km": 891.41104547624877, "dist_demand_km": 687.60126426653869, "connection_cost_brl": 1069693254.5714985, "is_restricted": false, "restriction_factor": 1.0, "score_final": 0.39482984312827091, "longitude": -32.14271333920837, "latitude": -13.316261307229844 }, "geometry": { "type": "Point", "coordinates": [ -32.14271333920837, -13.316261307229844 ] } },
{ "type": "Feature", "properties": { "rank": 1304, "candidate_id": 2007, "scenario": "eolico", "solar_kwh_m2_day": 5.5363979339599609, "wind_m_s": 6.4432501792907715, "dist_grid_km": 613.65248759738768, "dist_demand_km": 930.50327200927893, "connection_cost_brl": 736382985.11686516, "is_restricted": false, "restriction_factor": 1.0, "score_final": 0.39429546043517794, "longitude": -38.553231109833163, "latitude": -19.910659148238377 }, "geometry": { "type": "Point", "coordinates": [ -38.553231109833163, -19.910659148238377 ] } },
{ "type": "Feature", "properties": { "rank": 1305, "candidate_id": 1517, "scenario": "eolico", "solar_kwh_m2_day": 5.1376333236694336, "wind_m_s": 5.6861991882324219, "dist_grid_km": 347.78291963807982, "dist_demand_km": 487.21498365623188, "connection_cost_brl": 417339503.56569576, "is_restricted": false, "restriction_factor": 1.0, "score_final": 0.39408111807575052, "longitude": -41.985088007959213, "latitude": -24.616453135885635 }, "geometry": { "type": "Point", "coordinates": [ -41.985088007959213, -24.616453135885635 ] } },
{ "type": "Feature", "properties": { "rank": 1306, "candidate_id": 2070, "scenario": "eolico", "solar_kwh_m2_day": 5.1718912124633789, "wind_m_s": 6.6975569725036621, "dist_grid_km": 719.13343763082719, "dist_demand_km": 1039.9821757514924, "connection_cost_brl": 862960125.15699267, "is_restricted": false, "restriction_factor": 1.0, "score_final": 0.39391255176383688, "longitude": -38.206138841920662, "latitude": -18.565339590361177 }, "geometry": { "type": "Point", "coordinates": [ -38.206138841920662, -18.565339590361177 ] } },
{ "type": "Feature", "properties": { "rank": 1307, "candidate_id": 1767, "scenario": "eolico", "solar_kwh_m2_day": 5.5725812911987305, "wind_m_s": 5.9920029640197754, "dist_grid_km": 428.11743599384948, "dist_demand_km": 748.77411377640749, "connection_cost_brl": 513740923.19261938, "is_restricted": false, "restriction_factor": 1.0, "score_final": 0.39338557587710188, "longitude": -40.457255863516004, "latitude": -20.062353909601399 }, "geometry": { "type": "Point", "coordinates": [ -40.457255863516004, -20.062353909601399 ] } },
{ "type": "Feature", "properties": { "rank": 1308, "candidate_id": 2797, "scenario": "eolico", "solar_kwh_m2_day": 5.6279983520507812, "wind_m_s": 7.0536508560180664, "dist_grid_km": 993.67131110718549, "dist_demand_km": 852.08129427828374, "connection_cost_brl": 1192405573.3286226, "is_restricted": false, "restriction_factor": 1.0, "score_final": 0.392792203256776, "longitude": -32.89888512667342, "latitude": -15.081960230245075 }, "geometry": { "type": "Point", "coordinates": [ -32.89888512667342, -15.081960230245075 ] } },
{ "type": "Feature", "properties": { "rank": 1309, "candidate_id": 626, "scenario": "eolico", "solar_kwh_m2_day": 4.8190655708312988, "wind_m_s": 5.5391225814819336, "dist_grid_km": 298.3263242298184, "dist_demand_km": 413.85589807221714, "connection_cost_brl": 357991589.07578206, "is_restricted": false, "restriction_factor": 1.0, "score_final": 0.39228467122918431, "longitude": -49.526829148540855, "latitude": -20.973763775442745 }, "geometry": { "type": "Point", "coordinates": [ -49.526829148540855, -20.973763775442745 ] } },
{ "type": "Feature", "properties": { "rank": 1310, "candidate_id": 2493, "scenario": "eolico", "solar_kwh_m2_day": 5.2796692848205566, "wind_m_s": 7.2925019264221191, "dist_grid_km": 1062.742646108657, "dist_demand_km": 1041.3012246091096, "connection_cost_brl": 1275291175.3303885, "is_restricted": false, "restriction_factor": 1.0, "score_final": 0.39203831963733038, "longitude": -35.047872727817555, "latitude": -16.990089835666723 }, "geometry": { "type": "Point", "coordinates": [ -35.047872727817555, -16.990089835666723 ] } },
{ "type": "Feature", "properties": { "rank": 1311, "candidate_id": 472, "scenario": "eolico", "solar_kwh_m2_day": 5.9298739433288574, "wind_m_s": 6.1945343017578125, "dist_grid_km": 528.06745316988292, "dist_demand_km": 804.85515980322305, "connection_cost_brl": 633680943.80385947, "is_restricted": false, "restriction_factor": 1.0, "score_final": 0.39190593098355309, "longitude": -51.13216706499238, "latitude": -9.2725995671080437 }, "geometry": { "type": "Point", "coordinates": [ -51.13216706499238, -9.272599567108044 ] } },
{ "type": "Feature", "properties": { "rank": 1312, "candidate_id": 332, "scenario": "eolico", "solar_kwh_m2_day": 5.7799386978149414, "wind_m_s": 5.5312471389770508, "dist_grid_km": 260.76803115845809, "dist_demand_km": 517.08213288961383, "connection_cost_brl": 312921637.39014971, "is_restricted": false, "restriction_factor": 1.0, "score_final": 0.39111133167692191, "longitude": -51.965306703690636, "latitude": -18.311605404951752 }, "geometry": { "type": "Point", "coordinates": [ -51.965306703690636, -18.311605404951752 ] } },
{ "type": "Feature", "properties": { "rank": 1313, "candidate_id": 106, "scenario": "eolico", "solar_kwh_m2_day": 6.0011882781982422, "wind_m_s": 5.9187130928039551, "dist_grid_km": 388.69311646587136, "dist_demand_km": 771.07586339651652, "connection_cost_brl": 466431739.7590456, "is_restricted": false, "restriction_factor": 1.0, "score_final": 0.39077329507754266, "longitude": -53.861363870176831, "latitude": -11.996228682631058 }, "geometry": { "type": "Point", "coordinates": [ -53.861363870176831, -11.996228682631058 ] } },
{ "type": "Feature", "properties": { "rank": 1314, "candidate_id": 1952, "scenario": "eolico", "solar_kwh_m2_day": 5.886406421661377, "wind_m_s": 6.567232608795166, "dist_grid_km": 691.87091316702072, "dist_demand_km": 948.90267874915128, "connection_cost_brl": 830245095.80042481, "is_restricted": false, "restriction_factor": 1.0, "score_final": 0.39051783069346385, "longitude": -39.225792909954372, "latitude": -17.765868026425579 }, "geometry": { "type": "Point", "coordinates": [ -39.225792909954372, -17.765868026425579 ] } },
{ "type": "Feature", "properties": { "rank": 1315, "candidate_id": 1080, "scenario": "eolico", "solar_kwh_m2_day": 6.4149513244628906, "wind_m_s": 6.6562910079956055, "dist_grid_km": 673.02228752389658, "dist_demand_km": 1140.4658302252767, "connection_cost_brl": 807626745.02867591, "is_restricted": false, "restriction_factor": 1.0, "score_final": 0.39034615156388824, "longitude": -46.642515196039831, "latitude": -5.6208833338605269 }, "geometry": { "type": "Point", "coordinates": [ -46.642515196039831, -5.620883333860527 ] } },
{ "type": "Feature", "properties": { "rank": 1316, "candidate_id": 2314, "scenario": "eolico", "solar_kwh_m2_day": 5.7265892028808594, "wind_m_s": 7.0664920806884766, "dist_grid_km": 952.88640761227612, "dist_demand_km": 1016.4160578724483, "connection_cost_brl": 1143463689.1347313, "is_restricted": false, "restriction_factor": 1.0, "score_final": 0.38973586132103105, "longitude": -36.492029842503584, "latitude": -16.679427429350145 }, "geometry": { "type": "Point", "coordinates": [ -36.492029842503584, -16.679427429350145 ] } },
{ "type": "Feature", "properties": { "rank": 1317, "candidate_id": 2192, "scenario": "eolico", "solar_kwh_m2_day": 4.859440803527832, "wind_m_s": 6.9724440574645996, "dist_grid_km": 855.55256823825925, "dist_demand_km": 1139.6920685190053, "connection_cost_brl": 1026663081.8859111, "is_restricted": false, "restriction_factor": 1.0, "score_final": 0.38950421393639278, "longitude": -37.346933873482783, "latitude": -17.620429805232551 }, "geometry": { "type": "Point", "coordinates": [ -37.346933873482783, -17.620429805232551 ] } },
{ "type": "Feature", "properties": { "rank": 1318, "candidate_id": 1577, "scenario": "eolico", "solar_kwh_m2_day": 5.4008879661560059, "wind_m_s": 5.744544506072998, "dist_grid_km": 383.27686032214802, "dist_demand_km": 534.95033109506971, "connection_cost_brl": 459932232.38657761, "is_restricted": false, "restriction_factor": 1.0, "score_final": 0.3889877928345043, "longitude": -41.493325290101566, "latitude": -24.577050278638762 }, "geometry": { "type": "Point", "coordinates": [ -41.493325290101566, -24.577050278638762 ] } },
{ "type": "Feature", "properties": { "rank": 1319, "candidate_id": 1646, "scenario": "eolico", "solar_kwh_m2_day": 5.5625400543212891, "wind_m_s": 5.6917147636413574, "dist_grid_km": 316.31421390548348, "dist_demand_km": 636.99669060526696, "connection_cost_brl": 379577056.68658018, "is_restricted": false, "restriction_factor": 1.0, "score_final": 0.38893805932230235, "longitude": -41.374190232442622, "latitude": -20.572347679289791 }, "geometry": { "type": "Point", "coordinates": [ -41.374190232442622, -20.572347679289791 ] } },
{ "type": "Feature", "properties": { "rank": 1320, "candidate_id": 1829, "scenario": "eolico", "solar_kwh_m2_day": 5.1825985908508301, "wind_m_s": 6.1863155364990234, "dist_grid_km": 521.80516073451201, "dist_demand_km": 842.06781400434807, "connection_cost_brl": 626166192.88141441, "is_restricted": false, "restriction_factor": 1.0, "score_final": 0.38884006076181354, "longitude": -40.058134391954987, "latitude": -19.149064175013393 }, "geometry": { "type": "Point", "coordinates": [ -40.058134391954987, -19.149064175013393 ] } },
{ "type": "Feature", "properties": { "rank": 1321, "candidate_id": 412, "scenario": "eolico", "solar_kwh_m2_day": 6.352424144744873, "wind_m_s": 6.2246208190917969, "dist_grid_km": 549.6526023939133, "dist_demand_km": 827.25196576973144, "connection_cost_brl": 659583122.87269592, "is_restricted": false, "restriction_factor": 1.0, "score_final": 0.38864649323652745, "longitude": -51.587221707899921, "latitude": -9.2759533453436749 }, "geometry": { "type": "Point", "coordinates": [ -51.587221707899921, -9.275953345343675 ] } },
{ "type": "Feature", "properties": { "rank": 1322, "candidate_id": 1641, "scenario": "eolico", "solar_kwh_m2_day": 4.6662673950195312, "wind_m_s": 5.6140680313110352, "dist_grid_km": 303.50862892743288, "dist_demand_km": 564.98628314320695, "connection_cost_brl": 364210354.71291947, "is_restricted": false, "restriction_factor": 1.0, "score_final": 0.38769403550009407, "longitude": -41.177647938379231, "latitude": -22.77543734237414 }, "geometry": { "type": "Point", "coordinates": [ -41.177647938379231, -22.77543734237414 ] } },
{ "type": "Feature", "properties": { "rank": 1323, "candidate_id": 656, "scenario": "eolico", "solar_kwh_m2_day": 6.5058507919311523, "wind_m_s": 6.4592986106872559, "dist_grid_km": 643.71516879495061, "dist_demand_km": 948.59635372621858, "connection_cost_brl": 772458202.55394077, "is_restricted": false, "restriction_factor": 1.0, "score_final": 0.38723325974657197, "longitude": -49.786502388747756, "latitude": -7.4556708898196442 }, "geometry": { "type": "Point", "coordinates": [ -49.786502388747756, -7.455670889819644 ] } },
{ "type": "Feature", "properties": { "rank": 1324, "candidate_id": 1456, "scenario": "eolico", "solar_kwh_m2_day": 4.9232749938964844, "wind_m_s": 5.6192760467529297, "dist_grid_km": 347.50517089345692, "dist_demand_km": 459.64547982020088, "connection_cost_brl": 417006205.07214832, "is_restricted": false, "restriction_factor": 1.0, "score_final": 0.38703003932383701, "longitude": -42.435492659603185, "latitude": -25.096726418886341 }, "geometry": { "type": "Point", "coordinates": [ -42.435492659603185, -25.096726418886341 ] } },
{ "type": "Feature", "properties": { "rank": 1325, "candidate_id": 2191, "scenario": "eolico", "solar_kwh_m2_day": 5.2095479965209961, "wind_m_s": 6.9192333221435547, "dist_grid_km": 830.89274771298528, "dist_demand_km": 1151.7208062288316, "connection_cost_brl": 997071297.25558233, "is_restricted": false, "restriction_factor": 1.0, "score_final": 0.3869819443670563, "longitude": -37.305461381667413, "latitude": -18.05368031490196 }, "geometry": { "type": "Point", "coordinates": [ -37.305461381667413, -18.05368031490196 ] } },
{ "type": "Feature", "properties": { "rank": 1326, "candidate_id": 2613, "scenario": "eolico", "solar_kwh_m2_day": 5.6912388801574707, "wind_m_s": 7.3297243118286133, "dist_grid_km": 1105.912944556718, "dist_demand_km": 1037.2861018649205, "connection_cost_brl": 1327095533.4680617, "is_restricted": false, "restriction_factor": 1.0, "score_final": 0.38675519125749452, "longitude": -34.113464652469673, "latitude": -16.905436323460258 }, "geometry": { "type": "Point", "coordinates": [ -34.113464652469673, -16.905436323460258 ] } },
{ "type": "Feature", "properties": { "rank": 1327, "candidate_id": 348, "scenario": "eolico", "solar_kwh_m2_day": 5.9621195793151855, "wind_m_s": 5.8413596153259277, "dist_grid_km": 390.83458832078469, "dist_demand_km": 688.6179111909978, "connection_cost_brl": 469001505.9849416, "is_restricted": false, "restriction_factor": 1.0, "score_final": 0.38672134314130119, "longitude": -52.031229613295871, "latitude": -11.085833496373327 }, "geometry": { "type": "Point", "coordinates": [ -52.031229613295871, -11.085833496373327 ] } },
{ "type": "Feature", "properties": { "rank": 1328, "candidate_id": 778, "scenario": "eolico", "solar_kwh_m2_day": 5.9920806884765625, "wind_m_s": 6.5878267288208008, "dist_grid_km": 690.74645199546933, "dist_demand_km": 1033.2374635189499, "connection_cost_brl": 828895742.3945632, "is_restricted": false, "restriction_factor": 1.0, "score_final": 0.38590800502725114, "longitude": -48.890465138882142, "latitude": -6.5455297670524777 }, "geometry": { "type": "Point", "coordinates": [ -48.890465138882142, -6.545529767052478 ] } },
{ "type": "Feature", "properties": { "rank": 1329, "candidate_id": 103, "scenario": "eolico", "solar_kwh_m2_day": 5.866203784942627, "wind_m_s": 5.6241598129272461, "dist_grid_km": 271.2845133281229, "dist_demand_km": 698.76970935641555, "connection_cost_brl": 325541415.99374747, "is_restricted": false, "restriction_factor": 1.0, "score_final": 0.3849028847149486, "longitude": -53.86062878695688, "latitude": -13.352122612352789 }, "geometry": { "type": "Point", "coordinates": [ -53.86062878695688, -13.352122612352789 ] } },
{ "type": "Feature", "properties": { "rank": 1330, "candidate_id": 350, "scenario": "eolico", "solar_kwh_m2_day": 6.0412807464599609, "wind_m_s": 6.0353569984436035, "dist_grid_km": 481.03616996936421, "dist_demand_km": 768.1453082233046, "connection_cost_brl": 577243403.96323705, "is_restricted": false, "restriction_factor": 1.0, "score_final": 0.38430938015010246, "longitude": -52.037015110294043, "latitude": -10.18230859271142 }, "geometry": { "type": "Point", "coordinates": [ -52.037015110294043, -10.18230859271142 ] } },
{ "type": "Feature", "properties": { "rank": 1331, "candidate_id": 163, "scenario": "eolico", "solar_kwh_m2_day": 5.5281829833984375, "wind_m_s": 5.5273861885070801, "dist_grid_km": 236.84443664919911, "dist_demand_km": 653.24200730359973, "connection_cost_brl": 284213323.97903895, "is_restricted": false, "restriction_factor": 1.0, "score_final": 0.38395074447186484, "longitude": -53.399076250481052, "latitude": -13.351448391155461 }, "geometry": { "type": "Point", "coordinates": [ -53.399076250481052, -13.351448391155461 ] } },
{ "type": "Feature", "properties": { "rank": 1332, "candidate_id": 1823, "scenario": "eolico", "solar_kwh_m2_day": 5.6947550773620605, "wind_m_s": 5.9182958602905273, "dist_grid_km": 433.30819616860384, "dist_demand_km": 728.1564824538458, "connection_cost_brl": 519969835.40232462, "is_restricted": false, "restriction_factor": 1.0, "score_final": 0.38330145019098522, "longitude": -39.813758601899139, "latitude": -21.778987341347552 }, "geometry": { "type": "Point", "coordinates": [ -39.813758601899139, -21.778987341347552 ] } },
{ "type": "Feature", "properties": { "rank": 1333, "candidate_id": 2556, "scenario": "eolico", "solar_kwh_m2_day": 6.0721397399902344, "wind_m_s": 6.9323587417602539, "dist_grid_km": 949.02542285981826, "dist_demand_km": 888.23387185273373, "connection_cost_brl": 1138830507.431782, "is_restricted": false, "restriction_factor": 1.0, "score_final": 0.38326540650335711, "longitude": -34.711287112590284, "latitude": -15.666497503035712 }, "geometry": { "type": "Point", "coordinates": [ -34.711287112590284, -15.666497503035712 ] } },
{ "type": "Feature", "properties": { "rank": 1334, "candidate_id": 592, "scenario": "eolico", "solar_kwh_m2_day": 6.0513348579406738, "wind_m_s": 6.0292320251464844, "dist_grid_km": 484.89715472182195, "dist_demand_km": 767.90875437505292, "connection_cost_brl": 581876585.66618633, "is_restricted": false, "restriction_factor": 1.0, "score_final": 0.38245528266401774, "longitude": -50.222087350157366, "latitude": -9.2641686532239813 }, "geometry": { "type": "Point", "coordinates": [ -50.222087350157366, -9.264168653223981 ] } },
{ "type": "Feature", "properties": { "rank": 1335, "candidate_id": 2011, "scenario": "eolico", "solar_kwh_m2_day": 5.2356753349304199, "wind_m_s": 6.564460277557373, "dist_grid_km": 702.08199720734126, "dist_demand_km": 1011.6501439050412, "connection_cost_brl": 842498396.64880955, "is_restricted": false, "restriction_factor": 1.0, "score_final": 0.38163698360101639, "longitude": -38.717505862856193, "latitude": -18.167073082459307 }, "geometry": { "type": "Point", "coordinates": [ -38.717505862856193, -18.167073082459307 ] } },
{ "type": "Feature", "properties": { "rank": 1336, "candidate_id": 1818, "scenario": "eolico", "solar_kwh_m2_day": 5.6644859313964844, "wind_m_s": 6.0272650718688965, "dist_grid_km": 504.79579909271769, "dist_demand_km": 720.17815798416962, "connection_cost_brl": 605754958.9112612, "is_restricted": false, "restriction_factor": 1.0, "score_final": 0.3815366977649064, "longitude": -39.579735112863673, "latitude": -23.967700314025741 }, "geometry": { "type": "Point", "coordinates": [ -39.579735112863673, -23.967700314025741 ] } },
{ "type": "Feature", "properties": { "rank": 1337, "candidate_id": 655, "scenario": "eolico", "solar_kwh_m2_day": 6.3682308197021484, "wind_m_s": 6.3081760406494141, "dist_grid_km": 598.61437797066083, "dist_demand_km": 899.67146716813568, "connection_cost_brl": 718337253.56479299, "is_restricted": false, "restriction_factor": 1.0, "score_final": 0.3814514735961041, "longitude": -49.782049466686786, "latitude": -7.9065460545132753 }, "geometry": { "type": "Point", "coordinates": [ -49.782049466686786, -7.906546054513275 ] } },
{ "type": "Feature", "properties": { "rank": 1338, "candidate_id": 2254, "scenario": "eolico", "solar_kwh_m2_day": 5.4258089065551758, "wind_m_s": 6.9739065170288086, "dist_grid_km": 931.30125838824551, "dist_demand_km": 1029.4534930370203, "connection_cost_brl": 1117561510.0658946, "is_restricted": false, "restriction_factor": 1.0, "score_final": 0.38062562005333739, "longitude": -36.959121266553247, "latitude": -16.716944896004815 }, "geometry": { "type": "Point", "coordinates": [ -36.959121266553247, -16.716944896004815 ] } },
{ "type": "Feature", "properties": { "rank": 1339, "candidate_id": 838, "scenario": "eolico", "solar_kwh_m2_day": 5.936427116394043, "wind_m_s": 6.5111474990844727, "dist_grid_km": 669.16130277143873, "dist_demand_km": 1030.0610027620014, "connection_cost_brl": 802993563.32572651, "is_restricted": false, "restriction_factor": 1.0, "score_final": 0.3806184591317936, "longitude": -48.438407668583835, "latitude": -6.5407527388358018 }, "geometry": { "type": "Point", "coordinates": [ -48.438407668583835, -6.540752738835802 ] } },
{ "type": "Feature", "properties": { "rank": 1340, "candidate_id": 2735, "scenario": "eolico", "solar_kwh_m2_day": 5.7729697227478027, "wind_m_s": 7.136568546295166, "dist_grid_km": 1058.8816613561994, "dist_demand_km": 943.48611477751035, "connection_cost_brl": 1270657993.6274393, "is_restricted": false, "restriction_factor": 1.0, "score_final": 0.37957018091881167, "longitude": -33.27366040767501, "latitude": -15.970209846821623 }, "geometry": { "type": "Point", "coordinates": [ -33.27366040767501, -15.970209846821623 ] } },
{ "type": "Feature", "properties": { "rank": 1341, "candidate_id": 2552, "scenario": "eolico", "solar_kwh_m2_day": 5.5074234008789062, "wind_m_s": 7.3421769142150879, "dist_grid_km": 1123.3420902903322, "dist_demand_km": 1088.0536114062591, "connection_cost_brl": 1348010508.3483987, "is_restricted": false, "restriction_factor": 1.0, "score_final": 0.37935251189645797, "longitude": -34.534377270203144, "latitude": -17.375133614264648 }, "geometry": { "type": "Point", "coordinates": [ -34.534377270203144, -17.375133614264648 ] } },
{ "type": "Feature", "properties": { "rank": 1342, "candidate_id": 1883, "scenario": "eolico", "solar_kwh_m2_day": 5.6397280693054199, "wind_m_s": 6.0104465484619141, "dist_grid_km": 483.29825366953042, "dist_demand_km": 777.17776562324548, "connection_cost_brl": 579957904.40343654, "is_restricted": false, "restriction_factor": 1.0, "score_final": 0.37927579488080615, "longitude": -39.332434725225987, "latitude": -21.738025881873327 }, "geometry": { "type": "Point", "coordinates": [ -39.332434725225987, -21.738025881873327 ] } },
{ "type": "Feature", "properties": { "rank": 1343, "candidate_id": 2369, "scenario": "eolico", "solar_kwh_m2_day": 5.2870087623596191, "wind_m_s": 7.100804328918457, "dist_grid_km": 929.87714670666401, "dist_demand_km": 1246.2820512782421, "connection_cost_brl": 1115852576.0479968, "is_restricted": false, "restriction_factor": 1.0, "score_final": 0.3791152457548434, "longitude": -35.802301124273562, "latitude": -18.791754808385633 }, "geometry": { "type": "Point", "coordinates": [ -35.802301124273562, -18.791754808385633 ] } },
{ "type": "Feature", "properties": { "rank": 1344, "candidate_id": 1889, "scenario": "eolico", "solar_kwh_m2_day": 5.7635269165039062, "wind_m_s": 6.2169504165649414, "dist_grid_km": 564.00517276200446, "dist_demand_km": 884.80032765683563, "connection_cost_brl": 676806207.31440532, "is_restricted": false, "restriction_factor": 1.0, "score_final": 0.37848136879231487, "longitude": -39.584424819172618, "latitude": -19.113449430639672 }, "geometry": { "type": "Point", "coordinates": [ -39.584424819172618, -19.113449430639672 ] } },
{ "type": "Feature", "properties": { "rank": 1345, "candidate_id": 1943, "scenario": "eolico", "solar_kwh_m2_day": 4.8371801376342773, "wind_m_s": 6.1211442947387695, "dist_grid_km": 533.29017535779371, "dist_demand_km": 826.31634125117159, "connection_cost_brl": 639948210.4293524, "is_restricted": false, "restriction_factor": 1.0, "score_final": 0.37792667203954128, "longitude": -38.851378604139704, "latitude": -21.695856011055248 }, "geometry": { "type": "Point", "coordinates": [ -38.851378604139704, -21.695856011055248 ] } },
{ "type": "Feature", "properties": { "rank": 1346, "candidate_id": 1395, "scenario": "eolico", "solar_kwh_m2_day": 5.5123472213745117, "wind_m_s": 5.5313515663146973, "dist_grid_km": 347.22742214883408, "dist_demand_km": 441.77991572630714, "connection_cost_brl": 416672906.57860088, "is_restricted": false, "restriction_factor": 1.0, "score_final": 0.37602831512310536, "longitude": -42.888605767123963, "latitude": -25.576917657736796 }, "geometry": { "type": "Point", "coordinates": [ -42.888605767123963, -25.576917657736796 ] } },
{ "type": "Feature", "properties": { "rank": 1347, "candidate_id": 352, "scenario": "eolico", "solar_kwh_m2_day": 6.5659170150756836, "wind_m_s": 6.1913824081420898, "dist_grid_km": 571.23775161794379, "dist_demand_km": 851.997536075016, "connection_cost_brl": 685485301.94153249, "is_restricted": false, "restriction_factor": 1.0, "score_final": 0.37599002544528082, "longitude": -52.042284244347336, "latitude": -9.2787309243972249 }, "geometry": { "type": "Point", "coordinates": [ -52.042284244347336, -9.278730924397225 ] } },
{ "type": "Feature", "properties": { "rank": 1348, "candidate_id": 229, "scenario": "eolico", "solar_kwh_m2_day": 5.8075833320617676, "wind_m_s": 5.9813075065612793, "dist_grid_km": 479.10567759313534, "dist_demand_km": 792.29343951296914, "connection_cost_brl": 574926813.1117624, "is_restricted": false, "restriction_factor": 1.0, "score_final": 0.37471339596713932, "longitude": -52.948091990421332, "latitude": -10.6384706293669 }, "geometry": { "type": "Point", "coordinates": [ -52.948091990421332, -10.6384706293669 ] } },
{ "type": "Feature", "properties": { "rank": 1349, "candidate_id": 410, "scenario": "eolico", "solar_kwh_m2_day": 5.7362065315246582, "wind_m_s": 5.9088382720947266, "dist_grid_km": 459.45102074533384, "dist_demand_km": 740.60328647492679, "connection_cost_brl": 551341224.8944006, "is_restricted": false, "restriction_factor": 1.0, "score_final": 0.37407407013621802, "longitude": -51.580730433930569, "latitude": -10.179255223976513 }, "geometry": { "type": "Point", "coordinates": [ -51.580730433930569, -10.179255223976513 ] } },
{ "type": "Feature", "properties": { "rank": 1350, "candidate_id": 837, "scenario": "eolico", "solar_kwh_m2_day": 6.420386791229248, "wind_m_s": 6.353630542755127, "dist_grid_km": 624.06051194714894, "dist_demand_km": 980.1017171420774, "connection_cost_brl": 748872614.33657873, "is_restricted": false, "restriction_factor": 1.0, "score_final": 0.37400663305906523, "longitude": -48.433241211058842, "latitude": -6.9907385335627721 }, "geometry": { "type": "Point", "coordinates": [ -48.433241211058842, -6.990738533562772 ] } },
{ "type": "Feature", "properties": { "rank": 1351, "candidate_id": 596, "scenario": "eolico", "solar_kwh_m2_day": 6.8194165229797363, "wind_m_s": 6.4103331565856934, "dist_grid_km": 665.30031801898087, "dist_demand_km": 959.89011293516842, "connection_cost_brl": 798360381.6227771, "is_restricted": false, "restriction_factor": 1.0, "score_final": 0.37355479281752163, "longitude": -50.239447926865417, "latitude": -7.4597444664174706 }, "geometry": { "type": "Point", "coordinates": [ -50.239447926865417, -7.459744466417471 ] } },
{ "type": "Feature", "properties": { "rank": 1352, "candidate_id": 164, "scenario": "eolico", "solar_kwh_m2_day": 5.8434329032897949, "wind_m_s": 5.5401744842529297, "dist_grid_km": 277.3523109279991, "dist_demand_km": 676.12973131807144, "connection_cost_brl": 332822773.11359894, "is_restricted": false, "restriction_factor": 1.0, "score_final": 0.37329363531508986, "longitude": -53.400173492528424, "latitude": -12.899522763475163 }, "geometry": { "type": "Point", "coordinates": [ -53.400173492528424, -12.899522763475163 ] } },
{ "type": "Feature", "properties": { "rank": 1353, "candidate_id": 2311, "scenario": "eolico", "solar_kwh_m2_day": 5.342170238494873, "wind_m_s": 6.987576961517334, "dist_grid_km": 920.33970710183519, "dist_demand_km": 1162.6596838033674, "connection_cost_brl": 1104407648.5222023, "is_restricted": false, "restriction_factor": 1.0, "score_final": 0.37296318918400262, "longitude": -36.365089399471124, "latitude": -17.973375828703745 }, "geometry": { "type": "Point", "coordinates": [ -36.365089399471124, -17.973375828703745 ] } },
{ "type": "Feature", "properties": { "rank": 1354, "candidate_id": 2130, "scenario": "eolico", "solar_kwh_m2_day": 5.9355854988098145, "wind_m_s": 6.6583561897277832, "dist_grid_km": 763.52741290137021, "dist_demand_km": 1084.1385254294723, "connection_cost_brl": 916232895.48164427, "is_restricted": false, "restriction_factor": 1.0, "score_final": 0.37273797334897307, "longitude": -37.734369786974938, "latitude": -18.526567051875919 }, "geometry": { "type": "Point", "coordinates": [ -37.734369786974938, -18.526567051875919 ] } },
{ "type": "Feature", "properties": { "rank": 1355, "candidate_id": 960, "scenario": "eolico", "solar_kwh_m2_day": 5.9565258026123047, "wind_m_s": 6.6034412384033203, "dist_grid_km": 716.19258597195744, "dist_demand_km": 1130.8272560950484, "connection_cost_brl": 859431103.16634893, "is_restricted": false, "restriction_factor": 1.0, "score_final": 0.37253471841317082, "longitude": -47.545087215601768, "latitude": -5.63149189412949 }, "geometry": { "type": "Point", "coordinates": [ -47.545087215601768, -5.63149189412949 ] } },
{ "type": "Feature", "properties": { "rank": 1356, "candidate_id": 2430, "scenario": "eolico", "solar_kwh_m2_day": 5.5982003211975098, "wind_m_s": 7.1300630569458008, "dist_grid_km": 993.51907677583222, "dist_demand_km": 1195.6826793252312, "connection_cost_brl": 1192222892.1309986, "is_restricted": false, "restriction_factor": 1.0, "score_final": 0.3717906010201012, "longitude": -35.378697766230943, "latitude": -18.318361624918321 }, "geometry": { "type": "Point", "coordinates": [ -35.378697766230943, -18.318361624918321 ] } },
{ "type": "Feature", "properties": { "rank": 1357, "candidate_id": 507, "scenario": "eolico", "solar_kwh_m2_day": 5.5803713798522949, "wind_m_s": 5.5220913887023926, "dist_grid_km": 333.08013537371721, "dist_demand_km": 520.57749493270819, "connection_cost_brl": 399696162.44846064, "is_restricted": false, "restriction_factor": 1.0, "score_final": 0.37094357487905516, "longitude": -50.498662941750581, "latitude": -20.545487005804681 }, "geometry": { "type": "Point", "coordinates": [ -50.498662941750581, -20.545487005804681 ] } },
{ "type": "Feature", "properties": { "rank": 1358, "candidate_id": 471, "scenario": "eolico", "solar_kwh_m2_day": 6.1886811256408691, "wind_m_s": 5.9394659996032715, "dist_grid_km": 482.96666234559308, "dist_demand_km": 759.84573091888876, "connection_cost_brl": 579559994.81471169, "is_restricted": false, "restriction_factor": 1.0, "score_final": 0.3706936255508908, "longitude": -51.128405016568635, "latitude": -9.724090713637187 }, "geometry": { "type": "Point", "coordinates": [ -51.128405016568635, -9.724090713637187 ] } },
{ "type": "Feature", "properties": { "rank": 1359, "candidate_id": 597, "scenario": "eolico", "solar_kwh_m2_day": 6.6391911506652832, "wind_m_s": 6.4941616058349609, "dist_grid_km": 710.40110884327066, "dist_demand_km": 1008.3726108819604, "connection_cost_brl": 852481330.61192477, "is_restricted": false, "restriction_factor": 1.0, "score_final": 0.36962518086465135, "longitude": -50.243185253383686, "latitude": -7.0086088450426711 }, "geometry": { "type": "Point", "coordinates": [ -50.243185253383686, -7.008608845042671 ] } },
{ "type": "Feature", "properties": { "rank": 1360, "candidate_id": 1762, "scenario": "eolico", "solar_kwh_m2_day": 5.3146476745605469, "wind_m_s": 5.7027959823608398, "dist_grid_km": 387.74649568592361, "dist_demand_km": 670.15475060582696, "connection_cost_brl": 465295794.82310832, "is_restricted": false, "restriction_factor": 1.0, "score_final": 0.36915602002792453, "longitude": -40.252214119304803, "latitude": -22.257572384689528 }, "geometry": { "type": "Point", "coordinates": [ -40.252214119304803, -22.257572384689528 ] } },
{ "type": "Feature", "properties": { "rank": 1361, "candidate_id": 2737, "scenario": "eolico", "solar_kwh_m2_day": 5.6820559501647949, "wind_m_s": 6.840090274810791, "dist_grid_km": 969.39038774989865, "dist_demand_km": 844.22474714030363, "connection_cost_brl": 1163268465.2998784, "is_restricted": false, "restriction_factor": 1.0, "score_final": 0.36879245860804893, "longitude": -33.36199339415419, "latitude": -15.122272198678678 }, "geometry": { "type": "Point", "coordinates": [ -33.36199339415419, -15.122272198678678 ] } },
{ "type": "Feature", "properties": { "rank": 1362, "candidate_id": 1887, "scenario": "eolico", "solar_kwh_m2_day": 5.9387321472167969, "wind_m_s": 6.0409550666809082, "dist_grid_km": 519.54495211502626, "dist_demand_km": 838.59972951391376, "connection_cost_brl": 623453942.53803146, "is_restricted": false, "restriction_factor": 1.0, "score_final": 0.36867620909822296, "longitude": -39.504802597984956, "latitude": -19.98871545678497 }, "geometry": { "type": "Point", "coordinates": [ -39.504802597984956, -19.98871545678497 ] } },
{ "type": "Feature", "properties": { "rank": 1363, "candidate_id": 329, "scenario": "eolico", "solar_kwh_m2_day": 5.8266057968139648, "wind_m_s": 5.6239886283874512, "dist_grid_km": 367.43330624226428, "dist_demand_km": 609.17571500761449, "connection_cost_brl": 440919967.49071711, "is_restricted": false, "restriction_factor": 1.0, "score_final": 0.36863492086140903, "longitude": -51.948782345022742, "latitude": -19.665851704698738 }, "geometry": { "type": "Point", "coordinates": [ -51.948782345022742, -19.665851704698738 ] } },
{ "type": "Feature", "properties": { "rank": 1364, "candidate_id": 593, "scenario": "eolico", "solar_kwh_m2_day": 6.0422987937927246, "wind_m_s": 6.0373234748840332, "dist_grid_km": 529.99794554611174, "dist_demand_km": 815.54285510453496, "connection_cost_brl": 635997534.65533412, "is_restricted": false, "restriction_factor": 1.0, "score_final": 0.36762861782913464, "longitude": -50.226791830806015, "latitude": -8.813081682277117 }, "geometry": { "type": "Point", "coordinates": [ -50.226791830806015, -8.813081682277117 ] } },
{ "type": "Feature", "properties": { "rank": 1365, "candidate_id": 2676, "scenario": "eolico", "solar_kwh_m2_day": 5.5933656692504883, "wind_m_s": 6.8987421989440918, "dist_grid_km": 992.19572130787913, "dist_demand_km": 889.16456736432656, "connection_cost_brl": 1190634865.5694549, "is_restricted": false, "restriction_factor": 1.0, "score_final": 0.36725353113858533, "longitude": -33.782596346585358, "latitude": -15.587096002504961 }, "geometry": { "type": "Point", "coordinates": [ -33.782596346585358, -15.587096002504961 ] } },
{ "type": "Feature", "properties": { "rank": 1366, "candidate_id": 2375, "scenario": "eolico", "solar_kwh_m2_day": 6.2462477684020996, "wind_m_s": 6.8306145668029785, "dist_grid_km": 929.3707660120167, "dist_demand_km": 956.66263569185548, "connection_cost_brl": 1115244919.2144201, "is_restricted": false, "restriction_factor": 1.0, "score_final": 0.36715640437986324, "longitude": -36.065943800613802, "latitude": -16.210573383940542 }, "geometry": { "type": "Point", "coordinates": [ -36.065943800613802, -16.210573383940542 ] } },
{ "type": "Feature", "properties": { "rank": 1367, "candidate_id": 351, "scenario": "eolico", "solar_kwh_m2_day": 5.7883343696594238, "wind_m_s": 6.0209360122680664, "dist_grid_km": 526.13696079365388, "dist_demand_km": 809.61318418840426, "connection_cost_brl": 631364352.95238471, "is_restricted": false, "restriction_factor": 1.0, "score_final": 0.3667963794475616, "longitude": -52.03971378735698, "latitude": -9.7305260717274091 }, "geometry": { "type": "Point", "coordinates": [ -52.03971378735698, -9.730526071727409 ] } },
{ "type": "Feature", "properties": { "rank": 1368, "candidate_id": 2003, "scenario": "eolico", "solar_kwh_m2_day": 5.2014036178588867, "wind_m_s": 6.1563916206359863, "dist_grid_km": 583.28348190761835, "dist_demand_km": 875.55246116854983, "connection_cost_brl": 699940178.28914201, "is_restricted": false, "restriction_factor": 1.0, "score_final": 0.36563326220890163, "longitude": -38.370596619508525, "latitude": -21.65249310447323 }, "geometry": { "type": "Point", "coordinates": [ -38.370596619508525, -21.65249310447323 ] } },
{ "type": "Feature", "properties": { "rank": 1369, "candidate_id": 719, "scenario": "eolico", "solar_kwh_m2_day": 6.2372660636901855, "wind_m_s": 6.6001558303833008, "dist_grid_km": 757.43239204378926, "dist_demand_km": 1088.3749060380333, "connection_cost_brl": 908918870.45254707, "is_restricted": false, "restriction_factor": 1.0, "score_final": 0.3654677207391232, "longitude": -49.346571178516633, "latitude": -6.0992759110161678 }, "geometry": { "type": "Point", "coordinates": [ -49.346571178516633, -6.099275911016168 ] } },
{ "type": "Feature", "properties": { "rank": 1370, "candidate_id": 228, "scenario": "eolico", "solar_kwh_m2_day": 6.2985115051269531, "wind_m_s": 5.8126158714294434, "dist_grid_km": 434.00488676884555, "dist_demand_km": 756.50684123085057, "connection_cost_brl": 520805864.12261468, "is_restricted": false, "restriction_factor": 1.0, "score_final": 0.36515740190812862, "longitude": -52.946508407255976, "latitude": -11.090417280613943 }, "geometry": { "type": "Point", "coordinates": [ -52.946508407255976, -11.090417280613943 ] } },
{ "type": "Feature", "properties": { "rank": 1371, "candidate_id": 104, "scenario": "eolico", "solar_kwh_m2_day": 5.2589931488037109, "wind_m_s": 5.5595226287841797, "dist_grid_km": 307.2853793741275, "dist_demand_km": 720.21205223202196, "connection_cost_brl": 368742455.24895298, "is_restricted": false, "restriction_factor": 1.0, "score_final": 0.36431374736203598, "longitude": -53.860883286136882, "latitude": -12.90017338983613 }, "geometry": { "type": "Point", "coordinates": [ -53.860883286136882, -12.90017338983613 ] } },
{ "type": "Feature", "properties": { "rank": 1372, "candidate_id": 2553, "scenario": "eolico", "solar_kwh_m2_day": 5.7340435981750488, "wind_m_s": 7.1369104385375977, "dist_grid_km": 1084.3277953326874, "dist_demand_km": 1038.0921677516292, "connection_cost_brl": 1301193354.399225, "is_restricted": false, "restriction_factor": 1.0, "score_final": 0.36426235310036753, "longitude": -34.580570357058356, "latitude": -16.948167997832613 }, "geometry": { "type": "Point", "coordinates": [ -34.580570357058356, -16.948167997832613 ] } },
{ "type": "Feature", "properties": { "rank": 1373, "candidate_id": 414, "scenario": "eolico", "solar_kwh_m2_day": 6.0801849365234375, "wind_m_s": 6.2723240852355957, "dist_grid_km": 639.85418404249276, "dist_demand_km": 916.62336965752058, "connection_cost_brl": 767825020.85099137, "is_restricted": false, "restriction_factor": 1.0, "score_final": 0.36411246644711442, "longitude": -51.593085129771538, "latitude": -8.3726018876783019 }, "geometry": { "type": "Point", "coordinates": [ -51.593085129771538, -8.372601887678302 ] } },
{ "type": "Feature", "properties": { "rank": 1374, "candidate_id": 2916, "scenario": "eolico", "solar_kwh_m2_day": 5.7694225311279297, "wind_m_s": 7.0624632835388184, "dist_grid_km": 1089.0304434617576, "dist_demand_km": 924.0790341499868, "connection_cost_brl": 1306836532.1541092, "is_restricted": false, "restriction_factor": 1.0, "score_final": 0.36292517783725042, "longitude": -31.927267221133274, "latitude": -15.419747593347145 }, "geometry": { "type": "Point", "coordinates": [ -31.927267221133274, -15.419747593347145 ] } },
{ "type": "Feature", "properties": { "rank": 1375, "candidate_id": 2009, "scenario": "eolico", "solar_kwh_m2_day": 5.3267593383789062, "wind_m_s": 6.3189225196838379, "dist_grid_km": 651.72406213715601, "dist_demand_km": 972.34687879419266, "connection_cost_brl": 782068874.56458724, "is_restricted": false, "restriction_factor": 1.0, "score_final": 0.36261857724989527, "longitude": -38.637607872103466, "latitude": -19.039073393597928 }, "geometry": { "type": "Point", "coordinates": [ -38.637607872103466, -19.039073393597928 ] } },
{ "type": "Feature", "properties": { "rank": 1376, "candidate_id": 2435, "scenario": "eolico", "solar_kwh_m2_day": 5.829010009765625, "wind_m_s": 6.8284749984741211, "dist_grid_km": 950.95591523604708, "dist_demand_km": 947.90849078575798, "connection_cost_brl": 1141147098.2832565, "is_restricted": false, "restriction_factor": 1.0, "score_final": 0.36213806223199629, "longitude": -35.600128346156609, "latitude": -16.172453758184712 }, "geometry": { "type": "Point", "coordinates": [ -35.600128346156609, -16.172453758184712 ] } },
{ "type": "Feature", "properties": { "rank": 1377, "candidate_id": 1820, "scenario": "eolico", "solar_kwh_m2_day": 5.1488137245178223, "wind_m_s": 5.8083276748657227, "dist_grid_km": 461.51237948266237, "dist_demand_km": 712.93666809773936, "connection_cost_brl": 553814855.37919486, "is_restricted": false, "restriction_factor": 1.0, "score_final": 0.36156544934102042, "longitude": -39.676795182464204, "latitude": -23.092554856217056 }, "geometry": { "type": "Point", "coordinates": [ -39.676795182464204, -23.092554856217056 ] } },
{ "type": "Feature", "properties": { "rank": 1378, "candidate_id": 2372, "scenario": "eolico", "solar_kwh_m2_day": 5.2104768753051758, "wind_m_s": 6.984034538269043, "dist_grid_km": 987.13414712412168, "dist_demand_km": 1104.0286844868053, "connection_cost_brl": 1184560976.5489459, "is_restricted": false, "restriction_factor": 1.0, "score_final": 0.3608283040484932, "longitude": -35.939760502685495, "latitude": -17.501711006806438 }, "geometry": { "type": "Point", "coordinates": [ -35.939760502685495, -17.501711006806438 ] } },
{ "type": "Feature", "properties": { "rank": 1379, "candidate_id": 286, "scenario": "eolico", "solar_kwh_m2_day": 5.488767147064209, "wind_m_s": 5.511167049407959, "dist_grid_km": 322.21815589623571, "dist_demand_km": 651.8404922131208, "connection_cost_brl": 386661787.07548285, "is_restricted": false, "restriction_factor": 1.0, "score_final": 0.35987281930523118, "longitude": -52.4840211677746, "latitude": -11.99216058047627 }, "geometry": { "type": "Point", "coordinates": [ -52.4840211677746, -11.99216058047627 ] } },
{ "type": "Feature", "properties": { "rank": 1380, "candidate_id": 1699, "scenario": "eolico", "solar_kwh_m2_day": 5.3006973266601562, "wind_m_s": 5.608464241027832, "dist_grid_km": 393.4003296038847, "dist_demand_km": 615.12665614385799, "connection_cost_brl": 472080395.52466166, "is_restricted": false, "restriction_factor": 1.0, "score_final": 0.35918044470270327, "longitude": -40.603908786943549, "latitude": -23.615431716886146 }, "geometry": { "type": "Point", "coordinates": [ -40.603908786943549, -23.615431716886146 ] } },
{ "type": "Feature", "properties": { "rank": 1381, "candidate_id": 2246, "scenario": "eolico", "solar_kwh_m2_day": 5.6267728805541992, "wind_m_s": 6.6329989433288574, "dist_grid_km": 795.78060622883322, "dist_demand_km": 1103.9469861537223, "connection_cost_brl": 954936727.47459984, "is_restricted": false, "restriction_factor": 1.0, "score_final": 0.35895379777088821, "longitude": -36.604196498055487, "latitude": -20.173370487718554 }, "geometry": { "type": "Point", "coordinates": [ -36.604196498055487, -20.173370487718554 ] } },
{ "type": "Feature", "properties": { "rank": 1382, "candidate_id": 2856, "scenario": "eolico", "solar_kwh_m2_day": 6.060694694519043, "wind_m_s": 6.9785256385803223, "dist_grid_km": 1062.2251908757096, "dist_demand_km": 911.36982228990155, "connection_cost_brl": 1274670229.0508516, "is_restricted": false, "restriction_factor": 1.0, "score_final": 0.35881117980971527, "longitude": -32.390838336491491, "latitude": -15.46261987720141 }, "geometry": { "type": "Point", "coordinates": [ -32.390838336491491, -15.46261987720141 ] } },
{ "type": "Feature", "properties": { "rank": 1383, "candidate_id": 476, "scenario": "eolico", "solar_kwh_m2_day": 6.3600144386291504, "wind_m_s": 6.4032559394836426, "dist_grid_km": 708.47061646704185, "dist_demand_km": 989.69540876307838, "connection_cost_brl": 850164739.76045024, "is_restricted": false, "restriction_factor": 1.0, "score_final": 0.35869041549227521, "longitude": -51.145361725619935, "latitude": -7.4665130645755218 }, "geometry": { "type": "Point", "coordinates": [ -51.145361725619935, -7.466513064575522 ] } },
{ "type": "Feature", "properties": { "rank": 1384, "candidate_id": 659, "scenario": "eolico", "solar_kwh_m2_day": 6.7116789817810059, "wind_m_s": 6.5948858261108398, "dist_grid_km": 779.01754126781987, "dist_demand_km": 1095.9534308999225, "connection_cost_brl": 934821049.52138388, "is_restricted": false, "restriction_factor": 1.0, "score_final": 0.35846915665150708, "longitude": -49.798255135924187, "latitude": -6.1029782876693872 }, "geometry": { "type": "Point", "coordinates": [ -49.798255135924187, -6.102978287669387 ] } },
{ "type": "Feature", "properties": { "rank": 1385, "candidate_id": 2186, "scenario": "eolico", "solar_kwh_m2_day": 5.2819919586181641, "wind_m_s": 6.5079865455627441, "dist_grid_km": 746.62277229990832, "dist_demand_km": 1055.8908711596591, "connection_cost_brl": 895947326.75988996, "is_restricted": false, "restriction_factor": 1.0, "score_final": 0.35791361396348786, "longitude": -37.080098036084784, "latitude": -20.218199751494222 }, "geometry": { "type": "Point", "coordinates": [ -37.080098036084784, -20.218199751494222 ] } },
{ "type": "Feature", "properties": { "rank": 1386, "candidate_id": 170, "scenario": "eolico", "solar_kwh_m2_day": 5.5371360778808594, "wind_m_s": 6.0247683525085449, "dist_grid_km": 545.79161764145556, "dist_demand_km": 862.96533787256794, "connection_cost_brl": 654949941.16974664, "is_restricted": false, "restriction_factor": 1.0, "score_final": 0.35733301560332453, "longitude": -53.405908560372602, "latitude": -10.187657980901141 }, "geometry": { "type": "Point", "coordinates": [ -53.405908560372602, -10.187657980901141 ] } },
{ "type": "Feature", "properties": { "rank": 1387, "candidate_id": 2857, "scenario": "eolico", "solar_kwh_m2_day": 5.6532979011535645, "wind_m_s": 6.8578891754150391, "dist_grid_km": 1019.8272526134252, "dist_demand_km": 862.76859031480785, "connection_cost_brl": 1223792703.1361103, "is_restricted": false, "restriction_factor": 1.0, "score_final": 0.3567253939889069, "longitude": -32.435940359050008, "latitude": -15.040973031114646 }, "geometry": { "type": "Point", "coordinates": [ -32.435940359050008, -15.040973031114646 ] } },
{ "type": "Feature", "properties": { "rank": 1388, "candidate_id": 1764, "scenario": "eolico", "solar_kwh_m2_day": 5.9548616409301758, "wind_m_s": 5.6266064643859863, "dist_grid_km": 385.38581000188299, "dist_demand_km": 691.90281343581239, "connection_cost_brl": 462462972.00225961, "is_restricted": false, "restriction_factor": 1.0, "score_final": 0.35668581046163489, "longitude": -40.337398483352345, "latitude": -21.379777484116282 }, "geometry": { "type": "Point", "coordinates": [ -40.337398483352345, -21.379777484116282 ] } },
{ "type": "Feature", "properties": { "rank": 1389, "candidate_id": 2064, "scenario": "eolico", "solar_kwh_m2_day": 5.8586287498474121, "wind_m_s": 6.2189116477966309, "dist_grid_km": 634.52995848616183, "dist_demand_km": 934.18230845927746, "connection_cost_brl": 761435950.18339419, "is_restricted": false, "restriction_factor": 1.0, "score_final": 0.3560935702703128, "longitude": -37.938837616421672, "latitude": -21.1736494824023 }, "geometry": { "type": "Point", "coordinates": [ -37.938837616421672, -21.1736494824023 ] } },
{ "type": "Feature", "properties": { "rank": 1390, "candidate_id": 347, "scenario": "eolico", "solar_kwh_m2_day": 5.8925719261169434, "wind_m_s": 5.5241022109985352, "dist_grid_km": 345.7337974964949, "dist_demand_km": 650.97491053560714, "connection_cost_brl": 414880556.99579388, "is_restricted": false, "restriction_factor": 1.0, "score_final": 0.35580764261118836, "longitude": -52.028140940971547, "latitude": -11.537574756509898 }, "geometry": { "type": "Point", "coordinates": [ -52.028140940971547, -11.537574756509898 ] } },
{ "type": "Feature", "properties": { "rank": 1391, "candidate_id": 2371, "scenario": "eolico", "solar_kwh_m2_day": 5.8402547836303711, "wind_m_s": 6.9372849464416504, "dist_grid_km": 965.83973080497174, "dist_demand_km": 1153.3016295473583, "connection_cost_brl": 1159007676.965966, "is_restricted": false, "restriction_factor": 1.0, "score_final": 0.35489974324767659, "longitude": -35.895211642007951, "latitude": -17.931851913764309 }, "geometry": { "type": "Point", "coordinates": [ -35.895211642007951, -17.931851913764309 ] } },
{ "type": "Feature", "properties": { "rank": 1392, "candidate_id": 477, "scenario": "eolico", "solar_kwh_m2_day": 6.4889755249023438, "wind_m_s": 6.4838132858276367, "dist_grid_km": 753.57140729133152, "dist_demand_km": 1036.7850768567844, "connection_cost_brl": 904285688.74959779, "is_restricted": false, "restriction_factor": 1.0, "score_final": 0.35441691303597334, "longitude": -51.148202198749281, "latitude": -7.0149640220185798 }, "geometry": { "type": "Point", "coordinates": [ -51.148202198749281, -7.01496402201858 ] } },
{ "type": "Feature", "properties": { "rank": 1393, "candidate_id": 1697, "scenario": "eolico", "solar_kwh_m2_day": 5.2934913635253906, "wind_m_s": 5.6940817832946777, "dist_grid_km": 454.52056245933642, "dist_demand_km": 631.47342748360325, "connection_cost_brl": 545424674.9512037, "is_restricted": false, "restriction_factor": 1.0, "score_final": 0.35441221920145338, "longitude": -40.510727596548762, "latitude": -24.493909339886841 }, "geometry": { "type": "Point", "coordinates": [ -40.510727596548762, -24.493909339886841 ] } },
{ "type": "Feature", "properties": { "rank": 1394, "candidate_id": 2248, "scenario": "eolico", "solar_kwh_m2_day": 5.0096321105957031, "wind_m_s": 6.6557846069335938, "dist_grid_km": 819.41543241753925, "dist_demand_km": 1135.0423171488899, "connection_cost_brl": 983298518.90104711, "is_restricted": false, "restriction_factor": 1.0, "score_final": 0.35329847738120512, "longitude": -36.700331010740435, "latitude": -19.30999280460227 }, "geometry": { "type": "Point", "coordinates": [ -36.700331010740435, -19.30999280460227 ] } },
{ "type": "Feature", "properties": { "rank": 1395, "candidate_id": 2373, "scenario": "eolico", "solar_kwh_m2_day": 5.5650787353515625, "wind_m_s": 6.9381828308105469, "dist_grid_km": 1010.4559679845104, "dist_demand_km": 1054.8241671590292, "connection_cost_brl": 1212547161.5814126, "is_restricted": false, "restriction_factor": 1.0, "score_final": 0.35281094703499577, "longitude": -35.983056764165624, "latitude": -17.071448595487468 }, "geometry": { "type": "Point", "coordinates": [ -35.983056764165624, -17.071448595487468 ] } },
{ "type": "Feature", "properties": { "rank": 1396, "candidate_id": 2492, "scenario": "eolico", "solar_kwh_m2_day": 5.6558647155761719, "wind_m_s": 7.0788884162902832, "dist_grid_km": 1077.5324787145507, "dist_demand_km": 1091.1157376371018, "connection_cost_brl": 1293038974.4574609, "is_restricted": false, "restriction_factor": 1.0, "score_final": 0.35263733797967622, "longitude": -35.002634350964072, "latitude": -17.418176026323803 }, "geometry": { "type": "Point", "coordinates": [ -35.002634350964072, -17.418176026323803 ] } },
{ "type": "Feature", "properties": { "rank": 1397, "candidate_id": 270, "scenario": "eolico", "solar_kwh_m2_day": 5.3110599517822266, "wind_m_s": 5.5164780616760254, "dist_grid_km": 367.03266596691265, "dist_demand_km": 614.87830652029254, "connection_cost_brl": 440439199.16029519, "is_restricted": false, "restriction_factor": 1.0, "score_final": 0.35262330169350381, "longitude": -52.429910142636956, "latitude": -19.219148632024694 }, "geometry": { "type": "Point", "coordinates": [ -52.429910142636956, -19.219148632024694 ] } },
{ "type": "Feature", "properties": { "rank": 1398, "candidate_id": 1637, "scenario": "eolico", "solar_kwh_m2_day": 4.609102725982666, "wind_m_s": 5.5830798149108887, "dist_grid_km": 418.77080100621617, "dist_demand_km": 583.06541072019286, "connection_cost_brl": 502524961.20745939, "is_restricted": false, "restriction_factor": 1.0, "score_final": 0.35200253468895493, "longitude": -41.001868615120181, "latitude": -24.536197135353429 }, "geometry": { "type": "Point", "coordinates": [ -41.001868615120181, -24.536197135353429 ] } },
{ "type": "Feature", "properties": { "rank": 1399, "candidate_id": 2367, "scenario": "eolico", "solar_kwh_m2_day": 5.6370596885681152, "wind_m_s": 6.8446044921875, "dist_grid_km": 903.60203094793519, "dist_demand_km": 1213.9179699870451, "connection_cost_brl": 1084322437.1375222, "is_restricted": false, "restriction_factor": 1.0, "score_final": 0.35173709226513056, "longitude": -35.704210572898674, "latitude": -19.651127967075315 }, "geometry": { "type": "Point", "coordinates": [ -35.704210572898674, -19.651127967075315 ] } },
{ "type": "Feature", "properties": { "rank": 1400, "candidate_id": 166, "scenario": "eolico", "solar_kwh_m2_day": 6.3431286811828613, "wind_m_s": 5.5761346817016602, "dist_grid_km": 365.38845434429658, "dist_demand_km": 730.07122974725553, "connection_cost_brl": 438466145.21315587, "is_restricted": false, "restriction_factor": 1.0, "score_final": 0.35092360260894728, "longitude": -53.402245472894293, "latitude": -11.995625005407071 }, "geometry": { "type": "Point", "coordinates": [ -53.402245472894293, -11.995625005407071 ] } },
{ "type": "Feature", "properties": { "rank": 1401, "candidate_id": 226, "scenario": "eolico", "solar_kwh_m2_day": 5.8665046691894531, "wind_m_s": 5.5078363418579102, "dist_grid_km": 343.80330512026603, "dist_demand_km": 690.25358665975568, "connection_cost_brl": 412563966.14431924, "is_restricted": false, "restriction_factor": 1.0, "score_final": 0.35027335185090369, "longitude": -52.943130390909928, "latitude": -11.994268800020855 }, "geometry": { "type": "Point", "coordinates": [ -52.943130390909928, -11.994268800020855 ] } },
{ "type": "Feature", "properties": { "rank": 1402, "candidate_id": 288, "scenario": "eolico", "solar_kwh_m2_day": 5.6557722091674805, "wind_m_s": 5.6419920921325684, "dist_grid_km": 412.41973754481523, "dist_demand_km": 721.6291389772631, "connection_cost_brl": 494903685.05377829, "is_restricted": false, "restriction_factor": 1.0, "score_final": 0.34921570273365449, "longitude": -52.48886544714081, "latitude": -11.088471972997921 }, "geometry": { "type": "Point", "coordinates": [ -52.48886544714081, -11.088471972997921 ] } },
{ "type": "Feature", "properties": { "rank": 1403, "candidate_id": 2429, "scenario": "eolico", "solar_kwh_m2_day": 5.5012388229370117, "wind_m_s": 6.9770908355712891, "dist_grid_km": 977.49307777623437, "dist_demand_km": 1245.3442825922837, "connection_cost_brl": 1172991693.3314812, "is_restricted": false, "restriction_factor": 1.0, "score_final": 0.34908229127644086, "longitude": -35.330543690020711, "latitude": -18.747157285795009 }, "geometry": { "type": "Point", "coordinates": [ -35.330543690020711, -18.747157285795009 ] } },
{ "type": "Feature", "properties": { "rank": 1404, "candidate_id": 2123, "scenario": "eolico", "solar_kwh_m2_day": 5.1598424911499023, "wind_m_s": 6.2808332443237305, "dist_grid_km": 683.2730336640924, "dist_demand_km": 974.25815117835668, "connection_cost_brl": 819927640.39691091, "is_restricted": false, "restriction_factor": 1.0, "score_final": 0.34884225231023991, "longitude": -37.409879529468995, "latitude": -21.562251352376158 }, "geometry": { "type": "Point", "coordinates": [ -37.409879529468995, -21.562251352376158 ] } },
{ "type": "Feature", "properties": { "rank": 1405, "candidate_id": 780, "scenario": "eolico", "solar_kwh_m2_day": 6.700930118560791, "wind_m_s": 6.5542597770690918, "dist_grid_km": 780.94803364404868, "dist_demand_km": 1132.8866858390984, "connection_cost_brl": 937137640.37285841, "is_restricted": false, "restriction_factor": 1.0, "score_final": 0.34863509740412468, "longitude": -48.899001021321553, "latitude": -5.6448618101811201 }, "geometry": { "type": "Point", "coordinates": [ -48.899001021321553, -5.64486181018112 ] } },
{ "type": "Feature", "properties": { "rank": 1406, "candidate_id": 2189, "scenario": "eolico", "solar_kwh_m2_day": 5.3862466812133789, "wind_m_s": 6.5471768379211426, "dist_grid_km": 788.8015470116303, "dist_demand_km": 1107.627510501412, "connection_cost_brl": 946561856.4139564, "is_restricted": false, "restriction_factor": 1.0, "score_final": 0.3479586983649528, "longitude": -37.218957716214767, "latitude": -18.919844502440025 }, "geometry": { "type": "Point", "coordinates": [ -37.218957716214767, -18.919844502440025 ] } },
{ "type": "Feature", "properties": { "rank": 1407, "candidate_id": 227, "scenario": "eolico", "solar_kwh_m2_day": 6.0855379104614258, "wind_m_s": 5.590573787689209, "dist_grid_km": 388.90409594455576, "dist_demand_km": 722.41006870258127, "connection_cost_brl": 466684915.1334669, "is_restricted": false, "restriction_factor": 1.0, "score_final": 0.34771153869962895, "longitude": -52.944854718379702, "latitude": -11.542350181255346 }, "geometry": { "type": "Point", "coordinates": [ -52.944854718379702, -11.542350181255346 ] } },
{ "type": "Feature", "properties": { "rank": 1408, "candidate_id": 1940, "scenario": "eolico", "solar_kwh_m2_day": 5.2381939888000488, "wind_m_s": 5.9438199996948242, "dist_grid_km": 556.44954369826382, "dist_demand_km": 812.93636011527428, "connection_cost_brl": 667739452.43791664, "is_restricted": false, "restriction_factor": 1.0, "score_final": 0.34754861018322925, "longitude": -38.705950415652744, "latitude": -23.003862732661215 }, "geometry": { "type": "Point", "coordinates": [ -38.705950415652744, -23.003862732661215 ] } },
{ "type": "Feature", "properties": { "rank": 1409, "candidate_id": 2312, "scenario": "eolico", "solar_kwh_m2_day": 5.7866888046264648, "wind_m_s": 6.8162035942077637, "dist_grid_km": 942.66251399179896, "dist_demand_km": 1113.8008025651716, "connection_cost_brl": 1131195016.7901587, "is_restricted": false, "restriction_factor": 1.0, "score_final": 0.34697780768505432, "longitude": -36.408623598692984, "latitude": -17.542175509534072 }, "geometry": { "type": "Point", "coordinates": [ -36.408623598692984, -17.542175509534072 ] } },
{ "type": "Feature", "properties": { "rank": 1410, "candidate_id": 2858, "scenario": "eolico", "solar_kwh_m2_day": 5.3053417205810547, "wind_m_s": 6.6785216331481934, "dist_grid_km": 978.14768527822855, "dist_demand_km": 814.336741088645, "connection_cost_brl": 1173777222.3338742, "is_restricted": false, "restriction_factor": 1.0, "score_final": 0.34592812278420471, "longitude": -32.479651441095022, "latitude": -14.619189302814075 }, "geometry": { "type": "Point", "coordinates": [ -32.479651441095022, -14.619189302814075 ] } },
{ "type": "Feature", "properties": { "rank": 1411, "candidate_id": 470, "scenario": "eolico", "solar_kwh_m2_day": 6.1280660629272461, "wind_m_s": 5.6530971527099609, "dist_grid_km": 437.86587152130335, "dist_demand_km": 715.49929512854806, "connection_cost_brl": 525439045.82556403, "is_restricted": false, "restriction_factor": 1.0, "score_final": 0.34488305414626252, "longitude": -51.124455323041261, "latitude": -10.175568450827345 }, "geometry": { "type": "Point", "coordinates": [ -51.124455323041261, -10.175568450827345 ] } },
{ "type": "Feature", "properties": { "rank": 1412, "candidate_id": 1822, "scenario": "eolico", "solar_kwh_m2_day": 5.6303186416625977, "wind_m_s": 5.6434192657470703, "dist_grid_km": 437.22826309588277, "dist_demand_km": 719.65325414336905, "connection_cost_brl": 524673915.71505934, "is_restricted": false, "restriction_factor": 1.0, "score_final": 0.34325546226781761, "longitude": -39.769232956687453, "latitude": -22.216952696621654 }, "geometry": { "type": "Point", "coordinates": [ -39.769232956687453, -22.216952696621654 ] } },
{ "type": "Feature", "properties": { "rank": 1413, "candidate_id": 1696, "scenario": "eolico", "solar_kwh_m2_day": 5.2548580169677734, "wind_m_s": 5.6869850158691406, "dist_grid_km": 489.48093362972952, "dist_demand_km": 645.32753922134168, "connection_cost_brl": 587377120.35567546, "is_restricted": false, "restriction_factor": 1.0, "score_final": 0.34313788601936457, "longitude": -40.462444275354088, "latitude": -24.932982700063075 }, "geometry": { "type": "Point", "coordinates": [ -40.462444275354088, -24.932982700063075 ] } },
{ "type": "Feature", "properties": { "rank": 1414, "candidate_id": 2494, "scenario": "eolico", "solar_kwh_m2_day": 5.6331887245178223, "wind_m_s": 6.8415350914001465, "dist_grid_km": 1017.6418552843672, "dist_demand_km": 991.50538466793262, "connection_cost_brl": 1221170226.3412406, "is_restricted": false, "restriction_factor": 1.0, "score_final": 0.34288235848226145, "longitude": -35.091818109666377, "latitude": -16.561876681108579 }, "geometry": { "type": "Point", "coordinates": [ -35.091818109666377, -16.561876681108579 ] } },
{ "type": "Feature", "properties": { "rank": 1415, "candidate_id": 776, "scenario": "eolico", "solar_kwh_m2_day": 6.4457693099975586, "wind_m_s": 6.0611672401428223, "dist_grid_km": 600.54487034688975, "dist_demand_km": 933.66325250951741, "connection_cost_brl": 720653844.41626775, "is_restricted": false, "restriction_factor": 1.0, "score_final": 0.34198187268390806, "longitude": -48.880638682330968, "latitude": -7.4461527468479449 }, "geometry": { "type": "Point", "coordinates": [ -48.880638682330968, -7.446152746847945 ] } },
{ "type": "Feature", "properties": { "rank": 1416, "candidate_id": 1941, "scenario": "eolico", "solar_kwh_m2_day": 5.0457096099853516, "wind_m_s": 5.8840866088867188, "dist_grid_km": 544.26421295089096, "dist_demand_km": 814.3565449714813, "connection_cost_brl": 653117055.54106915, "is_restricted": false, "restriction_factor": 1.0, "score_final": 0.34187870458333602, "longitude": -38.755628028174911, "latitude": -22.567981807503365 }, "geometry": { "type": "Point", "coordinates": [ -38.755628028174911, -22.567981807503365 ] } },
{ "type": "Feature", "properties": { "rank": 1417, "candidate_id": 2184, "scenario": "eolico", "solar_kwh_m2_day": 5.9068436622619629, "wind_m_s": 6.3576035499572754, "dist_grid_km": 734.35052017596297, "dist_demand_km": 1032.1256795165352, "connection_cost_brl": 881220624.21115553, "is_restricted": false, "restriction_factor": 1.0, "score_final": 0.34148232983509325, "longitude": -36.981283233254665, "latitude": -21.08313672653226 }, "geometry": { "type": "Point", "coordinates": [ -36.981283233254665, -21.08313672653226 ] } },
{ "type": "Feature", "properties": { "rank": 1418, "candidate_id": 2067, "scenario": "eolico", "solar_kwh_m2_day": 5.1501836776733398, "wind_m_s": 6.189094066619873, "dist_grid_km": 661.35511237729963, "dist_demand_km": 977.05156243647468, "connection_cost_brl": 793626134.8527596, "is_restricted": false, "restriction_factor": 1.0, "score_final": 0.340897335395349, "longitude": -38.077789172391952, "latitude": -19.870009167844827 }, "geometry": { "type": "Point", "coordinates": [ -38.077789172391952, -19.870009167844827 ] } },
{ "type": "Feature", "properties": { "rank": 1419, "candidate_id": 2068, "scenario": "eolico", "solar_kwh_m2_day": 5.1230697631835938, "wind_m_s": 6.2258090972900391, "dist_grid_km": 677.47916830308316, "dist_demand_km": 995.96225450564827, "connection_cost_brl": 812975001.96369982, "is_restricted": false, "restriction_factor": 1.0, "score_final": 0.34032258925660691, "longitude": -38.121731308405543, "latitude": -19.435229560113214 }, "geometry": { "type": "Point", "coordinates": [ -38.121731308405543, -19.435229560113214 ] } },
{ "type": "Feature", "properties": { "rank": 1420, "candidate_id": 1942, "scenario": "eolico", "solar_kwh_m2_day": 5.281463623046875, "wind_m_s": 5.8607077598571777, "dist_grid_km": 536.48016954599507, "dist_demand_km": 818.83309598373307, "connection_cost_brl": 643776203.45519412, "is_restricted": false, "restriction_factor": 1.0, "score_final": 0.34006502935741101, "longitude": -38.804098610815934, "latitude": -22.13197854727942 }, "geometry": { "type": "Point", "coordinates": [ -38.804098610815934, -22.13197854727942 ] } },
{ "type": "Feature", "properties": { "rank": 1421, "candidate_id": 168, "scenario": "eolico", "solar_kwh_m2_day": 5.9380068778991699, "wind_m_s": 5.6969056129455566, "dist_grid_km": 455.5900359928761, "dist_demand_km": 793.00478399382473, "connection_cost_brl": 546708043.19145131, "is_restricted": false, "restriction_factor": 1.0, "score_final": 0.33945008497664975, "longitude": -53.404156339166498, "latitude": -11.091668684566867 }, "geometry": { "type": "Point", "coordinates": [ -53.404156339166498, -11.091668684566867 ] } },
{ "type": "Feature", "properties": { "rank": 1422, "candidate_id": 2794, "scenario": "eolico", "solar_kwh_m2_day": 5.937903881072998, "wind_m_s": 7.0131492614746094, "dist_grid_km": 1125.702832629973, "dist_demand_km": 999.85922494105785, "connection_cost_brl": 1350843399.1559677, "is_restricted": false, "restriction_factor": 1.0, "score_final": 0.33930615266583031, "longitude": -32.761831469449376, "latitude": -16.350096932883012 }, "geometry": { "type": "Point", "coordinates": [ -32.761831469449376, -16.350096932883012 ] } },
{ "type": "Feature", "properties": { "rank": 1423, "candidate_id": 2126, "scenario": "eolico", "solar_kwh_m2_day": 5.2443575859069824, "wind_m_s": 6.2597479820251465, "dist_grid_km": 697.58465793312303, "dist_demand_km": 1008.023866462854, "connection_cost_brl": 837101589.51974761, "is_restricted": false, "restriction_factor": 1.0, "score_final": 0.33896628429806691, "longitude": -37.556257265710578, "latitude": -20.261972875567434 }, "geometry": { "type": "Point", "coordinates": [ -37.556257265710578, -20.261972875567434 ] } },
{ "type": "Feature", "properties": { "rank": 1424, "candidate_id": 2615, "scenario": "eolico", "solar_kwh_m2_day": 5.8255672454833984, "wind_m_s": 6.7723455429077148, "dist_grid_km": 1015.7113629081384, "dist_demand_km": 937.28962014324588, "connection_cost_brl": 1218853635.4897661, "is_restricted": false, "restriction_factor": 1.0, "score_final": 0.33841646838823397, "longitude": -34.203716322896838, "latitude": -16.053384026008462 }, "geometry": { "type": "Point", "coordinates": [ -34.203716322896838, -16.053384026008462 ] } },
{ "type": "Feature", "properties": { "rank": 1425, "candidate_id": 2855, "scenario": "eolico", "solar_kwh_m2_day": 5.3340034484863281, "wind_m_s": 6.9411396980285645, "dist_grid_km": 1105.2588326219468, "dist_demand_km": 960.11471477509008, "connection_cost_brl": 1326310599.1463361, "is_restricted": false, "restriction_factor": 1.0, "score_final": 0.33781903976286121, "longitude": -32.344332621747512, "latitude": -15.884125391946505 }, "geometry": { "type": "Point", "coordinates": [ -32.344332621747512, -15.884125391946505 ] } },
{ "type": "Feature", "properties": { "rank": 1426, "candidate_id": 411, "scenario": "eolico", "solar_kwh_m2_day": 5.9926657676696777, "wind_m_s": 5.7645821571350098, "dist_grid_km": 504.55181156962351, "dist_demand_km": 783.53016623718679, "connection_cost_brl": 605462173.88354826, "is_restricted": false, "restriction_factor": 1.0, "score_final": 0.3376080663503957, "longitude": -51.584055048201151, "latitude": -9.7276107752858572 }, "geometry": { "type": "Point", "coordinates": [ -51.584055048201151, -9.727610775285857 ] } },
{ "type": "Feature", "properties": { "rank": 1427, "candidate_id": 1878, "scenario": "eolico", "solar_kwh_m2_day": 5.0415000915527344, "wind_m_s": 5.8292827606201172, "dist_grid_km": 548.30649085596644, "dist_demand_km": 769.7077339335068, "connection_cost_brl": 657967789.02715969, "is_restricted": false, "restriction_factor": 1.0, "score_final": 0.33707430097488039, "longitude": -39.091152247648964, "latitude": -23.922143104759659 }, "geometry": { "type": "Point", "coordinates": [ -39.091152247648964, -23.922143104759659 ] } },
{ "type": "Feature", "properties": { "rank": 1428, "candidate_id": 2365, "scenario": "eolico", "solar_kwh_m2_day": 5.2649750709533691, "wind_m_s": 6.6991477012634277, "dist_grid_km": 887.87485193530495, "dist_demand_km": 1189.1066917550477, "connection_cost_brl": 1065449822.3223659, "is_restricted": false, "restriction_factor": 1.0, "score_final": 0.33700209034365491, "longitude": -35.600817684547081, "latitude": -20.509941233822634 }, "geometry": { "type": "Point", "coordinates": [ -35.600817684547081, -20.509941233822634 ] } },
{ "type": "Feature", "properties": { "rank": 1429, "candidate_id": 1575, "scenario": "eolico", "solar_kwh_m2_day": 5.0412311553955078, "wind_m_s": 5.5319328308105469, "dist_grid_km": 453.70924420103853, "dist_demand_km": 571.44531081975833, "connection_cost_brl": 544451093.04124629, "is_restricted": false, "restriction_factor": 1.0, "score_final": 0.3367306958401321, "longitude": -41.402257421941286, "latitude": -25.458472843700687 }, "geometry": { "type": "Point", "coordinates": [ -41.402257421941286, -25.458472843700687 ] } },
{ "type": "Feature", "properties": { "rank": 1430, "candidate_id": 232, "scenario": "eolico", "solar_kwh_m2_day": 5.9836997985839844, "wind_m_s": 6.0320248603820801, "dist_grid_km": 614.40805006600465, "dist_demand_km": 907.74873984705948, "connection_cost_brl": 737289660.07920563, "is_restricted": false, "restriction_factor": 1.0, "score_final": 0.33663105146181477, "longitude": -52.952427070113366, "latitude": -9.2825535337662437 }, "geometry": { "type": "Point", "coordinates": [ -52.952427070113366, -9.282553533766244 ] } },
{ "type": "Feature", "properties": { "rank": 1431, "candidate_id": 1819, "scenario": "eolico", "solar_kwh_m2_day": 4.7357692718505859, "wind_m_s": 5.6682620048522949, "dist_grid_km": 481.04702223244476, "dist_demand_km": 714.82000250265025, "connection_cost_brl": 577256426.67893374, "is_restricted": false, "restriction_factor": 1.0, "score_final": 0.33608862738724737, "longitude": -39.628851213182735, "latitude": -23.530186093038196 }, "geometry": { "type": "Point", "coordinates": [ -39.628851213182735, -23.530186093038196 ] } },
{ "type": "Feature", "properties": { "rank": 1432, "candidate_id": 2124, "scenario": "eolico", "solar_kwh_m2_day": 5.1200017929077148, "wind_m_s": 6.1963000297546387, "dist_grid_km": 684.43369098078358, "dist_demand_km": 983.10223368573781, "connection_cost_brl": 821320429.17694032, "is_restricted": false, "restriction_factor": 1.0, "score_final": 0.33546731475267283, "longitude": -37.459921160301768, "latitude": -21.1289533021239 }, "geometry": { "type": "Point", "coordinates": [ -37.459921160301768, -21.1289533021239 ] } },
{ "type": "Feature", "properties": { "rank": 1433, "candidate_id": 110, "scenario": "eolico", "solar_kwh_m2_day": 6.4774308204650879, "wind_m_s": 5.9325194358825684, "dist_grid_km": 567.37676686548593, "dist_demand_km": 897.9215784117946, "connection_cost_brl": 680852120.23858309, "is_restricted": false, "restriction_factor": 1.0, "score_final": 0.33516997995593023, "longitude": -53.862213501608558, "latitude": -10.188168633036497 }, "geometry": { "type": "Point", "coordinates": [ -53.862213501608558, -10.188168633036497 ] } },
{ "type": "Feature", "properties": { "rank": 1434, "candidate_id": 2675, "scenario": "eolico", "solar_kwh_m2_day": 5.5105338096618652, "wind_m_s": 6.7842774391174316, "dist_grid_km": 1037.2965121321688, "dist_demand_km": 939.06279896666967, "connection_cost_brl": 1244755814.5586026, "is_restricted": false, "restriction_factor": 1.0, "score_final": 0.33445352495009706, "longitude": -33.738598351731746, "latitude": -16.012167493584197 }, "geometry": { "type": "Point", "coordinates": [ -33.738598351731746, -16.012167493584197 ] } },
{ "type": "Feature", "properties": { "rank": 1435, "candidate_id": 33, "scenario": "eolico", "solar_kwh_m2_day": 5.7727518081665039, "wind_m_s": 5.5192885398864746, "dist_grid_km": 400.98519656010808, "dist_demand_km": 724.96217739958649, "connection_cost_brl": 481182235.87212968, "is_restricted": false, "restriction_factor": 1.0, "score_final": 0.33404869944030008, "longitude": -54.32931956378787, "latitude": -17.870422070642114 }, "geometry": { "type": "Point", "coordinates": [ -54.32931956378787, -17.870422070642114 ] } },
{ "type": "Feature", "properties": { "rank": 1436, "candidate_id": 1946, "scenario": "eolico", "solar_kwh_m2_day": 5.0084848403930664, "wind_m_s": 5.872248649597168, "dist_grid_km": 551.50768587961375, "dist_demand_km": 865.8705827316079, "connection_cost_brl": 661809223.05553651, "is_restricted": false, "restriction_factor": 1.0, "score_final": 0.33349373724024411, "longitude": -38.986231900304524, "latitude": -20.386802624525771 }, "geometry": { "type": "Point", "coordinates": [ -38.986231900304524, -20.386802624525771 ] } },
{ "type": "Feature", "properties": { "rank": 1437, "candidate_id": 1881, "scenario": "eolico", "solar_kwh_m2_day": 5.4324555397033691, "wind_m_s": 5.7054381370544434, "dist_grid_km": 495.38098910426942, "dist_demand_km": 764.44958362099055, "connection_cost_brl": 594457186.92512333, "is_restricted": false, "restriction_factor": 1.0, "score_final": 0.3331678777604955, "longitude": -39.239458944368913, "latitude": -22.612026137323458 }, "geometry": { "type": "Point", "coordinates": [ -39.239458944368913, -22.612026137323458 ] } },
{ "type": "Feature", "properties": { "rank": 1438, "candidate_id": 2490, "scenario": "eolico", "solar_kwh_m2_day": 5.3630757331848145, "wind_m_s": 6.9370560646057129, "dist_grid_km": 1040.6254681923899, "dist_demand_km": 1190.7914082714944, "connection_cost_brl": 1248750561.830868, "is_restricted": false, "restriction_factor": 1.0, "score_final": 0.33221510926123204, "longitude": -34.908223780834369, "latitude": -18.273952181660817 }, "geometry": { "type": "Point", "coordinates": [ -34.908223780834369, -18.273952181660817 ] } },
{ "type": "Feature", "properties": { "rank": 1439, "candidate_id": 354, "scenario": "eolico", "solar_kwh_m2_day": 6.2133684158325195, "wind_m_s": 6.1042594909667969, "dist_grid_km": 661.43933326652325, "dist_demand_km": 939.01671359476916, "connection_cost_brl": 793727199.91982794, "is_restricted": false, "restriction_factor": 1.0, "score_final": 0.33213587369940373, "longitude": -52.047043719983883, "latitude": -8.3751050260255386 }, "geometry": { "type": "Point", "coordinates": [ -52.047043719983883, -8.375105026025539 ] } },
{ "type": "Feature", "properties": { "rank": 1440, "candidate_id": 2125, "scenario": "eolico", "solar_kwh_m2_day": 5.6315650939941406, "wind_m_s": 6.1876735687255859, "dist_grid_km": 689.22921888630458, "dist_demand_km": 994.38476387075855, "connection_cost_brl": 827075062.66356552, "is_restricted": false, "restriction_factor": 1.0, "score_final": 0.33193477782651276, "longitude": -37.508708428581613, "latitude": -20.6955260232982 }, "geometry": { "type": "Point", "coordinates": [ -37.508708428581613, -20.6955260232982 ] } },
{ "type": "Feature", "properties": { "rank": 1441, "candidate_id": 1884, "scenario": "eolico", "solar_kwh_m2_day": 5.3235454559326172, "wind_m_s": 5.6913919448852539, "dist_grid_km": 484.93777004587361, "dist_demand_km": 788.2362184774039, "connection_cost_brl": 581925324.05504835, "is_restricted": false, "restriction_factor": 1.0, "score_final": 0.33158276816851873, "longitude": -39.377202211158483, "latitude": -21.300857800079807 }, "geometry": { "type": "Point", "coordinates": [ -39.377202211158483, -21.300857800079807 ] } },
{ "type": "Feature", "properties": { "rank": 1442, "candidate_id": 1758, "scenario": "eolico", "solar_kwh_m2_day": 5.1683769226074219, "wind_m_s": 5.5738239288330078, "dist_grid_km": 462.59873502694199, "dist_demand_km": 670.71839306663514, "connection_cost_brl": 555118482.03233039, "is_restricted": false, "restriction_factor": 1.0, "score_final": 0.33124728658322022, "longitude": -40.068646120118295, "latitude": -24.011899736607109 }, "geometry": { "type": "Point", "coordinates": [ -40.068646120118295, -24.011899736607109 ] } },
{ "type": "Feature", "properties": { "rank": 1443, "candidate_id": 840, "scenario": "eolico", "solar_kwh_m2_day": 6.3055739402770996, "wind_m_s": 6.3920145034790039, "dist_grid_km": 759.3628844200183, "dist_demand_km": 1129.9903788720869, "connection_cost_brl": 911235461.30402195, "is_restricted": false, "restriction_factor": 1.0, "score_final": 0.330918522829173, "longitude": -48.447689659772479, "latitude": -5.6407465309361022 }, "geometry": { "type": "Point", "coordinates": [ -48.447689659772479, -5.640746530936102 ] } },
{ "type": "Feature", "properties": { "rank": 1444, "candidate_id": 2181, "scenario": "eolico", "solar_kwh_m2_day": 5.0659952163696289, "wind_m_s": 6.284266471862793, "dist_grid_km": 741.28831774928642, "dist_demand_km": 1014.0760563666897, "connection_cost_brl": 889545981.29914367, "is_restricted": false, "restriction_factor": 1.0, "score_final": 0.33076451559410674, "longitude": -36.823378721307535, "latitude": -22.379522701735912 }, "geometry": { "type": "Point", "coordinates": [ -36.823378721307535, -22.379522701735912 ] } },
{ "type": "Feature", "properties": { "rank": 1445, "candidate_id": 532, "scenario": "eolico", "solar_kwh_m2_day": 5.9892144203186035, "wind_m_s": 5.7105998992919922, "dist_grid_km": 506.48230394585238, "dist_demand_km": 785.00817935474947, "connection_cost_brl": 607778764.7350229, "is_restricted": false, "restriction_factor": 1.0, "score_final": 0.32915216197808789, "longitude": -50.677121790061221, "latitude": -9.2686708463032321 }, "geometry": { "type": "Point", "coordinates": [ -50.677121790061221, -9.268670846303232 ] } },
{ "type": "Feature", "properties": { "rank": 1446, "candidate_id": 2914, "scenario": "eolico", "solar_kwh_m2_day": 5.4031968116760254, "wind_m_s": 7.0374879837036133, "dist_grid_km": 1173.6851233198338, "dist_demand_km": 1020.4766956914913, "connection_cost_brl": 1408422147.9838006, "is_restricted": false, "restriction_factor": 1.0, "score_final": 0.3286215210071855, "longitude": -31.831185237052015, "latitude": -16.260153990576161 }, "geometry": { "type": "Point", "coordinates": [ -31.831185237052015, -16.260153990576161 ] } },
{ "type": "Feature", "properties": { "rank": 1447, "candidate_id": 595, "scenario": "eolico", "solar_kwh_m2_day": 5.535947322845459, "wind_m_s": 5.9888739585876465, "dist_grid_km": 620.1995271946912, "dist_demand_km": 911.57157450442639, "connection_cost_brl": 744239432.63362944, "is_restricted": false, "restriction_factor": 1.0, "score_final": 0.32853721347699916, "longitude": -50.235470756612344, "latitude": -7.910868924123335 }, "geometry": { "type": "Point", "coordinates": [ -50.235470756612344, -7.910868924123335 ] } },
{ "type": "Feature", "properties": { "rank": 1448, "candidate_id": 2306, "scenario": "eolico", "solar_kwh_m2_day": 5.6583852767944336, "wind_m_s": 6.5308732986450195, "dist_grid_km": 845.03726686049652, "dist_demand_km": 1152.1685487277757, "connection_cost_brl": 1014044720.2325958, "is_restricted": false, "restriction_factor": 1.0, "score_final": 0.32703474302535473, "longitude": -36.128557292890278, "latitude": -20.127500763341708 }, "geometry": { "type": "Point", "coordinates": [ -36.128557292890278, -20.127500763341708 ] } },
{ "type": "Feature", "properties": { "rank": 1449, "candidate_id": 172, "scenario": "eolico", "solar_kwh_m2_day": 6.2991867065429688, "wind_m_s": 6.0222330093383789, "dist_grid_km": 635.99319929003502, "dist_demand_km": 938.38252397513133, "connection_cost_brl": 763191839.14804208, "is_restricted": false, "restriction_factor": 1.0, "score_final": 0.32682228383564027, "longitude": -53.407504384052643, "latitude": -9.2835971288409755 }, "geometry": { "type": "Point", "coordinates": [ -53.407504384052643, -9.283597128840976 ] } },
{ "type": "Feature", "properties": { "rank": 1450, "candidate_id": 2734, "scenario": "eolico", "solar_kwh_m2_day": 5.8373498916625977, "wind_m_s": 6.8810954093933105, "dist_grid_km": 1103.982452180489, "dist_demand_km": 993.17237241321175, "connection_cost_brl": 1324778942.6165867, "is_restricted": false, "restriction_factor": 1.0, "score_final": 0.32635404278451752, "longitude": -33.227447700549014, "latitude": -16.393975420359421 }, "geometry": { "type": "Point", "coordinates": [ -33.227447700549014, -16.393975420359421 ] } },
{ "type": "Feature", "properties": { "rank": 1451, "candidate_id": 716, "scenario": "eolico", "solar_kwh_m2_day": 6.5831136703491211, "wind_m_s": 5.99346923828125, "dist_grid_km": 622.13001957092013, "dist_demand_km": 939.83033346166474, "connection_cost_brl": 746556023.4851042, "is_restricted": false, "restriction_factor": 1.0, "score_final": 0.32606771690267172, "longitude": -49.333565666318158, "latitude": -7.4511397564994448 }, "geometry": { "type": "Point", "coordinates": [ -49.333565666318158, -7.451139756499445 ] } },
{ "type": "Feature", "properties": { "rank": 1452, "candidate_id": 539, "scenario": "eolico", "solar_kwh_m2_day": 5.8218474388122559, "wind_m_s": 6.4609518051147461, "dist_grid_km": 822.18783971588073, "dist_demand_km": 1117.6859558558199, "connection_cost_brl": 986625407.6590569, "is_restricted": false, "restriction_factor": 1.0, "score_final": 0.32597430593413296, "longitude": -50.701640038241166, "latitude": -6.1092601716912673 }, "geometry": { "type": "Point", "coordinates": [ -50.701640038241166, -6.109260171691267 ] } },
{ "type": "Feature", "properties": { "rank": 1453, "candidate_id": 384, "scenario": "eolico", "solar_kwh_m2_day": 5.6624550819396973, "wind_m_s": 5.525538444519043, "dist_grid_km": 510.05431329602442, "dist_demand_km": 525.81453491701552, "connection_cost_brl": 612065175.95522928, "is_restricted": false, "restriction_factor": 1.0, "score_final": 0.32564277848579964, "longitude": -51.43416233172232, "latitude": -21.915605705415768 }, "geometry": { "type": "Point", "coordinates": [ -51.43416233172232, -21.915605705415768 ] } },
{ "type": "Feature", "properties": { "rank": 1454, "candidate_id": 2188, "scenario": "eolico", "solar_kwh_m2_day": 5.7741494178771973, "wind_m_s": 6.3486170768737793, "dist_grid_km": 771.76449889256651, "dist_demand_km": 1088.3600715200548, "connection_cost_brl": 926117398.67107975, "is_restricted": false, "restriction_factor": 1.0, "score_final": 0.32534484457321378, "longitude": -37.173899335392434, "latitude": -19.352751698766856 }, "geometry": { "type": "Point", "coordinates": [ -37.173899335392434, -19.352751698766856 ] } },
{ "type": "Feature", "properties": { "rank": 1455, "candidate_id": 2370, "scenario": "eolico", "solar_kwh_m2_day": 5.4459400177001953, "wind_m_s": 6.7254295349121094, "dist_grid_km": 946.7095366501668, "dist_demand_km": 1202.6345917457713, "connection_cost_brl": 1136051443.9802001, "is_restricted": false, "restriction_factor": 1.0, "score_final": 0.3244831466727367, "longitude": -35.849396546889892, "latitude": -18.361867727018019 }, "geometry": { "type": "Point", "coordinates": [ -35.849396546889892, -18.361867727018019 ] } },
{ "type": "Feature", "properties": { "rank": 1456, "candidate_id": 600, "scenario": "eolico", "solar_kwh_m2_day": 6.0659265518188477, "wind_m_s": 6.5115008354187012, "dist_grid_km": 845.70348131614003, "dist_demand_km": 1154.5969871671825, "connection_cost_brl": 1014844177.579368, "is_restricted": false, "restriction_factor": 1.0, "score_final": 0.32382960072281702, "longitude": -50.252969446281071, "latitude": -5.6551416879042389 }, "geometry": { "type": "Point", "coordinates": [ -50.252969446281071, -5.655141687904239 ] } },
{ "type": "Feature", "properties": { "rank": 1457, "candidate_id": 2066, "scenario": "eolico", "solar_kwh_m2_day": 5.4277634620666504, "wind_m_s": 6.037872314453125, "dist_grid_km": 648.69341437272499, "dist_demand_km": 960.37424940443873, "connection_cost_brl": 778432097.24726999, "is_restricted": false, "restriction_factor": 1.0, "score_final": 0.32378173269609123, "longitude": -38.032669358991036, "latitude": -20.304674442755662 }, "geometry": { "type": "Point", "coordinates": [ -38.032669358991036, -20.304674442755662 ] } },
{ "type": "Feature", "properties": { "rank": 1458, "candidate_id": 1634, "scenario": "eolico", "solar_kwh_m2_day": 5.226768970489502, "wind_m_s": 5.6039319038391113, "dist_grid_km": 524.41937682455205, "dist_demand_km": 638.77390597695478, "connection_cost_brl": 629303252.18946242, "is_restricted": false, "restriction_factor": 1.0, "score_final": 0.32276844407479716, "longitude": -40.85856955377313, "latitude": -25.855666977858025 }, "geometry": { "type": "Point", "coordinates": [ -40.85856955377313, -25.855666977858025 ] } },
{ "type": "Feature", "properties": { "rank": 1459, "candidate_id": 475, "scenario": "eolico", "solar_kwh_m2_day": 6.320037841796875, "wind_m_s": 6.033233642578125, "dist_grid_km": 663.36982564275218, "dist_demand_km": 942.90546114682445, "connection_cost_brl": 796043790.77130258, "is_restricted": false, "restriction_factor": 1.0, "score_final": 0.32098457024224092, "longitude": -51.142338953245364, "latitude": -7.9180517547519811 }, "geometry": { "type": "Point", "coordinates": [ -51.142338953245364, -7.918051754751981 ] } },
{ "type": "Feature", "properties": { "rank": 1460, "candidate_id": 413, "scenario": "eolico", "solar_kwh_m2_day": 6.3644723892211914, "wind_m_s": 5.8620271682739258, "dist_grid_km": 594.75339321820297, "dist_demand_km": 871.64907407516716, "connection_cost_brl": 713704071.86184359, "is_restricted": false, "restriction_factor": 1.0, "score_final": 0.32040003440991838, "longitude": -51.590231417749315, "latitude": -8.8242835200480148 }, "geometry": { "type": "Point", "coordinates": [ -51.590231417749315, -8.824283520048015 ] } },
{ "type": "Feature", "properties": { "rank": 1461, "candidate_id": 2614, "scenario": "eolico", "solar_kwh_m2_day": 5.7802138328552246, "wind_m_s": 6.7594943046569824, "dist_grid_km": 1060.812153732428, "dist_demand_km": 987.28777191617053, "connection_cost_brl": 1272974584.4789135, "is_restricted": false, "restriction_factor": 1.0, "score_final": 0.32033368260919892, "longitude": -34.159256278123436, "latitude": -16.47947622963429 }, "geometry": { "type": "Point", "coordinates": [ -34.159256278123436, -16.47947622963429 ] } },
{ "type": "Feature", "properties": { "rank": 1462, "candidate_id": 2063, "scenario": "eolico", "solar_kwh_m2_day": 5.8085594177246094, "wind_m_s": 5.9588360786437988, "dist_grid_km": 633.27784534073464, "dist_demand_km": 924.87054699449016, "connection_cost_brl": 759933414.40888155, "is_restricted": false, "restriction_factor": 1.0, "score_final": 0.31959246148641085, "longitude": -37.890094941982035, "latitude": -21.607952873645701 }, "geometry": { "type": "Point", "coordinates": [ -37.890094941982035, -21.607952873645701 ] } },
{ "type": "Feature", "properties": { "rank": 1463, "candidate_id": 231, "scenario": "eolico", "solar_kwh_m2_day": 5.7667217254638672, "wind_m_s": 5.8022470474243164, "dist_grid_km": 569.30725924171486, "dist_demand_km": 868.09071025308958, "connection_cost_brl": 683168711.09005785, "is_restricted": false, "restriction_factor": 1.0, "score_final": 0.31858385513009485, "longitude": -52.951050849295079, "latitude": -9.7345382166214662 }, "geometry": { "type": "Point", "coordinates": [ -52.951050849295079, -9.734538216621466 ] } },
{ "type": "Feature", "properties": { "rank": 1464, "candidate_id": 2182, "scenario": "eolico", "solar_kwh_m2_day": 5.5077338218688965, "wind_m_s": 6.1895637512207031, "dist_grid_km": 735.5921484413858, "dist_demand_km": 1017.6744591649311, "connection_cost_brl": 882710578.12966299, "is_restricted": false, "restriction_factor": 1.0, "score_final": 0.31816158965035252, "longitude": -36.877327048635415, "latitude": -21.947534749191142 }, "geometry": { "type": "Point", "coordinates": [ -36.877327048635415, -21.947534749191142 ] } },
{ "type": "Feature", "properties": { "rank": 1465, "candidate_id": 292, "scenario": "eolico", "solar_kwh_m2_day": 5.9233050346374512, "wind_m_s": 5.8428926467895508, "dist_grid_km": 592.82290084197416, "dist_demand_km": 878.89350212975819, "connection_cost_brl": 711387481.01036894, "is_restricted": false, "restriction_factor": 1.0, "score_final": 0.31744408636770249, "longitude": -52.497353193665099, "latitude": -9.280931262512647 }, "geometry": { "type": "Point", "coordinates": [ -52.497353193665099, -9.280931262512647 ] } },
{ "type": "Feature", "properties": { "rank": 1466, "candidate_id": 353, "scenario": "eolico", "solar_kwh_m2_day": 5.6030983924865723, "wind_m_s": 5.8923063278198242, "dist_grid_km": 616.33854244223335, "dist_demand_km": 895.16819366201196, "connection_cost_brl": 739606250.93068004, "is_restricted": false, "restriction_factor": 1.0, "score_final": 0.31706361845153669, "longitude": -52.044727297437127, "latitude": -8.8269237189124752 }, "geometry": { "type": "Point", "coordinates": [ -52.044727297437127, -8.826923718912475 ] } },
{ "type": "Feature", "properties": { "rank": 1467, "candidate_id": 2243, "scenario": "eolico", "solar_kwh_m2_day": 5.8132410049438477, "wind_m_s": 6.3004841804504395, "dist_grid_km": 783.26525315424863, "dist_demand_km": 1073.2035119289515, "connection_cost_brl": 939918303.78509831, "is_restricted": false, "restriction_factor": 1.0, "score_final": 0.31684114138208114, "longitude": -36.450330254444076, "latitude": -21.467430102239007 }, "geometry": { "type": "Point", "coordinates": [ -36.450330254444076, -21.467430102239007 ] } },
{ "type": "Feature", "properties": { "rank": 1468, "candidate_id": 2190, "scenario": "eolico", "solar_kwh_m2_day": 5.5196585655212402, "wind_m_s": 6.3723587989807129, "dist_grid_km": 808.57610611802511, "dist_demand_km": 1128.7824231267834, "connection_cost_brl": 970291327.3416301, "is_restricted": false, "restriction_factor": 1.0, "score_final": 0.31558266561983156, "longitude": -37.262807122444464, "latitude": -18.486819620212017 }, "geometry": { "type": "Point", "coordinates": [ -37.262807122444464, -18.486819620212017 ] } },
{ "type": "Feature", "properties": { "rank": 1469, "candidate_id": 2368, "scenario": "eolico", "solar_kwh_m2_day": 5.0626139640808105, "wind_m_s": 6.6240510940551758, "dist_grid_km": 915.46931633467659, "dist_demand_km": 1229.1899343054699, "connection_cost_brl": 1098563179.6016119, "is_restricted": false, "restriction_factor": 1.0, "score_final": 0.31530712246295112, "longitude": -35.753910812964172, "latitude": -19.221509468945708 }, "geometry": { "type": "Point", "coordinates": [ -35.753910812964172, -19.221509468945708 ] } },
{ "type": "Feature", "properties": { "rank": 1470, "candidate_id": 47, "scenario": "eolico", "solar_kwh_m2_day": 5.386934757232666, "wind_m_s": 5.5510678291320801, "dist_grid_km": 457.61485552085873, "dist_demand_km": 840.55830683356396, "connection_cost_brl": 549137826.62503052, "is_restricted": false, "restriction_factor": 1.0, "score_final": 0.31335121096157775, "longitude": -54.319960046803182, "latitude": -11.544090911134573 }, "geometry": { "type": "Point", "coordinates": [ -54.319960046803182, -11.544090911134573 ] } },
{ "type": "Feature", "properties": { "rank": 1471, "candidate_id": 1998, "scenario": "eolico", "solar_kwh_m2_day": 5.5291023254394531, "wind_m_s": 5.8877220153808594, "dist_grid_km": 638.186827019362, "dist_demand_km": 868.92855204338798, "connection_cost_brl": 765824192.42323434, "is_restricted": false, "restriction_factor": 1.0, "score_final": 0.31325788162223489, "longitude": -38.115003421179544, "latitude": -23.827023638045524 }, "geometry": { "type": "Point", "coordinates": [ -38.115003421179544, -23.827023638045524 ] } },
{ "type": "Feature", "properties": { "rank": 1472, "candidate_id": 2000, "scenario": "eolico", "solar_kwh_m2_day": 5.2720723152160645, "wind_m_s": 5.8235812187194824, "dist_grid_km": 604.53064754000241, "dist_demand_km": 862.93623289154641, "connection_cost_brl": 725436777.04800284, "is_restricted": false, "restriction_factor": 1.0, "score_final": 0.31313923885487199, "longitude": -38.220996631374568, "latitude": -22.957601995027378 }, "geometry": { "type": "Point", "coordinates": [ -38.220996631374568, -22.957601995027378 ] } },
{ "type": "Feature", "properties": { "rank": 1473, "candidate_id": 2310, "scenario": "eolico", "solar_kwh_m2_day": 5.5356769561767578, "wind_m_s": 6.5706973075866699, "dist_grid_km": 900.24315473723266, "dist_demand_km": 1211.6116757809293, "connection_cost_brl": 1080291785.6846793, "is_restricted": false, "restriction_factor": 1.0, "score_final": 0.31311603586803327, "longitude": -36.320316745140744, "latitude": -18.404455748792142 }, "geometry": { "type": "Point", "coordinates": [ -36.320316745140744, -18.404455748792142 ] } },
{ "type": "Feature", "properties": { "rank": 1474, "candidate_id": 2004, "scenario": "eolico", "solar_kwh_m2_day": 5.3595833778381348, "wind_m_s": 5.7880725860595703, "dist_grid_km": 584.64267641297079, "dist_demand_km": 885.38306342437011, "connection_cost_brl": 701571211.69556499, "is_restricted": false, "restriction_factor": 1.0, "score_final": 0.31098701368850956, "longitude": -38.418027108619533, "latitude": -21.217209330161843 }, "geometry": { "type": "Point", "coordinates": [ -38.418027108619533, -21.217209330161843 ] } },
{ "type": "Feature", "properties": { "rank": 1475, "candidate_id": 2428, "scenario": "eolico", "solar_kwh_m2_day": 5.562131404876709, "wind_m_s": 6.7062335014343262, "dist_grid_km": 963.79732220182507, "dist_demand_km": 1276.597552495487, "connection_cost_brl": 1156556786.64219, "is_restricted": false, "restriction_factor": 1.0, "score_final": 0.31041315090961136, "longitude": -35.281066884599149, "latitude": -19.175815484197894 }, "geometry": { "type": "Point", "coordinates": [ -35.281066884599149, -19.175815484197894 ] } },
{ "type": "Feature", "properties": { "rank": 1476, "candidate_id": 1754, "scenario": "eolico", "solar_kwh_m2_day": 5.0448651313781738, "wind_m_s": 5.6967959403991699, "dist_grid_km": 595.40725819268835, "dist_demand_km": 728.43595177353802, "connection_cost_brl": 714488709.83122599, "is_restricted": false, "restriction_factor": 1.0, "score_final": 0.30967157888482388, "longitude": -39.866610937050723, "latitude": -25.764399612824807 }, "geometry": { "type": "Point", "coordinates": [ -39.866610937050723, -25.764399612824807 ] } },
{ "type": "Feature", "properties": { "rank": 1477, "candidate_id": 540, "scenario": "eolico", "solar_kwh_m2_day": 6.3576431274414062, "wind_m_s": 6.4572553634643555, "dist_grid_km": 867.28863054017052, "dist_demand_km": 1166.0395316555732, "connection_cost_brl": 1040746356.6482046, "is_restricted": false, "restriction_factor": 1.0, "score_final": 0.309372009531932, "longitude": -50.704301948469578, "latitude": -5.6578754397322522 }, "geometry": { "type": "Point", "coordinates": [ -50.704301948469578, -5.657875439732252 ] } },
{ "type": "Feature", "properties": { "rank": 1478, "candidate_id": 1880, "scenario": "eolico", "solar_kwh_m2_day": 5.6219334602355957, "wind_m_s": 5.5597286224365234, "dist_grid_km": 508.7385237515216, "dist_demand_km": 762.93650401451407, "connection_cost_brl": 610486228.50182593, "is_restricted": false, "restriction_factor": 1.0, "score_final": 0.30877208759977404, "longitude": -39.19121902529109, "latitude": -23.048852538417442 }, "geometry": { "type": "Point", "coordinates": [ -39.19121902529109, -23.048852538417442 ] } },
{ "type": "Feature", "properties": { "rank": 1479, "candidate_id": 2917, "scenario": "eolico", "solar_kwh_m2_day": 6.174311637878418, "wind_m_s": 6.5824074745178223, "dist_grid_km": 1047.7177939830083, "dist_demand_km": 876.18305667745392, "connection_cost_brl": 1257261352.7796099, "is_restricted": false, "restriction_factor": 1.0, "score_final": 0.30840598124064189, "longitude": -31.973160712039491, "latitude": -14.9993235333366 }, "geometry": { "type": "Point", "coordinates": [ -31.973160712039491, -14.9993235333366 ] } },
{ "type": "Feature", "properties": { "rank": 1480, "candidate_id": 1876, "scenario": "eolico", "solar_kwh_m2_day": 4.7205944061279297, "wind_m_s": 5.721686840057373, "dist_grid_km": 602.05077051747924, "dist_demand_km": 789.19445144794304, "connection_cost_brl": 722460924.62097514, "is_restricted": false, "restriction_factor": 1.0, "score_final": 0.30589919368618501, "longitude": -38.986186162190407, "latitude": -24.794930398550807 }, "geometry": { "type": "Point", "coordinates": [ -38.986186162190407, -24.794930398550807 ] } },
{ "type": "Feature", "properties": { "rank": 1481, "candidate_id": 657, "scenario": "eolico", "solar_kwh_m2_day": 6.265200138092041, "wind_m_s": 6.004539966583252, "dist_grid_km": 688.81595961924029, "dist_demand_km": 997.62785434694456, "connection_cost_brl": 826579151.54308832, "is_restricted": false, "restriction_factor": 1.0, "score_final": 0.30519643531059182, "longitude": -49.790686786185319, "latitude": -7.0047840742847605 }, "geometry": { "type": "Point", "coordinates": [ -49.790686786185319, -7.00478407428476 ] } },
{ "type": "Feature", "properties": { "rank": 1482, "candidate_id": 233, "scenario": "eolico", "solar_kwh_m2_day": 6.3847289085388184, "wind_m_s": 5.9027633666992188, "dist_grid_km": 659.50884089029421, "dist_demand_km": 948.38497887732069, "connection_cost_brl": 791410609.06835306, "is_restricted": false, "restriction_factor": 1.0, "score_final": 0.30255227087076753, "longitude": -52.953735076191244, "latitude": -8.8305572573347035 }, "geometry": { "type": "Point", "coordinates": [ -52.953735076191244, -8.830557257334704 ] } },
{ "type": "Feature", "properties": { "rank": 1483, "candidate_id": 2671, "scenario": "eolico", "solar_kwh_m2_day": 5.5150890350341797, "wind_m_s": 6.976107120513916, "dist_grid_km": 1198.7295071312221, "dist_demand_km": 1138.7450068346382, "connection_cost_brl": 1438475408.5574665, "is_restricted": false, "restriction_factor": 1.0, "score_final": 0.30225965142993638, "longitude": -33.549035198626846, "latitude": -17.711086887150707 }, "geometry": { "type": "Point", "coordinates": [ -33.549035198626846, -17.711086887150707 ] } },
{ "type": "Feature", "properties": { "rank": 1484, "candidate_id": 1936, "scenario": "eolico", "solar_kwh_m2_day": 5.4121227264404297, "wind_m_s": 5.7995352745056152, "dist_grid_km": 642.87350187561708, "dist_demand_km": 837.62837740599616, "connection_cost_brl": 771448202.25074053, "is_restricted": false, "restriction_factor": 1.0, "score_final": 0.30220277106336046, "longitude": -38.494822254494274, "latitude": -24.746100105316156 }, "geometry": { "type": "Point", "coordinates": [ -38.494822254494274, -24.746100105316156 ] } },
{ "type": "Feature", "properties": { "rank": 1485, "candidate_id": 2548, "scenario": "eolico", "solar_kwh_m2_day": 5.5360007286071777, "wind_m_s": 6.8242478370666504, "dist_grid_km": 1060.9183269930186, "dist_demand_km": 1287.9293115236978, "connection_cost_brl": 1273101992.3916223, "is_restricted": false, "restriction_factor": 1.0, "score_final": 0.30159151407872264, "longitude": -34.336129955546561, "latitude": -19.081600637242826 }, "geometry": { "type": "Point", "coordinates": [ -34.336129955546561, -19.081600637242826 ] } },
{ "type": "Feature", "properties": { "rank": 1486, "candidate_id": 2251, "scenario": "eolico", "solar_kwh_m2_day": 5.5284781455993652, "wind_m_s": 6.4227309226989746, "dist_grid_km": 875.33077595567443, "dist_demand_km": 1174.074287243742, "connection_cost_brl": 1050396931.1468093, "is_restricted": false, "restriction_factor": 1.0, "score_final": 0.30155847091898047, "longitude": -36.835173813308224, "latitude": -18.0139899396193 }, "geometry": { "type": "Point", "coordinates": [ -36.835173813308224, -18.0139899396193 ] } },
{ "type": "Feature", "properties": { "rank": 1487, "candidate_id": 109, "scenario": "eolico", "solar_kwh_m2_day": 6.024874210357666, "wind_m_s": 5.5876350402832031, "dist_grid_km": 522.27597604119626, "dist_demand_km": 863.61847334996082, "connection_cost_brl": 626731171.24943554, "is_restricted": false, "restriction_factor": 1.0, "score_final": 0.29994021383035402, "longitude": -53.862014858874581, "latitude": -10.640203674214536 }, "geometry": { "type": "Point", "coordinates": [ -53.862014858874581, -10.640203674214536 ] } },
{ "type": "Feature", "properties": { "rank": 1488, "candidate_id": 2672, "scenario": "eolico", "solar_kwh_m2_day": 5.6088109016418457, "wind_m_s": 6.8816566467285156, "dist_grid_km": 1172.5988846050382, "dist_demand_km": 1088.8135184887694, "connection_cost_brl": 1407118661.5260458, "is_restricted": false, "restriction_factor": 1.0, "score_final": 0.29992832132100206, "longitude": -33.598489011961625, "latitude": -17.286570408604533 }, "geometry": { "type": "Point", "coordinates": [ -33.598489011961625, -17.286570408604533 ] } },
{ "type": "Feature", "properties": { "rank": 1489, "candidate_id": 415, "scenario": "eolico", "solar_kwh_m2_day": 6.0444016456604004, "wind_m_s": 5.9334497451782227, "dist_grid_km": 684.95497486678255, "dist_demand_km": 962.09391187582037, "connection_cost_brl": 821945969.84013903, "is_restricted": false, "restriction_factor": 1.0, "score_final": 0.29920325130529524, "longitude": -51.595783744034293, "latitude": -7.9209090387879799 }, "geometry": { "type": "Point", "coordinates": [ -51.595783744034293, -7.92090903878798 ] } },
{ "type": "Feature", "properties": { "rank": 1490, "candidate_id": 1944, "scenario": "eolico", "solar_kwh_m2_day": 5.6269912719726562, "wind_m_s": 5.5797538757324219, "dist_grid_km": 534.77644857472274, "dist_demand_km": 836.72561366265109, "connection_cost_brl": 641731738.28966725, "is_restricted": false, "restriction_factor": 1.0, "score_final": 0.29811105702644569, "longitude": -38.897483939852656, "latitude": -21.259617209669891 }, "geometry": { "type": "Point", "coordinates": [ -38.897483939852656, -21.259617209669891 ] } },
{ "type": "Feature", "properties": { "rank": 1491, "candidate_id": 779, "scenario": "eolico", "solar_kwh_m2_day": 6.1323304176330566, "wind_m_s": 6.0923366546630859, "dist_grid_km": 735.847242819759, "dist_demand_km": 1083.0539919529795, "connection_cost_brl": 883016691.38371086, "is_restricted": false, "restriction_factor": 1.0, "score_final": 0.29789471715672117, "longitude": -48.894893704303179, "latitude": -6.0952010250604189 }, "geometry": { "type": "Point", "coordinates": [ -48.894893704303179, -6.095201025060419 ] } },
{ "type": "Feature", "properties": { "rank": 1492, "candidate_id": 2612, "scenario": "eolico", "solar_kwh_m2_day": 5.9098963737487793, "wind_m_s": 6.8279366493225098, "dist_grid_km": 1151.0137353810076, "dist_demand_km": 1087.2845854094724, "connection_cost_brl": 1381216482.4572091, "is_restricted": false, "restriction_factor": 1.0, "score_final": 0.29781220529348779, "longitude": -34.066327941905342, "latitude": -17.33126025686175 }, "geometry": { "type": "Point", "coordinates": [ -34.066327941905342, -17.33126025686175 ] } },
{ "type": "Feature", "properties": { "rank": 1493, "candidate_id": 2308, "scenario": "eolico", "solar_kwh_m2_day": 5.5766744613647461, "wind_m_s": 6.3873801231384277, "dist_grid_km": 867.33088266079369, "dist_demand_km": 1181.9959721413197, "connection_cost_brl": 1040797059.1929524, "is_restricted": false, "restriction_factor": 1.0, "score_final": 0.29774299890519601, "longitude": -36.227000150882731, "latitude": -19.266240356060734 }, "geometry": { "type": "Point", "coordinates": [ -36.227000150882731, -19.266240356060734 ] } },
{ "type": "Feature", "properties": { "rank": 1494, "candidate_id": 478, "scenario": "eolico", "solar_kwh_m2_day": 6.0915226936340332, "wind_m_s": 6.19940185546875, "dist_grid_km": 798.67219811562131, "dist_demand_km": 1084.1354108501112, "connection_cost_brl": 958406637.73874557, "is_restricted": false, "restriction_factor": 1.0, "score_final": 0.29722515775052938, "longitude": -51.150861260783586, "latitude": -6.5634052441921966 }, "geometry": { "type": "Point", "coordinates": [ -51.150861260783586, -6.563405244192197 ] } },
{ "type": "Feature", "properties": { "rank": 1495, "candidate_id": 1814, "scenario": "eolico", "solar_kwh_m2_day": 5.7303338050842285, "wind_m_s": 5.7013177871704102, "dist_grid_km": 630.90119887675633, "dist_demand_km": 774.21725134215558, "connection_cost_brl": 757081438.6521076, "is_restricted": false, "restriction_factor": 1.0, "score_final": 0.29696040617707881, "longitude": -39.371196814267741, "latitude": -25.716528286699496 }, "geometry": { "type": "Point", "coordinates": [ -39.371196814267741, -25.716528286699496 ] } },
{ "type": "Feature", "properties": { "rank": 1496, "candidate_id": 1755, "scenario": "eolico", "solar_kwh_m2_day": 4.8258380889892578, "wind_m_s": 5.5189328193664551, "dist_grid_km": 560.19106625324287, "dist_demand_km": 709.17557246188164, "connection_cost_brl": 672229279.50389147, "is_restricted": false, "restriction_factor": 1.0, "score_final": 0.29471099614893037, "longitude": -39.918912133697397, "latitude": -25.326455791994608 }, "geometry": { "type": "Point", "coordinates": [ -39.918912133697397, -25.326455791994608 ] } },
{ "type": "Feature", "properties": { "rank": 1497, "candidate_id": 113, "scenario": "eolico", "solar_kwh_m2_day": 6.1187076568603516, "wind_m_s": 5.9626812934875488, "dist_grid_km": 702.67913933835507, "dist_demand_km": 1008.732889012826, "connection_cost_brl": 843214967.20602608, "is_restricted": false, "restriction_factor": 1.0, "score_final": 0.29454263725530527, "longitude": -53.86275525978953, "latitude": -8.8319907846130672 }, "geometry": { "type": "Point", "coordinates": [ -53.86275525978953, -8.831990784613067 ] } },
{ "type": "Feature", "properties": { "rank": 1498, "candidate_id": 2733, "scenario": "eolico", "solar_kwh_m2_day": 5.8810892105102539, "wind_m_s": 6.7693734169006348, "dist_grid_km": 1149.083243004779, "dist_demand_km": 1042.8886200701461, "connection_cost_brl": 1378899891.6057348, "is_restricted": false, "restriction_factor": 1.0, "score_final": 0.29396854725763988, "longitude": -33.179853171514509, "latitude": -16.817599806754139 }, "geometry": { "type": "Point", "coordinates": [ -33.179853171514509, -16.817599806754139 ] } },
{ "type": "Feature", "properties": { "rank": 1499, "candidate_id": 1939, "scenario": "eolico", "solar_kwh_m2_day": 5.1915464401245117, "wind_m_s": 5.6028537750244141, "dist_grid_km": 572.75531936854088, "dist_demand_km": 814.58852732962896, "connection_cost_brl": 687306383.24224901, "is_restricted": false, "restriction_factor": 1.0, "score_final": 0.29380413703801134, "longitude": -38.65504880998575, "latitude": -23.439618213566725 }, "geometry": { "type": "Point", "coordinates": [ -38.65504880998575, -23.439618213566725 ] } },
{ "type": "Feature", "properties": { "rank": 1500, "candidate_id": 2915, "scenario": "eolico", "solar_kwh_m2_day": 5.6823534965515137, "wind_m_s": 6.6886959075927734, "dist_grid_km": 1131.0446665558363, "dist_demand_km": 972.18690276227142, "connection_cost_brl": 1357253599.8670037, "is_restricted": false, "restriction_factor": 1.0, "score_final": 0.29350277287801063, "longitude": -31.879946505575735, "latitude": -15.840025960030117 }, "geometry": { "type": "Point", "coordinates": [ -31.879946505575735, -15.840025960030117 ] } },
{ "type": "Feature", "properties": { "rank": 1501, "candidate_id": 1997, "scenario": "eolico", "solar_kwh_m2_day": 5.1817655563354492, "wind_m_s": 5.7944455146789551, "dist_grid_km": 660.07195620174195, "dist_demand_km": 876.19961870329621, "connection_cost_brl": 792086347.44209039, "is_restricted": false, "restriction_factor": 1.0, "score_final": 0.29345671808705992, "longitude": -38.060075172156218, "latitude": -24.261529211901955 }, "geometry": { "type": "Point", "coordinates": [ -38.060075172156218, -24.261529211901955 ] } },
{ "type": "Feature", "properties": { "rank": 1502, "candidate_id": 1999, "scenario": "eolico", "solar_kwh_m2_day": 5.3098154067993164, "wind_m_s": 5.7142558097839355, "dist_grid_km": 619.57232426738358, "dist_demand_km": 864.49284860930811, "connection_cost_brl": 743486789.12086034, "is_restricted": false, "restriction_factor": 1.0, "score_final": 0.29329839146262443, "longitude": -38.16863775786296, "latitude": -23.392380106668327 }, "geometry": { "type": "Point", "coordinates": [ -38.16863775786296, -23.392380106668327 ] } },
{ "type": "Feature", "properties": { "rank": 1503, "candidate_id": 599, "scenario": "eolico", "solar_kwh_m2_day": 6.5918750762939453, "wind_m_s": 6.1883559226989746, "dist_grid_km": 800.60269049185013, "dist_demand_km": 1105.7431479820818, "connection_cost_brl": 960723228.59022009, "is_restricted": false, "restriction_factor": 1.0, "score_final": 0.29311046390279311, "longitude": -50.249944962139338, "latitude": -6.1063067856386839 }, "geometry": { "type": "Point", "coordinates": [ -50.249944962139338, -6.106306785638684 ] } },
{ "type": "Feature", "properties": { "rank": 1504, "candidate_id": 2250, "scenario": "eolico", "solar_kwh_m2_day": 5.5344738960266113, "wind_m_s": 6.3258662223815918, "dist_grid_km": 854.17593534243076, "dist_demand_km": 1173.8582432302273, "connection_cost_brl": 1025011122.4109169, "is_restricted": false, "restriction_factor": 1.0, "score_final": 0.29295663362117796, "longitude": -36.79145483092708, "latitude": -18.446111153851774 }, "geometry": { "type": "Point", "coordinates": [ -36.79145483092708, -18.446111153851774 ] } },
{ "type": "Feature", "properties": { "rank": 1505, "candidate_id": 2060, "scenario": "eolico", "solar_kwh_m2_day": 5.0820064544677734, "wind_m_s": 5.7946023941040039, "dist_grid_km": 652.90007883922272, "dist_demand_km": 912.93611960346698, "connection_cost_brl": 783480094.60706723, "is_restricted": false, "restriction_factor": 1.0, "score_final": 0.29188209206866356, "longitude": -37.736364705123648, "latitude": -22.910087241256832 }, "geometry": { "type": "Point", "coordinates": [ -37.736364705123648, -22.910087241256832 ] } },
{ "type": "Feature", "properties": { "rank": 1506, "candidate_id": 112, "scenario": "eolico", "solar_kwh_m2_day": 6.0808134078979492, "wind_m_s": 5.8365588188171387, "dist_grid_km": 657.5783485140654, "dist_demand_km": 970.62647187780283, "connection_cost_brl": 789094018.21687853, "is_restricted": false, "restriction_factor": 1.0, "score_final": 0.29137289328401772, "longitude": -53.862583643120693, "latitude": -9.2840616555981832 }, "geometry": { "type": "Point", "coordinates": [ -53.862583643120693, -9.284061655598183 ] } },
{ "type": "Feature", "properties": { "rank": 1507, "candidate_id": 2426, "scenario": "eolico", "solar_kwh_m2_day": 5.2209911346435547, "wind_m_s": 6.517949104309082, "dist_grid_km": 943.78514538496256, "dist_demand_km": 1249.0313036736243, "connection_cost_brl": 1132542174.4619551, "is_restricted": false, "restriction_factor": 1.0, "score_final": 0.29082585200696059, "longitude": -35.178083505960885, "latitude": -20.032703880966263 }, "geometry": { "type": "Point", "coordinates": [ -35.178083505960885, -20.032703880966263 ] } },
{ "type": "Feature", "properties": { "rank": 1508, "candidate_id": 2065, "scenario": "eolico", "solar_kwh_m2_day": 5.3200039863586426, "wind_m_s": 5.7801437377929688, "dist_grid_km": 639.69970066703718, "dist_demand_km": 946.04843542956189, "connection_cost_brl": 767639640.8004446, "is_restricted": false, "restriction_factor": 1.0, "score_final": 0.29007149668571425, "longitude": -37.986357216438542, "latitude": -20.739222268499987 }, "geometry": { "type": "Point", "coordinates": [ -37.986357216438542, -20.739222268499987 ] } },
{ "type": "Feature", "properties": { "rank": 1509, "candidate_id": 720, "scenario": "eolico", "solar_kwh_m2_day": 6.5618119239807129, "wind_m_s": 6.1724815368652344, "dist_grid_km": 802.53318286807917, "dist_demand_km": 1137.9746172738253, "connection_cost_brl": 963039819.44169497, "is_restricted": false, "restriction_factor": 1.0, "score_final": 0.28730304647718879, "longitude": -49.350318454780037, "latitude": -5.6486336695211063 }, "geometry": { "type": "Point", "coordinates": [ -49.350318454780037, -5.648633669521106 ] } },
{ "type": "Feature", "properties": { "rank": 1510, "candidate_id": 52, "scenario": "eolico", "solar_kwh_m2_day": 6.689262866973877, "wind_m_s": 5.8651881217956543, "dist_grid_km": 679.16349773809588, "dist_demand_km": 1004.3255122309522, "connection_cost_brl": 814996197.2857151, "is_restricted": false, "restriction_factor": 1.0, "score_final": 0.28684589965642293, "longitude": -54.317663353413899, "latitude": -9.2839469394457588 }, "geometry": { "type": "Point", "coordinates": [ -54.317663353413899, -9.283946939445759 ] } },
{ "type": "Feature", "properties": { "rank": 1511, "candidate_id": 2120, "scenario": "eolico", "solar_kwh_m2_day": 5.1044487953186035, "wind_m_s": 5.8761630058288574, "dist_grid_km": 701.49819820252685, "dist_demand_km": 962.93601808023482, "connection_cost_brl": 841797837.84303224, "is_restricted": false, "restriction_factor": 1.0, "score_final": 0.28658655991526066, "longitude": -37.252061421570851, "latitude": -22.861335731903193 }, "geometry": { "type": "Point", "coordinates": [ -37.252061421570851, -22.861335731903193 ] } },
{ "type": "Feature", "properties": { "rank": 1512, "candidate_id": 234, "scenario": "eolico", "solar_kwh_m2_day": 6.0628209114074707, "wind_m_s": 5.8975305557250977, "dist_grid_km": 704.60963171458411, "dist_demand_km": 989.87896311940437, "connection_cost_brl": 845531558.05750096, "is_restricted": false, "restriction_factor": 1.0, "score_final": 0.28636844612323525, "longitude": -52.954975282009272, "latitude": -8.3785499339288005 }, "geometry": { "type": "Point", "coordinates": [ -52.954975282009272, -8.378549933928801 ] } },
{ "type": "Feature", "properties": { "rank": 1513, "candidate_id": 173, "scenario": "eolico", "solar_kwh_m2_day": 6.4706120491027832, "wind_m_s": 5.8470234870910645, "dist_grid_km": 681.0939901143247, "dist_demand_km": 977.74641639238394, "connection_cost_brl": 817312788.13718963, "is_restricted": false, "restriction_factor": 1.0, "score_final": 0.2862033059580289, "longitude": -53.408244290396816, "latitude": -8.8315492342866406 }, "geometry": { "type": "Point", "coordinates": [ -53.408244290396816, -8.831549234286641 ] } },
{ "type": "Feature", "properties": { "rank": 1514, "candidate_id": 2249, "scenario": "eolico", "solar_kwh_m2_day": 5.6853585243225098, "wind_m_s": 6.2319397926330566, "dist_grid_km": 835.48135209654424, "dist_demand_km": 1153.5302850203534, "connection_cost_brl": 1002577622.515853, "is_restricted": false, "restriction_factor": 1.0, "score_final": 0.28603049391619029, "longitude": -36.746511924025924, "latitude": -18.878113243255655 }, "geometry": { "type": "Point", "coordinates": [ -36.746511924025924, -18.878113243255655 ] } },
{ "type": "Feature", "properties": { "rank": 1515, "candidate_id": 295, "scenario": "eolico", "solar_kwh_m2_day": 6.5490350723266602, "wind_m_s": 5.946129322052002, "dist_grid_km": 728.12527331484341, "dist_demand_km": 1006.8429214552513, "connection_cost_brl": 873750327.97781205, "is_restricted": false, "restriction_factor": 1.0, "score_final": 0.28580545245011418, "longitude": -52.502689379749064, "latitude": -7.9251500106920965 }, "geometry": { "type": "Point", "coordinates": [ -52.502689379749064, -7.925150010692096 ] } },
{ "type": "Feature", "properties": { "rank": 1516, "candidate_id": 2488, "scenario": "eolico", "solar_kwh_m2_day": 5.4832620620727539, "wind_m_s": 6.6226859092712402, "dist_grid_km": 1012.2877493166344, "dist_demand_km": 1290.5172618400193, "connection_cost_brl": 1214745299.1799612, "is_restricted": false, "restriction_factor": 1.0, "score_final": 0.28458877080935224, "longitude": -34.808472083203881, "latitude": -19.12917395556439 }, "geometry": { "type": "Point", "coordinates": [ -34.808472083203881, -19.12917395556439 ] } },
{ "type": "Feature", "properties": { "rank": 1517, "candidate_id": 718, "scenario": "eolico", "solar_kwh_m2_day": 6.3052611351013184, "wind_m_s": 5.9274406433105469, "dist_grid_km": 712.33160121949959, "dist_demand_km": 1038.8135745296586, "connection_cost_brl": 854797921.46339953, "is_restricted": false, "restriction_factor": 1.0, "score_final": 0.28415248149112676, "longitude": -49.342530804965676, "latitude": -6.5499081622883013 }, "geometry": { "type": "Point", "coordinates": [ -49.342530804965676, -6.549908162288301 ] } },
{ "type": "Feature", "properties": { "rank": 1518, "candidate_id": 2852, "scenario": "eolico", "solar_kwh_m2_day": 5.6937727928161621, "wind_m_s": 6.8985323905944824, "dist_grid_km": 1237.5060726972213, "dist_demand_km": 1107.0213201056386, "connection_cost_brl": 1485007287.2366655, "is_restricted": false, "restriction_factor": 1.0, "score_final": 0.28405402214708392, "longitude": -32.196259022497109, "latitude": -17.14774863186355 }, "geometry": { "type": "Point", "coordinates": [ -32.196259022497109, -17.14774863186355 ] } },
{ "type": "Feature", "properties": { "rank": 1519, "candidate_id": 358, "scenario": "eolico", "solar_kwh_m2_day": 6.1708660125732422, "wind_m_s": 6.1989541053771973, "dist_grid_km": 841.84249656368218, "dist_demand_km": 1119.579189818731, "connection_cost_brl": 1010210995.8764186, "is_restricted": false, "restriction_factor": 1.0, "score_final": 0.28279456815170961, "longitude": -52.055057106355626, "latitude": -6.5677268785344989 }, "geometry": { "type": "Point", "coordinates": [ -52.055057106355626, -6.567726878534499 ] } },
{ "type": "Feature", "properties": { "rank": 1520, "candidate_id": 1692, "scenario": "eolico", "solar_kwh_m2_day": 5.066810131072998, "wind_m_s": 5.5705628395080566, "dist_grid_km": 630.34570138751087, "dist_demand_km": 732.94161153246262, "connection_cost_brl": 756414841.66501307, "is_restricted": false, "restriction_factor": 1.0, "score_final": 0.28201052426297885, "longitude": -40.257614077275747, "latitude": -26.68810992373928 }, "geometry": { "type": "Point", "coordinates": [ -40.257614077275747, -26.68810992373928 ] } },
{ "type": "Feature", "properties": { "rank": 1521, "candidate_id": 357, "scenario": "eolico", "solar_kwh_m2_day": 6.0228128433227539, "wind_m_s": 6.0741176605224609, "dist_grid_km": 796.74170573939239, "dist_demand_km": 1073.7929357231565, "connection_cost_brl": 956090046.88727081, "is_restricted": false, "restriction_factor": 1.0, "score_final": 0.28052900256236202, "longitude": -52.053240308210704, "latitude": -7.0195857664172783 }, "geometry": { "type": "Point", "coordinates": [ -52.053240308210704, -7.019585766417278 ] } },
{ "type": "Feature", "properties": { "rank": 1522, "candidate_id": 114, "scenario": "eolico", "solar_kwh_m2_day": 5.437248706817627, "wind_m_s": 5.9644618034362793, "dist_grid_km": 747.77993016264497, "dist_demand_km": 1047.8398421716811, "connection_cost_brl": 897335916.19517398, "is_restricted": false, "restriction_factor": 1.0, "score_final": 0.27959833762630248, "longitude": -53.862917980609609, "latitude": -8.379909040568176 }, "geometry": { "type": "Point", "coordinates": [ -53.862917980609609, -8.379909040568176 ] } },
{ "type": "Feature", "properties": { "rank": 1523, "candidate_id": 2117, "scenario": "eolico", "solar_kwh_m2_day": 5.0225977897644043, "wind_m_s": 5.8967852592468262, "dist_grid_km": 749.89159591920441, "dist_demand_km": 974.83978411581381, "connection_cost_brl": 899869915.10304534, "is_restricted": false, "restriction_factor": 1.0, "score_final": 0.2760724832189555, "longitude": -37.082330035087978, "latitude": -24.159130806864429 }, "geometry": { "type": "Point", "coordinates": [ -37.082330035087978, -24.159130806864429 ] } },
{ "type": "Feature", "properties": { "rank": 1524, "candidate_id": 2432, "scenario": "eolico", "solar_kwh_m2_day": 5.3933982849121094, "wind_m_s": 6.4717159271240234, "dist_grid_km": 1032.1119287904755, "dist_demand_km": 1096.451752036774, "connection_cost_brl": 1238534314.5485706, "is_restricted": false, "restriction_factor": 1.0, "score_final": 0.27577189123535162, "longitude": -35.4710964015527, "latitude": -17.460373198425376 }, "geometry": { "type": "Point", "coordinates": [ -35.4710964015527, -17.460373198425376 ] } },
{ "type": "Feature", "properties": { "rank": 1525, "candidate_id": 2425, "scenario": "eolico", "solar_kwh_m2_day": 5.253483772277832, "wind_m_s": 6.3903675079345703, "dist_grid_km": 937.62623781135107, "dist_demand_km": 1238.0501366326876, "connection_cost_brl": 1125151485.3736212, "is_restricted": false, "restriction_factor": 1.0, "score_final": 0.27493904207937353, "longitude": -35.12454489088438, "latitude": -20.460926128153808 }, "geometry": { "type": "Point", "coordinates": [ -35.12454489088438, -20.460926128153808 ] } },
{ "type": "Feature", "properties": { "rank": 1526, "candidate_id": 535, "scenario": "eolico", "solar_kwh_m2_day": 5.9443731307983398, "wind_m_s": 5.6616692543029785, "dist_grid_km": 641.78467641872169, "dist_demand_km": 926.02198788824251, "connection_cost_brl": 770141611.70246601, "is_restricted": false, "restriction_factor": 1.0, "score_final": 0.27423928379221052, "longitude": -50.688900937097436, "latitude": -7.9147046337454263 }, "geometry": { "type": "Point", "coordinates": [ -50.688900937097436, -7.914704633745426 ] } },
{ "type": "Feature", "properties": { "rank": 1527, "candidate_id": 2001, "scenario": "eolico", "solar_kwh_m2_day": 5.2256731986999512, "wind_m_s": 5.5353631973266602, "dist_grid_km": 593.33358461508089, "dist_demand_km": 864.27426131840275, "connection_cost_brl": 712000301.53809702, "is_restricted": false, "restriction_factor": 1.0, "score_final": 0.27411035531153305, "longitude": -38.272097928525213, "latitude": -22.522692623086563 }, "geometry": { "type": "Point", "coordinates": [ -38.272097928525213, -22.522692623086563 ] } },
{ "type": "Feature", "properties": { "rank": 1528, "candidate_id": 2731, "scenario": "eolico", "solar_kwh_m2_day": 5.757596492767334, "wind_m_s": 6.8551154136657715, "dist_grid_km": 1239.2848246533581, "dist_demand_km": 1142.3954214568903, "connection_cost_brl": 1487141789.5840297, "is_restricted": false, "restriction_factor": 1.0, "score_final": 0.27400005854724951, "longitude": -33.080462855520885, "latitude": -17.664407628744144 }, "geometry": { "type": "Point", "coordinates": [ -33.080462855520885, -17.664407628744144 ] } },
{ "type": "Feature", "properties": { "rank": 1529, "candidate_id": 1938, "scenario": "eolico", "solar_kwh_m2_day": 5.2813248634338379, "wind_m_s": 5.5045914649963379, "dist_grid_km": 592.84164584475047, "dist_demand_km": 819.29445995724666, "connection_cost_brl": 711409975.0137006, "is_restricted": false, "restriction_factor": 1.0, "score_final": 0.27398069451390133, "longitude": -38.602905710810319, "latitude": -23.875245088948471 }, "geometry": { "type": "Point", "coordinates": [ -38.602905710810319, -23.875245088948471 ] } },
{ "type": "Feature", "properties": { "rank": 1530, "candidate_id": 2795, "scenario": "eolico", "solar_kwh_m2_day": 5.7848210334777832, "wind_m_s": 6.4503703117370605, "dist_grid_km": 1081.1716498471712, "dist_demand_km": 950.52257056463793, "connection_cost_brl": 1297405979.8166056, "is_restricted": false, "restriction_factor": 1.0, "score_final": 0.27375682362455267, "longitude": -32.808904524454867, "latitude": -15.927524601614106 }, "geometry": { "type": "Point", "coordinates": [ -32.808904524454867, -15.927524601614106 ] } },
{ "type": "Feature", "properties": { "rank": 1531, "candidate_id": 2002, "scenario": "eolico", "solar_kwh_m2_day": 5.0327115058898926, "wind_m_s": 5.5207934379577637, "dist_grid_km": 586.20148536934641, "dist_demand_km": 868.4935552540893, "connection_cost_brl": 703441782.44321573, "is_restricted": false, "restriction_factor": 1.0, "score_final": 0.27343048309891504, "longitude": -38.321958988916997, "latitude": -22.087655255659236 }, "geometry": { "type": "Point", "coordinates": [ -38.321958988916997, -22.087655255659236 ] } },
{ "type": "Feature", "properties": { "rank": 1532, "candidate_id": 2673, "scenario": "eolico", "solar_kwh_m2_day": 5.6038103103637695, "wind_m_s": 6.5827732086181641, "dist_grid_km": 1127.4980937807484, "dist_demand_km": 1038.8886203520412, "connection_cost_brl": 1352997712.5368981, "is_restricted": false, "restriction_factor": 1.0, "score_final": 0.27282543797357445, "longitude": -33.646558128722965, "latitude": -16.861908861644647 }, "geometry": { "type": "Point", "coordinates": [ -33.646558128722965, -16.861908861644647 ] } },
{ "type": "Feature", "properties": { "rank": 1533, "candidate_id": 2062, "scenario": "eolico", "solar_kwh_m2_day": 5.2958216667175293, "wind_m_s": 5.6353917121887207, "dist_grid_km": 635.96650114794306, "dist_demand_km": 918.19086902314064, "connection_cost_brl": 763159801.37753165, "is_restricted": false, "restriction_factor": 1.0, "score_final": 0.27265252508362586, "longitude": -37.840113074934656, "latitude": -22.042129181395687 }, "geometry": { "type": "Point", "coordinates": [ -37.840113074934656, -22.042129181395687 ] } },
{ "type": "Feature", "properties": { "rank": 1534, "candidate_id": 2550, "scenario": "eolico", "solar_kwh_m2_day": 5.1334500312805176, "wind_m_s": 6.6063332557678223, "dist_grid_km": 1087.9901535325396, "dist_demand_km": 1187.9862315650189, "connection_cost_brl": 1305588184.2390475, "is_restricted": false, "restriction_factor": 1.0, "score_final": 0.27241974627017762, "longitude": -34.437977815540414, "latitude": -18.228654327541665 }, "geometry": { "type": "Point", "coordinates": [ -34.437977815540414, -18.228654327541665 ] } },
{ "type": "Feature", "properties": { "rank": 1535, "candidate_id": 356, "scenario": "eolico", "solar_kwh_m2_day": 7.2156829833984375, "wind_m_s": 5.905606746673584, "dist_grid_km": 751.6409149151026, "dist_demand_km": 1028.3992295518037, "connection_cost_brl": 901969097.89812315, "is_restricted": false, "restriction_factor": 1.0, "score_final": 0.2718971304754253, "longitude": -52.051299556408836, "latitude": -7.4714354731539538 }, "geometry": { "type": "Point", "coordinates": [ -52.051299556408836, -7.471435473153954 ] } },
{ "type": "Feature", "properties": { "rank": 1536, "candidate_id": 2854, "scenario": "eolico", "solar_kwh_m2_day": 6.0332746505737305, "wind_m_s": 6.5941977500915527, "dist_grid_km": 1148.8567439183701, "dist_demand_km": 1008.9824468614796, "connection_cost_brl": 1378628092.702044, "is_restricted": false, "restriction_factor": 1.0, "score_final": 0.27180787380719373, "longitude": -32.296410014238703, "latitude": -16.305485072076671 }, "geometry": { "type": "Point", "coordinates": [ -32.296410014238703, -16.305485072076671 ] } },
{ "type": "Feature", "properties": { "rank": 1537, "candidate_id": 1874, "scenario": "eolico", "solar_kwh_m2_day": 5.2473678588867188, "wind_m_s": 5.6188926696777344, "dist_grid_km": 666.55101278641598, "dist_demand_km": 820.49117528184604, "connection_cost_brl": 799861215.34369922, "is_restricted": false, "restriction_factor": 1.0, "score_final": 0.27156230491184302, "longitude": -38.876172862479102, "latitude": -25.667189322134146 }, "geometry": { "type": "Point", "coordinates": [ -38.876172862479102, -25.667189322134146 ] } },
{ "type": "Feature", "properties": { "rank": 1538, "candidate_id": 2059, "scenario": "eolico", "solar_kwh_m2_day": 5.0932469367980957, "wind_m_s": 5.6778693199157715, "dist_grid_km": 666.85161327780884, "dist_demand_km": 914.40762340228696, "connection_cost_brl": 800221935.93337059, "is_restricted": false, "restriction_factor": 1.0, "score_final": 0.27125473805842121, "longitude": -37.682563339481334, "latitude": -23.343862203762178 }, "geometry": { "type": "Point", "coordinates": [ -37.682563339481334, -23.343862203762178 ] } },
{ "type": "Feature", "properties": { "rank": 1539, "candidate_id": 2609, "scenario": "eolico", "solar_kwh_m2_day": 5.752525806427002, "wind_m_s": 6.6888298988342285, "dist_grid_km": 1121.5865300991454, "dist_demand_km": 1237.2807714135972, "connection_cost_brl": 1345903836.1189744, "is_restricted": false, "restriction_factor": 1.0, "score_final": 0.27116670917726449, "longitude": -33.916705307676033, "latitude": -18.607873779336348 }, "geometry": { "type": "Point", "coordinates": [ -33.916705307676033, -18.607873779336348 ] } },
{ "type": "Feature", "properties": { "rank": 1540, "candidate_id": 2431, "scenario": "eolico", "solar_kwh_m2_day": 5.8969192504882812, "wind_m_s": 6.4331531524658203, "dist_grid_km": 1011.7645945251044, "dist_demand_km": 1146.0505037263574, "connection_cost_brl": 1214117513.4301252, "is_restricted": false, "restriction_factor": 1.0, "score_final": 0.27075688860773744, "longitude": -35.425543899387691, "latitude": -17.889432335473785 }, "geometry": { "type": "Point", "coordinates": [ -35.425543899387691, -17.889432335473785 ] } },
{ "type": "Feature", "properties": { "rank": 1541, "candidate_id": 53, "scenario": "eolico", "solar_kwh_m2_day": 6.3617339134216309, "wind_m_s": 5.8557534217834473, "dist_grid_km": 724.26428856238556, "dist_demand_km": 1041.1993219284075, "connection_cost_brl": 869117146.27486265, "is_restricted": false, "restriction_factor": 1.0, "score_final": 0.27048493272535223, "longitude": -54.317266636345089, "latitude": -8.8318817425580125 }, "geometry": { "type": "Point", "coordinates": [ -54.317266636345089, -8.831881742558013 ] } },
{ "type": "Feature", "properties": { "rank": 1542, "candidate_id": 658, "scenario": "eolico", "solar_kwh_m2_day": 6.0057063102722168, "wind_m_s": 5.874577522277832, "dist_grid_km": 733.91675044353019, "dist_demand_km": 1046.7509872147721, "connection_cost_brl": 880700100.53223622, "is_restricted": false, "restriction_factor": 1.0, "score_final": 0.270222838448892, "longitude": -49.79460396269225, "latitude": -6.5538863068931645 }, "geometry": { "type": "Point", "coordinates": [ -49.79460396269225, -6.553886306893165 ] } },
{ "type": "Feature", "properties": { "rank": 1543, "candidate_id": 2851, "scenario": "eolico", "solar_kwh_m2_day": 5.0191431045532227, "wind_m_s": 6.9132752418518066, "dist_grid_km": 1282.4551231014193, "dist_demand_km": 1156.1667335273735, "connection_cost_brl": 1538946147.7217031, "is_restricted": false, "restriction_factor": 1.0, "score_final": 0.27008892114169886, "longitude": -32.144001914021331, "latitude": -17.568643214825332 }, "geometry": { "type": "Point", "coordinates": [ -32.144001914021331, -17.568643214825332 ] } },
{ "type": "Feature", "properties": { "rank": 1544, "candidate_id": 2118, "scenario": "eolico", "solar_kwh_m2_day": 4.7717318534851074, "wind_m_s": 5.8160958290100098, "dist_grid_km": 730.70161108847856, "dist_demand_km": 968.30969293681233, "connection_cost_brl": 876841933.30617428, "is_restricted": false, "restriction_factor": 1.0, "score_final": 0.26990196168750691, "longitude": -37.140261900963758, "latitude": -23.726681780114053 }, "geometry": { "type": "Point", "coordinates": [ -37.140261900963758, -23.726681780114053 ] } },
{ "type": "Feature", "properties": { "rank": 1545, "candidate_id": 536, "scenario": "eolico", "solar_kwh_m2_day": 6.3535451889038086, "wind_m_s": 5.7414703369140625, "dist_grid_km": 686.88546724301148, "dist_demand_km": 973.62365188952947, "connection_cost_brl": 824262560.69161379, "is_restricted": false, "restriction_factor": 1.0, "score_final": 0.26980832436282715, "longitude": -50.692401351069755, "latitude": -7.4633589729605063 }, "geometry": { "type": "Point", "coordinates": [ -50.692401351069755, -7.463358972960506 ] } },
{ "type": "Feature", "properties": { "rank": 1546, "candidate_id": 2245, "scenario": "eolico", "solar_kwh_m2_day": 5.4643754959106445, "wind_m_s": 5.9911527633666992, "dist_grid_km": 788.46644470952765, "dist_demand_km": 1091.507165115039, "connection_cost_brl": 946159733.65143323, "is_restricted": false, "restriction_factor": 1.0, "score_final": 0.26896819470442673, "longitude": -36.554212361884538, "latitude": -20.604861554864343 }, "geometry": { "type": "Point", "coordinates": [ -36.554212361884538, -20.604861554864343 ] } },
{ "type": "Feature", "properties": { "rank": 1547, "candidate_id": 537, "scenario": "eolico", "solar_kwh_m2_day": 5.5306658744812012, "wind_m_s": 5.8459043502807617, "dist_grid_km": 731.98625806730115, "dist_demand_km": 1021.4545065664524, "connection_cost_brl": 878383509.68076134, "is_restricted": false, "restriction_factor": 1.0, "score_final": 0.26892592436118418, "longitude": -50.695690665605134, "latitude": -7.01200258146255 }, "geometry": { "type": "Point", "coordinates": [ -50.695690665605134, -7.01200258146255 ] } },
{ "type": "Feature", "properties": { "rank": 1548, "candidate_id": 479, "scenario": "eolico", "solar_kwh_m2_day": 6.2118711471557617, "wind_m_s": 6.1129269599914551, "dist_grid_km": 843.77298893991099, "dist_demand_km": 1131.713692824007, "connection_cost_brl": 1012527586.7278932, "is_restricted": false, "restriction_factor": 1.0, "score_final": 0.2686984778390959, "longitude": -51.153339741243038, "latitude": -6.1118373498812675 }, "geometry": { "type": "Point", "coordinates": [ -51.153339741243038, -6.111837349881267 ] } },
{ "type": "Feature", "properties": { "rank": 1549, "candidate_id": 50, "scenario": "eolico", "solar_kwh_m2_day": 6.6940641403198242, "wind_m_s": 5.5337910652160645, "dist_grid_km": 588.96191608951654, "dist_demand_km": 934.24683439952935, "connection_cost_brl": 706754299.3074199, "is_restricted": false, "restriction_factor": 1.0, "score_final": 0.26846179097148121, "longitude": -54.318518989654216, "latitude": -10.188042526083404 }, "geometry": { "type": "Point", "coordinates": [ -54.318518989654216, -10.188042526083404 ] } },
{ "type": "Feature", "properties": { "rank": 1550, "candidate_id": 2303, "scenario": "eolico", "solar_kwh_m2_day": 4.8588442802429199, "wind_m_s": 6.0820493698120117, "dist_grid_km": 833.26206317815627, "dist_demand_km": 1122.7462734100777, "connection_cost_brl": 999914475.81378758, "is_restricted": false, "restriction_factor": 1.0, "score_final": 0.26775274171041297, "longitude": -35.971007225664145, "latitude": -21.418343927624591 }, "geometry": { "type": "Point", "coordinates": [ -35.971007225664145, -21.418343927624591 ] } },
{ "type": "Feature", "properties": { "rank": 1551, "candidate_id": 2244, "scenario": "eolico", "solar_kwh_m2_day": 5.2708349227905273, "wind_m_s": 5.956214427947998, "dist_grid_km": 784.27794538405567, "dist_demand_km": 1081.2385651451079, "connection_cost_brl": 941133534.46086681, "is_restricted": false, "restriction_factor": 1.0, "score_final": 0.26593682385140605, "longitude": -36.502929122390015, "latitude": -21.036215980771615 }, "geometry": { "type": "Point", "coordinates": [ -36.502929122390015, -21.036215980771615 ] } },
{ "type": "Feature", "properties": { "rank": 1552, "candidate_id": 2793, "scenario": "eolico", "solar_kwh_m2_day": 5.5920839309692383, "wind_m_s": 6.6176023483276367, "dist_grid_km": 1170.6683922288091, "dist_demand_km": 1049.2586822355388, "connection_cost_brl": 1404802070.674571, "is_restricted": false, "restriction_factor": 1.0, "score_final": 0.26585094869218751, "longitude": -32.713352037760558, "latitude": -16.772523487833254 }, "geometry": { "type": "Point", "coordinates": [ -32.713352037760558, -16.772523487833254 ] } },
{ "type": "Feature", "properties": { "rank": 1553, "candidate_id": 2674, "scenario": "eolico", "solar_kwh_m2_day": 5.6700353622436523, "wind_m_s": 6.4174580574035645, "dist_grid_km": 1082.3973029564586, "dist_demand_km": 988.97131047874279, "connection_cost_brl": 1298876763.5477502, "is_restricted": false, "restriction_factor": 1.0, "score_final": 0.26507951836166732, "longitude": -33.69325668474012, "latitude": -16.437106492805221 }, "geometry": { "type": "Point", "coordinates": [ -33.69325668474012, -16.437106492805221 ] } },
{ "type": "Feature", "properties": { "rank": 1554, "candidate_id": 2058, "scenario": "eolico", "solar_kwh_m2_day": 5.3145642280578613, "wind_m_s": 5.6677446365356445, "dist_grid_km": 684.1809960194521, "dist_demand_km": 918.60233234833515, "connection_cost_brl": 821017195.22334254, "is_restricted": false, "restriction_factor": 1.0, "score_final": 0.26495847665564171, "longitude": -37.627453026618412, "latitude": -23.777496499309709 }, "geometry": { "type": "Point", "coordinates": [ -37.627453026618412, -23.777496499309709 ] } },
{ "type": "Feature", "properties": { "rank": 1555, "candidate_id": 2546, "scenario": "eolico", "solar_kwh_m2_day": 5.3860263824462891, "wind_m_s": 6.5762262344360352, "dist_grid_km": 1042.7717002851448, "dist_demand_km": 1346.3528625274275, "connection_cost_brl": 1251326040.3421738, "is_restricted": false, "restriction_factor": 1.0, "score_final": 0.26483197621208476, "longitude": -34.228710032983514, "latitude": -19.933939281728023 }, "geometry": { "type": "Point", "coordinates": [ -34.228710032983514, -19.933939281728023 ] } },
{ "type": "Feature", "properties": { "rank": 1556, "candidate_id": 298, "scenario": "eolico", "solar_kwh_m2_day": 6.2014331817626953, "wind_m_s": 6.1247472763061523, "dist_grid_km": 863.42764578771266, "dist_demand_km": 1140.1804896081933, "connection_cost_brl": 1036113174.9452552, "is_restricted": false, "restriction_factor": 1.0, "score_final": 0.26458800891984008, "longitude": -52.507160140963954, "latitude": -6.5692777590916736 }, "geometry": { "type": "Point", "coordinates": [ -52.507160140963954, -6.569277759091674 ] } },
{ "type": "Feature", "properties": { "rank": 1557, "candidate_id": 538, "scenario": "eolico", "solar_kwh_m2_day": 5.9409337043762207, "wind_m_s": 5.9117116928100586, "dist_grid_km": 777.08704889159105, "dist_demand_km": 1069.4838018647717, "connection_cost_brl": 932504458.66990924, "is_restricted": false, "restriction_factor": 1.0, "score_final": 0.2624269232152362, "longitude": -50.698769908127197, "latitude": -6.5606361002203037 }, "geometry": { "type": "Point", "coordinates": [ -50.698769908127197, -6.560636100220304 ] } },
{ "type": "Feature", "properties": { "rank": 1558, "candidate_id": 2240, "scenario": "eolico", "solar_kwh_m2_day": 4.7778072357177734, "wind_m_s": 5.9457144737243652, "dist_grid_km": 799.21345105525393, "dist_demand_km": 1062.9358436873708, "connection_cost_brl": 959056141.26630473, "is_restricted": false, "restriction_factor": 1.0, "score_final": 0.26230180991429092, "longitude": -36.284466666793847, "latitude": -22.760193122579366 }, "geometry": { "type": "Point", "coordinates": [ -36.284466666793847, -22.760193122579366 ] } },
{ "type": "Feature", "properties": { "rank": 1559, "candidate_id": 2241, "scenario": "eolico", "solar_kwh_m2_day": 5.2911252975463867, "wind_m_s": 5.926450252532959, "dist_grid_km": 790.77783173575085, "dist_demand_km": 1064.0223985122682, "connection_cost_brl": 948933398.082901, "is_restricted": false, "restriction_factor": 1.0, "score_final": 0.26156812647943017, "longitude": -36.341116892304584, "latitude": -22.329422486152851 }, "geometry": { "type": "Point", "coordinates": [ -36.341116892304584, -22.329422486152851 ] } },
{ "type": "Feature", "properties": { "rank": 1560, "candidate_id": 2183, "scenario": "eolico", "solar_kwh_m2_day": 5.6347994804382324, "wind_m_s": 5.7967066764831543, "dist_grid_km": 733.26887815156897, "dist_demand_km": 1023.7052122447419, "connection_cost_brl": 879922653.78188276, "is_restricted": false, "restriction_factor": 1.0, "score_final": 0.26125709172885797, "longitude": -36.929956124924402, "latitude": -21.515404882955217 }, "geometry": { "type": "Point", "coordinates": [ -36.929956124924402, -21.515404882955217 ] } },
{ "type": "Feature", "properties": { "rank": 1561, "candidate_id": 2116, "scenario": "eolico", "solar_kwh_m2_day": 4.9836368560791016, "wind_m_s": 5.8263645172119141, "dist_grid_km": 771.84840921854891, "dist_demand_km": 983.87069676586532, "connection_cost_brl": 926218091.06225872, "is_restricted": false, "restriction_factor": 1.0, "score_final": 0.25940090218944933, "longitude": -37.023017236633336, "latitude": -24.591425491910002 }, "geometry": { "type": "Point", "coordinates": [ -37.023017236633336, -24.591425491910002 ] } },
{ "type": "Feature", "properties": { "rank": 1562, "candidate_id": 2185, "scenario": "eolico", "solar_kwh_m2_day": 5.0623860359191895, "wind_m_s": 5.8030180931091309, "dist_grid_km": 738.82212020198335, "dist_demand_km": 1042.8779770701301, "connection_cost_brl": 886586544.24238002, "is_restricted": false, "restriction_factor": 1.0, "score_final": 0.25895799808681053, "longitude": -37.03132512559084, "latitude": -20.650733845871873 }, "geometry": { "type": "Point", "coordinates": [ -37.03132512559084, -20.650733845871873 ] } },
{ "type": "Feature", "properties": { "rank": 1563, "candidate_id": 294, "scenario": "eolico", "solar_kwh_m2_day": 6.4091033935546875, "wind_m_s": 5.6527743339538574, "dist_grid_km": 683.02448249055362, "dist_demand_km": 963.48657230826734, "connection_cost_brl": 819629378.98866439, "is_restricted": false, "restriction_factor": 1.0, "score_final": 0.25888986073985776, "longitude": -52.501007505269072, "latitude": -8.3770879556319553 }, "geometry": { "type": "Point", "coordinates": [ -52.501007505269072, -8.377087955631955 ] } },
{ "type": "Feature", "properties": { "rank": 1564, "candidate_id": 175, "scenario": "eolico", "solar_kwh_m2_day": 6.2212119102478027, "wind_m_s": 5.8697328567504883, "dist_grid_km": 771.29557176290427, "dist_demand_km": 1059.1697888915505, "connection_cost_brl": 925554686.11548507, "is_restricted": false, "restriction_factor": 1.0, "score_final": 0.25878984922470005, "longitude": -53.409609264913627, "latitude": -7.9274212080093136 }, "geometry": { "type": "Point", "coordinates": [ -53.409609264913627, -7.927421208009314 ] } },
{ "type": "Feature", "properties": { "rank": 1565, "candidate_id": 174, "scenario": "eolico", "solar_kwh_m2_day": 6.0256137847900391, "wind_m_s": 5.7613043785095215, "dist_grid_km": 726.1947809386146, "dist_demand_km": 1018.0443743935527, "connection_cost_brl": 871433737.12633753, "is_restricted": false, "restriction_factor": 1.0, "score_final": 0.25846661725278114, "longitude": -53.408945843442091, "latitude": -8.3794904130946399 }, "geometry": { "type": "Point", "coordinates": [ -53.408945843442091, -8.37949041309464 ] } },
{ "type": "Feature", "properties": { "rank": 1566, "candidate_id": 2239, "scenario": "eolico", "solar_kwh_m2_day": 5.5359616279602051, "wind_m_s": 5.9398179054260254, "dist_grid_km": 810.65078889161759, "dist_demand_km": 1064.1999582103758, "connection_cost_brl": 972780946.66994107, "is_restricted": false, "restriction_factor": 1.0, "score_final": 0.25840077245262416, "longitude": -36.226429321837244, "latitude": -23.190808197859589 }, "geometry": { "type": "Point", "coordinates": [ -36.226429321837244, -23.190808197859589 ] } },
{ "type": "Feature", "properties": { "rank": 1567, "candidate_id": 2299, "scenario": "eolico", "solar_kwh_m2_day": 5.5798249244689941, "wind_m_s": 6.0511221885681152, "dist_grid_km": 859.05524308028669, "dist_demand_km": 1114.1431539504015, "connection_cost_brl": 1030866291.696344, "is_restricted": false, "restriction_factor": 1.0, "score_final": 0.25747079026973274, "longitude": -35.74176954863951, "latitude": -23.137351212523061 }, "geometry": { "type": "Point", "coordinates": [ -35.74176954863951, -23.137351212523061 ] } },
{ "type": "Feature", "properties": { "rank": 1568, "candidate_id": 417, "scenario": "eolico", "solar_kwh_m2_day": 6.8113737106323242, "wind_m_s": 5.860105037689209, "dist_grid_km": 775.15655651536201, "dist_demand_km": 1054.2662292803186, "connection_cost_brl": 930187867.81843436, "is_restricted": false, "restriction_factor": 1.0, "score_final": 0.2568642970046377, "longitude": -51.600719023949466, "latitude": -7.0174920643765324 }, "geometry": { "type": "Point", "coordinates": [ -51.600719023949466, -7.017492064376532 ] } },
{ "type": "Feature", "properties": { "rank": 1569, "candidate_id": 2309, "scenario": "eolico", "solar_kwh_m2_day": 5.1056442260742188, "wind_m_s": 6.135951042175293, "dist_grid_km": 882.52495649369507, "dist_demand_km": 1199.7606156641084, "connection_cost_brl": 1059029947.7924341, "is_restricted": false, "restriction_factor": 1.0, "score_final": 0.25575356393983073, "longitude": -36.274291771083803, "latitude": -18.835411773015338 }, "geometry": { "type": "Point", "coordinates": [ -36.274291771083803, -18.835411773015338 ] } },
{ "type": "Feature", "properties": { "rank": 1570, "candidate_id": 2302, "scenario": "eolico", "solar_kwh_m2_day": 5.2569265365600586, "wind_m_s": 5.9975419044494629, "dist_grid_km": 835.3072650916373, "dist_demand_km": 1117.2502574248081, "connection_cost_brl": 1002368718.1099647, "is_restricted": false, "restriction_factor": 1.0, "score_final": 0.25549536562183556, "longitude": -35.915787613098196, "latitude": -21.848330448642272 }, "geometry": { "type": "Point", "coordinates": [ -35.915787613098196, -21.848330448642272 ] } },
{ "type": "Feature", "properties": { "rank": 1571, "candidate_id": 2551, "scenario": "eolico", "solar_kwh_m2_day": 5.570866584777832, "wind_m_s": 6.4732265472412109, "dist_grid_km": 1104.6764290962335, "dist_demand_km": 1138.0184417842836, "connection_cost_brl": 1325611714.9154801, "is_restricted": false, "restriction_factor": 1.0, "score_final": 0.25352701460225491, "longitude": -34.486851172094298, "latitude": -17.801963729136858 }, "geometry": { "type": "Point", "coordinates": [ -34.486851172094298, -17.801963729136858 ] } },
{ "type": "Feature", "properties": { "rank": 1572, "candidate_id": 2611, "scenario": "eolico", "solar_kwh_m2_day": 5.5760111808776855, "wind_m_s": 6.5507678985595703, "dist_grid_km": 1151.5777099848426, "dist_demand_km": 1137.2832022921882, "connection_cost_brl": 1381893251.981811, "is_restricted": false, "restriction_factor": 1.0, "score_final": 0.25282539714273672, "longitude": -34.017832182765609, "latitude": -17.756943926112125 }, "geometry": { "type": "Point", "coordinates": [ -34.017832182765609, -17.756943926112125 ] } },
{ "type": "Feature", "properties": { "rank": 1573, "candidate_id": 2549, "scenario": "eolico", "solar_kwh_m2_day": 5.2847323417663574, "wind_m_s": 6.468599796295166, "dist_grid_km": 1073.3755798259585, "dist_demand_km": 1237.9566223963507, "connection_cost_brl": 1288050695.7911503, "is_restricted": false, "restriction_factor": 1.0, "score_final": 0.25152971744477809, "longitude": -34.387742478874749, "latitude": -18.655201339379307 }, "geometry": { "type": "Point", "coordinates": [ -34.387742478874749, -18.655201339379307 ] } },
{ "type": "Feature", "properties": { "rank": 1574, "candidate_id": 2307, "scenario": "eolico", "solar_kwh_m2_day": 5.4734792709350586, "wind_m_s": 6.0348949432373047, "dist_grid_km": 854.79554350739613, "dist_demand_km": 1166.106093551477, "connection_cost_brl": 1025754652.2088754, "is_restricted": false, "restriction_factor": 1.0, "score_final": 0.25135290894398482, "longitude": -36.178427085642568, "latitude": -19.696937902200304 }, "geometry": { "type": "Point", "coordinates": [ -36.178427085642568, -19.696937902200304 ] } },
{ "type": "Feature", "properties": { "rank": 1575, "candidate_id": 297, "scenario": "eolico", "solar_kwh_m2_day": 6.3075313568115234, "wind_m_s": 5.9171571731567383, "dist_grid_km": 818.32685496342299, "dist_demand_km": 1095.2557945142164, "connection_cost_brl": 981992225.95610762, "is_restricted": false, "restriction_factor": 1.0, "score_final": 0.250248664541317, "longitude": -52.505765215054133, "latitude": -7.0212443471130381 }, "geometry": { "type": "Point", "coordinates": [ -52.505765215054133, -7.021244347113038 ] } },
{ "type": "Feature", "properties": { "rank": 1576, "candidate_id": 2483, "scenario": "eolico", "solar_kwh_m2_day": 5.5069770812988281, "wind_m_s": 6.3153772354125977, "dist_grid_km": 983.25443977197642, "dist_demand_km": 1271.5893377089021, "connection_cost_brl": 1179905327.7263718, "is_restricted": false, "restriction_factor": 1.0, "score_final": 0.24925392828953816, "longitude": -34.534904963805403, "latitude": -21.264590125813072 }, "geometry": { "type": "Point", "coordinates": [ -34.534904963805403, -21.264590125813072 ] } },
{ "type": "Feature", "properties": { "rank": 1577, "candidate_id": 2545, "scenario": "eolico", "solar_kwh_m2_day": 5.452277660369873, "wind_m_s": 6.4412345886230469, "dist_grid_km": 1037.2007424305698, "dist_demand_km": 1336.1717605515323, "connection_cost_brl": 1244640890.9166837, "is_restricted": false, "restriction_factor": 1.0, "score_final": 0.24764593717866101, "longitude": -34.172869696806998, "latitude": -20.359870067022133 }, "geometry": { "type": "Point", "coordinates": [ -34.172869696806998, -20.359870067022133 ] } },
{ "type": "Feature", "properties": { "rank": 1578, "candidate_id": 2179, "scenario": "eolico", "solar_kwh_m2_day": 5.0176305770874023, "wind_m_s": 5.7472710609436035, "dist_grid_km": 762.45228860399743, "dist_demand_km": 1014.2623598533977, "connection_cost_brl": 914942746.32479692, "is_restricted": false, "restriction_factor": 1.0, "score_final": 0.24750324689490105, "longitude": -36.711452442136157, "latitude": -23.243058070680355 }, "geometry": { "type": "Point", "coordinates": [ -36.711452442136157, -23.243058070680355 ] } },
{ "type": "Feature", "properties": { "rank": 1579, "candidate_id": 419, "scenario": "eolico", "solar_kwh_m2_day": 6.5114164352416992, "wind_m_s": 6.0138254165649414, "dist_grid_km": 865.35813816394159, "dist_demand_km": 1147.7499157627344, "connection_cost_brl": 1038429765.7967299, "is_restricted": false, "restriction_factor": 1.0, "score_final": 0.24731067422375669, "longitude": -51.605043444567627, "latitude": -6.1140373625636286 }, "geometry": { "type": "Point", "coordinates": [ -51.605043444567627, -6.114037362563629 ] } },
{ "type": "Feature", "properties": { "rank": 1580, "candidate_id": 2610, "scenario": "eolico", "solar_kwh_m2_day": 5.3808293342590332, "wind_m_s": 6.4983677864074707, "dist_grid_km": 1135.5808132039251, "dist_demand_km": 1187.2819356677251, "connection_cost_brl": 1362696975.8447101, "is_restricted": false, "restriction_factor": 1.0, "score_final": 0.2446537569164722, "longitude": -33.967962942105451, "latitude": -18.182483172325306 }, "geometry": { "type": "Point", "coordinates": [ -33.967962942105451, -18.182483172325306 ] } },
{ "type": "Feature", "properties": { "rank": 1581, "candidate_id": 299, "scenario": "eolico", "solar_kwh_m2_day": 6.0945916175842285, "wind_m_s": 6.0888442993164062, "dist_grid_km": 908.52843661200245, "dist_demand_km": 1185.5116373740877, "connection_cost_brl": 1090234123.9344029, "is_restricted": false, "restriction_factor": 1.0, "score_final": 0.24360060263122996, "longitude": -52.508460330810863, "latitude": -6.1173027575274563 }, "geometry": { "type": "Point", "coordinates": [ -52.508460330810863, -6.117302757527456 ] } },
{ "type": "Feature", "properties": { "rank": 1582, "candidate_id": 598, "scenario": "eolico", "solar_kwh_m2_day": 6.410102367401123, "wind_m_s": 5.734743595123291, "dist_grid_km": 755.50189966756045, "dist_demand_km": 1056.9965070155686, "connection_cost_brl": 906602279.60107255, "is_restricted": false, "restriction_factor": 1.0, "score_final": 0.24347303539188911, "longitude": -50.246683902137114, "latitude": -6.5574627282677094 }, "geometry": { "type": "Point", "coordinates": [ -50.246683902137114, -6.557462728267709 ] } },
{ "type": "Feature", "properties": { "rank": 1583, "candidate_id": 2670, "scenario": "eolico", "solar_kwh_m2_day": 5.4045271873474121, "wind_m_s": 6.5727372169494629, "dist_grid_km": 1183.3701840295014, "dist_demand_km": 1188.6822549099256, "connection_cost_brl": 1420044220.8354018, "is_restricted": false, "restriction_factor": 1.0, "score_final": 0.24306546287460673, "longitude": -33.498182079135134, "latitude": -18.135453993590193 }, "geometry": { "type": "Point", "coordinates": [ -33.498182079135134, -18.135453993590193 ] } },
{ "type": "Feature", "properties": { "rank": 1584, "candidate_id": 238, "scenario": "eolico", "solar_kwh_m2_day": 6.3763484954833984, "wind_m_s": 6.023958683013916, "dist_grid_km": 885.01279501174304, "dist_demand_km": 1162.568507870049, "connection_cost_brl": 1062015354.0140916, "is_restricted": false, "restriction_factor": 1.0, "score_final": 0.24236203394131495, "longitude": -52.959265606752616, "latitude": -6.5704211935385697 }, "geometry": { "type": "Point", "coordinates": [ -52.959265606752616, -6.57042119353857 ] } },
{ "type": "Feature", "properties": { "rank": 1585, "candidate_id": 2242, "scenario": "eolico", "solar_kwh_m2_day": 5.1505899429321289, "wind_m_s": 5.782465934753418, "dist_grid_km": 785.44065210666452, "dist_demand_km": 1067.4524445033687, "connection_cost_brl": 942528782.52799737, "is_restricted": false, "restriction_factor": 1.0, "score_final": 0.24174678143995029, "longitude": -36.396398707519559, "latitude": -21.898500197928868 }, "geometry": { "type": "Point", "coordinates": [ -36.396398707519559, -21.898500197928868 ] } },
{ "type": "Feature", "properties": { "rank": 1586, "candidate_id": 2669, "scenario": "eolico", "solar_kwh_m2_day": 5.3938784599304199, "wind_m_s": 6.5616655349731445, "dist_grid_km": 1169.9476713225124, "dist_demand_km": 1238.6245660750765, "connection_cost_brl": 1403937205.5870149, "is_restricted": false, "restriction_factor": 1.0, "score_final": 0.24022958603055766, "longitude": -33.445914560129651, "latitude": -18.55966736488552 }, "geometry": { "type": "Point", "coordinates": [ -33.445914560129651, -18.55966736488552 ] } },
{ "type": "Feature", "properties": { "rank": 1587, "candidate_id": 2789, "scenario": "eolico", "solar_kwh_m2_day": 5.1286749839782715, "wind_m_s": 6.7346367835998535, "dist_grid_km": 1267.051684778181, "dist_demand_km": 1247.3351724513998, "connection_cost_brl": 1520462021.7338171, "is_restricted": false, "restriction_factor": 1.0, "score_final": 0.23962203566865711, "longitude": -32.50508376813783, "latitude": -18.460681542020222 }, "geometry": { "type": "Point", "coordinates": [ -32.50508376813783, -18.460681542020222 ] } },
{ "type": "Feature", "properties": { "rank": 1588, "candidate_id": 2304, "scenario": "eolico", "solar_kwh_m2_day": 5.2560868263244629, "wind_m_s": 5.8903050422668457, "dist_grid_km": 834.21406410403097, "dist_demand_km": 1130.4292331661607, "connection_cost_brl": 1001056876.9248371, "is_restricted": false, "restriction_factor": 1.0, "score_final": 0.23900194875979192, "longitude": -36.024863907382965, "latitude": -20.988207564289258 }, "geometry": { "type": "Point", "coordinates": [ -36.024863907382965, -20.988207564289258 ] } },
{ "type": "Feature", "properties": { "rank": 1589, "candidate_id": 2491, "scenario": "eolico", "solar_kwh_m2_day": 5.5196099281311035, "wind_m_s": 6.2719240188598633, "dist_grid_km": 1058.058979389938, "dist_demand_km": 1140.946477914842, "connection_cost_brl": 1269670775.2679257, "is_restricted": false, "restriction_factor": 1.0, "score_final": 0.23601465585698395, "longitude": -34.956089386075512, "latitude": -17.846131432287539 }, "geometry": { "type": "Point", "coordinates": [ -34.956089386075512, -17.846131432287539 ] } },
{ "type": "Feature", "properties": { "rank": 1590, "candidate_id": 416, "scenario": "eolico", "solar_kwh_m2_day": 6.0275712013244629, "wind_m_s": 5.6041970252990723, "dist_grid_km": 730.05576569107234, "dist_demand_km": 1007.9935459787082, "connection_cost_brl": 876066918.82928681, "is_restricted": false, "restriction_factor": 1.0, "score_final": 0.2356483651139776, "longitude": -51.598328109352849, "latitude": -7.4692055660959262 }, "geometry": { "type": "Point", "coordinates": [ -51.598328109352849, -7.469205566095926 ] } },
{ "type": "Feature", "properties": { "rank": 1591, "candidate_id": 660, "scenario": "eolico", "solar_kwh_m2_day": 6.5329899787902832, "wind_m_s": 5.8552427291870117, "dist_grid_km": 824.11833209210965, "dist_demand_km": 1145.2249631262507, "connection_cost_brl": 988941998.51053154, "is_restricted": false, "restriction_factor": 1.0, "score_final": 0.23512240188917155, "longitude": -49.801641438429556, "latitude": -5.6520607176195812 }, "geometry": { "type": "Point", "coordinates": [ -49.801641438429556, -5.652060717619581 ] } },
{ "type": "Feature", "properties": { "rank": 1592, "candidate_id": 2666, "scenario": "eolico", "solar_kwh_m2_day": 5.5297102928161621, "wind_m_s": 6.5700573921203613, "dist_grid_km": 1141.9348655601286, "dist_demand_km": 1388.476414392931, "connection_cost_brl": 1370321838.6721544, "is_restricted": false, "restriction_factor": 1.0, "score_final": 0.23461200510188845, "longitude": -33.280467194528647, "latitude": -19.831340499589952 }, "geometry": { "type": "Point", "coordinates": [ -33.280467194528647, -19.831340499589952 ] } },
{ "type": "Feature", "properties": { "rank": 1593, "candidate_id": 2729, "scenario": "eolico", "solar_kwh_m2_day": 5.2009201049804688, "wind_m_s": 6.601926326751709, "dist_grid_km": 1218.4411199422393, "dist_demand_km": 1241.9814507711123, "connection_cost_brl": 1462129343.9306872, "is_restricted": false, "restriction_factor": 1.0, "score_final": 0.23333488708868297, "longitude": -32.975373134614898, "latitude": -18.510597951378298 }, "geometry": { "type": "Point", "coordinates": [ -32.975373134614898, -18.510597951378298 ] } },
{ "type": "Feature", "properties": { "rank": 1594, "candidate_id": 2420, "scenario": "eolico", "solar_kwh_m2_day": 5.0025930404663086, "wind_m_s": 6.0792484283447266, "dist_grid_km": 946.68144998570369, "dist_demand_km": 1212.9356360145948, "connection_cost_brl": 1136017739.9828444, "is_restricted": false, "restriction_factor": 1.0, "score_final": 0.22987835327539877, "longitude": -34.835694466973379, "latitude": -22.599653207201868 }, "geometry": { "type": "Point", "coordinates": [ -34.835694466973379, -22.599653207201868 ] } },
{ "type": "Feature", "properties": { "rank": 1595, "candidate_id": 2424, "scenario": "eolico", "solar_kwh_m2_day": 5.3678464889526367, "wind_m_s": 6.0476880073547363, "dist_grid_km": 934.10680492929794, "dist_demand_km": 1229.0065435447441, "connection_cost_brl": 1120928165.9151576, "is_restricted": false, "restriction_factor": 1.0, "score_final": 0.22702181967490404, "longitude": -35.06961943916901, "latitude": -20.888995006099627 }, "geometry": { "type": "Point", "coordinates": [ -35.06961943916901, -20.888995006099627 ] } },
{ "type": "Feature", "properties": { "rank": 1596, "candidate_id": 2055, "scenario": "eolico", "solar_kwh_m2_day": 5.2692008018493652, "wind_m_s": 5.542670726776123, "dist_grid_km": 753.88415480299716, "dist_demand_km": 947.04650085122512, "connection_cost_brl": 904660985.76359653, "is_restricted": false, "restriction_factor": 1.0, "score_final": 0.22632715492937983, "longitude": -37.454077135301979, "latitude": -25.077519652409801 }, "geometry": { "type": "Point", "coordinates": [ -37.454077135301979, -25.077519652409801 ] } },
{ "type": "Feature", "properties": { "rank": 1597, "candidate_id": 2605, "scenario": "eolico", "solar_kwh_m2_day": 5.7958431243896484, "wind_m_s": 6.4078335762023926, "dist_grid_km": 1087.0172902174345, "dist_demand_km": 1385.33331373174, "connection_cost_brl": 1304420748.2609215, "is_restricted": false, "restriction_factor": 1.0, "score_final": 0.22545574351744677, "longitude": -33.697475217159969, "latitude": -20.307863363075018 }, "geometry": { "type": "Point", "coordinates": [ -33.697475217159969, -20.307863363075018 ] } },
{ "type": "Feature", "properties": { "rank": 1598, "candidate_id": 237, "scenario": "eolico", "solar_kwh_m2_day": 6.4257321357727051, "wind_m_s": 5.7848300933837891, "dist_grid_km": 839.91200418745325, "dist_demand_km": 1118.5433572396651, "connection_cost_brl": 1007894405.0249439, "is_restricted": false, "restriction_factor": 1.0, "score_final": 0.22336783004086874, "longitude": -52.958292905166921, "latitude": -7.0224671872548265 }, "geometry": { "type": "Point", "coordinates": [ -52.958292905166921, -7.022467187254827 ] } },
{ "type": "Feature", "properties": { "rank": 1599, "candidate_id": 480, "scenario": "eolico", "solar_kwh_m2_day": 6.9503827095031738, "wind_m_s": 5.9063940048217773, "dist_grid_km": 888.87377976420078, "dist_demand_km": 1179.4923382504703, "connection_cost_brl": 1066648535.7170409, "is_restricted": false, "restriction_factor": 1.0, "score_final": 0.22275339684610812, "longitude": -51.155638411654735, "latitude": -5.6602609594423301 }, "geometry": { "type": "Point", "coordinates": [ -51.155638411654735, -5.66026095944233 ] } },
{ "type": "Feature", "properties": { "rank": 1600, "candidate_id": 2850, "scenario": "eolico", "solar_kwh_m2_day": 5.805840015411377, "wind_m_s": 6.6943135261535645, "dist_grid_km": 1327.5559139257091, "dist_demand_km": 1205.3824406644899, "connection_cost_brl": 1593067096.710851, "is_restricted": false, "restriction_factor": 1.0, "score_final": 0.22220825983413264, "longitude": -32.090270445497787, "latitude": -17.989373365228012 }, "geometry": { "type": "Point", "coordinates": [ -32.090270445497787, -17.989373365228012 ] } },
{ "type": "Feature", "properties": { "rank": 1601, "candidate_id": 2912, "scenario": "eolico", "solar_kwh_m2_day": 5.5156545639038086, "wind_m_s": 6.5166964530944824, "dist_grid_km": 1260.5896360902207, "dist_demand_km": 1117.50763377405, "connection_cost_brl": 1512707563.3082647, "is_restricted": false, "restriction_factor": 1.0, "score_final": 0.22182540770157683, "longitude": -31.729285415617909, "latitude": -17.099940179844133 }, "geometry": { "type": "Point", "coordinates": [ -31.729285415617909, -17.099940179844133 ] } },
{ "type": "Feature", "properties": { "rank": 1602, "candidate_id": 2913, "scenario": "eolico", "solar_kwh_m2_day": 5.7208690643310547, "wind_m_s": 6.3998475074768066, "dist_grid_km": 1216.8859846592795, "dist_demand_km": 1068.9237573355501, "connection_cost_brl": 1460263181.5911355, "is_restricted": false, "restriction_factor": 1.0, "score_final": 0.22062121705031004, "longitude": -31.780969626569703, "latitude": -16.680126984188938 }, "geometry": { "type": "Point", "coordinates": [ -31.780969626569703, -16.680126984188938 ] } },
{ "type": "Feature", "properties": { "rank": 1603, "candidate_id": 2427, "scenario": "eolico", "solar_kwh_m2_day": 5.5903024673461914, "wind_m_s": 6.0312380790710449, "dist_grid_km": 952.53232987986394, "dist_demand_km": 1261.899462832539, "connection_cost_brl": 1143038795.8558366, "is_restricted": false, "restriction_factor": 1.0, "score_final": 0.21684592717953163, "longitude": -35.230252078941035, "latitude": -19.604332331242944 }, "geometry": { "type": "Point", "coordinates": [ -35.230252078941035, -19.604332331242944 ] } },
{ "type": "Feature", "properties": { "rank": 1604, "candidate_id": 178, "scenario": "eolico", "solar_kwh_m2_day": 6.5014252662658691, "wind_m_s": 5.8955540657043457, "dist_grid_km": 906.59794423577353, "dist_demand_km": 1186.6421204808153, "connection_cost_brl": 1087917533.0829282, "is_restricted": false, "restriction_factor": 1.0, "score_final": 0.21597620246686125, "longitude": -53.411372768677438, "latitude": -6.5711567551088228 }, "geometry": { "type": "Point", "coordinates": [ -53.411372768677438, -6.571156755108823 ] } },
{ "type": "Feature", "properties": { "rank": 1605, "candidate_id": 2853, "scenario": "eolico", "solar_kwh_m2_day": 5.1928677558898926, "wind_m_s": 6.316932201385498, "dist_grid_km": 1192.9570608385743, "dist_demand_km": 1057.9559965431004, "connection_cost_brl": 1431548473.0062892, "is_restricted": false, "restriction_factor": 1.0, "score_final": 0.21575618905303989, "longitude": -32.247056855938425, "latitude": -16.726694358048292 }, "geometry": { "type": "Point", "coordinates": [ -32.247056855938425, -16.726694358048292 ] } },
{ "type": "Feature", "properties": { "rank": 1606, "candidate_id": 240, "scenario": "eolico", "solar_kwh_m2_day": 6.4422321319580078, "wind_m_s": 6.0528745651245117, "dist_grid_km": 975.2143766603225, "dist_demand_km": 1251.9657033735448, "connection_cost_brl": 1170257251.9923871, "is_restricted": false, "restriction_factor": 1.0, "score_final": 0.21510279425214179, "longitude": -52.961013108787633, "latitude": -5.6663049374287411 }, "geometry": { "type": "Point", "coordinates": [ -52.961013108787633, -5.666304937428741 ] } },
{ "type": "Feature", "properties": { "rank": 1607, "candidate_id": 2176, "scenario": "eolico", "solar_kwh_m2_day": 5.9479517936706543, "wind_m_s": 5.6234378814697266, "dist_grid_km": 816.43810294861487, "dist_demand_km": 1032.857668991295, "connection_cost_brl": 979725723.53833783, "is_restricted": false, "restriction_factor": 1.0, "score_final": 0.21399639503347376, "longitude": -36.53320444469373, "latitude": -24.537202623591547 }, "geometry": { "type": "Point", "coordinates": [ -36.53320444469373, -24.537202623591547 ] } },
{ "type": "Feature", "properties": { "rank": 1608, "candidate_id": 2489, "scenario": "eolico", "solar_kwh_m2_day": 5.7547283172607422, "wind_m_s": 6.1159253120422363, "dist_grid_km": 1025.3360065040065, "dist_demand_km": 1240.6488183850154, "connection_cost_brl": 1230403207.8048079, "is_restricted": false, "restriction_factor": 1.0, "score_final": 0.21246560115498844, "longitude": -34.859023013637469, "latitude": -18.701634349458832 }, "geometry": { "type": "Point", "coordinates": [ -34.859023013637469, -18.701634349458832 ] } },
{ "type": "Feature", "properties": { "rank": 1609, "candidate_id": 2366, "scenario": "eolico", "solar_kwh_m2_day": 4.7737627029418945, "wind_m_s": 5.8558125495910645, "dist_grid_km": 894.37642607360044, "dist_demand_km": 1200.5356225939533, "connection_cost_brl": 1073251711.2883205, "is_restricted": false, "restriction_factor": 1.0, "score_final": 0.21204710619793968, "longitude": -35.653184873992153, "latitude": -20.080606506424278 }, "geometry": { "type": "Point", "coordinates": [ -35.653184873992153, -20.080606506424278 ] } },
{ "type": "Feature", "properties": { "rank": 1610, "candidate_id": 2792, "scenario": "eolico", "solar_kwh_m2_day": 5.4988079071044922, "wind_m_s": 6.3577175140380859, "dist_grid_km": 1215.7691830530989, "dist_demand_km": 1098.7124713925773, "connection_cost_brl": 1458923019.6637187, "is_restricted": false, "restriction_factor": 1.0, "score_final": 0.21201716348842325, "longitude": -32.663452247534352, "latitude": -17.194799791149581 }, "geometry": { "type": "Point", "coordinates": [ -32.663452247534352, -17.194799791149581 ] } },
{ "type": "Feature", "properties": { "rank": 1611, "candidate_id": 2177, "scenario": "eolico", "solar_kwh_m2_day": 5.0967459678649902, "wind_m_s": 5.5562915802001953, "dist_grid_km": 795.71264584860023, "dist_demand_km": 1024.2587666866948, "connection_cost_brl": 954855175.01832032, "is_restricted": false, "restriction_factor": 1.0, "score_final": 0.21037513127864541, "longitude": -36.594027861311972, "latitude": -24.105980765038762 }, "geometry": { "type": "Point", "coordinates": [ -36.594027861311972, -24.105980765038762 ] } },
{ "type": "Feature", "properties": { "rank": 1612, "candidate_id": 2364, "scenario": "eolico", "solar_kwh_m2_day": 5.7269511222839355, "wind_m_s": 5.802309513092041, "dist_grid_km": 884.15740334065674, "dist_demand_km": 1179.6879535013557, "connection_cost_brl": 1060988884.0087881, "is_restricted": false, "restriction_factor": 1.0, "score_final": 0.20885798233375791, "longitude": -35.547092459210418, "latitude": -20.939128237118421 }, "geometry": { "type": "Point", "coordinates": [ -35.547092459210418, -20.939128237118421 ] } },
{ "type": "Feature", "properties": { "rank": 1613, "candidate_id": 2235, "scenario": "eolico", "solar_kwh_m2_day": 4.9581456184387207, "wind_m_s": 5.737663745880127, "dist_grid_km": 883.63168020528497, "dist_demand_km": 1092.3723376639016, "connection_cost_brl": 1060358016.2463419, "is_restricted": false, "restriction_factor": 1.0, "score_final": 0.20778463022608601, "longitude": -35.980013857113306, "latitude": -24.911632284706165 }, "geometry": { "type": "Point", "coordinates": [ -35.980013857113306, -24.911632284706165 ] } },
{ "type": "Feature", "properties": { "rank": 1614, "candidate_id": 2363, "scenario": "eolico", "solar_kwh_m2_day": 5.6063175201416016, "wind_m_s": 5.7865152359008789, "dist_grid_km": 883.25923435028187, "dist_demand_km": 1172.3278598138832, "connection_cost_brl": 1059911081.2203382, "is_restricted": false, "restriction_factor": 1.0, "score_final": 0.20748683455147465, "longitude": -35.491992126462549, "latitude": -21.368163542942881 }, "geometry": { "type": "Point", "coordinates": [ -35.491992126462549, -21.368163542942881 ] } },
{ "type": "Feature", "properties": { "rank": 1615, "candidate_id": 2791, "scenario": "eolico", "solar_kwh_m2_day": 5.4375038146972656, "wind_m_s": 6.4375176429748535, "dist_grid_km": 1260.8699738773887, "dist_demand_km": 1148.2135721809384, "connection_cost_brl": 1513043968.6528664, "is_restricted": false, "restriction_factor": 1.0, "score_final": 0.20740853454942926, "longitude": -32.612117644854514, "latitude": -17.616921308679011 }, "geometry": { "type": "Point", "coordinates": [ -32.612117644854514, -17.616921308679011 ] } },
{ "type": "Feature", "properties": { "rank": 1616, "candidate_id": 57, "scenario": "eolico", "solar_kwh_m2_day": 6.4213533401489258, "wind_m_s": 5.8373856544494629, "dist_grid_km": 904.66745185954471, "dist_demand_km": 1198.249223596252, "connection_cost_brl": 1085600942.2314537, "is_restricted": false, "restriction_factor": 1.0, "score_final": 0.20695542506545211, "longitude": -54.315884253248782, "latitude": -7.0235175106157897 }, "geometry": { "type": "Point", "coordinates": [ -54.315884253248782, -7.02351751061579 ] } },
{ "type": "Feature", "properties": { "rank": 1617, "candidate_id": 2732, "scenario": "eolico", "solar_kwh_m2_day": 6.160703182220459, "wind_m_s": 6.2787384986877441, "dist_grid_km": 1194.1840338290685, "dist_demand_km": 1092.6307639906263, "connection_cost_brl": 1433020840.5948822, "is_restricted": false, "restriction_factor": 1.0, "score_final": 0.20666585573297727, "longitude": -33.130862989584749, "latitude": -17.24107867290051 }, "geometry": { "type": "Point", "coordinates": [ -33.130862989584749, -17.24107867290051 ] } },
{ "type": "Feature", "properties": { "rank": 1618, "candidate_id": 420, "scenario": "eolico", "solar_kwh_m2_day": 6.6593723297119141, "wind_m_s": 5.8395614624023438, "dist_grid_km": 910.45892898823138, "dist_demand_km": 1194.8875104375202, "connection_cost_brl": 1092550714.7858777, "is_restricted": false, "restriction_factor": 1.0, "score_final": 0.20610216397675404, "longitude": -51.606978299426949, "latitude": -5.6622973612917731 }, "geometry": { "type": "Point", "coordinates": [ -51.606978299426949, -5.662297361291773 ] } },
{ "type": "Feature", "properties": { "rank": 1619, "candidate_id": 2305, "scenario": "eolico", "solar_kwh_m2_day": 4.8684430122375488, "wind_m_s": 5.6682438850402832, "dist_grid_km": 838.15305497624422, "dist_demand_km": 1140.2549311171829, "connection_cost_brl": 1005783665.971493, "is_restricted": false, "restriction_factor": 1.0, "score_final": 0.2048923899366141, "longitude": -36.077374995036273, "latitude": -20.557925237014594 }, "geometry": { "type": "Point", "coordinates": [ -36.077374995036273, -20.557925237014594 ] } },
{ "type": "Feature", "properties": { "rank": 1620, "candidate_id": 2175, "scenario": "eolico", "solar_kwh_m2_day": 5.2731471061706543, "wind_m_s": 5.6061758995056152, "dist_grid_km": 839.63309673290416, "dist_demand_km": 1043.7834582200057, "connection_cost_brl": 1007559716.0794849, "is_restricted": false, "restriction_factor": 1.0, "score_final": 0.20453484458082913, "longitude": -36.470946111640039, "latitude": -24.968259489818063 }, "geometry": { "type": "Point", "coordinates": [ -36.470946111640039, -24.968259489818063 ] } },
{ "type": "Feature", "properties": { "rank": 1621, "candidate_id": 2485, "scenario": "eolico", "solar_kwh_m2_day": 5.7782382965087891, "wind_m_s": 6.0123257637023926, "dist_grid_km": 987.40274000298211, "dist_demand_km": 1287.0748063946394, "connection_cost_brl": 1184883288.0035784, "is_restricted": false, "restriction_factor": 1.0, "score_final": 0.20282409143266864, "longitude": -34.64856087478335, "latitude": -20.410896730800818 }, "geometry": { "type": "Point", "coordinates": [ -34.64856087478335, -20.410896730800818 ] } },
{ "type": "Feature", "properties": { "rank": 1622, "candidate_id": 2790, "scenario": "eolico", "solar_kwh_m2_day": 5.3343009948730469, "wind_m_s": 6.4578027725219727, "dist_grid_km": 1279.4559041703128, "dist_demand_km": 1197.7561187017318, "connection_cost_brl": 1535347085.0043755, "is_restricted": false, "restriction_factor": 1.0, "score_final": 0.20095931980177409, "longitude": -32.559333294134156, "latitude": -18.038883445182382 }, "geometry": { "type": "Point", "coordinates": [ -32.559333294134156, -18.038883445182382 ] } },
{ "type": "Feature", "properties": { "rank": 1623, "candidate_id": 2481, "scenario": "eolico", "solar_kwh_m2_day": 5.2434148788452148, "wind_m_s": 5.9800262451171875, "dist_grid_km": 989.24942036738628, "dist_demand_km": 1263.8502008917551, "connection_cost_brl": 1187099304.4408636, "is_restricted": false, "restriction_factor": 1.0, "score_final": 0.19984089937251953, "longitude": -34.415444971940239, "latitude": -22.117612556719148 }, "geometry": { "type": "Point", "coordinates": [ -34.415444971940239, -22.117612556719148 ] } },
{ "type": "Feature", "properties": { "rank": 1624, "candidate_id": 2544, "scenario": "eolico", "solar_kwh_m2_day": 5.8324990272521973, "wind_m_s": 6.0921878814697266, "dist_grid_km": 1034.0202808849924, "dist_demand_km": 1327.7966399095021, "connection_cost_brl": 1240824337.061991, "is_restricted": false, "restriction_factor": 1.0, "score_final": 0.19865666746181332, "longitude": -34.115586276314254, "latitude": -20.785636010968123 }, "geometry": { "type": "Point", "coordinates": [ -34.115586276314254, -20.785636010968123 ] } },
{ "type": "Feature", "properties": { "rank": 1625, "candidate_id": 2540, "scenario": "eolico", "solar_kwh_m2_day": 5.502415657043457, "wind_m_s": 6.0872154235839844, "dist_grid_km": 1045.3937947076649, "dist_demand_km": 1312.935523928458, "connection_cost_brl": 1254472553.6491978, "is_restricted": false, "restriction_factor": 1.0, "score_final": 0.1964130480102593, "longitude": -33.871657290117227, "latitude": -22.486961323325527 }, "geometry": { "type": "Point", "coordinates": [ -33.871657290117227, -22.486961323325527 ] } },
{ "type": "Feature", "properties": { "rank": 1626, "candidate_id": 2297, "scenario": "eolico", "solar_kwh_m2_day": 5.1328258514404297, "wind_m_s": 5.6700034141540527, "dist_grid_km": 888.70750701771226, "dist_demand_km": 1123.2510200368008, "connection_cost_brl": 1066449008.4212548, "is_restricted": false, "restriction_factor": 1.0, "score_final": 0.19379315775981876, "longitude": -35.618599784827531, "latitude": -23.995875120085522 }, "geometry": { "type": "Point", "coordinates": [ -35.618599784827531, -23.995875120085522 ] } },
{ "type": "Feature", "properties": { "rank": 1627, "candidate_id": 2174, "scenario": "eolico", "solar_kwh_m2_day": 5.1421589851379395, "wind_m_s": 5.5734481811523438, "dist_grid_km": 865.09901069891396, "dist_demand_km": 1056.9639780585226, "connection_cost_brl": 1038118812.8386967, "is_restricted": false, "restriction_factor": 1.0, "score_final": 0.19203972379137552, "longitude": -36.407231442194778, "latitude": -25.399147271036256 }, "geometry": { "type": "Point", "coordinates": [ -36.407231442194778, -25.399147271036256 ] } },
{ "type": "Feature", "properties": { "rank": 1628, "candidate_id": 2849, "scenario": "eolico", "solar_kwh_m2_day": 5.6307682991027832, "wind_m_s": 6.4887485504150391, "dist_grid_km": 1315.7663854318348, "dist_demand_km": 1254.660169451955, "connection_cost_brl": 1578919662.5182018, "is_restricted": false, "restriction_factor": 1.0, "score_final": 0.19082904223229677, "longitude": -32.035049036851753, "latitude": -18.40993427598158 }, "geometry": { "type": "Point", "coordinates": [ -32.035049036851753, -18.40993427598158 ] } },
{ "type": "Feature", "properties": { "rank": 1629, "candidate_id": 2051, "scenario": "eolico", "solar_kwh_m2_day": 4.6981468200683594, "wind_m_s": 5.5580596923828125, "dist_grid_km": 878.63050458929672, "dist_demand_km": 1018.6524666503688, "connection_cost_brl": 1054356605.507156, "is_restricted": false, "restriction_factor": 1.0, "score_final": 0.18992582519576953, "longitude": -37.203372261410927, "latitude": -26.808692178634189 }, "geometry": { "type": "Point", "coordinates": [ -37.203372261410927, -26.808692178634189 ] } },
{ "type": "Feature", "properties": { "rank": 1630, "candidate_id": 2482, "scenario": "eolico", "solar_kwh_m2_day": 4.9471745491027832, "wind_m_s": 5.8893275260925293, "dist_grid_km": 984.98825095239408, "dist_demand_km": 1266.7392735028575, "connection_cost_brl": 1181985901.1428728, "is_restricted": false, "restriction_factor": 1.0, "score_final": 0.18751715518458933, "longitude": -34.475909750367656, "latitude": -21.691187417394215 }, "geometry": { "type": "Point", "coordinates": [ -34.475909750367656, -21.691187417394215 ] } },
{ "type": "Feature", "properties": { "rank": 1631, "candidate_id": 2237, "scenario": "eolico", "solar_kwh_m2_day": 4.9702873229980469, "wind_m_s": 5.5110988616943359, "dist_grid_km": 842.0093965606967, "dist_demand_km": 1073.7315481879684, "connection_cost_brl": 1010411275.872836, "is_restricted": false, "restriction_factor": 1.0, "score_final": 0.18734808746718659, "longitude": -36.106115510589674, "latitude": -24.051555687656027 }, "geometry": { "type": "Point", "coordinates": [ -36.106115510589674, -24.051555687656027 ] } },
{ "type": "Feature", "properties": { "rank": 1632, "candidate_id": 2668, "scenario": "eolico", "solar_kwh_m2_day": 5.3846206665039062, "wind_m_s": 6.1998581886291504, "dist_grid_km": 1158.5292895805107, "dist_demand_km": 1288.5713516261324, "connection_cost_brl": 1390235147.4966128, "is_restricted": false, "restriction_factor": 1.0, "score_final": 0.18604904617132079, "longitude": -33.392217054074173, "latitude": -18.983722576402833 }, "geometry": { "type": "Point", "coordinates": [ -33.392217054074173, -18.983722576402833 ] } },
{ "type": "Feature", "properties": { "rank": 1633, "candidate_id": 2665, "scenario": "eolico", "solar_kwh_m2_day": 5.2494359016418457, "wind_m_s": 6.255183219909668, "dist_grid_km": 1136.8499454038702, "dist_demand_km": 1434.5528246023378, "connection_cost_brl": 1364219934.4846442, "is_restricted": false, "restriction_factor": 1.0, "score_final": 0.18597353965737681, "longitude": -33.22238109575094, "latitude": -20.254894032761324 }, "geometry": { "type": "Point", "coordinates": [ -33.22238109575094, -20.254894032761324 ] } },
{ "type": "Feature", "properties": { "rank": 1634, "candidate_id": 2663, "scenario": "eolico", "solar_kwh_m2_day": 4.761146068572998, "wind_m_s": 6.2059407234191895, "dist_grid_km": 1133.2488344272358, "dist_demand_km": 1420.6757874665532, "connection_cost_brl": 1359898601.3126829, "is_restricted": false, "restriction_factor": 1.0, "score_final": 0.18105598105703197, "longitude": -33.101698165207452, "latitude": -21.101466764830079 }, "geometry": { "type": "Point", "coordinates": [ -33.101698165207452, -21.101466764830079 ] } },
{ "type": "Feature", "properties": { "rank": 1635, "candidate_id": 2547, "scenario": "eolico", "solar_kwh_m2_day": 5.9194564819335938, "wind_m_s": 6.0000190734863281, "dist_grid_km": 1050.6951307266152, "dist_demand_km": 1337.9040414128483, "connection_cost_brl": 1260834156.8719382, "is_restricted": false, "restriction_factor": 1.0, "score_final": 0.18008493337093809, "longitude": -34.283124543308055, "latitude": -19.507848034236947 }, "geometry": { "type": "Point", "coordinates": [ -34.283124543308055, -19.507848034236947 ] } },
{ "type": "Feature", "properties": { "rank": 1636, "candidate_id": 2298, "scenario": "eolico", "solar_kwh_m2_day": 5.4009304046630859, "wind_m_s": 5.530515193939209, "dist_grid_km": 872.57576854201238, "dist_demand_km": 1117.5884353169242, "connection_cost_brl": 1047090922.2504148, "is_restricted": false, "restriction_factor": 1.0, "score_final": 0.17823700660799727, "longitude": -35.680913712699521, "latitude": -23.566698281431595 }, "geometry": { "type": "Point", "coordinates": [ -35.680913712699521, -23.566698281431595 ] } },
{ "type": "Feature", "properties": { "rank": 1637, "candidate_id": 2848, "scenario": "eolico", "solar_kwh_m2_day": 5.1589207649230957, "wind_m_s": 6.4132013320922852, "dist_grid_km": 1305.6238900293256, "dist_demand_km": 1303.9928885374086, "connection_cost_brl": 1566748668.0351908, "is_restricted": false, "restriction_factor": 1.0, "score_final": 0.17786609812026402, "longitude": -31.978321602629389, "latitude": -18.83032107216621 }, "geometry": { "type": "Point", "coordinates": [ -31.978321602629389, -18.83032107216621 ] } },
{ "type": "Feature", "properties": { "rank": 1638, "candidate_id": 2604, "scenario": "eolico", "solar_kwh_m2_day": 4.9080681800842285, "wind_m_s": 6.0599198341369629, "dist_grid_km": 1083.9830028255087, "dist_demand_km": 1377.2571776522157, "connection_cost_brl": 1300779603.3906105, "is_restricted": false, "restriction_factor": 1.0, "score_final": 0.17656530143213936, "longitude": -33.639034402718245, "latitude": -20.732445370088353 }, "geometry": { "type": "Point", "coordinates": [ -33.639034402718245, -20.732445370088353 ] } },
{ "type": "Feature", "properties": { "rank": 1639, "candidate_id": 359, "scenario": "eolico", "solar_kwh_m2_day": 5.8093552589416504, "wind_m_s": 5.5728802680969238, "dist_grid_km": 886.94328738797196, "dist_demand_km": 1165.7117378414687, "connection_cost_brl": 1064331944.8655664, "is_restricted": false, "restriction_factor": 1.0, "score_final": 0.17620046994888214, "longitude": -52.056750518527544, "latitude": -6.1158593912817549 }, "geometry": { "type": "Point", "coordinates": [ -52.056750518527544, -6.115859391281755 ] } },
{ "type": "Feature", "properties": { "rank": 1640, "candidate_id": 2846, "scenario": "eolico", "solar_kwh_m2_day": 5.4008493423461914, "wind_m_s": 6.4307489395141602, "dist_grid_km": 1290.9217112517765, "dist_demand_km": 1402.8000849907253, "connection_cost_brl": 1549106053.5021317, "is_restricted": false, "restriction_factor": 1.0, "score_final": 0.17493840023605242, "longitude": -31.860281724115307, "latitude": -19.670552466817174 }, "geometry": { "type": "Point", "coordinates": [ -31.860281724115307, -19.670552466817174 ] } },
{ "type": "Feature", "properties": { "rank": 1641, "candidate_id": 2911, "scenario": "eolico", "solar_kwh_m2_day": 5.6400237083435059, "wind_m_s": 6.2999238967895508, "dist_grid_km": 1304.7455543422884, "dist_demand_km": 1166.2112261894081, "connection_cost_brl": 1565694665.210746, "is_restricted": false, "restriction_factor": 1.0, "score_final": 0.17455179670701479, "longitude": -31.676117866984772, "latitude": -17.519588753986177 }, "geometry": { "type": "Point", "coordinates": [ -31.676117866984772, -17.519588753986177 ] } },
{ "type": "Feature", "properties": { "rank": 1642, "candidate_id": 2730, "scenario": "eolico", "solar_kwh_m2_day": 5.7336487770080566, "wind_m_s": 6.1861648559570312, "dist_grid_km": 1231.3351296796275, "dist_demand_km": 1192.1797731519316, "connection_cost_brl": 1477602155.6155529, "is_restricted": false, "restriction_factor": 1.0, "score_final": 0.17443321457840122, "longitude": -33.028637992200707, "latitude": -18.087582225095318 }, "geometry": { "type": "Point", "coordinates": [ -33.028637992200707, -18.087582225095318 ] } },
{ "type": "Feature", "properties": { "rank": 1643, "candidate_id": 2361, "scenario": "eolico", "solar_kwh_m2_day": 5.3380546569824219, "wind_m_s": 5.5594172477722168, "dist_grid_km": 889.92808553891177, "dist_demand_km": 1163.9289056531611, "connection_cost_brl": 1067913702.6466942, "is_restricted": false, "restriction_factor": 1.0, "score_final": 0.17365174436991904, "longitude": -35.377595143345559, "latitude": -22.225762848675149 }, "geometry": { "type": "Point", "coordinates": [ -35.377595143345559, -22.225762848675149 ] } },
{ "type": "Feature", "properties": { "rank": 1644, "candidate_id": 2487, "scenario": "eolico", "solar_kwh_m2_day": 5.5580973625183105, "wind_m_s": 5.8376655578613281, "dist_grid_km": 1001.5682945258851, "dist_demand_km": 1310.0319350064078, "connection_cost_brl": 1201881953.4310622, "is_restricted": false, "restriction_factor": 1.0, "score_final": 0.17173856787684019, "longitude": -34.75655549777629, "latitude": -19.556566962618707 }, "geometry": { "type": "Point", "coordinates": [ -34.75655549777629, -19.556566962618707 ] } },
{ "type": "Feature", "properties": { "rank": 1645, "candidate_id": 2908, "scenario": "eolico", "solar_kwh_m2_day": 5.8111119270324707, "wind_m_s": 6.4479727745056152, "dist_grid_km": 1354.7970148138195, "dist_demand_km": 1312.9069128201666, "connection_cost_brl": 1625756417.7765834, "is_restricted": false, "restriction_factor": 1.0, "score_final": 0.1694824258022018, "longitude": -31.507560439612394, "latitude": -18.77749752359929 }, "geometry": { "type": "Point", "coordinates": [ -31.507560439612394, -18.77749752359929 ] } },
{ "type": "Feature", "properties": { "rank": 1646, "candidate_id": 2600, "scenario": "eolico", "solar_kwh_m2_day": 5.0256052017211914, "wind_m_s": 6.0173873901367188, "dist_grid_km": 1094.8376113133947, "dist_demand_km": 1362.9354740532942, "connection_cost_brl": 1313805133.5760736, "is_restricted": false, "restriction_factor": 1.0, "score_final": 0.16896065930917631, "longitude": -33.39019698721512, "latitude": -22.428973526100062 }, "geometry": { "type": "Point", "coordinates": [ -33.39019698721512, -22.428973526100062 ] } },
{ "type": "Feature", "properties": { "rank": 1647, "candidate_id": 2295, "scenario": "eolico", "solar_kwh_m2_day": 4.9912533760070801, "wind_m_s": 5.5781149864196777, "dist_grid_km": 928.23819970713521, "dist_demand_km": 1141.083143567058, "connection_cost_brl": 1113885839.6485622, "is_restricted": false, "restriction_factor": 1.0, "score_final": 0.16868825967365736, "longitude": -35.48951368176045, "latitude": -24.853700849049588 }, "geometry": { "type": "Point", "coordinates": [ -35.48951368176045, -24.853700849049588 ] } },
{ "type": "Feature", "properties": { "rank": 1648, "candidate_id": 2788, "scenario": "eolico", "solar_kwh_m2_day": 5.635744571685791, "wind_m_s": 6.2381196022033691, "dist_grid_km": 1256.5160297752591, "dist_demand_km": 1296.9465466939218, "connection_cost_brl": 1507819235.7303109, "is_restricted": false, "restriction_factor": 1.0, "score_final": 0.16572372532649776, "longitude": -32.449353137623582, "latitude": -18.882310874770145 }, "geometry": { "type": "Point", "coordinates": [ -32.449353137623582, -18.882310874770145 ] } },
{ "type": "Feature", "properties": { "rank": 1649, "candidate_id": 118, "scenario": "eolico", "solar_kwh_m2_day": 6.2019739151000977, "wind_m_s": 5.5977554321289062, "dist_grid_km": 928.18309345980401, "dist_demand_km": 1212.3009150814078, "connection_cost_brl": 1113819712.1517649, "is_restricted": false, "restriction_factor": 1.0, "score_final": 0.16489241727517709, "longitude": -53.863480890367356, "latitude": -6.5714841691492847 }, "geometry": { "type": "Point", "coordinates": [ -53.863480890367356, -6.571484169149285 ] } },
{ "type": "Feature", "properties": { "rank": 1650, "candidate_id": 2360, "scenario": "eolico", "solar_kwh_m2_day": 5.451601505279541, "wind_m_s": 5.5009846687316895, "dist_grid_km": 897.43220279523393, "dist_demand_km": 1162.935699286314, "connection_cost_brl": 1076918643.3542807, "is_restricted": false, "restriction_factor": 1.0, "score_final": 0.16335481955222339, "longitude": -35.31826159961448, "latitude": -22.654318574565515 }, "geometry": { "type": "Point", "coordinates": [ -35.31826159961448, -22.654318574565515 ] } },
{ "type": "Feature", "properties": { "rank": 1651, "candidate_id": 2608, "scenario": "eolico", "solar_kwh_m2_day": 5.4634265899658203, "wind_m_s": 5.9470343589782715, "dist_grid_km": 1109.6706293683699, "dist_demand_km": 1287.2796976014001, "connection_cost_brl": 1331604755.2420437, "is_restricted": false, "restriction_factor": 1.0, "score_final": 0.16203806518923733, "longitude": -33.864043877511655, "latitude": -19.033111471517355 }, "geometry": { "type": "Point", "coordinates": [ -33.864043877511655, -19.033111471517355 ] } },
{ "type": "Feature", "properties": { "rank": 1652, "candidate_id": 2422, "scenario": "eolico", "solar_kwh_m2_day": 4.7478723526000977, "wind_m_s": 5.592094898223877, "dist_grid_km": 935.08322911980827, "dist_demand_km": 1216.8956284722879, "connection_cost_brl": 1122099874.9437699, "is_restricted": false, "restriction_factor": 1.0, "score_final": 0.16187595712500935, "longitude": -34.955538173054059, "latitude": -21.744656066006204 }, "geometry": { "type": "Point", "coordinates": [ -34.955538173054059, -21.744656066006204 ] } },
{ "type": "Feature", "properties": { "rank": 1653, "candidate_id": 2417, "scenario": "eolico", "solar_kwh_m2_day": 5.2806267738342285, "wind_m_s": 5.6706676483154297, "dist_grid_km": 983.07855804909809, "dist_demand_km": 1222.4073326403432, "connection_cost_brl": 1179694269.6589177, "is_restricted": false, "restriction_factor": 1.0, "score_final": 0.16045983505276637, "longitude": -34.644783933550954, "latitude": -23.880827189045313 }, "geometry": { "type": "Point", "coordinates": [ -34.644783933550954, -23.880827189045313 ] } },
{ "type": "Feature", "properties": { "rank": 1654, "candidate_id": 2486, "scenario": "eolico", "solar_kwh_m2_day": 5.4703712463378906, "wind_m_s": 5.729578971862793, "dist_grid_km": 993.25304418483586, "dist_demand_km": 1297.6411730506304, "connection_cost_brl": 1191903653.0218031, "is_restricted": false, "restriction_factor": 1.0, "score_final": 0.15936095335698691, "longitude": -34.70325726390255, "latitude": -19.983809273844816 }, "geometry": { "type": "Point", "coordinates": [ -34.70325726390255, -19.983809273844816 ] } },
{ "type": "Feature", "properties": { "rank": 1655, "candidate_id": 2728, "scenario": "eolico", "solar_kwh_m2_day": 5.5820813179016113, "wind_m_s": 6.1001482009887695, "dist_grid_km": 1207.4813969370507, "dist_demand_km": 1291.7984504582917, "connection_cost_brl": 1448977676.3244607, "is_restricted": false, "restriction_factor": 1.0, "score_final": 0.15876347875414012, "longitude": -32.920652519479447, "latitude": -18.933450233313273 }, "geometry": { "type": "Point", "coordinates": [ -32.920652519479447, -18.933450233313273 ] } },
{ "type": "Feature", "properties": { "rank": 1656, "candidate_id": 2786, "scenario": "eolico", "solar_kwh_m2_day": 5.4776673316955566, "wind_m_s": 6.2149171829223633, "dist_grid_km": 1241.2323132468339, "dist_demand_km": 1396.2524736146902, "connection_cost_brl": 1489478775.8962007, "is_restricted": false, "restriction_factor": 1.0, "score_final": 0.15699251942516854, "longitude": -32.333382271138369, "latitude": -19.725044006604019 }, "geometry": { "type": "Point", "coordinates": [ -32.333382271138369, -19.725044006604019 ] } },
{ "type": "Feature", "properties": { "rank": 1657, "candidate_id": 2294, "scenario": "eolico", "solar_kwh_m2_day": 5.3919620513916016, "wind_m_s": 5.5367026329040527, "dist_grid_km": 951.33522828627383, "dist_demand_km": 1153.1520644704503, "connection_cost_brl": 1141602273.9435287, "is_restricted": false, "restriction_factor": 1.0, "score_final": 0.15564490344164175, "longitude": -35.422697907415817, "latitude": -25.282340910687619 }, "geometry": { "type": "Point", "coordinates": [ -35.422697907415817, -25.282340910687619 ] } },
{ "type": "Feature", "properties": { "rank": 1658, "candidate_id": 300, "scenario": "eolico", "solar_kwh_m2_day": 6.1554770469665527, "wind_m_s": 5.5815834999084473, "dist_grid_km": 953.62922743629224, "dist_demand_km": 1231.2043436471467, "connection_cost_brl": 1144355072.9235506, "is_restricted": false, "restriction_factor": 1.0, "score_final": 0.15426685092301828, "longitude": -52.509666190217203, "latitude": -5.6653199128351748 }, "geometry": { "type": "Point", "coordinates": [ -52.509666190217203, -5.665319912835175 ] } },
{ "type": "Feature", "properties": { "rank": 1659, "candidate_id": 2844, "scenario": "eolico", "solar_kwh_m2_day": 4.9754352569580078, "wind_m_s": 6.3359518051147461, "dist_grid_km": 1283.8629159482414, "dist_demand_km": 1501.7651958757863, "connection_cost_brl": 1540635499.1378896, "is_restricted": false, "restriction_factor": 1.0, "score_final": 0.15375719444740149, "longitude": -31.736011601877379, "latitude": -20.510027095631013 }, "geometry": { "type": "Point", "coordinates": [ -31.736011601877379, -20.510027095631013 ] } },
{ "type": "Feature", "properties": { "rank": 1660, "candidate_id": 2599, "scenario": "eolico", "solar_kwh_m2_day": 5.0672101974487305, "wind_m_s": 5.9199023246765137, "dist_grid_km": 1103.214374602404, "dist_demand_km": 1363.9215702130602, "connection_cost_brl": 1323857249.5228848, "is_restricted": false, "restriction_factor": 1.0, "score_final": 0.15259554794170668, "longitude": -33.324121808572301, "latitude": -22.852631596917924 }, "geometry": { "type": "Point", "coordinates": [ -33.324121808572301, -22.852631596917924 ] } },
{ "type": "Feature", "properties": { "rank": 1661, "candidate_id": 2541, "scenario": "eolico", "solar_kwh_m2_day": 5.5358328819274902, "wind_m_s": 5.7659587860107422, "dist_grid_km": 1038.9589139279467, "dist_demand_km": 1313.815339662965, "connection_cost_brl": 1246750696.713536, "is_restricted": false, "restriction_factor": 1.0, "score_final": 0.15141953192061414, "longitude": -33.934896696520312, "latitude": -22.061899953795322 }, "geometry": { "type": "Point", "coordinates": [ -33.934896696520312, -22.061899953795322 ] } },
{ "type": "Feature", "properties": { "rank": 1662, "candidate_id": 2847, "scenario": "eolico", "solar_kwh_m2_day": 5.243476390838623, "wind_m_s": 6.2446169853210449, "dist_grid_km": 1297.3304526597151, "dist_demand_km": 1353.3745844750672, "connection_cost_brl": 1556796543.191658, "is_restricted": false, "restriction_factor": 1.0, "score_final": 0.15094155293705797, "longitude": -31.920071541292671, "latitude": -19.250528808514336 }, "geometry": { "type": "Point", "coordinates": [ -31.920071541292671, -19.250528808514336 ] } },
{ "type": "Feature", "properties": { "rank": 1663, "candidate_id": 2418, "scenario": "eolico", "solar_kwh_m2_day": 4.6807408332824707, "wind_m_s": 5.5558643341064453, "dist_grid_km": 968.51994822664381, "dist_demand_km": 1217.2061220817516, "connection_cost_brl": 1162223937.8719726, "is_restricted": false, "restriction_factor": 1.0, "score_final": 0.14803530506674939, "longitude": -34.709933909344429, "latitude": -23.453951435679073 }, "geometry": { "type": "Point", "coordinates": [ -34.709933909344429, -23.453951435679073 ] } },
{ "type": "Feature", "properties": { "rank": 1664, "candidate_id": 180, "scenario": "eolico", "solar_kwh_m2_day": 6.4482107162475586, "wind_m_s": 5.630889892578125, "dist_grid_km": 996.7995258843531, "dist_demand_km": 1274.3516426134618, "connection_cost_brl": 1196159431.0612237, "is_restricted": false, "restriction_factor": 1.0, "score_final": 0.14632697684587093, "longitude": -53.412361283889837, "latitude": -5.6669385950067701 }, "geometry": { "type": "Point", "coordinates": [ -53.412361283889837, -5.66693859500677 ] } },
{ "type": "Feature", "properties": { "rank": 1665, "candidate_id": 2478, "scenario": "eolico", "solar_kwh_m2_day": 4.692070484161377, "wind_m_s": 5.6536340713500977, "dist_grid_km": 1016.7851785141586, "dist_demand_km": 1267.037552747699, "connection_cost_brl": 1220142214.2169902, "is_restricted": false, "restriction_factor": 1.0, "score_final": 0.14518989132747562, "longitude": -34.225037619646237, "latitude": -23.395809642842416 }, "geometry": { "type": "Point", "coordinates": [ -34.225037619646237, -23.395809642842416 ] } },
{ "type": "Feature", "properties": { "rank": 1666, "candidate_id": 2598, "scenario": "eolico", "solar_kwh_m2_day": 5.3773536682128906, "wind_m_s": 5.8861269950866699, "dist_grid_km": 1113.7748953501898, "dist_demand_km": 1366.737353317031, "connection_cost_brl": 1336529874.4202278, "is_restricted": false, "restriction_factor": 1.0, "score_final": 0.1447335860319785, "longitude": -33.256459284119671, "latitude": -23.276090193423933 }, "geometry": { "type": "Point", "coordinates": [ -33.256459284119671, -23.276090193423933 ] } },
{ "type": "Feature", "properties": { "rank": 1667, "candidate_id": 2607, "scenario": "eolico", "solar_kwh_m2_day": 5.2634305953979492, "wind_m_s": 5.8321161270141602, "dist_grid_km": 1099.9006622717106, "dist_demand_km": 1337.2787040866529, "connection_cost_brl": 1319880794.7260528, "is_restricted": false, "restriction_factor": 1.0, "score_final": 0.14321153821582874, "longitude": -33.809962749114462, "latitude": -19.45819191152572 }, "geometry": { "type": "Point", "coordinates": [ -33.809962749114462, -19.45819191152572 ] } },
{ "type": "Feature", "properties": { "rank": 1668, "candidate_id": 2353, "scenario": "eolico", "solar_kwh_m2_day": 5.2452073097229004, "wind_m_s": 5.610602855682373, "dist_grid_km": 1019.44714767102, "dist_demand_km": 1215.0070137623188, "connection_cost_brl": 1223336577.205224, "is_restricted": false, "restriction_factor": 1.0, "score_final": 0.14313499879020058, "longitude": -34.861198358148926, "latitude": -25.649250452938492 }, "geometry": { "type": "Point", "coordinates": [ -34.861198358148926, -25.649250452938492 ] } },
{ "type": "Feature", "properties": { "rank": 1669, "candidate_id": 2725, "scenario": "eolico", "solar_kwh_m2_day": 5.8509864807128906, "wind_m_s": 6.0498180389404297, "dist_grid_km": 1186.6966788096743, "dist_demand_km": 1441.3254921242535, "connection_cost_brl": 1424036014.571609, "is_restricted": false, "restriction_factor": 1.0, "score_final": 0.14281522529186966, "longitude": -32.747590792498116, "latitude": -20.200979664003427 }, "geometry": { "type": "Point", "coordinates": [ -32.747590792498116, -20.200979664003427 ] } },
{ "type": "Feature", "properties": { "rank": 1670, "candidate_id": 2723, "scenario": "eolico", "solar_kwh_m2_day": 5.3272204399108887, "wind_m_s": 6.0542583465576172, "dist_grid_km": 1183.2472817901664, "dist_demand_km": 1470.4125643958889, "connection_cost_brl": 1419896738.1481998, "is_restricted": false, "restriction_factor": 1.0, "score_final": 0.14162326937167918, "longitude": -32.624625092965196, "latitude": -21.045095111517039 }, "geometry": { "type": "Point", "coordinates": [ -32.624625092965196, -21.045095111517039 ] } },
{ "type": "Feature", "properties": { "rank": 1671, "candidate_id": 2484, "scenario": "eolico", "solar_kwh_m2_day": 5.054107666015625, "wind_m_s": 5.5582308769226074, "dist_grid_km": 984.0613457241119, "dist_demand_km": 1278.3780741687419, "connection_cost_brl": 1180873614.8689344, "is_restricted": false, "restriction_factor": 1.0, "score_final": 0.13868175027503266, "longitude": -34.592449298171147, "latitude": -20.837825111059765 }, "geometry": { "type": "Point", "coordinates": [ -34.592449298171147, -20.837825111059765 ] } },
{ "type": "Feature", "properties": { "rank": 1672, "candidate_id": 2602, "scenario": "eolico", "solar_kwh_m2_day": 5.2303180694580078, "wind_m_s": 5.758542537689209, "dist_grid_km": 1084.8245354805144, "dist_demand_km": 1366.4608373143051, "connection_cost_brl": 1301789442.5766172, "is_restricted": false, "restriction_factor": 1.0, "score_final": 0.13368116859895235, "longitude": -33.517668557456503, "latitude": -21.58107890309509 }, "geometry": { "type": "Point", "coordinates": [ -33.517668557456503, -21.58107890309509 ] } },
{ "type": "Feature", "properties": { "rank": 1673, "candidate_id": 2606, "scenario": "eolico", "solar_kwh_m2_day": 5.4044337272644043, "wind_m_s": 5.7816858291625977, "dist_grid_km": 1092.3342107838153, "dist_demand_km": 1387.2777821873326, "connection_cost_brl": 1310801052.9405782, "is_restricted": false, "restriction_factor": 1.0, "score_final": 0.13316688948161284, "longitude": -33.754445508224286, "latitude": -19.883110697982147 }, "geometry": { "type": "Point", "coordinates": [ -33.754445508224286, -19.883110697982147 ] } },
{ "type": "Feature", "properties": { "rank": 1674, "candidate_id": 2543, "scenario": "eolico", "solar_kwh_m2_day": 5.5339627265930176, "wind_m_s": 5.6298604011535645, "dist_grid_km": 1033.2523904953871, "dist_demand_km": 1321.2618439259293, "connection_cost_brl": 1239902868.5944645, "is_restricted": false, "restriction_factor": 1.0, "score_final": 0.13246023706332777, "longitude": -34.056841969773679, "latitude": -21.211232665482502 }, "geometry": { "type": "Point", "coordinates": [ -34.056841969773679, -21.211232665482502 ] } },
{ "type": "Feature", "properties": { "rank": 1675, "candidate_id": 2724, "scenario": "eolico", "solar_kwh_m2_day": 4.9517436027526855, "wind_m_s": 5.9795312881469727, "dist_grid_km": 1183.9178893322223, "dist_demand_km": 1476.2872912389753, "connection_cost_brl": 1420701467.1986668, "is_restricted": false, "restriction_factor": 1.0, "score_final": 0.13007250968859116, "longitude": -32.686879162759219, "latitude": -20.623131066521335 }, "geometry": { "type": "Point", "coordinates": [ -32.686879162759219, -20.623131066521335 ] } },
{ "type": "Feature", "properties": { "rank": 1676, "candidate_id": 2909, "scenario": "eolico", "solar_kwh_m2_day": 5.9271531105041504, "wind_m_s": 6.1470685005187988, "dist_grid_km": 1364.5740691386027, "dist_demand_km": 1263.9221689582212, "connection_cost_brl": 1637488882.9663231, "is_restricted": false, "restriction_factor": 1.0, "score_final": 0.12794836356345429, "longitude": -31.565271356757336, "latitude": -18.358372416575147 }, "geometry": { "type": "Point", "coordinates": [ -31.565271356757336, -18.358372416575147 ] } },
{ "type": "Feature", "properties": { "rank": 1677, "candidate_id": 2667, "scenario": "eolico", "solar_kwh_m2_day": 4.8353209495544434, "wind_m_s": 5.808082103729248, "dist_grid_km": 1149.174780439806, "dist_demand_km": 1338.5221106797317, "connection_cost_brl": 1379009736.5277672, "is_restricted": false, "restriction_factor": 1.0, "score_final": 0.1269964351501307, "longitude": -33.337073468447912, "latitude": -19.40761513959119 }, "geometry": { "type": "Point", "coordinates": [ -33.337073468447912, -19.40761513959119 ] } },
{ "type": "Feature", "properties": { "rank": 1678, "candidate_id": 2910, "scenario": "eolico", "solar_kwh_m2_day": 5.8336291313171387, "wind_m_s": 6.0810866355895996, "dist_grid_km": 1349.3093390819824, "dist_demand_km": 1215.020138366903, "connection_cost_brl": 1619171206.8983788, "is_restricted": false, "restriction_factor": 1.0, "score_final": 0.12686468366118489, "longitude": -31.621451755223529, "latitude": -17.939067818160002 }, "geometry": { "type": "Point", "coordinates": [ -31.621451755223529, -17.939067818160002 ] } },
{ "type": "Feature", "properties": { "rank": 1679, "candidate_id": 2787, "scenario": "eolico", "solar_kwh_m2_day": 6.1157045364379883, "wind_m_s": 5.9731874465942383, "dist_grid_km": 1247.8962674297622, "dist_demand_km": 1346.5866691484121, "connection_cost_brl": 1497475520.9157147, "is_restricted": false, "restriction_factor": 1.0, "score_final": 0.12489516092115702, "longitude": -32.392124960593122, "latitude": -19.303766650772918 }, "geometry": { "type": "Point", "coordinates": [ -32.392124960593122, -19.303766650772918 ] } },
{ "type": "Feature", "properties": { "rank": 1680, "candidate_id": 2661, "scenario": "eolico", "solar_kwh_m2_day": 5.8294816017150879, "wind_m_s": 5.7986397743225098, "dist_grid_km": 1138.4542340808414, "dist_demand_km": 1413.7530122383037, "connection_cost_brl": 1366145080.8970096, "is_restricted": false, "restriction_factor": 1.0, "score_final": 0.12134130451150818, "longitude": -32.974876556934476, "latitude": -21.947294872356949 }, "geometry": { "type": "Point", "coordinates": [ -32.974876556934476, -21.947294872356949 ] } },
{ "type": "Feature", "properties": { "rank": 1681, "candidate_id": 2784, "scenario": "eolico", "solar_kwh_m2_day": 5.5608696937561035, "wind_m_s": 5.9746026992797852, "dist_grid_km": 1233.8892891236201, "dist_demand_km": 1495.6508934804915, "connection_cost_brl": 1480667146.948344, "is_restricted": false, "restriction_factor": 1.0, "score_final": 0.11475416903170116, "longitude": -32.211282801927588, "latitude": -20.567043634510675 }, "geometry": { "type": "Point", "coordinates": [ -32.211282801927588, -20.567043634510675 ] } },
{ "type": "Feature", "properties": { "rank": 1682, "candidate_id": 2474, "scenario": "eolico", "solar_kwh_m2_day": 5.0564532279968262, "wind_m_s": 5.5736141204833984, "dist_grid_km": 1085.1278007579947, "dist_demand_km": 1298.5145101658316, "connection_cost_brl": 1302153360.9095936, "is_restricted": false, "restriction_factor": 1.0, "score_final": 0.11315299138073293, "longitude": -33.9493487744299, "latitude": -25.097379962312147 }, "geometry": { "type": "Point", "coordinates": [ -33.9493487744299, -25.097379962312147 ] } },
{ "type": "Feature", "properties": { "rank": 1683, "candidate_id": 2473, "scenario": "eolico", "solar_kwh_m2_day": 4.6260433197021484, "wind_m_s": 5.6080083847045898, "dist_grid_km": 1107.2104159376552, "dist_demand_km": 1311.0411421350559, "connection_cost_brl": 1328652499.1251862, "is_restricted": false, "restriction_factor": 1.0, "score_final": 0.11131301451678388, "longitude": -33.876382137928289, "latitude": -25.522258949463406 }, "geometry": { "type": "Point", "coordinates": [ -33.876382137928289, -25.522258949463406 ] } },
{ "type": "Feature", "properties": { "rank": 1684, "candidate_id": 2597, "scenario": "eolico", "solar_kwh_m2_day": 5.4020681381225586, "wind_m_s": 5.6806459426879883, "dist_grid_km": 1126.4577571730242, "dist_demand_km": 1371.3715529394744, "connection_cost_brl": 1351749308.6076291, "is_restricted": false, "restriction_factor": 1.0, "score_final": 0.11127345676771014, "longitude": -33.187187812755504, "latitude": -23.699344220195162 }, "geometry": { "type": "Point", "coordinates": [ -33.187187812755504, -23.699344220195162 ] } },
{ "type": "Feature", "properties": { "rank": 1685, "candidate_id": 2657, "scenario": "eolico", "solar_kwh_m2_day": 5.2341299057006836, "wind_m_s": 5.792905330657959, "dist_grid_km": 1174.6183583736499, "dist_demand_km": 1421.0747174766034, "connection_cost_brl": 1409542030.0483799, "is_restricted": false, "restriction_factor": 1.0, "score_final": 0.11056676373037652, "longitude": -32.702178036298221, "latitude": -23.636556905223792 }, "geometry": { "type": "Point", "coordinates": [ -32.702178036298221, -23.636556905223792 ] } },
{ "type": "Feature", "properties": { "rank": 1686, "candidate_id": 2658, "scenario": "eolico", "solar_kwh_m2_day": 5.4682760238647461, "wind_m_s": 5.7526979446411133, "dist_grid_km": 1162.4610645718226, "dist_demand_km": 1416.6031234582342, "connection_cost_brl": 1394953277.4861872, "is_restricted": false, "restriction_factor": 1.0, "score_final": 0.10827020476140248, "longitude": -32.772787194324742, "latitude": -23.214553570185235 }, "geometry": { "type": "Point", "coordinates": [ -32.772787194324742, -23.214553570185235 ] } },
{ "type": "Feature", "properties": { "rank": 1687, "candidate_id": 2726, "scenario": "eolico", "solar_kwh_m2_day": 6.081937313079834, "wind_m_s": 5.7848782539367676, "dist_grid_km": 1191.5689012033495, "dist_demand_km": 1391.4718328806716, "connection_cost_brl": 1429882681.4440193, "is_restricted": false, "restriction_factor": 1.0, "score_final": 0.1078303971533312, "longitude": -32.806778406942698, "latitude": -19.778645834097215 }, "geometry": { "type": "Point", "coordinates": [ -32.806778406942698, -19.778645834097215 ] } },
{ "type": "Feature", "properties": { "rank": 1688, "candidate_id": 2727, "scenario": "eolico", "solar_kwh_m2_day": 6.0300827026367188, "wind_m_s": 5.7411336898803711, "dist_grid_km": 1198.5090258867494, "dist_demand_km": 1341.6290654101713, "connection_cost_brl": 1438210831.0640993, "is_restricted": false, "restriction_factor": 1.0, "score_final": 0.10437229977329443, "longitude": -32.864459874452415, "latitude": -19.356134430528151 }, "geometry": { "type": "Point", "coordinates": [ -32.864459874452415, -19.356134430528151 ] } },
{ "type": "Feature", "properties": { "rank": 1689, "candidate_id": 2603, "scenario": "eolico", "solar_kwh_m2_day": 4.8798794746398926, "wind_m_s": 5.554408073425293, "dist_grid_km": 1083.2505303933897, "dist_demand_km": 1370.9581600669399, "connection_cost_brl": 1299900636.4720676, "is_restricted": false, "restriction_factor": 1.0, "score_final": 0.10407919058175011, "longitude": -33.579105043615399, "latitude": -21.156852110849734 }, "geometry": { "type": "Point", "coordinates": [ -33.579105043615399, -21.156852110849734 ] } },
{ "type": "Feature", "properties": { "rank": 1690, "candidate_id": 2720, "scenario": "eolico", "solar_kwh_m2_day": 5.5916018486022949, "wind_m_s": 5.8014698028564453, "dist_grid_km": 1193.8642357540816, "dist_demand_km": 1462.9353845307189, "connection_cost_brl": 1432637082.9048979, "is_restricted": false, "restriction_factor": 1.0, "score_final": 0.10296792903294666, "longitude": -32.428415374173667, "latitude": -22.309812594759453 }, "geometry": { "type": "Point", "coordinates": [ -32.428415374173667, -22.309812594759453 ] } },
{ "type": "Feature", "properties": { "rank": 1691, "candidate_id": 2664, "scenario": "eolico", "solar_kwh_m2_day": 5.4431304931640625, "wind_m_s": 5.6675128936767578, "dist_grid_km": 1133.9490109999372, "dist_demand_km": 1426.755322343018, "connection_cost_brl": 1360738813.1999247, "is_restricted": false, "restriction_factor": 1.0, "score_final": 0.1022756707789588, "longitude": -33.162797495625803, "latitude": -20.678271044144786 }, "geometry": { "type": "Point", "coordinates": [ -33.162797495625803, -20.678271044144786 ] } },
{ "type": "Feature", "properties": { "rank": 1692, "candidate_id": 2841, "scenario": "eolico", "solar_kwh_m2_day": 5.0493788719177246, "wind_m_s": 6.0227932929992676, "dist_grid_km": 1287.8438067156983, "dist_demand_km": 1563.674463861204, "connection_cost_brl": 1545412568.0588379, "is_restricted": false, "restriction_factor": 1.0, "score_final": 0.10156642383287559, "longitude": -31.537598405041926, "latitude": -21.767728500760253 }, "geometry": { "type": "Point", "coordinates": [ -31.537598405041926, -21.767728500760253 ] } },
{ "type": "Feature", "properties": { "rank": 1693, "candidate_id": 2903, "scenario": "eolico", "solar_kwh_m2_day": 5.2305593490600586, "wind_m_s": 6.0162153244018555, "dist_grid_km": 1333.2433226021433, "dist_demand_km": 1558.7979742306604, "connection_cost_brl": 1599891987.1225719, "is_restricted": false, "restriction_factor": 1.0, "score_final": 0.089445193319199923, "longitude": -31.195442991485276, "latitude": -20.870249570171811 }, "geometry": { "type": "Point", "coordinates": [ -31.195442991485276, -20.870249570171811 ] } },
{ "type": "Feature", "properties": { "rank": 1694, "candidate_id": 2719, "scenario": "eolico", "solar_kwh_m2_day": 5.1473636627197266, "wind_m_s": 5.7090940475463867, "dist_grid_km": 1201.5508206462307, "dist_demand_km": 1463.8541192931846, "connection_cost_brl": 1441860984.7754769, "is_restricted": false, "restriction_factor": 1.0, "score_final": 0.087526298552334611, "longitude": -32.359795704898467, "latitude": -22.730976280722015 }, "geometry": { "type": "Point", "coordinates": [ -32.359795704898467, -22.730976280722015 ] } },
{ "type": "Feature", "properties": { "rank": 1695, "candidate_id": 2659, "scenario": "eolico", "solar_kwh_m2_day": 5.2295866012573242, "wind_m_s": 5.5783805847167969, "dist_grid_km": 1152.3468078067913, "dist_demand_km": 1413.8866525050876, "connection_cost_brl": 1382816169.3681495, "is_restricted": false, "restriction_factor": 1.0, "score_final": 0.085850343726269263, "longitude": -32.841758883978343, "latitude": -22.79233861977373 }, "geometry": { "type": "Point", "coordinates": [ -32.841758883978343, -22.79233861977373 ] } },
{ "type": "Feature", "properties": { "rank": 1696, "candidate_id": 2907, "scenario": "eolico", "solar_kwh_m2_day": 5.401090145111084, "wind_m_s": 5.828826904296875, "dist_grid_km": 1346.8064124184255, "dist_demand_km": 1361.9654453318212, "connection_cost_brl": 1616167694.9021106, "is_restricted": false, "restriction_factor": 1.0, "score_final": 0.077211946357244501, "longitude": -31.448302252768368, "latitude": -19.196438041178293 }, "geometry": { "type": "Point", "coordinates": [ -31.448302252768368, -19.196438041178293 ] } },
{ "type": "Feature", "properties": { "rank": 1697, "candidate_id": 2843, "scenario": "eolico", "solar_kwh_m2_day": 5.3187985420227051, "wind_m_s": 5.8327250480651855, "dist_grid_km": 1283.2445394896774, "dist_demand_km": 1551.2975266178839, "connection_cost_brl": 1539893447.3876128, "is_restricted": false, "restriction_factor": 1.0, "score_final": 0.076354740766842358, "longitude": -31.671494297654775, "latitude": -20.929467640555821 }, "geometry": { "type": "Point", "coordinates": [ -31.671494297654775, -20.929467640555821 ] } },
{ "type": "Feature", "properties": { "rank": 1698, "candidate_id": 2906, "scenario": "eolico", "solar_kwh_m2_day": 5.4975147247314453, "wind_m_s": 5.8220281600952148, "dist_grid_km": 1340.6342057826002, "dist_demand_km": 1411.0900704153623, "connection_cost_brl": 1608761046.9391203, "is_restricted": false, "restriction_factor": 1.0, "score_final": 0.073215455897392298, "longitude": -31.387479515115071, "latitude": -19.615188796179673 }, "geometry": { "type": "Point", "coordinates": [ -31.387479515115071, -19.615188796179673 ] } },
{ "type": "Feature", "properties": { "rank": 1699, "candidate_id": 2839, "scenario": "eolico", "solar_kwh_m2_day": 4.8638367652893066, "wind_m_s": 5.8436717987060547, "dist_grid_km": 1300.1410665238934, "dist_demand_km": 1563.7952920541709, "connection_cost_brl": 1560169279.8286722, "is_restricted": false, "restriction_factor": 1.0, "score_final": 0.072447079953616919, "longitude": -31.397084797630097, "latitude": -22.605125768927646 }, "geometry": { "type": "Point", "coordinates": [ -31.397084797630097, -22.605125768927646 ] } },
{ "type": "Feature", "properties": { "rank": 1700, "candidate_id": 2656, "scenario": "eolico", "solar_kwh_m2_day": 4.8920769691467285, "wind_m_s": 5.5448265075683594, "dist_grid_km": 1188.7560090327038, "dist_demand_km": 1427.284938584721, "connection_cost_brl": 1426507210.8392446, "is_restricted": false, "restriction_factor": 1.0, "score_final": 0.070413286035789099, "longitude": -32.629908921492614, "latitude": -24.058343257175338 }, "geometry": { "type": "Point", "coordinates": [ -32.629908921492614, -24.058343257175338 ] } },
{ "type": "Feature", "properties": { "rank": 1701, "candidate_id": 2777, "scenario": "eolico", "solar_kwh_m2_day": 5.2249016761779785, "wind_m_s": 5.7468729019165039, "dist_grid_km": 1271.3656854322699, "dist_demand_km": 1520.5394389920878, "connection_cost_brl": 1525638822.5187237, "is_restricted": false, "restriction_factor": 1.0, "score_final": 0.069828600124441781, "longitude": -31.733470646288154, "latitude": -23.507670309098511 }, "geometry": { "type": "Point", "coordinates": [ -31.733470646288154, -23.507670309098511 ] } },
{ "type": "Feature", "properties": { "rank": 1702, "candidate_id": 2716, "scenario": "eolico", "solar_kwh_m2_day": 5.7577438354492188, "wind_m_s": 5.6354818344116211, "dist_grid_km": 1236.5120533761449, "dist_demand_km": 1476.799144213719, "connection_cost_brl": 1483814464.051374, "is_restricted": false, "restriction_factor": 1.0, "score_final": 0.066696817906751915, "longitude": -32.143987546729434, "latitude": -23.993165908736035 }, "geometry": { "type": "Point", "coordinates": [ -32.143987546729434, -23.993165908736035 ] } },
{ "type": "Feature", "properties": { "rank": 1703, "candidate_id": 2785, "scenario": "eolico", "solar_kwh_m2_day": 5.3615694046020508, "wind_m_s": 5.5909790992736816, "dist_grid_km": 1236.5557879170028, "dist_demand_km": 1445.9413136853332, "connection_cost_brl": 1483866945.5004034, "is_restricted": false, "restriction_factor": 1.0, "score_final": 0.063120099556788628, "longitude": -32.27310756787179, "latitude": -20.146138005467773 }, "geometry": { "type": "Point", "coordinates": [ -32.27310756787179, -20.146138005467773 ] } },
{ "type": "Feature", "properties": { "rank": 1704, "candidate_id": 2840, "scenario": "eolico", "solar_kwh_m2_day": 4.753420352935791, "wind_m_s": 5.7624478340148926, "dist_grid_km": 1293.0406921976332, "dist_demand_km": 1562.9353064638367, "connection_cost_brl": 1551648830.6371598, "is_restricted": false, "restriction_factor": 1.0, "score_final": 0.062573816282379124, "longitude": -31.468179321610453, "latitude": -22.186537876389146 }, "geometry": { "type": "Point", "coordinates": [ -31.468179321610453, -22.186537876389146 ] } },
{ "type": "Feature", "properties": { "rank": 1705, "candidate_id": 2782, "scenario": "eolico", "solar_kwh_m2_day": 5.1545224189758301, "wind_m_s": 5.6132416725158691, "dist_grid_km": 1234.6286486955903, "dist_demand_km": 1516.1119580138068, "connection_cost_brl": 1481554378.4347084, "is_restricted": false, "restriction_factor": 1.0, "score_final": 0.060281443243998784, "longitude": -32.082908074046152, "latitude": -21.408269334717641 }, "geometry": { "type": "Point", "coordinates": [ -32.082908074046152, -21.408269334717641 ] } },
{ "type": "Feature", "properties": { "rank": 1706, "candidate_id": 2783, "scenario": "eolico", "solar_kwh_m2_day": 4.9956955909729004, "wind_m_s": 5.6024842262268066, "dist_grid_km": 1233.2458550495703, "dist_demand_km": 1520.1666112544624, "connection_cost_brl": 1479895026.0594845, "is_restricted": false, "restriction_factor": 1.0, "score_final": 0.058697466097168784, "longitude": -32.147889364520218, "latitude": -20.987755802050469 }, "geometry": { "type": "Point", "coordinates": [ -32.147889364520218, -20.987755802050469 ] } },
{ "type": "Feature", "properties": { "rank": 1707, "candidate_id": 2837, "scenario": "eolico", "solar_kwh_m2_day": 5.3441824913024902, "wind_m_s": 5.7416892051696777, "dist_grid_km": 1319.9211776571335, "dist_demand_km": 1570.2972973198275, "connection_cost_brl": 1583905413.1885602, "is_restricted": false, "restriction_factor": 1.0, "score_final": 0.051994997590733123, "longitude": -31.249781588440822, "latitude": -23.441614183414952 }, "geometry": { "type": "Point", "coordinates": [ -31.249781588440822, -23.441614183414952 ] } },
{ "type": "Feature", "properties": { "rank": 1708, "candidate_id": 2845, "scenario": "eolico", "solar_kwh_m2_day": 5.5673995018005371, "wind_m_s": 5.5959396362304688, "dist_grid_km": 1286.4258337596336, "dist_demand_km": 1452.2649176362117, "connection_cost_brl": 1543711000.5115604, "is_restricted": false, "restriction_factor": 1.0, "score_final": 0.050479698056343836, "longitude": -31.798934483667551, "latitude": -20.090386953252608 }, "geometry": { "type": "Point", "coordinates": [ -31.798934483667551, -20.090386953252608 ] } },
{ "type": "Feature", "properties": { "rank": 1709, "candidate_id": 2898, "scenario": "eolico", "solar_kwh_m2_day": 5.273521900177002, "wind_m_s": 5.7531290054321289, "dist_grid_km": 1358.1607280355183, "dist_demand_km": 1616.1491500322472, "connection_cost_brl": 1629792873.642622, "is_restricted": false, "restriction_factor": 1.0, "score_final": 0.039576868620575821, "longitude": -30.842315658062422, "latitude": -22.957715585005246 }, "geometry": { "type": "Point", "coordinates": [ -30.842315658062422, -22.957715585005246 ] } },
{ "type": "Feature", "properties": { "rank": 1710, "candidate_id": 2835, "scenario": "eolico", "solar_kwh_m2_day": 5.335667610168457, "wind_m_s": 5.6389541625976562, "dist_grid_km": 1346.8544975585523, "dist_demand_km": 1583.1018566375067, "connection_cost_brl": 1616225397.0702629, "is_restricted": false, "restriction_factor": 1.0, "score_final": 0.029013351599047187, "longitude": -31.095506530232729, "latitude": -24.277146877744762 }, "geometry": { "type": "Point", "coordinates": [ -31.095506530232729, -24.277146877744762 ] } },
{ "type": "Feature", "properties": { "rank": 1711, "candidate_id": 2775, "scenario": "eolico", "solar_kwh_m2_day": 5.6462726593017578, "wind_m_s": 5.517601490020752, "dist_grid_km": 1299.3059025728205, "dist_demand_km": 1533.7594570367082, "connection_cost_brl": 1559167083.0873847, "is_restricted": false, "restriction_factor": 1.0, "score_final": 0.028211769109152521, "longitude": -31.581841201560664, "latitude": -24.345849161442633 }, "geometry": { "type": "Point", "coordinates": [ -31.581841201560664, -24.345849161442633 ] } },
{ "type": "Feature", "properties": { "rank": 1712, "candidate_id": 2902, "scenario": "eolico", "solar_kwh_m2_day": 5.2744436264038086, "wind_m_s": 5.6269650459289551, "dist_grid_km": 1334.5225057848054, "dist_demand_km": 1608.128240226051, "connection_cost_brl": 1601427006.9417665, "is_restricted": false, "restriction_factor": 1.0, "score_final": 0.028094079214357536, "longitude": -31.128178228121499, "latitude": -21.28818794443362 }, "geometry": { "type": "Point", "coordinates": [ -31.128178228121499, -21.28818794443362 ] } },
{ "type": "Feature", "properties": { "rank": 1713, "candidate_id": 2901, "scenario": "eolico", "solar_kwh_m2_day": 5.2447052001953125, "wind_m_s": 5.5696072578430176, "dist_grid_km": 1337.6706917732442, "dist_demand_km": 1613.6515253831003, "connection_cost_brl": 1605204830.1278932, "is_restricted": false, "restriction_factor": 1.0, "score_final": 0.018459109143760814, "longitude": -31.059254141446832, "latitude": -21.705909465531374 }, "geometry": { "type": "Point", "coordinates": [ -31.059254141446832, -21.705909465531374 ] } },
{ "type": "Feature", "properties": { "rank": 1714, "candidate_id": 2899, "scenario": "eolico", "solar_kwh_m2_day": 4.9102268218994141, "wind_m_s": 5.5536656379699707, "dist_grid_km": 1349.5139873284072, "dist_demand_km": 1613.7686116325265, "connection_cost_brl": 1619416784.7940886, "is_restricted": false, "restriction_factor": 1.0, "score_final": 0.013105540322935488, "longitude": -30.916344510094767, "latitude": -22.540679115759396 }, "geometry": { "type": "Point", "coordinates": [ -30.916344510094767, -22.540679115759396 ] } },
{ "type": "Feature", "properties": { "rank": 1715, "candidate_id": 2897, "scenario": "eolico", "solar_kwh_m2_day": 4.6646394729614258, "wind_m_s": 5.5648026466369629, "dist_grid_km": 1368.5806970584242, "dist_demand_km": 1620.0700658951566, "connection_cost_brl": 1642296836.470109, "is_restricted": false, "restriction_factor": 1.0, "score_final": 0.0092489585281277219, "longitude": -30.766540838179097, "latitude": -23.374511874419305 }, "geometry": { "type": "Point", "coordinates": [ -30.766540838179097, -23.374511874419305 ] } }
]
}
