rank,candidate_id,scenario,solar_kwh_m2_day,wind_m_s,dist_grid_km,dist_demand_km,connection_cost_brl,is_restricted,restriction_factor,score_final,longitude,latitude
1,2033,eolico,6.346014499664307,8.935543060302734,11.954364169381355,493.13803588361174,14345237.003257627,False,1.0,0.9504282525094212,-39.325663010827114,-8.553834994719768
2,2333,eolico,6.28531551361084,8.858487129211426,116.90754443844952,244.58263288584973,140289053.32613942,False,1.0,0.9356207683684143,-37.056886975654486,-8.464921831609905
3,2151,eolico,6.16187047958374,8.950993537902832,121.417515927259,415.0782628356844,145701019.1127108,False,1.0,0.931937353718028,-38.37995165219812,-9.391189844654358
4,2275,eolico,6.429182052612305,8.769181251525879,66.73051307514758,298.400621381184,80076615.6901771,False,1.0,0.9304946889247623,-37.5465952812643,-7.615506060479552
5,2093,eolico,5.836954593658447,8.743783950805664,9.630785054649074,443.297000677866,11556942.06557889,False,1.0,0.9278904609223952,-38.87182841659612,-8.536931160711816
6,2032,eolico,6.132548809051514,8.797107696533203,33.14642665490838,499.4100869847067,39775711.98589006,False,1.0,0.9243531628595099,-39.308090898269036,-8.991442971616252
7,2394,eolico,6.41549015045166,8.793743133544922,151.847270783217,192.1521796319104,182216724.9398604,False,1.0,0.9221923737380519,-36.62267607844389,-8.013797199359967
8,2216,eolico,6.341787338256836,8.781009674072266,92.26743608558498,359.84789831108526,110720923.30270196,False,1.0,0.9199275191820991,-38.0155286205566,-7.196798366653856
9,1852,eolico,6.488524436950684,8.849858283996582,31.60902101718292,647.6334687595565,37930825.2206195,False,1.0,0.9185380470061971,-40.67132923771551,-9.041919136917384
10,2153,eolico,6.156174659729004,8.667998313903809,31.215934278679505,393.4963013610643,37459121.1344154,False,1.0,0.9160352285931184,-38.41803270615839,-8.51958201854341
11,1913,eolico,5.325046062469482,8.817503929138184,55.124662617442226,592.9004180176087,66149595.140930675,False,1.0,0.9129439245389159,-40.23344542613462,-8.58628390011277
12,2332,eolico,6.222609996795654,8.756869316101074,148.12867684725575,256.9941183301679,177754412.2167069,False,1.0,0.9117399648105505,-37.036881594586674,-8.897911424898165
13,2396,eolico,6.2845458984375,8.775104522705078,177.50530056460366,222.4226495738282,213006360.6775244,False,1.0,0.9100926436039363,-36.658367965635506,-7.149537308860049
14,2336,eolico,5.703938961029053,8.716532707214355,137.27046686361936,266.72968838994353,164724560.23634323,False,1.0,0.9077641962648112,-37.11072512777774,-7.1656488296920715
15,2030,eolico,5.774623870849609,8.837044715881348,123.34800830348789,526.1758832138967,148017609.96418548,False,1.0,0.9045450434728854,-39.27020084177779,-9.8665207895415
16,2095,eolico,6.795928478240967,8.698725700378418,80.57079659393044,446.16320524684676,96684955.91271652,False,1.0,0.9029295593065358,-38.90516672534776,-7.663339493808184
17,2150,eolico,6.563109874725342,8.833906173706055,166.51830675154878,434.18345987107284,199821968.10185853,False,1.0,0.9016353389769705,-38.35945891589756,-9.826917437756498
18,1853,eolico,6.66641902923584,8.805684089660645,76.70981184147266,642.8093008899368,92051774.2097672,False,1.0,0.9010396947624475,-40.68739147012156,-8.601817855723457
19,1971,eolico,6.271623611450195,8.705399513244629,56.66206825516772,558.8458098206988,67994481.90620126,False,1.0,0.8994862476970173,-39.744502366455556,-9.447170066768214
20,1730,eolico,5.679187297821045,8.752163887023926,15.422262183335729,765.000338693844,18506714.620002873,False,1.0,0.8975540667521733,-41.547927537343156,-9.956296060231889
21,2089,eolico,6.337068557739258,8.877825736999512,190.03394835180808,501.4114886973531,228040738.02216968,False,1.0,0.8956962587676681,-38.79390244383355,-10.283557269658662
22,2452,eolico,5.831676006317139,8.722249031066895,228.6307201923382,166.43375140274753,274356864.2308058,False,1.0,0.8945757667247455,-36.12871771206193,-8.857352916388463
23,1790,eolico,6.234024524688721,8.729351043701172,37.00741140736616,716.6258623413906,44408893.6888394,False,1.0,0.8932427288898099,-41.09228741417968,-9.939421563376454
24,2276,eolico,6.682258605957031,8.581718444824219,105.72715080518233,312.7580826993137,126872580.9662188,False,1.0,0.8919999619397336,-37.56311218936628,-7.181404248363669
25,2094,eolico,5.744207859039307,8.53962516784668,35.47000576964068,441.91279486236414,42564006.923568815,False,1.0,0.891816039486488,-38.888961970102635,-8.10015655574909
26,1973,eolico,5.867928504943848,8.588193893432617,33.53951339341178,543.0083001762501,40247416.072094135,False,1.0,0.8899003184846864,-39.779535639237494,-8.570287781160866
27,2096,eolico,6.21241569519043,8.681685447692871,125.67158741822017,455.8906592256678,150805904.9018642,False,1.0,0.8880035815811314,-38.92044737611185,-7.226482338147662
28,2029,eolico,6.239840030670166,8.807998657226562,168.44879912777762,545.9728680281195,202138558.95333314,False,1.0,0.8869379473247716,-39.24987176904313,-10.303986008099724
29,2455,eolico,6.581765651702881,8.59453296661377,206.0286711649503,154.99759986920307,247234405.39794037,False,1.0,0.8829219489702091,-36.18832160780285,-7.5642233637369465
30,1970,eolico,6.774799346923828,8.678587913513184,101.76285907945747,573.1788130252885,122115430.89534897,False,1.0,0.8827136776411837,-39.7256489155576,-9.885543948807888
31,2155,eolico,6.306262016296387,8.479375839233398,58.98564736989999,396.7224648176424,70782776.84388,False,1.0,0.8812872650072209,-38.45227752210639,-7.64778731570571
32,1910,eolico,6.403961658477783,8.656282424926758,80.17770985542703,620.6503390204771,96213251.82651243,False,1.0,0.8805705380938994,-40.18114684568589,-9.904039357113017
33,2393,eolico,6.0068135261535645,8.517476081848145,162.27237781644266,195.31454806086506,194726853.37973118,False,1.0,0.8791890507735287,-36.60325476375894,-8.445851077146841
34,2213,eolico,6.188986301422119,8.41131591796875,52.80108350270994,343.75346916021533,63361300.203251936,False,1.0,0.8779577334991344,-37.964276702708716,-8.501793422464043
35,1968,eolico,6.202882766723633,8.826760292053223,191.96444072803695,613.1758123042124,230357328.87364435,False,1.0,0.8773551444325485,-39.68524051972863,-10.762146098019493
36,2271,eolico,5.671492576599121,8.587965965270996,164.5878143753199,322.4037546747567,197505377.25038388,False,1.0,0.876933704021275,-37.47049198393459,-9.3514342704086
37,1793,eolico,5.968945026397705,8.707197189331055,98.29496106550307,692.7313252161792,117953953.27860369,False,1.0,0.876573825405201,-41.141372844505696,-8.616884280736127
38,2154,eolico,6.516307830810547,8.359994888305664,13.88485654561024,391.9362532835047,16661827.854732288,False,1.0,0.8759802702683998,-38.435632065734666,-8.08370678603389
39,1914,eolico,6.047066688537598,8.6397066116333,100.22545344173197,591.8661952996886,120270544.13007836,False,1.0,0.8757257239597835,-40.24915812098262,-8.146950463530137
40,2513,eolico,5.858748912811279,8.600403785705566,258.19029012213224,99.00499701485364,309828348.1465587,False,1.0,0.8756511567782453,-35.69611921704406,-8.406470977075488
41,2218,eolico,5.843305587768555,8.679191589355469,192.2597665816386,402.5417802229393,230711719.8979663,False,1.0,0.8755797765810905,-38.0448420438909,-6.3265927218755476
42,1788,eolico,5.798006534576416,8.786288261413574,127.20899305594565,749.0015031162445,152650791.6671348,False,1.0,0.8753740746226346,-41.0554767657109,-10.820907502374254
43,2334,eolico,6.671096324920654,8.41338062286377,101.94431317507306,242.0647677016388,122333175.81008768,False,1.0,0.8751791297646541,-37.07585914735003,-8.031879676009497
44,2211,eolico,6.6732869148254395,8.564970016479492,143.00266515128945,368.26223354226147,171603198.18154734,False,1.0,0.8748412618557446,-37.925197079065406,-9.371551241643933
45,2212,eolico,6.123363018035889,8.46615219116211,97.90187432699967,352.6921605403346,117482249.1923996,False,1.0,0.8735223386806229,-37.94523161750909,-8.936697946305221
46,2270,eolico,6.092217922210693,8.656559944152832,209.68860519960964,346.654718091802,251626326.23953158,False,1.0,0.8730610094378782,-37.44893001859391,-9.785283092212028
47,2149,eolico,5.466191291809082,8.727046012878418,211.6190975758385,457.97444183332055,253942917.09100622,False,1.0,0.8723775658461226,-38.3379901849887,-10.262590790273949
48,2330,eolico,5.836287021636963,8.662296295166016,231.28243949833302,305.772140572277,277538927.39799964,False,1.0,0.8721847696383468,-36.993748095333494,-9.763721668839679
49,1975,eolico,6.172796249389648,8.621150970458984,123.74109504199129,545.3507027284816,148489314.05038956,False,1.0,0.8713633539638522,-39.811037991445964,-7.693240767766295
50,1850,eolico,6.005422592163086,8.54703426361084,58.59256063139658,668.4906393895036,70311072.7576759,False,1.0,0.86579257600549,-40.63669342549971,-9.92200063784726
51,2273,eolico,6.720600605010986,8.328137397766113,77.47530762154992,294.0978679530485,92970369.1458599,False,1.0,0.8642266107981367,-37.510561202716666,-8.483571336877231
52,2278,eolico,5.8145318031311035,8.585570335388184,199.06975787798714,361.0636968734171,238883709.45358458,False,1.0,0.8641447030635832,-37.593169243593344,-6.3130755548214665
53,1909,eolico,5.824554920196533,8.612945556640625,125.2785006797168,637.5203180081079,150334200.81566015,False,1.0,0.8611658887125369,-40.16197661062071,-10.343202532069542
54,2267,eolico,5.723053932189941,8.863879203796387,344.9909776724789,445.92087999563864,413989173.2069747,False,1.0,0.8591876565146352,-37.37805923074643,-11.086466061670784
55,2274,eolico,5.980312824249268,8.24569034576416,52.227314052736006,292.00726598426064,62672776.86328321,False,1.0,0.8589374626786844,-37.52907995049793,-8.049562646681391
56,2268,eolico,6.013380527496338,8.750205039978027,299.8901868481891,409.4143606044599,359868224.2178269,False,1.0,0.8576724761167462,-37.40272032433792,-10.652801755399995
57,1977,eolico,6.568389892578125,8.69655704498291,213.94267669057078,565.6472079596936,256731212.02868494,False,1.0,0.8573003179129233,-39.83904633202991,-6.816046417973774
58,1791,eolico,5.281481742858887,8.422136306762695,8.093379416923577,705.2143745199866,9712055.300308293,False,1.0,0.857188436173197,-41.109461482762796,-9.498614987617298
59,2028,eolico,6.376927375793457,8.695846557617188,213.54958995206738,569.4837005303806,256259507.94248086,False,1.0,0.8569394127497707,-39.228612101270016,-10.741398992823948
60,2517,eolico,6.337043285369873,8.576757431030273,289.07317772804197,186.8173954593287,346887813.27365035,False,1.0,0.8561097730340771,-35.77076895130742,-6.6860963560168285
61,2098,eolico,6.492695331573486,8.640938758850098,215.87316906679965,490.2914113824164,259047802.8801596,False,1.0,0.8557885983007771,-38.94825375453564,-6.352657137905193
62,2269,eolico,6.362609386444092,8.633096694946289,254.7893960238994,376.0250073096638,305747275.2286793,False,1.0,0.8553682429297709,-37.42634163980989,-10.219073172984292
63,2217,eolico,5.871145248413086,8.434100151062012,142.26225361604827,378.5038934700397,170714704.33925793,False,1.0,0.8551069927052213,-38.030667807717045,-6.7617147411023995
64,2214,eolico,5.798325061798096,8.161852836608887,7.700292678420191,341.96657002221303,9240351.21410423,False,1.0,0.8535179731312025,-37.98233782054584,-8.066840266505615
65,1976,eolico,6.569647312164307,8.577896118164062,168.84188586628105,553.3372176345296,202610263.03953725,False,1.0,0.8528008859416258,-39.82547677324074,-7.2546609299983364
66,1789,eolico,6.220603942871094,8.532637596130371,82.10820223165591,731.2851284714244,98529842.67798708,False,1.0,0.8518162716871703,-41.07429431119138,-10.3801863826233
67,2092,eolico,6.065672874450684,8.296462059020996,54.73157587893882,450.26385970552633,65677891.054726586,False,1.0,0.8508630053109538,-38.85376109027012,-8.97366093232854
68,2152,eolico,6.113287925720215,8.301883697509766,76.31672510296926,401.3286081651338,91580070.12356311,False,1.0,0.8506960237968112,-38.39947435964319,-8.955410535561125
69,2215,eolico,6.354944705963135,8.188278198242188,42.28487577962342,347.4418260167177,50741850.935548104,False,1.0,0.847981252132676,-37.999420160779316,-7.63184105920951
70,2159,eolico,5.766148090362549,8.62494945526123,247.03063824667828,471.68576817970836,296436765.8960139,False,1.0,0.8472330145852729,-38.509412019735976,-5.903716140620343
71,1792,eolico,5.596399784088135,8.419634819030762,53.194170241213335,697.2101558946842,63833004.289456,False,1.0,0.846026815274967,-41.12582166337439,-9.057768586652644
72,2451,eolico,6.771040439605713,8.44417953491211,256.0209701832213,197.29547930177608,307225164.21986556,False,1.0,0.8443786899707313,-36.10668277792728,-9.28828085372858
73,1795,eolico,6.743952751159668,8.642099380493164,188.49654271408258,694.5689770223775,226195851.2568991,False,1.0,0.8438732210379657,-41.1700664934524,-7.735009583434078
74,1668,eolico,5.754520893096924,8.551948547363281,84.03869460788478,842.2286120292415,100846433.52946174,False,1.0,0.8437513288427236,-41.969245214234846,-10.857114187372778
75,2157,eolico,6.386668682098389,8.394609451293945,150.24512687053308,424.19109962036396,180294152.2446397,False,1.0,0.8430696888212559,-38.482725629493416,-6.775825503613363
76,2039,eolico,6.300524711608887,8.713966369628906,282.55910911511984,557.5242121680369,339070930.9381438,False,1.0,0.8430146813484738,-39.41218139772272,-5.927363678103403
77,2035,eolico,6.070767879486084,8.350418090820312,102.15594581796084,495.71614593564965,122587134.981553,False,1.0,0.8422923796251408,-39.3580871092491,-7.678492356034505
78,2510,eolico,6.3513007164001465,8.557544708251953,326.32256861428215,208.51361364354403,391587082.3371386,False,1.0,0.8417604843686209,-35.628544217641874,-9.696146603345209
79,2454,eolico,5.915500164031982,8.294825553894043,201.79827625598264,142.3009786056989,242157931.50717917,False,1.0,0.8417560088595767,-36.16953138651933,-7.9953211524881915
80,2511,eolico,6.153708457946777,8.474838256835938,297.00452493039927,165.08365917850003,356405429.9164791,False,1.0,0.8413395935855904,-35.65218463825931,-9.266318650539088
81,2091,eolico,6.279099464416504,8.311586380004883,99.83236670322857,462.5611915237203,119798840.0438743,False,1.0,0.8403583537941979,-38.83475473236793,-9.410343480312253
82,2571,eolico,5.768742084503174,8.527135848999023,340.406578204221,143.45634493673944,408487893.8450652,False,1.0,0.8398280632579078,-35.19774032968091,-9.243912715484967
83,2456,eolico,6.854578495025635,8.331902503967285,221.75004483450402,181.10478574098363,266100053.80140483,False,1.0,0.8383943867496608,-36.206041213351796,-7.133074965049398
84,2331,eolico,6.15095329284668,8.333845138549805,187.6614927533334,277.9771382744026,225193791.30400008,False,1.0,0.8383494588503739,-37.01583730466488,-9.330845646531769
85,1907,eolico,6.115322113037109,8.642721176147461,215.48008232829628,681.0894074693946,258576098.79395553,False,1.0,0.8383145828003482,-40.12099622793619,-11.221383130476744
86,1727,eolico,5.524605751037598,8.614202499389648,150.724634656205,814.8014824743965,180869561.587446,False,1.0,0.8382634282523879,-41.493336077715234,-11.280755525179638
87,2090,eolico,5.817923069000244,8.379781723022461,144.93315752751835,479.7792913942513,173919789.03302202,False,1.0,0.8370852142550498,-38.81480379630596,-9.846976399630082
88,2034,eolico,6.040560722351074,8.225668907165527,57.05515499367111,491.8941043438316,68466185.99240533,False,1.0,0.836117265777858,-39.34232679373033,-8.11618403054141
89,2632,eolico,6.298455238342285,8.510618209838867,367.78643012268685,87.64427380341735,441343716.14722425,False,1.0,0.8356406040839941,-34.76683433742382,-8.79330937032999
90,2339,eolico,5.957178115844727,8.497085571289062,262.71465166466066,357.027714649463,315257581.9975928,False,1.0,0.8354030112385371,-37.155400032978534,-5.8659776340697585
91,1854,eolico,5.778709888458252,8.427001953125,121.8106026657624,641.8555014671787,146172723.1989149,False,1.0,0.8347003103576796,-40.70262302761257,-8.161678893240598
92,2220,eolico,6.319415092468262,8.612632751464844,292.2573453828745,463.23780041270504,350708814.4594494,False,1.0,0.8346581388903116,-38.07031153594969,-5.456243600082828
93,2508,eolico,6.028550624847412,8.692557334899902,397.53726957708534,301.54361569852733,477044723.4925024,False,1.0,0.8343992351232747,-35.577883855148194,-10.5555948235228
94,2514,eolico,6.3722825050354,8.300153732299805,251.76873307752126,92.61034978330007,302122479.6930255,False,1.0,0.8343785634147406,-35.716425689559756,-7.9764575574775085
95,2335,eolico,6.091094493865967,8.15006160736084,110.08138821275239,249.7399431719371,132097665.85530287,False,1.0,0.8342163456810794,-37.09380350188318,-7.598787750129577
96,1851,eolico,5.917065620422363,8.239602088928223,13.491769807106841,656.2426551242013,16190123.76852821,False,1.0,0.8339292670906792,-40.654431565100246,-9.481980735244983
97,1972,eolico,5.931875705718994,8.162652015686035,11.56127743087796,548.7106036949046,13873532.917053552,False,1.0,0.8333218851779075,-39.76246284319441,-9.008750609294983
98,2387,eolico,6.458667755126953,8.7228422164917,388.1612761205398,387.9428411064907,465793531.34464777,False,1.0,0.8331135592249586,-36.464305963114,-11.036925487546247
99,1857,eolico,6.244213104248047,8.66337776184082,257.11297513863167,662.0442184045606,308535570.166358,False,1.0,0.832429032263843,-40.743377451074046,-6.841055777947738
100,2574,eolico,6.111911773681641,8.328964233398438,301.7489778127416,43.63238776219788,362098773.3752899,False,1.0,0.83033522881735,-35.26335958066701,-7.957212518166895
101,1912,eolico,5.685232639312744,8.166799545288086,10.023871793152479,598.1272592286538,12028646.151782975,False,1.0,0.8296978594037515,-40.21687595565246,-9.025577926990202
102,2280,eolico,6.486988544464111,8.557403564453125,296.78158060401773,427.68723163784864,356137896.72482127,False,1.0,0.8288183267926617,-37.61928522490621,-5.444597651779523
103,2634,eolico,6.59678316116333,8.388038635253906,351.7348380052915,15.195184654238483,422081805.6063498,False,1.0,0.8287566710288019,-34.81033362796573,-7.937592215569592
104,2031,eolico,5.889403343200684,8.212878227233887,78.24721747919816,510.5249724832256,93896660.97503778,False,1.0,0.8270963841073254,-39.289605315834756,-9.429005671191645
105,1670,eolico,6.22519063949585,8.277623176574707,6.162887040694711,813.5713919668333,7395464.448833654,False,1.0,0.8266112105583528,-42.003612487683355,-9.97261821421387
106,1906,eolico,6.046491622924805,8.652178764343262,260.580873152586,707.18321071271,312697047.78310317,False,1.0,0.8256991773975857,-40.09917381686153,-11.660396242089098
107,1966,eolico,5.788333415985107,8.655659675598145,282.16602237661635,665.9093045518906,338599226.8519396,False,1.0,0.8245348623814982,-39.64118966061754,-11.63853912998835
108,2266,eolico,5.673394680023193,8.717204093933105,390.0917684967686,484.8409468712504,468110122.19612235,False,1.0,0.822745572346815,-37.35235119474697,-11.520063292487508
109,2575,eolico,5.853000164031982,8.296008110046387,304.5943444208112,75.35564155990448,365513213.3049734,False,1.0,0.821865467876947,-35.282978986953545,-7.528193071726916
110,1848,eolico,6.186635494232178,8.419028282165527,148.79414227997609,703.086310523281,178552970.7359713,False,1.0,0.8209131327985134,-40.598674309109974,-10.801907244087742
111,2038,eolico,6.10905122756958,8.464919090270996,237.4583182908301,535.7784614003407,284949981.9489961,False,1.0,0.8205006406447213,-39.399991774301746,-6.3651956597092125
112,1796,eolico,5.683422088623047,8.55016040802002,233.59733353837237,700.8571547005752,280316800.24604684,False,1.0,0.8184138370429077,-41.18321747916762,-7.294022982698027
113,2088,eolico,6.093922138214111,8.43784236907959,235.1347391760978,526.9144081770984,282161687.0113174,False,1.0,0.817999877450728,-38.77204454097601,-10.720083653320671
114,2636,eolico,6.692605495452881,8.397730827331543,363.5490810754819,113.04984981336517,436258897.2905783,False,1.0,0.8179905109076265,-34.849248225850076,-7.081636916926443
115,1917,eolico,6.730741024017334,8.487902641296387,235.5278259146012,613.701601348531,282633391.0975214,False,1.0,0.8170427433222385,-40.29120053198871,-6.828734483837535
116,1674,eolico,5.919580459594727,8.511055946350098,186.56605033785374,791.8315222565635,223879260.40542448,False,1.0,0.8162850676640334,-42.06320466164514,-8.203184422838524
117,2100,eolico,6.4187397956848145,8.552919387817383,308.3576731963975,541.234739259695,370029207.835677,False,1.0,0.8145918645522456,-38.972413157376195,-5.478699628716213
118,2572,eolico,6.40679407119751,8.284773826599121,320.31532515135103,96.71820074671975,384378390.18162125,False,1.0,0.8142155990911892,-35.22074617356251,-8.815075582532076
119,2327,eolico,6.161471366882324,8.57144832611084,366.5761268965094,414.93678987398823,439891352.27581125,False,1.0,0.8141759452113598,-36.921146093160864,-11.061971966189544
120,1728,eolico,6.542954921722412,8.354950904846191,105.62384383191522,795.4094186615772,126748612.59829827,False,1.0,0.8140505171989959,-41.512334253190886,-10.839311972648192
121,2392,eolico,6.372838497161865,8.115507125854492,186.02971687365698,210.64919945526958,223235660.24838838,False,1.0,0.813416956559947,-36.58277598656017,-8.877850382336694
122,2037,eolico,6.181830883026123,8.316387176513672,192.35752746654035,517.9612651998625,230829032.9598484,False,1.0,0.8121868235249482,-39.386915417477596,-6.802995922982885
123,1856,eolico,6.5286970138549805,8.435675621032715,212.01218431434194,651.5580247912164,254414621.17721033,False,1.0,0.8119561048481202,-40.730611891743095,-7.2812958781346975
124,2693,eolico,5.815412998199463,8.397648811340332,405.77959273486584,69.16151067210726,486935511.281839,False,1.0,0.8112683353977421,-34.335747980614904,-8.344400974238082
125,2515,eolico,6.179141044616699,8.152742385864258,255.1720282428493,111.13669214107101,306206433.8914192,False,1.0,0.8104117369482431,-35.7356326202703,-7.546388582771983
126,2209,eolico,6.1769938468933105,8.305807113647461,233.20424679986894,416.01405955494715,279845096.1598427,False,1.0,0.8097239749957025,-37.88213619574773,-10.241093677691392
127,1847,eolico,5.968972682952881,8.423413276672363,193.89493310426582,724.9521864179495,232673919.725119,False,1.0,0.8079577349823629,-40.57838193806288,-11.241789859627618
128,2207,eolico,5.677297115325928,8.493334770202637,323.40582844844846,480.1232371394235,388086994.1381382,False,1.0,0.8078154403120422,-37.83504409629374,-11.11039961186987
129,1734,eolico,5.970046043395996,8.381641387939453,164.98090111382328,741.8384379458861,197977081.33658794,False,1.0,0.8077284666505893,-41.60964716383121,-8.189800765312123
130,2399,eolico,6.223057746887207,8.323099136352539,285.80402176116814,325.26281281859445,342964826.1134018,False,1.0,0.8072449685477079,-36.70410207157004,-5.852810143631868
131,2694,eolico,5.935550689697266,8.350459098815918,401.72421749526495,59.64899002935434,482069060.99431795,False,1.0,0.8063566561801419,-34.35734837453638,-7.91760290328858
132,2272,eolico,6.090475082397461,8.00816535949707,119.48704636463513,304.49773148819145,143384455.63756216,False,1.0,0.8061256349872292,-37.49103374532554,-8.917529445470542
133,2391,eolico,5.855167865753174,8.135272979736328,218.81907256449026,235.79312495929975,262582887.07738832,False,1.0,0.8055363892568532,-36.561233945721234,-9.309792196768257
134,2395,eolico,5.994574069976807,7.999105930328369,157.42573705217632,201.73534045964277,188910884.4626116,False,1.0,0.8047039047476748,-36.64104541918945,-7.581691648971963
135,2568,eolico,6.1263508796691895,8.534758567810059,430.93019313849254,290.26825617588077,517116231.76619107,False,1.0,0.8040341356659906,-35.12184822348766,-10.530007146673668
136,2210,eolico,6.040591716766357,8.160344123840332,188.1034559755792,389.6695846489191,225724147.17069504,False,1.0,0.8026519323855488,-37.90416730164981,-9.806350695566962
137,1974,eolico,5.544915199279785,8.054119110107422,78.64030421770153,541.8788623976532,94368365.06124184,False,1.0,0.8010567346069125,-39.795725773016194,-8.1317837741452
138,1247,eolico,6.127976417541504,7.972193241119385,21.95655913603846,570.4897326215812,26347870.96324615,False,1.0,0.801022128843671,-45.1553333953695,-11.411027248305082
139,1544,eolico,5.858760356903076,8.374495506286621,221.27155945698294,649.1607825399984,265525871.34837952,False,1.0,0.8009428154643619,-42.81075895351909,-12.665031028454816
140,2156,eolico,7.292463779449463,8.002930641174316,104.08643819418974,407.6314530848418,124903725.83302769,False,1.0,0.7996705992048008,-38.46797387221944,-7.211826071329411
141,2337,eolico,5.98870325088501,8.052780151367188,174.83835424490061,291.4093583289157,209806025.09388074,False,1.0,0.7996431837273171,-37.12662881324547,-6.7324656750889735
142,1614,eolico,6.094552993774414,8.461237907409668,208.15119956188417,841.8254280219273,249781439.47426102,False,1.0,0.7988659199310821,-42.51679125545864,-8.216110259236869
143,1724,eolico,6.503057956695557,8.557279586791992,286.0270071290742,782.1430570962729,343232408.554889,False,1.0,0.798424568689177,-41.43146534038342,-12.604806037241472
144,2400,eolico,6.8472700119018555,8.359128952026367,329.25553586381443,366.8386359910008,395106643.03657734,False,1.0,0.7974558362265323,-36.717283173278425,-5.420489166628192
145,2458,eolico,5.985648155212402,8.19334888458252,278.6101585878074,255.63317140863313,334332190.3053689,False,1.0,0.796790435479072,-36.23828809836608,-6.270638220524714
146,2206,eolico,5.977967262268066,8.519837379455566,368.5066192727382,516.4722987616713,442207943.12728584,False,1.0,0.7967118113818026,-37.80996936618294,-11.544957207040984
147,2573,eolico,5.640777111053467,8.111488342285156,307.1272970104173,55.93833934571875,368552756.41250074,False,1.0,0.7962898693660043,-35.242617228847344,-8.386174432475672
148,2386,eolico,6.101090908050537,8.572724342346191,433.2620669448295,432.11683664571774,519914480.33379537,False,1.0,0.7956814653432885,-36.4373493668531,-11.46853536406719
149,1969,eolico,6.4183244705200195,8.166593551635742,146.86364990374722,591.4044844672761,176236379.88449666,False,1.0,0.7952611168799546,-39.705896918283266,-10.323870036899269
150,1915,eolico,5.758371353149414,8.165975570678711,145.32624426602175,595.0464524653544,174391493.1192261,False,1.0,0.7952247808787485,-40.26401866873758,-7.7075797013926275
151,1911,eolico,6.147578716278076,7.972505569458008,35.07691903113728,607.4384995860132,42092302.83736473,False,1.0,0.7942547489805409,-40.199444816098676,-9.464830448566238
152,2329,eolico,6.17552375793457,8.22054386138916,276.3745452479298,338.70623628312234,331649454.29751575,False,1.0,0.7935396696772732,-36.97060764094044,-10.196536644782972
153,2326,eolico,6.275719165802002,8.52641487121582,411.67691772079905,456.50613592574666,494012301.26495886,False,1.0,0.7922168823197758,-36.89481073359958,-11.494586511066494
154,1731,eolico,6.399844169616699,8.043084144592285,29.678528640954013,754.3210229436604,35614234.36914482,False,1.0,0.7921372484930376,-41.56453340789546,-9.514727413593047
155,1844,eolico,6.09960412979126,8.6010103225708,329.19730557713507,805.7490988098859,395036766.6925621,False,1.0,0.7915030585781864,-40.51229938800746,-12.56113013322833
156,2390,eolico,5.967279434204102,8.115619659423828,257.2090929105624,267.9994595610184,308650911.4926749,False,1.0,0.7898488790160014,-36.5386225237291,-9.741673583048046
157,1604,eolico,5.686498641967773,8.361454010009766,242.85670868101332,692.7162008932157,291428050.417216,False,1.0,0.7894553624559922,-42.350924719965946,-12.645670989286472
158,1616,eolico,6.674073219299316,8.5593900680542,298.35278121046366,849.2463871989382,358023337.4525564,False,1.0,0.7893028255000698,-42.541178167607164,-7.329790277541451
159,2097,eolico,6.3367390632629395,8.089859962463379,170.77237824250994,470.75575474155164,204926853.89101192,False,1.0,0.789295419543031,-38.93480833861506,-6.7895874397108695
160,2277,eolico,6.011908054351807,7.9511919021606445,151.33902160213373,334.0543454990891,181606825.92256048,False,1.0,0.7869510225376656,-37.57863537425036,-6.7472598658550265
161,1553,eolico,6.244330406188965,8.368548393249512,184.6355579616248,892.5067257093257,221562669.55394977,False,1.0,0.786716487160232,-42.95763225254206,-8.67237207795398
162,2507,eolico,6.29299783706665,8.462617874145508,437.390685384011,349.5051712285058,524868822.4608132,False,1.0,0.7863883109445469,-35.55084960233473,-10.985208652805337
163,2457,eolico,6.468538284301758,8.029996871948242,246.77591338340514,215.80924649180722,296131096.0600862,False,1.0,0.7849889996211251,-36.222695160281305,-6.701878931039455
164,2509,eolico,5.965850830078125,8.25182056427002,360.22374955701287,254.36831489321767,432268499.46841544,False,1.0,0.7844871756531215,-35.60377961852211,-10.125906396576296
165,2087,eolico,6.10999870300293,8.30429458618164,280.2355300003876,555.7554373027292,336282636.0004651,False,1.0,0.7844023391285211,-38.74922365375599,-11.156553096201291
166,1855,eolico,5.551692008972168,8.157084465026855,166.91139349005218,644.789246356325,200293672.1880626,False,1.0,0.783760527733596,-40.71702841738764,-7.721504240404448
167,2398,eolico,5.821537494659424,8.062074661254883,244.86459485345964,286.3934530494543,293837513.8241516,False,1.0,0.7835301304558531,-36.68989186972788,-6.285093711528559
168,2389,eolico,5.976782321929932,8.162420272827148,299.0505783872772,305.0393792150842,358860694.0647326,False,1.0,0.7824568944699146,-36.51493528262709,-10.173491583462155
169,1665,eolico,5.720499038696289,8.313044548034668,219.34106708075404,760.7417707988222,263209280.49690485,False,1.0,0.7821022256617234,-41.9118642659146,-12.183542293947982
170,2696,eolico,6.004593372344971,8.241410255432129,412.10785603577324,126.91484120334403,494529427.2429279,False,1.0,0.7816069643178577,-34.397047824626966,-7.063825550388971
171,1545,eolico,5.979734420776367,8.17654037475586,176.17076863269318,675.8964529083981,211404922.35923183,False,1.0,0.7813020876499939,-42.82997323172805,-12.221557066184992
172,2635,eolico,5.909563064575195,8.091848373413086,354.17886061807525,63.28966021199997,425014632.7416903,False,1.0,0.7807097495419069,-34.83036121594255,-7.509642669230506
173,1905,eolico,6.031765937805176,8.415297508239746,305.6816639768757,735.753631360976,366817996.77225083,False,1.0,0.7771511043764776,-40.076454605413964,-12.099354994906902
174,2567,eolico,5.8721418380737305,8.44603443145752,467.9482474764374,339.8249153465836,561537896.9717249,False,1.0,0.7770660018057985,-35.09423568835588,-10.95855522523025
175,2158,eolico,6.498757839202881,8.036959648132324,198.23941886126457,445.77211268787056,237887302.63351747,False,1.0,0.7769314132180929,-38.49653702688216,-6.339788051028795
176,1729,eolico,5.894546985626221,8.00716781616211,60.523053007625485,778.7495301755387,72627663.60915059,False,1.0,0.7767516244100046,-41.53052956973941,-10.39782486356543
177,1908,eolico,5.4588189125061035,8.120569229125977,170.37929150400652,657.767032025842,204455149.8048078,False,1.0,0.7763676168187179,-40.14192840124024,-10.782317839323715
178,2026,eolico,5.417776107788086,8.323668479919434,303.75117160064684,625.9091869142267,364501405.9207762,False,1.0,0.7746324714841627,-39.18327552311607,-11.616058842196518
179,2203,eolico,6.055956840515137,8.679397583007812,503.80899174560744,636.7256654391615,604570790.094729,False,1.0,0.7739552999977359,-37.728541275114374,-12.848215912893007
180,2219,eolico,6.0382981300354,8.07654857635498,242.25830612826363,431.06214433434906,290709967.35391635,False,1.0,0.7727735922825119,-38.05805536739806,-5.891434836206404
181,2453,eolico,5.9592742919921875,7.834278106689453,209.7552746840388,146.54310307573525,251706329.62084654,False,1.0,0.7725764436847131,-36.14966528182686,-8.426365339836611
182,1736,eolico,6.379090785980225,8.295100212097168,255.1824827624028,750.2490539281874,306218979.31488335,False,1.0,0.7713057923152284,-41.635847520586765,-7.306350592481224
183,2036,eolico,5.953505039215088,7.945230960845947,147.2567366422506,504.48903337373775,176708083.9707007,False,1.0,0.7712025946733403,-39.372948545072525,-7.240762235829681
184,2328,eolico,5.837024688720703,8.166159629821777,321.47533607221953,375.42939022405307,385770403.2866634,False,1.0,0.7706783757051503,-36.946409296489264,-10.629287706893535
185,2324,eolico,6.18112850189209,8.59218978881836,501.87849936937863,543.9195503304769,602254199.2432543,False,1.0,0.7704849326563715,-36.83889268369403,-12.359594691195579
186,1919,eolico,6.049945831298828,8.347269058227539,325.7294075631807,647.4403682223553,390875289.07581687,False,1.0,0.7704133083819739,-40.315022865168594,-5.949764716894454
187,1666,eolico,5.866359233856201,8.16728687286377,174.24027625646426,786.8636065445771,209088331.5077571,False,1.0,0.7700836993419203,-41.93177613673443,-11.74144408649075
188,1667,eolico,5.890669822692871,8.104690551757812,129.13948543217458,815.2181479644271,154967382.5186095,False,1.0,0.7699088318431178,-41.95090116768359,-11.299300786195431
189,2506,eolico,5.695990085601807,8.449785232543945,479.1506471023342,397.96881443448945,574980776.522801,False,1.0,0.7693069995556941,-35.522669190648344,-11.414744627112857
190,1669,eolico,6.157193660736084,7.944670677185059,38.937903783595054,826.51298983971,46725484.54031406,False,1.0,0.7687563373213835,-41.986813873362195,-10.414886072783206
191,1723,eolico,5.523919105529785,8.418807029724121,331.12779795336394,762.4444034142372,397353357.54403675,False,1.0,0.7686500694357512,-41.409195321958244,-13.046056491810846
192,2516,eolico,5.736259460449219,7.908967018127441,268.0261797654826,145.34803677082536,321631415.7185791,False,1.0,0.7685934310307962,-35.75374536178262,-7.116267154356986
193,2388,eolico,6.467705249786377,8.159981727600098,343.0830502832451,345.36116663407586,411699660.3398941,False,1.0,0.7670611172104455,-36.49016545973109,-10.60524321886535
194,2083,eolico,6.138077735900879,8.590889930725098,460.6386932975466,695.5324264757552,552766431.9570559,False,1.0,0.7666846870332025,-38.64817082272362,-12.901811713504626
195,1845,eolico,5.826066970825195,8.317374229431152,284.0965147528453,776.5348013360491,340915817.7034143,False,1.0,0.7646742086349284,-40.5352010127122,-12.121403391347952
196,1785,eolico,6.181310653686523,8.29624080657959,262.5113655288149,818.3392874053964,315013638.6345779,False,1.0,0.7632306044406707,-40.99401938494633,-12.142789046116667
197,2578,eolico,6.705778121948242,8.06666088104248,357.70591521454,216.80068052044217,429247098.257448,False,1.0,0.7618084193374332,-35.335152279870165,-6.240821574700185
198,2638,eolico,7.026734352111816,8.137218475341797,400.7723448980056,212.9075936855528,480926813.8776067,False,1.0,0.7613716557484342,-34.8836209446687,-6.225469999645297
199,2627,eolico,6.157726764678955,8.393418312072754,501.63783048315184,337.3545337847979,601965396.5797822,False,1.0,0.7610458118217512,-34.63769941503212,-10.9313832586544
200,1554,eolico,6.318915843963623,8.270112991333008,229.73634878591454,891.8200170939513,275683618.54309744,False,1.0,0.7609675034241539,-42.97040602617028,-8.228573719763077
201,1664,eolico,5.785950660705566,8.229907035827637,264.4418579050438,737.090054451908,317330229.4860525,False,1.0,0.7607167514222373,-41.8911594368984,-12.625593602112216
202,1797,eolico,6.794973850250244,8.237910270690918,278.6981243626621,710.6162387309059,334437749.2351945,False,1.0,0.7607009717426013,-41.195576507265926,-6.853006059458949
203,2023,eolico,5.558886528015137,8.528489112854004,439.05354407351615,728.311916629411,526864252.88821936,False,1.0,0.7601038396468488,-39.10812416253282,-12.92759752731131
204,1980,eolico,6.918380260467529,8.302774429321289,349.24504916344,625.5244409548029,419094058.996128,False,1.0,0.7599924704353294,-39.8745778904586,-5.500016259435406
205,2569,eolico,5.583437919616699,8.138242721557617,396.7695809918999,240.89488993430467,476123497.19027984,False,1.0,0.7599290896708313,-35.148298275927125,-10.101381807738656
206,1849,eolico,5.845176696777344,7.901235103607178,103.69335145568635,684.1820280439362,124432021.74682362,False,1.0,0.7591849326919358,-40.61810952707002,-10.361976819928898
207,2629,eolico,5.896902084350586,8.199707984924316,435.99432456863707,237.39725434660437,523193189.4823645,False,1.0,0.7591212303926282,-34.692882499941696,-10.076379747442651
208,2027,eolico,6.301677703857422,8.11288833618164,258.6503807763571,596.2692325759416,310380456.9316285,False,1.0,0.7584022117600078,-39.20641554857589,-11.178757393361737
209,2579,eolico,6.490115165710449,8.12049388885498,386.88343311853123,266.03988897757574,464260119.74223745,False,1.0,0.7575377795382255,-35.35033106389943,-5.811603947525425
210,2512,eolico,5.62231969833374,7.829361438751221,273.74615407570843,126.59898096287019,328495384.8908501,False,1.0,0.7573443139001281,-35.67470753126788,-8.836425721432663
211,1732,eolico,6.736138343811035,7.876728534698486,74.77931946524377,746.8432855076386,89735183.35829253,False,1.0,0.7571795067309224,-41.58035217902857,-9.073120763831847
212,1965,eolico,6.081539154052734,8.28911018371582,327.26681320090614,696.1756347615942,392720175.84108734,False,1.0,0.7570358311552495,-39.617782038372816,-12.076651555092578
213,2576,eolico,6.137474536895752,7.894496917724609,315.4409353512208,120.22129664904972,378529122.4214649,False,1.0,0.7567051465937399,-35.30148088212712,-7.099119305735578
214,1365,eolico,5.640979290008545,7.8086934089660645,111.41532096060185,558.1200362629836,133698385.15272221,False,1.0,0.7555784763547844,-44.20759490529213,-12.273326687832192
215,1794,eolico,5.899679660797119,7.943320274353027,143.39575188979282,691.8463531658152,172074902.2677514,False,1.0,0.7544028213391486,-41.156119660216746,-8.175963979676888
216,1964,eolico,5.836085796356201,8.371097564697266,372.36760402519593,728.6191233989365,446841124.8302351,False,1.0,0.7543384880953402,-39.593443682046306,-12.51470486006664
217,2144,eolico,6.127089500427246,8.414179801940918,437.12305169728717,625.193691672566,524547662.0367446,False,1.0,0.7536695500753384,-38.215776424936045,-12.440054309632751
218,2692,eolico,5.7180256843566895,8.037075996398926,415.85070498673474,104.9220048673013,499020845.9840817,False,1.0,0.7530906596227438,-34.31297269034396,-8.771134035943868
219,2085,eolico,5.835201740264893,8.288055419921875,370.437111648967,621.5422199540429,444524533.9787604,False,1.0,0.7528056590233911,-38.70066566303859,-12.02931124982115
220,2397,eolico,6.084977626800537,7.762228488922119,207.92643114967277,251.4886130553747,249511717.37960732,False,1.0,0.7527939814626495,-36.67464859189092,-6.717337045810488
221,2754,eolico,5.863929748535156,8.094010353088379,451.7159478895528,109.01885335283812,542059137.4674634,False,1.0,0.7517764652256365,-33.90440433837677,-7.897250902934582
222,2690,eolico,5.899935722351074,8.148210525512695,452.1960534477779,196.1103062034884,542635264.1373335,False,1.0,0.7513685978700306,-34.26387205344841,-9.624391180317307
223,1673,eolico,6.766046047210693,7.979730606079102,141.46525951356398,792.6048651037115,169758311.41627678,False,1.0,0.7507565159640311,-42.04943775390595,-8.645593739583603
224,2444,eolico,6.242795944213867,8.508797645568848,545.0487978174395,507.447232706416,654058557.3809274,False,1.0,0.7507551019293083,-35.92142790285646,-12.302847610085175
225,1422,eolico,5.710137367248535,8.022566795349121,268.30284265750157,513.4833082696525,321963411.18900186,False,1.0,0.7505784423951551,-43.693157587986406,-13.591035617900761
226,2753,eolico,6.262721061706543,8.091935157775879,455.3262879909833,114.50075516473076,546391545.58918,False,1.0,0.7500389866193776,-33.88238189992071,-8.322937335323582
227,1425,eolico,5.897138595581055,7.832574844360352,133.00047018463232,595.7717585369256,159600564.22155878,False,1.0,0.74999394941969,-43.74832949071614,-12.256779029316911
228,2338,eolico,7.033895492553711,7.8050384521484375,217.4711915568926,322.0156852930372,260965429.8682711,False,1.0,0.7499627238036324,-37.14151904935201,-6.299241032345936
229,2628,eolico,6.334930896759033,8.221551895141602,467.2962465224311,287.3721783997754,560755495.8269173,False,1.0,0.749601824151983,-34.66588405488078,-10.503921478897277
230,2752,eolico,6.682359218597412,8.120474815368652,464.3239811742858,139.05299522203615,557188777.409143,False,1.0,0.7495766885113115,-33.85916186878515,-8.74855660586215
231,2749,eolico,6.575197696685791,8.295472145080566,520.0201461166774,260.7904774354263,624024175.3400129,False,1.0,0.7493003849392155,-33.782251121248926,-10.024975342847267
232,2449,eolico,6.16951847076416,7.960299491882324,327.25555623906416,276.3623187896091,392706667.486877,False,1.0,0.748623060501183,-36.059325607786775,-10.149945595294236
233,1733,eolico,6.041944980621338,7.889727592468262,119.88011028953352,742.6638408869239,143856132.3474402,False,1.0,0.7479068525451057,-41.5953885977413,-8.63147794094617
234,1963,eolico,5.102165222167969,8.428048133850098,417.46839484948566,762.9620826289865,500962073.8193828,False,1.0,0.7478350964541511,-39.56816725656657,-12.952696727176168
235,2148,eolico,6.097640514373779,7.964422702789307,256.71988840012824,485.7632158978976,308063866.0801539,False,1.0,0.7477082449035216,-38.31553919177965,-10.698207360173445
236,2208,eolico,5.4320268630981445,7.974431037902832,278.3050376241587,446.4224572020466,333966045.1489904,False,1.0,0.7473092488406916,-37.85909736389589,-10.675777539202478
237,2751,eolico,5.8126630783081055,8.149410247802734,478.40515303603206,174.8171845876303,574086183.6432384,False,1.0,0.746822293046414,-33.83473790757788,-9.17410511664376
238,2450,eolico,6.003227233886719,7.853147506713867,289.5193743628371,234.8421144084756,347423249.2354045,False,1.0,0.7466361575039238,-36.08355425862844,-9.719146103305453
239,2814,eolico,6.287589073181152,8.178482055664062,501.709326436465,158.7835594802347,602051191.723758,False,1.0,0.7465675818245648,-33.45150201239141,-7.876542599552227
240,2695,eolico,6.787610054016113,7.956387042999268,403.8658390657624,85.63112439175386,484639006.87891483,False,1.0,0.7462681630367188,-34.37777979299468,-7.490743282563882
241,1305,eolico,5.56681489944458,7.681931972503662,89.83017173657143,522.5437412180988,107796206.08388571,False,1.0,0.7460589162546154,-44.66691551498966,-12.28915737733479
242,1602,eolico,5.698565483093262,8.194401741027832,333.0582903295928,651.1552411272655,399669948.3955114,False,1.0,0.7460350485729867,-42.30868147447752,-13.531081171533643
243,1605,eolico,6.086805820465088,7.99797248840332,197.75591785672356,717.8314763550991,237307101.42806828,False,1.0,0.7459768150003285,-42.370886769963136,-12.20289546586882
244,1916,eolico,5.713148593902588,7.895328044891357,190.42703509031148,602.3744417259726,228512442.10837376,False,1.0,0.7437684869018659,-40.278031436299564,-7.268173687075768
245,2040,eolico,6.6245527267456055,8.12014389038086,327.65989993940957,582.7588992084671,393191879.9272915,False,1.0,0.7430479043739072,-39.423487806848875,-5.4895022008479755
246,1784,eolico,5.877335548400879,8.23524284362793,307.61215635310464,827.7643234374688,369134587.6237256,False,1.0,0.7419622260085168,-40.97184461407331,-12.58331568177208
247,2626,eolico,6.2741546630859375,8.34455680847168,538.4377809271319,387.3414437057882,646125337.1125584,False,1.0,0.7398704841490377,-34.60832068576916,-11.358761592599425
248,1362,eolico,6.091701984405518,7.8813700675964355,246.71769343347114,469.2750733626923,296061232.12016535,False,1.0,0.739773602716837,-44.15479629782296,-13.609448212831712
249,1967,eolico,5.740018367767334,7.97069787979126,237.0652315523267,638.1299940778969,284478277.8627921,False,1.0,0.7394088952579996,-39.663673578154636,-11.200369883853137
250,1006,eolico,6.011606693267822,7.5375542640686035,63.19636520787046,442.9990835120145,75835638.24944454,False,1.0,0.7393884060619744,-46.97608084234831,-11.908776912304981
251,1129,eolico,6.113519191741943,7.811685085296631,155.32843923267885,615.9700440566021,186394127.0792146,False,1.0,0.7393619647892007,-46.09532696698723,-10.541527417583193
252,1978,eolico,6.8372697830200195,7.971555709838867,259.0434675148605,582.0064014473301,310852161.0178326,False,1.0,0.7391517114684458,-39.8517506192819,-6.377399378672117
253,2263,eolico,6.399104595184326,8.459733963012695,525.3941409696379,611.3482488760303,630472969.1635654,False,1.0,0.7389655119245788,-37.26886884173815,-12.82042419338653
254,2160,eolico,6.471225738525391,7.983152866363525,296.2252610340154,501.26056233894525,355470313.24081844,False,1.0,0.7388596887020122,-38.52135428846927,-5.467612188803175
255,1184,eolico,5.8876848220825195,7.5681304931640625,91.76066411280031,419.20596517227966,110112796.93536037,False,1.0,0.7387302136271989,-45.571080827528306,-12.765754268292124
256,1738,eolico,5.5980753898620605,8.23482894897461,345.38406441098226,771.6365840382947,414460877.29317874,False,1.0,0.7374774516553675,-41.658984422178285,-6.4227846364992125
257,1186,eolico,5.531765460968018,7.451359272003174,1.5590824642207914,501.5837199994086,1870898.9570649497,False,1.0,0.7372018429637226,-45.59978388817942,-11.871504817933268
258,2147,eolico,6.444384574890137,7.988295078277588,301.82067922441803,516.9054212004296,362184815.06930166,False,1.0,0.7367100836778523,-38.29209936230335,-11.133764587048471
259,2340,eolico,6.170907020568848,7.917562007904053,309.4256893688585,395.27645576342184,371310827.24263024,False,1.0,0.7358799008015762,-37.168275669582485,-5.432678200380873
260,2279,eolico,6.727379322052002,7.801161289215088,247.69747181533717,392.6088137739304,297236966.1784046,False,1.0,0.7350639478536268,-37.60671791623409,-5.8788539443791015
261,2687,eolico,5.899682998657227,8.276511192321777,537.8712333146453,342.2501860335564,645445479.9775743,False,1.0,0.7343683445620386,-34.18124181836619,-10.903701480845639
262,1787,eolico,6.331188678741455,7.897551536560059,172.30978388023544,769.5638792311655,206771740.65628254,False,1.0,0.7331029111260494,-41.03582910408234,-11.26158296732946
263,1250,eolico,5.778655052185059,7.822006702423096,157.25893160890774,701.2399128866505,188710717.9306893,False,1.0,0.7323938135566626,-45.19454591019879,-10.070946610147438
264,1063,eolico,6.154990196228027,7.458242416381836,93.69115648902921,321.582525933605,112429387.78683506,False,1.0,0.7314345775283243,-46.47805167584136,-13.241377928241205
265,1846,eolico,6.632205963134766,7.9902448654174805,238.99572392855552,749.5205034814534,286794868.7142666,False,1.0,0.7313363788351841,-40.5572263033046,-11.681622601853473
266,2145,eolico,5.993871212005615,8.15568733215332,392.02226087299744,587.0620406398675,470426713.04759693,False,1.0,0.7313181566504956,-38.24222533967424,-12.004690672476363
267,1722,eolico,5.69473934173584,8.22862434387207,376.2285887776537,745.5837812288308,451474306.53318447,False,1.0,0.7311161106185404,-41.386090874688456,-13.487253886102668
268,2204,eolico,5.094523906707764,8.276705741882324,458.7082009213176,595.1422187024015,550449841.1055812,False,1.0,0.7310281235634055,-37.756725797220135,-12.413868101963113
269,1248,eolico,6.2339606285095215,7.590498924255371,67.05734996032825,613.0944694684943,80468819.9523939,False,1.0,0.7301749890737697,-45.16898050206389,-10.96436228518951
270,1737,eolico,6.484210968017578,8.095315933227539,300.28327358669253,759.3736434544027,360339928.304031,False,1.0,0.7299515880644898,-41.647797103082056,-6.8645811928144465
271,2383,eolico,6.122032642364502,8.446124076843262,568.5644394176987,570.4392151259237,682277327.3012385,False,1.0,0.7297637044831573,-36.34981760439688,-12.76290000527918
272,1601,eolico,5.731611251831055,8.150996208190918,378.1590811538826,635.2769904390493,453790897.3846591,False,1.0,0.7296812686538957,-42.28638711808834,-13.97371233889003
273,1800,eolico,6.559477806091309,8.291021347045898,414.00049683553135,759.1439264772405,496800596.2026376,False,1.0,0.7292209473629226,-41.22793712573665,-5.529792055743721
274,1858,eolico,6.488248348236084,8.038703918457031,302.2137659629214,676.0748734984754,362656519.15550566,False,1.0,0.72903824201367,-40.75532884668935,-6.40078590255695
275,2750,eolico,6.231749534606934,8.081564903259277,497.13803054013067,216.30155009632176,596565636.6481568,False,1.0,0.7283161153482841,-33.809103334914866,-9.59957924514469
276,1494,eolico,5.875499248504639,8.113542556762695,251.32149800994497,941.8151806562739,301585797.61193395,False,1.0,0.728076916218706,-43.42404803429383,-8.24057039184568
277,2570,eolico,5.635014533996582,7.82330322265625,366.26680090147005,191.84638503118782,439520161.08176404,False,1.0,0.7266797904417139,-35.17359328096287,-9.672682556542599
278,2099,eolico,6.4344072341918945,7.844074249267578,261.45589604556056,513.9653252199373,313747075.2546727,False,1.0,0.7264180031662533,-38.960787493832605,-5.915693761367427
279,2577,eolico,5.910833835601807,7.746649742126465,333.50899948481504,168.01145086288858,400210799.38177806,False,1.0,0.7261853713167769,-35.318870380567084,-6.669994414399406
280,2757,eolico,6.060752868652344,8.01137638092041,473.52202135073424,195.47166737302274,568226425.6208811,False,1.0,0.7261371936515815,-33.96334439302091,-6.6198242726952055
281,2686,eolico,6.111692428588867,8.310734748840332,572.3462191587433,391.61269436387005,686815462.990492,False,1.0,0.7258879219958772,-34.15127370899573,-11.329970489648352
282,1735,eolico,5.871609210968018,7.889604568481445,210.081691938113,744.3782341438164,252098030.3257356,False,1.0,0.7246343798442199,-41.62313213313577,-7.7480910482339365
283,2759,eolico,5.9354448318481445,8.125959396362305,512.5169682930544,284.1804842907719,615020361.9516653,False,1.0,0.7244682773016736,-33.99675084841827,-5.7679356851446935
284,1313,eolico,6.039891719818115,8.0639066696167,270.97615485774656,858.1738222620739,325171385.8292959,False,1.0,0.723668683957342,-44.77437656470598,-8.719986400788514
285,2146,eolico,6.151525020599365,7.999209880828857,346.92147004870776,550.8325762092503,416305764.0584493,False,1.0,0.7235737221935281,-38.26766381175165,-11.569259891163727
286,2384,eolico,5.6615495681762695,8.292121887207031,523.4636485934091,523.6177858004385,628156378.3120909,False,1.0,0.7233679831177087,-36.38011347150999,-12.33152571309844
287,1245,eolico,6.741289138793945,7.4650444984436035,68.245022512541,489.49560579664103,81894027.0150492,False,1.0,0.7232413501329427,-45.126289020871546,-12.304265327607068
288,1188,eolico,5.616657733917236,7.559437274932861,88.6424991843587,589.4394074889019,106370999.02123044,False,1.0,0.7223577694028855,-45.62625874717206,-10.977136261417375
289,1065,eolico,6.063701629638672,7.293594837188721,3.489574840449676,411.4218126427673,4187489.808539611,False,1.0,0.7222702282950284,-46.50470332989383,-12.34519870417347
290,1493,eolico,5.829578399658203,7.986423492431641,206.22070718565524,931.0211326236682,247464848.62278628,False,1.0,0.7222099824728062,-43.41177552604016,-8.685025149587348
291,1798,eolico,5.983096122741699,8.060186386108398,323.79891518695183,723.7058284974179,388558698.22434217,False,1.0,0.7221733282053802,-41.207147225354966,-6.411960687563887
292,2809,eolico,6.322244167327881,8.199164390563965,563.9910487080311,285.199546801609,676789258.4496374,False,1.0,0.721803458931095,-33.32703715200593,-9.998589273904607
293,2446,eolico,5.937530040740967,8.088221549987793,454.88503158821493,412.37370052847393,545862037.9058579,False,1.0,0.721772995954072,-35.97996842620787,-11.441918483841757
294,1786,eolico,6.169548034667969,7.911172389984131,217.41057470452512,792.750828926874,260892689.64543015,False,1.0,0.7213625656799626,-41.01534538295571,-11.70221080921653
295,1424,eolico,6.169299125671387,7.692317962646484,178.10126100892208,565.2589626038401,213721513.2107065,False,1.0,0.7209715993497223,-43.73062507345899,-12.701571502654247
296,1603,eolico,6.2822136878967285,7.9524970054626465,287.9574995053031,670.3949891770661,345548999.40636367,False,1.0,0.7207254374061212,-42.330191770169854,-13.088400137617054
297,1183,eolico,6.6340789794921875,7.496920108795166,136.8614549370901,381.19200905817956,164233745.9245081,False,1.0,0.7204156742399487,-45.55588247505547,-13.212831426437452
298,1918,eolico,5.889563083648682,7.904395580291748,280.6286167388909,628.8118501991078,336754340.0866691,False,1.0,0.7195172336003125,-40.30352980841621,-6.389264145462599
299,1122,eolico,6.05712366104126,7.483088970184326,160.3770965373494,310.5399183866918,192452515.84481928,False,1.0,0.71899394569465,-46.00200936777611,-13.675060184874912
300,1726,eolico,5.891167163848877,7.872797012329102,195.8254254804947,829.2167079215939,234990510.57659364,False,1.0,0.7179191080185928,-41.47352927120765,-11.722153646895839
301,2448,eolico,6.188762187957764,7.839641571044922,367.9278870203099,320.31460128082756,441513464.4243719,False,1.0,0.7166150598965365,-36.03398994912466,-10.580676237436368
302,945,eolico,6.022314548492432,7.294303894042969,39.68072360761113,383.8956643858937,47616868.329133354,False,1.0,0.7156796693073375,-47.42386679261904,-12.368779262928427
303,1373,eolico,6.221005916595459,7.981706619262695,249.39100563371613,880.288772283212,299269206.76045936,False,1.0,0.7152151536616753,-44.320148782036085,-8.708836577029832
304,2877,eolico,6.937779426574707,8.147848129272461,569.6955379983538,264.3168354367176,683634645.5980245,False,1.0,0.7148576196858782,-33.05980542875317,-6.584876793974316
305,2086,eolico,5.888296127319336,7.923495292663574,325.3363208246773,587.4431194919844,390403584.9896127,False,1.0,0.7147052775787596,-38.72543304368775,-11.592963125643504
306,2518,eolico,5.851001739501953,7.678770542144775,316.6837083335634,231.67957764827096,380020450.0002761,False,1.0,0.7147048724884403,-35.786708113899465,-6.25587925502457
307,2630,eolico,5.933962821960449,7.8079447746276855,408.4315366106924,187.4357058417109,490117843.93283087,False,1.0,0.7140706970826336,-34.71870229123262,-9.648761530281426
308,1676,eolico,6.104346752166748,7.969484329223633,276.76763198643323,799.716533870155,332121158.38371986,False,1.0,0.7139652478290692,-42.08850132077041,-7.318274415071966
309,2265,eolico,5.382888317108154,8.065595626831055,435.19255932105835,525.6387127199981,522231071.18527,False,1.0,0.7129494293121256,-37.325588724284735,-11.953590625937482
310,2633,eolico,5.899816513061523,7.611511707305908,356.35954768253276,38.16026970033619,427631457.2190393,False,1.0,0.7128863195563897,-34.78915994881924,-8.365482231024108
311,2688,eolico,5.78941011428833,8.037839889526367,505.99479510122137,293.1038677552345,607193754.1214657,False,1.0,0.7125332199737144,-34.20999230501354,-10.47734618848447
312,1498,eolico,6.1759185791015625,8.339842796325684,431.7246613071039,965.4608144958064,518069593.56852466,False,1.0,0.7124751094201285,-43.466510489366726,-6.462498414677587
313,2812,eolico,5.964219570159912,7.96870756149292,513.0903528123607,180.728647023833,615708423.3748329,False,1.0,0.7112005604157807,-33.40540247817025,-8.725584176850413
314,1123,eolico,5.215817928314209,7.366764068603516,115.27630571305964,349.0864282349351,138331566.85567158,False,1.0,0.710079752746347,-46.01694053536698,-13.227501626044226
315,1841,eolico,5.536376953125,8.292826652526855,464.4996780500043,829.072317804209,557399613.6600052,False,1.0,0.7100173528293467,-40.43826532978952,-13.879964876186069
316,2323,eolico,6.099447727203369,8.279462814331055,546.9792901936684,589.1296884206688,656375148.2324021,False,1.0,0.7093895197754648,-36.80929371011597,-12.791982379774412
317,1843,eolico,5.957658290863037,8.131538391113281,374.2980964014248,836.9330455776432,449157715.68170977,False,1.0,0.7090020048649499,-40.488514459868966,-13.000800716382797
318,2700,eolico,6.67576789855957,8.011351585388184,496.7232239133166,318.1291038713152,596067868.69598,False,1.0,0.7087291659802726,-34.46258641684482,-5.3556416036805965
319,1739,eolico,6.447983741760254,8.125402450561523,390.48485523527205,786.8911648248202,468581826.28232646,False,1.0,0.7086456031970867,-41.669412786608184,-5.980962703810208
320,2689,eolico,6.672821998596191,7.928439617156982,477.23788796745407,244.30424627122628,572685465.5609449,False,1.0,0.7086018782074524,-34.23753316925379,-10.050908226675139
321,2081,eolico,6.032893180847168,8.39922046661377,550.840274946126,775.381184562215,661008329.9353511,False,1.0,0.7083490856717588,-38.59167637069593,-13.774034132512194
322,2746,eolico,6.089837551116943,8.25766372680664,608.4777278100511,402.10398003722315,730173273.3720613,False,1.0,0.707965130227347,-33.69431302223286,-11.30065854641167
323,2459,eolico,6.013580322265625,7.671188831329346,315.196588671947,298.53476477206067,378235906.40633637,False,1.0,0.7077381900296554,-36.25282437305218,-5.839355777565609
324,1128,eolico,6.160735607147217,7.483523368835449,110.22764840838913,569.2036557409667,132273178.09006695,False,1.0,0.7077206527565416,-46.08357482659931,-10.98925846999553
325,1485,eolico,6.196859359741211,7.6035475730896,154.58561940866275,635.1299092801154,185502743.2903953,False,1.0,0.7075965892340388,-43.289121528298466,-12.239520409088415
326,2698,eolico,5.903872966766357,7.847201347351074,445.2902683538236,220.58275504630467,534348322.0245883,False,1.0,0.7072249638960069,-34.43211444149056,-6.209829406812305
327,1064,eolico,5.664076805114746,7.23726224899292,48.59036566473944,365.8437022172844,58308438.79768732,False,1.0,0.706818871131567,-46.491630491154304,-12.793302697042133
328,1481,eolico,5.931578636169434,7.853693008422852,334.9887827058218,540.0785385453884,401986539.24698615,False,1.0,0.7065446418657944,-43.21097033794618,-14.015848169196001
329,1187,eolico,6.74052619934082,7.3335466384887695,43.5417083600689,544.9885518381616,52250050.032082684,False,1.0,0.7053218931279811,-45.61329769039402,-11.424334849752904
330,2084,eolico,5.376228332519531,8.058860778808594,415.5379024732568,657.6777658795573,498645482.96790814,False,1.0,0.7046645091364349,-38.67491414985166,-12.465594956788417
331,2201,eolico,5.902106761932373,8.413783073425293,594.010573394187,723.0976407946544,712812688.0730244,False,1.0,0.7042933589268632,-37.66900502158547,-13.716682356003536
332,2264,eolico,6.29551362991333,8.108600616455078,480.29335014534803,567.9096484977717,576352020.1744176,False,1.0,0.7036839542322958,-37.29776399438338,-12.387045216395387
333,1799,eolico,6.485701560974121,8.022441864013672,368.8997060112416,739.9491966711012,442679647.21348995,False,1.0,0.7036377280196119,-41.21793304132255,-5.9708887332626706
334,1613,eolico,6.048888206481934,7.724836826324463,163.0504087375944,842.5528848750249,195660490.4851133,False,1.0,0.7036206115250371,-42.50351931321047,-8.659226721614347
335,2385,eolico,6.708507061004639,8.044449806213379,478.3628577691192,477.4413818047488,574035429.3229431,False,1.0,0.7033366626369353,-36.40928790603464,-11.900069798077464
336,1126,eolico,6.073110580444336,7.232874870300293,20.026066759809645,477.64025665395747,24031280.111771572,False,1.0,0.7030472779733874,-46.05850795794251,-11.884641421678285
337,2021,eolico,5.812020778656006,8.34282112121582,529.2551257220956,804.9154446264888,635106150.8665147,False,1.0,0.702941330845619,-39.0531712639369,-13.801627634010476
338,1254,eolico,6.319941520690918,8.054374694824219,337.6620949060667,885.1229232655327,405194513.88728005,False,1.0,0.7026947657034964,-45.238868969063326,-8.28380613041554
339,885,eolico,6.086530685424805,7.231626987457275,61.265872831641566,379.38090060294286,73519047.39796989,False,1.0,0.701491587698565,-47.88350724938103,-12.379443505814393
340,2819,eolico,6.9358062744140625,8.05626392364502,557.0804191890772,306.7338521040403,668496503.0268927,False,1.0,0.7008499266121716,-33.5456011584012,-5.752853748323819
341,1435,eolico,6.3469929695129395,8.070184707641602,318.0074380582651,992.072035152838,381608925.6699181,False,1.0,0.7000222453976803,-43.888845713665084,-7.806985145148264
342,2875,eolico,6.162525177001953,7.976757526397705,553.2652780818755,217.51784889781538,663918333.6982507,False,1.0,0.6986426788728375,-33.02025813454274,-7.432011229387714
343,2460,eolico,6.6803107261657715,7.7074432373046875,355.0692306474075,343.3623351950293,426083076.77688897,False,1.0,0.6985939840815593,-36.26630802826479,-5.408034532488574
344,2818,eolico,6.270504951477051,7.974812984466553,537.2274419664066,265.1621552437475,644672930.3596879,False,1.0,0.6980139601348067,-33.529177187869955,-6.177700938552805
345,2747,eolico,5.697267532348633,8.097471237182617,576.1687376828006,354.20657562339176,691402485.2193607,False,1.0,0.6974977341446417,-33.72486388525966,-10.875518713368987
346,1496,eolico,6.384618759155273,8.065413475036621,341.52307965852447,948.4541156116925,409827695.59022933,False,1.0,0.6973867883085068,-43.44659807072616,-7.35158204896617
347,1132,eolico,6.246076583862305,7.853017807006836,290.6308117055481,758.7476362887243,348756974.04665774,False,1.0,0.6973658478719842,-46.12750193255547,-9.19818893816299
348,1783,eolico,6.397705554962158,7.987833023071289,352.7129471773945,809.1770397692206,423255536.6128734,False,1.0,0.6962958836870978,-40.94881429097086,-13.023788704873853
349,1840,eolico,6.209347248077393,8.27149772644043,509.600468874294,819.7161793468712,611520562.6491528,False,1.0,0.6962534821896059,-40.411785686626324,-14.319454142281852
350,2025,eolico,6.052507400512695,7.883191108703613,348.8519624249366,658.0179502191063,418622354.9099239,False,1.0,0.696247078957824,-39.159185134413555,-12.053300953772128
351,1979,eolico,6.459845066070557,7.764908313751221,304.14425833915027,602.0848268962977,364973110.0069803,False,1.0,0.6957790523108457,-39.86359332703781,-5.9387219495959975
352,2639,eolico,6.5017595291137695,7.761850357055664,427.01726133395977,262.87702619674934,512420713.6007517,False,1.0,0.6955807006235849,-34.89911607019884,-5.797315393615588
353,1124,eolico,6.133477210998535,7.210564136505127,70.17551488876987,390.2404743796263,84210617.86652385,False,1.0,0.6951428707445512,-46.031330987759354,-12.779911579457261
354,1121,eolico,6.138333797454834,7.374946594238281,205.47788736163918,275.6968397450393,246573464.833967,False,1.0,0.6950305907274557,-45.986532691787126,-14.122586151025416
355,1420,eolico,5.5609893798828125,7.773441314697266,358.50442430608103,477.2970992360256,430205309.16729724,False,1.0,0.6947611384188822,-43.65290546102275,-14.480328733608829
356,1677,eolico,6.355062484741211,7.9214348793029785,321.86842281072296,808.2828848852168,386242107.3728675,False,1.0,0.6946537178567408,-42.10003862587625,-6.875777151195115
357,1484,eolico,5.746159553527832,7.573254108428955,199.6864102329525,606.6001221529356,239623692.279543,False,1.0,0.6943255829293477,-43.27065985035016,-12.683666772317373
358,2082,eolico,5.647249698638916,8.195917129516602,505.7394841218363,734.8405737479237,606887380.9462036,False,1.0,0.6942212506926252,-38.62042767533071,-13.337958964833017
359,1374,eolico,6.208353042602539,7.944552898406982,294.4917964580059,924.8430223957447,353390155.7496071,False,1.0,0.6941190935300176,-44.33140990621036,-8.263146453971034
360,1860,eolico,6.530737400054932,7.978100299835205,392.4153476115009,713.8813693339583,470898417.1338011,False,1.0,0.6936271316050301,-40.776802922188224,-5.5201646365239245
361,2143,eolico,5.301980972290039,8.1029634475708,482.223842521577,664.9003418965111,578668611.0258924,False,1.0,0.6933074518429547,-38.18830922042713,-12.87534815893955
362,1615,eolico,6.433343410491943,7.811506748199463,253.25199038617387,844.0644162132267,303902388.46340865,False,1.0,0.6929457548292298,-42.52934295123081,-7.772964233154376
363,2813,eolico,5.808929443359375,7.814227104187012,504.9623542317012,162.59622169084747,605954825.0780414,False,1.0,0.6925879173371378,-33.42906225444405,-8.301098054342498
364,2631,eolico,5.719461441040039,7.584429740905762,385.4109354186525,137.50211371995115,462493122.502383,False,1.0,0.692238340928709,-34.74335062101788,-9.221070266643142
365,2447,eolico,6.127155303955078,7.776094913482666,410.6649011117466,365.82339501543845,492797881.3340959,False,1.0,0.6922099299427523,-36.007540071917546,-11.01133491385458
366,2640,eolico,6.010219573974609,7.82398796081543,457.2406483672078,312.8562263326726,548688778.0406494,False,1.0,0.6921766838807075,-34.913489456816855,-5.369117701849883
367,2871,eolico,6.298519611358643,7.987209320068359,573.7607443548031,249.42987947885638,688512893.2257638,False,1.0,0.6919272863449786,-32.92635196350837,-9.125482537054562
368,1003,eolico,6.356099605560303,7.133221626281738,72.10600726499882,299.9488416277865,86527208.7179986,False,1.0,0.6918787023165737,-46.93921305532513,-13.25445518505485
369,1483,eolico,5.084299564361572,7.615690231323242,244.7872010572423,580.9797025109785,293744641.26869076,False,1.0,0.6913231447615775,-43.25148480712212,-13.127771229304392
370,1675,eolico,6.03553581237793,7.729770660400391,231.66684116214344,794.211462453307,278000209.39457214,False,1.0,0.6912859619948524,-42.07622455317129,-7.7607440755886135
371,1960,eolico,6.118364334106445,8.338789939880371,552.7707673223549,875.0926106249204,663324920.7868259,False,1.0,0.6897772434377275,-39.48663151568378,-14.26628022552717
372,1663,eolico,5.3302483558654785,7.805331230163574,309.54264872933356,716.1532342353174,371451178.4752003,False,1.0,0.6895938453567613,-41.86965526393524,-13.067596191773072
373,1781,eolico,5.38369607925415,8.081852912902832,442.914528825974,780.3299909379725,531497434.5911688,False,1.0,0.689523708680172,-40.900158423315744,-13.904565788506707
374,2637,eolico,6.139632225036621,7.567297458648682,379.3325762348083,162.95691453847064,455199091.48177,False,1.0,0.6889325178153746,-34.866999846296125,-6.653578264446818
375,1539,eolico,5.355482578277588,7.945367336273193,446.7755135784318,565.0471256956242,536130616.29411817,False,1.0,0.6888761716694897,-42.70342546973554,-14.881706130659435
376,1555,eolico,6.171331882476807,7.8536176681518555,274.83713961020425,893.9337952793425,329804567.5322451,False,1.0,0.6888612492831381,-42.98248650635955,-7.784747219220433
377,941,eolico,5.474570274353027,7.155269622802734,140.7224396895479,188.86690358408904,168866927.6274575,False,1.0,0.6878884165348924,-47.37518019456787,-14.164571020344754
378,2502,eolico,5.832894802093506,8.327024459838867,656.8355286900493,594.3739794524126,788202634.4280591,False,1.0,0.6876657255397918,-35.398320227468446,-13.132043847672175
379,2024,eolico,6.111443519592285,7.91936731338501,393.95275324922636,692.2520750113215,472743303.89907163,False,1.0,0.686743089832787,-39.13413718445305,-12.49048132359477
380,1304,eolico,5.502826690673828,7.325157642364502,134.9309625608612,487.4686328575369,161917155.07303342,False,1.0,0.686083724082809,-44.65073891014721,-12.735162230562553
381,1962,eolico,6.156569957733154,8.103151321411133,462.56918567377545,798.9596060355533,555083022.8085306,False,1.0,0.6858370026276477,-39.54194511585173,-13.390624819159124
382,1842,eolico,5.300989627838135,8.054000854492188,419.3988872257146,841.300898380273,503278664.6708575,False,1.0,0.6858092637268095,-40.46383896280633,-13.440413012685054
383,2442,eolico,6.398689270019531,8.277106285095215,635.250379466019,604.1136640362073,762300455.3592228,False,1.0,0.6850473729450682,-35.858300997323276,-13.163437946112392
384,1070,eolico,5.879373550415039,7.569237232208252,222.01437928099907,649.1528134802443,266417255.13719887,False,1.0,0.6840495776702447,-46.56261784184666,-10.104283346822394
385,1246,eolico,6.160310745239258,7.138957977294922,23.14423168825123,529.1807267469516,27773078.025901478,False,1.0,0.6838205800679891,-45.14110439121786,-11.857662003961279
386,1479,eolico,6.305527687072754,7.836303234100342,425.1903643544013,515.589217172838,510228437.2252816,False,1.0,0.6832188842295719,-43.16752700798154,-14.903738610209306
387,2322,eolico,5.333954811096191,8.204766273498535,592.0800810179582,635.0583456073624,710496097.2215497,False,1.0,0.6827240259554992,-36.77859000266547,-13.224288458176227
388,1436,eolico,6.298978328704834,8.033035278320312,363.1082288825549,998.1172782022722,435729874.6590659,False,1.0,0.682526060430644,-43.899339621966604,-7.3618502409197415
389,1557,eolico,6.026719093322754,7.9759840965271,365.0387212587838,906.4584961533967,438046465.5105406,False,1.0,0.6823304376024617,-43.00458192793093,-6.897015999683277
390,2870,eolico,6.337329387664795,7.9582133293151855,589.4710533355038,280.072450133466,707365264.0026046,False,1.0,0.6808386375903109,-32.899753336357094,-9.548661953130438
391,1434,eolico,6.698754787445068,7.827159881591797,272.9066472339755,948.0404155235591,327487976.6807706,False,1.0,0.6804639756304636,-43.87771632050398,-8.252096008888284
392,1859,eolico,6.649016380310059,7.7914910316467285,347.31455678721113,693.4348722331849,416777468.1446534,False,1.0,0.6800406197215483,-40.76646958344343,-5.96048820646142
393,2685,eolico,6.742971420288086,8.09069538116455,608.9785920237254,441.1188217859854,730774310.4284704,False,1.0,0.6799921135148821,-34.120079613518016,-11.756149570129391
394,1252,eolico,5.664174556732178,7.6761155128479,247.46051325748726,792.2057828353057,296952615.9089847,False,1.0,0.6796536642629923,-45.217832459045106,-9.177424680427434
395,2205,eolico,5.888719081878662,7.809675216674805,413.6074100970279,554.9495003467352,496328892.1164335,False,1.0,0.6786465393835551,-37.78386582498912,-11.979447614610267
396,2261,eolico,6.286436557769775,8.259991645812988,615.5957226182175,700.8546971360331,738714867.141861,False,1.0,0.6785572766284554,-37.207832889096686,-13.68694369379726
397,1782,eolico,5.5189313888549805,7.933078289031982,397.81373800168427,793.310272354687,477376485.6020211,False,1.0,0.6782962229411561,-40.924921347865975,-13.464206088329144
398,2872,eolico,6.403190612792969,7.856558799743652,562.0735368300905,225.80954858001647,674488244.1961086,False,1.0,0.6781924448562892,-32.95169509290718,-8.70222391087306
399,2519,eolico,6.384811878204346,7.512303829193115,349.30479550960473,278.2986060912904,419165754.61152565,False,1.0,0.677870054023843,-35.801567265489524,-5.825618903226914
400,2748,eolico,6.036051273345947,7.876198768615723,546.5305877305508,306.98043206029206,655836705.2766609,False,1.0,0.6774316323529592,-33.7541738844682,-10.450289733836534
401,1010,eolico,5.707847595214844,7.552383899688721,243.5995285050294,638.7122684412208,292319434.2060353,False,1.0,0.6770564311879121,-47.01870096641534,-10.114189731247036
402,2503,eolico,5.581080913543701,8.141647338867188,611.7347378657595,545.0276276512697,734081685.4389114,False,1.0,0.6769589168260499,-35.43116903630257,-12.702852430797824
403,2504,eolico,5.246171474456787,8.029389381408691,566.6875722427367,495.81226523377285,680025086.6912841,False,1.0,0.6768230884189613,-35.46283746107967,-12.273569844129934
404,2691,eolico,5.765296936035156,7.565088748931885,431.51655796255943,149.11049477585402,517819869.5550713,False,1.0,0.6765458541665184,-34.28901624687268,-9.197798606511865
405,1725,eolico,5.854887962341309,7.6493120193481445,240.92621630478448,804.4712892515896,289111459.56574136,False,1.0,0.676295694603405,-41.452907795196666,-12.163504450944357
406,947,eolico,5.819438934326172,7.243261337280273,129.8823052561906,482.9373334778637,155858766.30742872,False,1.0,0.6759308569190294,-47.44554534924813,-11.470730539917003
407,1375,eolico,5.556578159332275,7.9257097244262695,339.5925872822956,969.9283012369043,407511104.7387547,False,1.0,0.6756270962996676,-44.342059635077426,-7.817432167393477
408,1433,eolico,6.050414085388184,7.6854777336120605,227.80585640968567,904.6293915189087,273367027.6916228,False,1.0,0.6755350086404996,-43.86594806570473,-8.697181431587827
409,1678,eolico,5.8759446144104,7.873636245727539,366.9692136350127,819.8145579650576,440363056.36201525,False,1.0,0.6751013834769228,-42.11083990169691,-6.4332539870054966
410,1243,eolico,5.906147003173828,7.238113880157471,158.44660416112052,416.83733177559566,190135924.99334463,False,1.0,0.6740495545520668,-45.09488029461888,-13.197372754054994
411,1191,eolico,5.904119968414307,7.552562236785889,223.94487165722794,727.1297652410481,268733845.9886735,False,1.0,0.6738505181243802,-45.66186519874047,-9.635380267255508
412,2808,eolico,5.456699848175049,7.934291362762451,588.5241150375025,327.96965414923557,706228938.0450029,False,1.0,0.6731374172569679,-33.29842965872191,-10.422760657305298
413,2564,eolico,6.136738300323486,8.036727905273438,590.5927151514326,489.0367171604712,708711258.1817191,False,1.0,0.6723994588272979,-35.004343567575944,-12.243702003924783
414,2697,eolico,6.456610679626465,7.5419135093688965,426.09641402916185,172.86429466707125,511315696.8349942,False,1.0,0.6723547032821121,-34.4151577293193,-6.636853125205617
415,1189,eolico,5.579524040222168,7.3218913078308105,133.74329000864842,634.7165576594635,160491948.0103781,False,1.0,0.6721518633836806,-45.63867112649577,-10.529910204046733
416,1920,eolico,6.273894786834717,7.761944770812988,370.83019838747043,669.2934467458748,444996238.06496453,False,1.0,0.6719942130640693,-40.32568305130887,-5.510238234856228
417,1316,eolico,6.008764266967773,8.033793449401855,406.2785273306158,996.3639845029184,487534232.796739,False,1.0,0.6717468745216747,-44.804882046537344,-7.381112938321352
418,1364,eolico,5.888326168060303,7.280212879180908,156.51611178489162,525.4252386514972,187819334.14186993,False,1.0,0.670495915394197,-44.19065223747435,-12.718738736235666
419,2520,eolico,6.536158084869385,7.555989742279053,385.66709635139483,325.92146539531456,462800515.6216738,False,1.0,0.6704403693839365,-35.81535051571121,-5.395318338112625
420,1242,eolico,5.847848415374756,7.2704901695251465,203.54739498541028,385.13253263725557,244256873.98249233,False,1.0,0.6701578511738541,-45.078276978139826,-13.643874380258756
421,2325,eolico,6.239602565765381,7.791189670562744,456.7777085450888,499.6230225728017,548133250.2541065,False,1.0,0.6700856460983232,-36.86739558695788,-11.927128406162362
422,1303,eolico,5.741149425506592,7.273425579071045,180.03175338515095,455.19158005589776,216038104.06218114,False,1.0,0.6700559215338626,-44.63393675036007,-13.181131305242873
423,1190,eolico,6.1350789070129395,7.4092116355896,178.84408083293818,680.6551270895492,214612896.99952582,False,1.0,0.6689660883431113,-45.65053871055644,-10.082657824831237
424,883,eolico,5.82569694519043,6.884891033172607,28.935708816937954,279.4231214661332,34722850.580325544,False,1.0,0.6688602324575547,-47.86167497175621,-13.27819338201492
425,1542,eolico,5.646117687225342,7.587420463562012,311.47314110556243,604.613210784813,373767769.32667494,False,1.0,0.6679435039568562,-42.77009745359576,-13.551844993256337
426,2566,eolico,6.044851779937744,7.792195796966553,507.1984752285439,389.494910925982,608638170.2742527,False,1.0,0.6676153278388015,-35.06545288620329,-11.38702266826084
427,2580,eolico,6.142821311950684,7.5829548835754395,420.0048331432513,315.5184780330224,504005799.77190155,False,1.0,0.666529141112843,-35.364410905627295,-5.382344678781891
428,1495,eolico,6.158750057220459,7.7666473388671875,296.4222888342347,943.8169960154795,355706746.6010816,False,1.0,0.6660680725582662,-43.43565437943728,-7.796088866386106
429,2443,eolico,5.56034517288208,8.03504753112793,590.1495886417292,555.6329782584232,708179506.3700751,False,1.0,0.6660449462558018,-35.89044218261117,-12.733186749484814
430,1959,eolico,5.404649257659912,8.275140762329102,597.8715581466447,912.9076338824176,717445869.7759737,False,1.0,0.6654711553058525,-39.45752315761756,-14.704002759358813
431,1130,eolico,5.993485450744629,7.408421993255615,200.42923005696863,663.2084051346934,240515076.06836236,False,1.0,0.6649558408545442,-46.106563218327544,-10.093771425464956
432,1421,eolico,6.094573974609375,7.4944586753845215,313.40363348179136,493.19247196742134,376084360.17814964,False,1.0,0.6643905146360976,-43.67338271001401,-14.035704297332659
433,1659,eolico,5.7839250564575195,7.915729522705078,489.94581202649266,664.2065048167326,587934974.4317912,False,1.0,0.6642599557370946,-41.775507782646805,-14.835082498912437
434,2805,eolico,5.969501495361328,8.120922088623047,679.1059025324015,465.0161628196886,814927083.0388818,False,1.0,0.6641844440137098,-33.205040344838245,-11.694730294171498
435,1497,eolico,6.164957046508789,7.918799877166748,386.62387048281425,955.6881797290536,463948644.5793771,False,1.0,0.6639151584370478,-43.45688240905511,-6.907051409953385
436,1541,eolico,5.115013599395752,7.627796173095703,356.5739319298522,587.4783750822742,427888718.31582266,False,1.0,0.6638493488696444,-42.74863751248671,-13.995181686480725
437,2624,eolico,5.385676383972168,8.02338695526123,617.6282910015663,487.32332091326833,741153949.2018795,False,1.0,0.6637041884754613,-34.54594758159499,-12.213253797592742
438,1249,eolico,5.841031074523926,7.236034870147705,112.15814078461798,656.7428126436297,134589768.94154158,False,1.0,0.6631767131452128,-45.18204998181492,-10.517668334183941
439,2381,eolico,5.50051736831665,8.200194358825684,658.7660210662782,665.4709033814565,790519225.2795339,False,1.0,0.6621452423624732,-36.28582595337944,-13.625391161169405
440,1901,eolico,5.797880172729492,8.026726722717285,486.08482727403475,869.6175344647594,583301792.7288417,False,1.0,0.6621362080033772,-39.97646812501769,-13.854602234561437
441,825,eolico,5.8820600509643555,6.998412132263184,82.851022055672,381.4234580493355,99421226.46680641,False,1.0,0.6619750433648093,-48.343183470901984,-12.389351665069459
442,1005,eolico,5.969450950622559,6.888040065765381,18.095574383580693,394.7428207406356,21714689.260296833,False,1.0,0.6613136417606276,-46.9642646472748,-12.35736291364522
443,1359,eolico,5.585233211517334,7.54085636138916,382.02006590634045,417.0614032500807,458424079.0876085,False,1.0,0.6606624692446622,-44.095999041543294,-14.94520482649145
444,1004,eolico,6.069392204284668,6.863340854644775,27.005216440709066,346.9806926329795,32406259.72885088,False,1.0,0.6599170082947597,-46.95197669586313,-12.805922661739574
445,1127,eolico,5.59076452255249,7.042449951171875,65.12685758409934,523.0358575113848,78152229.1009192,False,1.0,0.659659420764841,-46.07130311110364,-11.436963499991457
446,1439,eolico,6.6727986335754395,8.131258010864258,498.41060135542426,1025.9445225767006,598092721.6265091,False,1.0,0.6595187121324889,-43.92703921089,-6.026315221048354
447,1904,eolico,5.745189189910889,7.7026472091674805,350.7824548011655,766.5237886770306,420938945.7613986,False,1.0,0.6594455745084313,-40.05283173749027,-12.538257193067722
448,2755,eolico,6.352492332458496,7.470674991607666,453.6216117204586,125.13911394700553,544345934.0645503,False,1.0,0.6594436462737258,-33.92523518149926,-7.471500883336236
449,1423,eolico,6.08532190322876,7.3251824378967285,223.20205183321184,537.672206216537,267842462.1998542,False,1.0,0.6587948880909206,-43.712236367208384,-13.146324191037388
450,2760,eolico,6.64368200302124,7.746939659118652,537.9580948646586,330.95805641321334,645549713.8375903,False,1.0,0.6586522265392107,-34.01170202201697,-5.341920626588325
451,2445,eolico,5.832640647888184,7.759726524353027,499.94800699314965,459.6491938799344,599937608.3917795,False,1.0,0.6582090071614027,-35.951267117775146,-11.87242378062242
452,1480,eolico,5.507237911224365,7.581644535064697,380.08957353011147,525.6030197127021,456107488.23613375,False,1.0,0.6569231824311986,-43.18961813627892,-14.459817497724254
453,1560,eolico,6.753970623016357,8.063248634338379,500.34109373165313,944.9820461828359,600409312.4779837,False,1.0,0.6567352165540156,-43.03260937466949,-5.5652467566213035
454,2931,eolico,6.281898498535156,7.850429058074951,621.9858056404116,292.47627792982195,746382966.768494,False,1.0,0.6557336555898686,-32.47224558816175,-9.100568557587273
455,1438,eolico,6.316843032836914,8.015206336975098,453.3098105311344,1014.291612876721,543971772.6373613,False,1.0,0.6553360175957507,-43.91843349062267,-6.471513889635072
456,2811,eolico,6.40609073638916,7.619154453277588,525.8673227221896,209.4950032864536,631040787.2666274,False,1.0,0.6545808645737161,-33.38051626918794,-9.149997252288932
457,1540,eolico,5.298577308654785,7.632115364074707,401.6747227541419,574.1990488699001,482009667.30497026,False,1.0,0.6541692687354465,-42.72641585945326,-14.438469294097867
458,1538,eolico,5.678554058074951,7.782241344451904,491.87630440272153,560.2249198229898,590251565.2832658,False,1.0,0.6541382894258027,-42.67965904295289,-15.324890497330806
459,942,eolico,6.191026210784912,6.8710036277771,95.62164886525817,236.84805410991424,114745978.6383098,False,1.0,0.6537531863906919,-47.38802755361904,-13.715663580724277
460,1011,eolico,5.4656219482421875,7.50253963470459,288.7003193293192,688.0259118111333,346440383.19518304,False,1.0,0.6536763287046918,-47.02821166271598,-9.665486964659856
461,1903,eolico,5.894622325897217,7.739568710327148,395.88324562545523,799.2396581468635,475059894.7505463,False,1.0,0.6501915031710769,-40.02829805850542,-12.977100623284693
462,881,eolico,5.2404937744140625,6.849895000457764,119.13729046551747,179.51237806194538,142964748.55862096,False,1.0,0.650032130291904,-47.83816937143389,-14.176842122150749
463,2622,eolico,5.4864702224731445,8.14273452758789,702.1496761811521,587.3113690367217,842579611.4173826,False,1.0,0.6500153874292313,-34.47869431301989,-13.067369524792854
464,887,eolico,5.873432159423828,7.095475673675537,151.46745448022102,479.3562919945065,181760945.37626523,False,1.0,0.6493209339835777,-47.90369434997277,-11.480599381447986
465,1062,eolico,5.532222270965576,6.94141149520874,138.79194731331896,279.26515629348825,166550336.77598274,False,1.0,0.648939737210064,-46.46396253134184,-13.689423362251755
466,1298,eolico,5.502939701080322,7.464976787567139,405.5357075065998,360.64928562625533,486642849.0079198,False,1.0,0.6489172946178475,-44.54034847196011,-15.410393663668602
467,1133,eolico,6.193312644958496,7.628660678863525,335.7316025298379,806.9227156549364,402877923.0358055,False,1.0,0.6488005072560142,-46.13721090997147,-8.750364594144594
468,2562,eolico,6.140862941741943,8.093460083007812,678.4903957358,588.733841243174,814188474.88296,False,1.0,0.6487987410153724,-34.93845081272368,-13.100017560136385
469,762,eolico,5.956219673156738,6.728353977203369,30.866201193166837,246.4933276169815,37039441.4318002,False,1.0,0.6487572856675718,-48.77447486561066,-13.748737341629731
470,2563,eolico,5.506606101989746,7.978824615478516,634.0934364491023,538.871249259057,760912123.7389228,False,1.0,0.6482123672566811,-34.971999690241624,-12.671906998886284
471,2202,eolico,5.5386271476745605,7.915717124938965,548.9097825698973,679.4445419428056,658691739.0838767,False,1.0,0.6477373241375116,-37.699303913032466,-13.282488266490645
472,1839,eolico,5.543961524963379,8.012153625488281,554.7012596985838,813.3316182325758,665641511.6383007,False,1.0,0.6477170081892613,-40.38439184607994,-14.758878626856115
473,2876,eolico,6.657708644866943,7.645923137664795,559.3100544180521,236.83053443803834,671172065.3016626,False,1.0,0.6473430741527973,-33.04064417066937,-7.008474094391111
474,2815,eolico,6.1183061599731445,7.50117301940918,503.42578129793947,170.25541464014367,604110937.5575273,False,1.0,0.6468954189328118,-33.472727822466794,-7.451921503168162
475,943,eolico,5.826762676239014,6.774884223937988,50.52085804096839,285.5228435727414,60625029.64916207,False,1.0,0.6468206769360332,-47.40042179325583,-13.26672852989087
476,1600,eolico,6.042696952819824,7.649696350097656,423.2598719781723,623.0173040254057,507911846.3738068,False,1.0,0.6466279529784018,-42.26330171236809,-14.416291874103548
477,1961,eolico,6.407844066619873,7.936405181884766,507.6699764980652,836.3980898013891,609203971.7976782,False,1.0,0.6466245575652987,-39.51476929724392,-13.828486778308255
478,702,eolico,5.819540500640869,6.679103851318359,9.2810519691364,268.9106676346363,11137262.362963678,False,1.0,0.6450508315173109,-49.23670446308235,-13.75806863361962
479,2935,eolico,6.120889663696289,7.725343227386475,603.1313443907466,265.7839780046541,723757613.2688959,False,1.0,0.6449274506836312,-32.56782651404494,-7.411776200744328
480,2756,eolico,6.050677299499512,7.399621963500977,460.97487530447455,156.31533927454348,553169850.3653694,False,1.0,0.6443495754608286,-33.944880090311614,-7.045690829232321
481,2869,eolico,6.021293640136719,7.763057708740234,608.8931381435983,315.6990495245255,730671765.772318,False,1.0,0.6442527816602958,-32.87189201633796,-9.971758272455936
482,1185,eolico,6.440333366394043,6.8624653816223145,46.659873288510546,459.52141919853295,55991847.94621266,False,1.0,0.6442392808457472,-45.58571308361076,-12.318645010675656
483,1008,eolico,5.992765426635742,7.101535797119141,153.39794685644995,540.463481583083,184077536.22773993,False,1.0,0.6439935469329209,-46.99831286759051,-11.011530025185598
484,1244,eolico,5.502931594848633,6.971844673156738,113.34581333683076,451.8624288741091,136014976.0041969,False,1.0,0.6437334883655614,-45.110882613913965,-12.750835989428204
485,1119,eolico,5.24129581451416,7.1410417556762695,295.67946901021867,223.95571105238483,354815362.8122624,False,1.0,0.6428730153828667,-45.95392265323745,-15.017535862853906
486,2200,eolico,6.134962558746338,8.096907615661621,639.1113642184766,767.5255765573685,766933637.0621719,False,1.0,0.6426698268517296,-37.637635561492154,-14.150795347664621
487,2816,eolico,6.088339805603027,7.493739128112793,510.0615514989834,194.3234254210265,612073861.7987801,False,1.0,0.641869560675126,-33.49274541492559,-7.027238433154133
488,2140,eolico,6.022570610046387,8.064726829528809,617.5262149944463,791.0552460447218,741031457.9933355,False,1.0,0.6413332195674568,-38.099714389283555,-14.180784185356906
489,1068,eolico,6.112584114074707,7.048941135406494,131.81279763241957,552.7628680699294,158175357.15890348,False,1.0,0.6407480555459513,-46.54092684204818,-11.000724464426977
490,1662,eolico,6.308345317840576,7.535925388336182,354.6434395536233,698.1755949898951,425572127.46434796,False,1.0,0.640682701504599,-41.84734508905375,-13.509548230334861
491,2505,eolico,5.617173671722412,7.669516086578369,522.3600995256779,446.77118283224036,626832119.4308136,False,1.0,0.6406005186255891,-35.4933346013488,-11.844199461912535
492,1482,eolico,5.765914440155029,7.330528736114502,289.887991881532,558.669062382672,347865590.2578384,False,1.0,0.6405335636776847,-43.231590389637844,-13.571832218828579
493,1719,eolico,5.695798873901367,7.820168495178223,511.530961250523,713.8741446731678,613837153.5006275,False,1.0,0.6402419009293646,-41.31169799132386,-14.810508188330026
494,940,eolico,5.6388421058654785,6.875339031219482,185.82323051383761,142.28286545902247,222987876.61660513,False,1.0,0.6401256542050195,-47.361875540973564,-14.613449929416173
495,2022,eolico,5.694394588470459,7.804379940032959,484.1543348978059,765.9396584923202,580985201.877367,False,1.0,0.6400966619903309,-39.081138239867784,-13.364647119762573
496,1543,eolico,6.50933837890625,7.32859468460083,266.3723502812727,625.286676750538,319646820.3375272,False,1.0,0.6400475711896345,-42.790802437383455,-13.10846088709124
497,1778,eolico,5.725417613983154,7.96564245223999,578.2169012988433,760.0236932876647,693860281.5586119,False,1.0,0.6399379784758364,-40.82057162400454,-15.225278088494251
498,1118,eolico,5.293032646179199,7.190256595611572,340.78025983450846,211.494366465795,408936311.80141014,False,1.0,0.6396230814715969,-45.93677870349573,-15.464957375173212
499,1660,eolico,5.654550552368164,7.670065879821777,444.8450212022027,672.0093559669177,533814025.4426432,False,1.0,0.6394745289941127,-41.800278710149826,-14.393293252936386
500,1740,eolico,6.599720001220703,7.736242771148682,435.58564605956184,804.9673240153517,522702775.2714742,False,1.0,0.6390090987611231,-41.67908527462549,-5.539117168525461
501,2810,eolico,6.000148296356201,7.561724662780762,542.965166529948,245.18048239800248,651558199.8359375,False,1.0,0.6385447972514556,-33.35439686523743,-9.5743335403747
502,1902,eolico,5.896087646484375,7.752997875213623,440.984036449745,833.672203987659,529180843.739694,False,1.0,0.6373723046180167,-40.00284611016983,-13.41588305400784
503,1058,eolico,5.754078388214111,7.102982521057129,319.195110610478,162.12295844445111,383034132.7325736,False,1.0,0.6371156761411518,-46.4024091326854,-15.481286294232337
504,2684,eolico,5.866093158721924,7.894677639007568,647.4022370219998,490.725103780907,776882684.4263997,False,1.0,0.6371097088043929,-34.087650800116236,-12.182235045398214
505,1363,eolico,6.048462867736816,7.107758045196533,201.61690260918138,495.6262583295719,241940283.13101766,False,1.0,0.6367404904857847,-44.17305455327229,-13.164113042888575
506,1780,eolico,5.92378568649292,7.786693096160889,488.01531965026356,770.3821138182304,585618383.5803163,False,1.0,0.6361296107263137,-40.87451785669703,-14.344865744459682
507,642,eolico,5.967060089111328,6.630566120147705,12.304097254894039,298.10557488198543,14764916.705872847,False,1.0,0.6345136935814624,-49.69896888558469,-13.766547146287753
508,946,eolico,6.0676093101501465,6.841465473175049,84.7815144319009,433.36148259910925,101737817.31828108,False,1.0,0.6338805437848479,-47.43492508998491,-11.919766876854588
509,1241,eolico,6.140320777893066,7.081596851348877,248.64818580970004,357.6321772846725,298377822.97164005,False,1.0,0.6338052018651007,-45.06106736651391,-14.090339620636446
510,2683,eolico,5.930099010467529,7.973081588745117,687.3168028347484,540.4039600407347,824780163.4016981,False,1.0,0.6336099563316195,-34.0539781629197,-12.608223204928878
511,886,eolico,5.652001857757568,6.874478340148926,106.36666365593133,429.3671636356363,127639996.3871176,False,1.0,0.6335118661542432,-47.89380477967704,-11.930032794666532
512,1898,eolico,5.392045021057129,8.057262420654297,621.3871997469041,859.9581624373338,745664639.6962849,False,1.0,0.6328228649896362,-39.891695514225944,-15.170357462731436
513,1251,eolico,6.17949104309082,7.243237018585205,202.3597224331975,746.433994999885,242831666.919837,False,1.0,0.6327430860735681,-45.20647217097473,-9.62419832349047
514,1378,eolico,6.073306083679199,7.926885604858398,474.89495975516473,1063.2310979167298,569873951.7061977,False,1.0,0.6324353354232924,-44.370371909226364,-6.480157587014836
515,1837,eolico,6.174601078033447,8.063684463500977,644.9028413471632,809.7257154644392,773883409.6165959,False,1.0,0.6324278458918786,-40.32682722149161,-15.637524412083211
516,944,eolico,5.715509414672852,6.6264753341674805,5.420067216678632,334.5886843096692,6504080.660014358,False,1.0,0.6322734508989608,-47.41236692352299,-12.817766785354264
517,643,eolico,5.801705360412598,6.716161727905273,57.4048880791838,338.0728135208898,68885865.69502056,False,1.0,0.6316360715692031,-49.70707255001719,-13.315886483844952
518,1679,eolico,5.918705463409424,7.662076950073242,412.0700044593025,834.1885859351689,494484005.35116297,False,1.0,0.6315500194697018,-42.120908355670174,-5.990706619154114
519,2320,eolico,5.809621810913086,8.06499195098877,682.2816626665375,728.5257218653383,818737995.199845,False,1.0,0.6306365729933794,-36.7138319464102,-14.088643585356799
520,1361,eolico,6.148555755615234,7.19251823425293,291.81848425776093,446.98187996086483,350182181.10931313,False,1.0,0.6304766952690878,-44.13587168383415,-14.054742842853122
521,2379,eolico,6.040402889251709,8.196316719055176,748.9676027148577,761.7756548624955,898761123.2578292,False,1.0,0.6294877142521276,-36.217238061605535,-14.487517838200047
522,1556,eolico,6.046178817749023,7.5259575843811035,319.93793043449404,898.8283027339556,383925516.5213928,False,1.0,0.6293697329217552,-42.99387733249022,-7.340894129982116
523,1620,eolico,6.359245300292969,7.801726818084717,478.7559445076227,897.95221252734,574507133.4091473,False,1.0,0.6287557244586714,-42.58142181043937,-5.5568476188786775
524,2501,eolico,5.569289207458496,8.029694557189941,701.9363195143391,643.8212018852929,842323583.4172069,False,1.0,0.6284057465461501,-35.36428156291928,-13.561140687813582
525,1125,eolico,5.839879035949707,6.698048114776611,25.07472406448011,433.25964652878423,30089668.877376135,False,1.0,0.628391784076249,-46.04518532506222,-12.33229114578495
526,1617,eolico,6.628011703491211,7.529313087463379,343.4535720347534,857.317976962762,412144286.4417041,False,1.0,0.6277150738489335,-42.552300448157766,-6.88659001990424
527,1376,eolico,6.3010149002075195,7.700386047363281,384.6933781065853,1015.4738810065567,461632053.7279024,False,1.0,0.6271674432749802,-44.35210121066199,-7.371695045407313
528,949,eolico,6.359260082244873,7.125760555267334,220.0838869047701,582.3066674864131,264100664.28572413,False,1.0,0.6265198171667221,-47.4654851255988,-10.572589657948937
529,2262,eolico,6.491753101348877,7.791966915130615,570.4949317939277,655.7224976701002,684593918.1527132,False,1.0,0.626493274807413,-37.238894759050396,-13.253724660420996
530,1559,eolico,6.6001386642456055,7.764674186706543,455.2403029073634,929.6323897943884,546288363.488836,False,1.0,0.6264455313956957,-43.02394505490434,-6.009190778679972
531,1066,eolico,5.7173171043396,6.72581148147583,41.61121598384008,457.92379429821244,49933459.1806081,False,1.0,0.6258763541807765,-46.517274365311145,-11.897066981993033
532,1182,eolico,5.553407192230225,6.898294448852539,181.96224576137982,346.238435624354,218354694.9136558,False,1.0,0.6253782955231967,-45.54011318195176,-13.659875315846653
533,2020,eolico,5.723288059234619,7.912165641784668,574.3559165463854,845.0527708641539,689227099.8556625,False,1.0,0.6252290057557766,-39.0242147525673,-14.23853658033757
534,2699,eolico,5.763973236083984,7.353121280670166,469.0508417354451,269.13089617673415,562861010.0825341,False,1.0,0.6249983331222907,-34.44792257316623,-5.782757777585071
535,824,eolico,6.023191928863525,6.630277156829834,37.75023123138224,331.7492439842206,45300277.47765868,False,1.0,0.6248123008898554,-48.33326856338419,-12.839110137729035
536,828,eolico,6.321268558502197,7.075572490692139,218.15339452854124,530.8132767263335,261784073.4342495,False,1.0,0.6245533109518604,-48.370655359867186,-11.03994539391245
537,1236,eolico,5.8135600090026855,7.267494201660156,408.7691069087066,317.4418165559146,490522928.2904479,False,1.0,0.623507248915075,-44.965723989816325,-16.322075901396932
538,2758,eolico,5.878732204437256,7.3610053062438965,490.8649241351377,238.71292423885149,589037908.9621652,False,1.0,0.6233988825811768,-33.98063308830988,-6.193904726450919
539,2259,eolico,5.717443466186523,8.090744018554688,705.7973042667968,792.8732128098998,846956765.1201562,False,1.0,0.6223337592933611,-37.142408571371035,-14.553125621306581
540,2565,eolico,6.012592792510986,7.5807695388793945,548.2016273526106,439.239795765553,657841952.8231326,False,1.0,0.6218264221147767,-35.0354916785789,-11.81540607224645
541,764,eolico,6.33823299407959,6.652184963226318,59.33538045541268,341.48432978998494,71202456.54649521,False,1.0,0.6215509763521252,-48.79377445403911,-12.848601383247912
542,1181,eolico,6.044590473175049,6.928249835968018,227.0630365856696,315.36448886548504,272475643.90280354,False,1.0,0.6210580818392857,-45.52376790078759,-14.106884762061592
543,2743,eolico,5.128435134887695,7.939266204833984,717.6833132479497,548.0543297909009,861219975.8975397,False,1.0,0.6202193750801546,-33.595128695870066,-12.575505330367204
544,1900,eolico,5.732205867767334,7.816227912902832,531.1856180983245,869.1263590957408,637422741.7179894,False,1.0,0.6201279168510712,-39.949156020679425,-14.293255894256193
545,1302,eolico,5.426151275634766,6.988311767578125,225.1325442094407,426.3485441368054,270159053.05132884,False,1.0,0.6198838029911147,-44.616503713857455,-13.627063284889413
546,759,eolico,5.692784309387207,6.680715084075928,166.16857366603614,120.33320473193874,199402288.39924335,False,1.0,0.6190030903824244,-48.74282063737912,-15.09876299051411
547,951,eolico,6.72263240814209,7.292997360229492,310.28546855334963,681.860427016816,372342562.26401955,False,1.0,0.6183577509073857,-47.48371137761718,-9.674363894131355
548,2560,eolico,5.493078708648682,8.103646278381348,768.6222595626592,688.5188166773619,922346711.4751911,False,1.0,0.617872014638285,-34.867699230214065,-13.955941221723053
549,1957,eolico,5.4891157150268555,8.103614807128906,688.073139795224,909.6965214116032,825687767.7542689,False,1.0,0.6178181054677634,-39.39635857678344,-15.579225363195004
550,1194,eolico,6.255334377288818,7.493350028991699,359.24724413009716,868.9053894976918,431096692.9561166,False,1.0,0.6173763589213577,-45.69263239825564,-8.29340790810397
551,1179,eolico,5.683883190155029,7.033711910247803,317.2646182342491,271.2972058554346,380717541.8810989,False,1.0,0.6173667528596403,-45.4893281443719,-15.00079559938994
552,1618,eolico,6.082242488861084,7.544068336486816,388.5543628590431,868.1985954127069,466265235.43085176,False,1.0,0.6172893472206634,-42.562713115499676,-6.443365081511917
553,1193,eolico,5.323190689086914,7.377971172332764,314.1464533058074,821.3222768389545,376975743.9669689,False,1.0,0.6166493985632615,-45.682908787843495,-8.740754173720159
554,2623,eolico,6.144887924194336,7.803747177124023,659.3477358749374,537.3167889177317,791217283.0499249,False,1.0,0.616518293508719,-34.51293560221932,-12.640360527106756
555,1253,eolico,6.13162088394165,7.34867000579834,292.561304081777,838.4606704097163,351073564.8981324,False,1.0,0.6163274884537444,-45.22863028325899,-8.73062688322055
556,2382,eolico,5.904167175292969,7.773496150970459,613.6652302419885,617.7590231638918,736398276.2903862,False,1.0,0.6163116867335143,-36.31839149031933,-13.194189542120991
557,2879,eolico,6.029587268829346,7.565104007720947,602.4977544351948,335.2801282531204,722997305.3222338,False,1.0,0.6153711801105005,-33.09447375239626,-5.737516642175239
558,1599,eolico,5.930455684661865,7.503347873687744,468.3606628024621,614.5927656984529,562032795.3629545,False,1.0,0.6146582812881068,-42.239417989479065,-14.858817997517837
559,763,eolico,6.023545265197754,6.492548942565918,14.234589631122923,293.5732515504501,17081507.557347506,False,1.0,0.6144406041222626,-48.78430280535919,-13.298680739647994
560,2938,eolico,6.573635578155518,7.60869026184082,631.6195260700205,334.61199219872634,757943431.2840246,False,1.0,0.6142943815752806,-32.6263428800902,-6.144476187566609
561,1899,eolico,5.746557235717773,7.8510284423828125,576.2864089226143,863.1073714253674,691543690.7071372,False,1.0,0.6141868214381098,-39.92090139389007,-14.73184174147509
562,1240,eolico,5.62677526473999,7.0103840827941895,293.74897663398974,335.37215263519437,352498771.9607877,False,1.0,0.614017872115804,-45.043245944474,-14.53676722128284
563,1360,eolico,5.802770137786865,7.146984100341797,336.9192750820506,429.3792118246268,404303130.09846073,False,1.0,0.6139755963072597,-44.11627468705661,-14.499995521069362
564,2868,eolico,6.160128593444824,7.61937141418457,631.6847193309726,354.8115026568541,758021663.1971672,False,1.0,0.6139377272968479,-32.84276044819505,-10.394767579052898
565,1558,eolico,6.221368789672852,7.590284824371338,410.13951208307356,916.7560704471781,492167414.49968827,False,1.0,0.6139224674023159,-43.01460350252331,-6.453114370329586
566,1192,eolico,6.181240081787109,7.24520206451416,269.0456624815177,774.0439192744252,322854794.97782123,False,1.0,0.6133736344243208,-45.67265411046164,-9.188078671314276
567,818,eolico,5.741513252258301,6.709804058074951,232.85451371435633,49.99800082837468,279425416.4572276,False,1.0,0.6127190966344733,-48.26559313422299,-15.53714623962195
568,823,eolico,6.793065547943115,6.460748672485352,7.350559592907516,282.19012636499286,8820671.511489019,False,1.0,0.6126583331331446,-48.32296963778765,-13.288845450787804
569,2019,eolico,6.121465682983398,7.929802894592285,619.4567073706752,886.1938264804772,743348048.8448102,False,1.0,0.6123926610399864,-38.994259887747596,-14.675371445217769
570,1958,eolico,5.443076133728027,7.986283302307129,642.9723489709345,909.9307965634436,771566818.7651213,False,1.0,0.6123388901970053,-39.42743527462838,-15.141651954984896
571,1318,eolico,6.670734882354736,7.842061996459961,496.4801089791953,1090.2264794743128,595776130.7750343,False,1.0,0.612092492152824,-44.8223251368209,-6.48842641815387
572,2078,eolico,6.1603264808654785,8.052087783813477,686.1426474189954,902.7136417568319,823371176.9027945,False,1.0,0.6114973625996776,-38.49928505587219,-15.081800981756698
573,948,eolico,5.813230514526367,6.910212516784668,174.98309608048038,532.5924910594597,209979715.29657647,False,1.0,0.6114748017664626,-47.455730951026965,-11.02167116355174
574,1069,eolico,5.458039283752441,6.953929901123047,176.91358845670928,600.810354257569,212296306.14805114,False,1.0,0.6109403739835433,-46.5520157620271,-10.552515719578501
575,995,eolico,5.698009014129639,6.765985012054443,232.59620953710285,162.9691991271988,279115451.4445234,False,1.0,0.6103684978002125,-46.81944978435491,-16.84161784476803
576,1777,eolico,5.603953838348389,7.839461803436279,623.3176921231329,759.7431940415203,747981230.5477595,False,1.0,0.6101299883512865,-40.792249087570106,-15.665386260767077
577,1258,eolico,6.397115707397461,7.853062629699707,518.0652582032258,1074.7780064529452,621678309.8438709,False,1.0,0.6096042090655956,-45.27429255413887,-6.496317416616468
578,766,eolico,5.958445072174072,6.791345596313477,149.5369621039922,438.7073448490893,179444354.52479064,False,1.0,0.6095377537048341,-48.811661033942286,-11.948377462393886
579,2142,eolico,5.7910966873168945,7.62806510925293,527.3246333458668,705.916267839907,632789560.0150402,False,1.0,0.6091010161789586,-38.159815547518235,-13.310569553307703
580,1195,eolico,6.318238735198975,7.546023368835449,404.34803495438695,916.7458041160302,485217641.94526434,False,1.0,0.6089915377949409,-45.70182793670764,-7.846041005207879
581,874,eolico,5.231546878814697,6.574258327484131,126.73221500399988,170.9989462364483,152078658.00479987,False,1.0,0.6089360623232837,-47.74225804525289,-17.32121643005803
582,1067,eolico,5.819991588592529,6.718618392944336,86.71200680812979,505.0945405076983,104054408.16975574,False,1.0,0.6088778521035692,-46.52934759460065,-11.448908559883034
583,827,eolico,5.880694389343262,6.85476541519165,173.05260370425145,480.9744705103753,207663124.44510174,False,1.0,0.6087577667849438,-48.361873875726126,-11.489768482811689
584,953,eolico,6.637802600860596,7.443504333496094,400.4870502019291,781.5281369624366,480584460.24231493,False,1.0,0.6077604271901813,-47.5002470339155,-8.776060508566625
585,1061,eolico,5.943077087402344,6.707894802093506,183.89273813760872,239.92235004979239,220671285.76513046,False,1.0,0.6072268061356756,-46.449358522213835,-14.137437960199255
586,2925,eolico,6.11361026763916,7.890828609466553,755.9859311954793,507.8328942016639,907183117.4345752,False,1.0,0.6071520974308238,-32.29038237221169,-11.631225771424342
587,884,eolico,5.815745830535889,6.468692779541016,16.165082007351806,329.3988073385948,19398098.408822168,False,1.0,0.6071404882461441,-47.87279846119979,-12.828830655111366
588,1721,eolico,6.290168285369873,7.442892074584961,421.32937960194346,731.7573924227001,505595255.52233213,False,1.0,0.6069872445361959,-41.362144847770324,-13.928396276292183
589,877,eolico,5.2611284255981445,6.64811897277832,233.39749008780612,22.79298165246546,280076988.10536736,False,1.0,0.606182956739469,-47.78601342364927,-15.973808564224903
590,1477,eolico,5.478121757507324,7.4596381187438965,515.3919460029807,509.88200000831296,618470335.2035768,False,1.0,0.6060688967545491,-43.121099528383155,-15.791429749295856
591,2625,eolico,6.086728572845459,7.5213212966918945,577.2261037822395,437.3313464171192,692671324.5386875,False,1.0,0.6059579630333107,-34.577739613755874,-11.786052957102013
592,2934,eolico,5.9082794189453125,7.446594715118408,601.699384696777,258.5854510812711,722039261.6361324,False,1.0,0.6055686575676976,-32.545824337222214,-7.834082913708518
593,2874,eolico,6.073176383972168,7.324605464935303,551.7039050875984,208.6607944393456,662044686.105118,False,1.0,0.6053557169555135,-32.99864186440826,-7.855484437059889
594,1238,eolico,5.515493869781494,7.092960834503174,383.9505582825693,310.84062448583126,460740669.93908316,False,1.0,0.6051839244240612,-45.005744495044944,-15.42950445319102
595,2937,eolico,6.070168972015381,7.4969892501831055,618.2377832766354,305.27118742214515,741885339.9319624,False,1.0,0.6042743577071396,-32.608080440354115,-6.566968970458649
596,1661,eolico,5.727012634277344,7.352016448974609,399.7442303779131,683.3907139940392,479693076.4534957,False,1.0,0.6038639693439197,-41.82422197703529,-13.951447871167396
597,1177,eolico,5.759161472320557,7.091381549835205,407.4661998828285,260.28750829139585,488959439.8593942,False,1.0,0.6036592670466819,-45.4525186054647,-15.894554427769833
598,706,eolico,6.287982940673828,6.797098636627197,171.12211132802264,451.68365150019656,205346533.59362715,False,1.0,0.6036322232871889,-49.270632809599824,-11.956449356934568
599,1115,eolico,5.932058334350586,6.891871929168701,302.9051123756037,241.76638858231328,363486134.85072446,False,1.0,0.6032468709184355,-45.88192320843622,-16.80699502632928
600,1779,eolico,5.4246745109558105,7.630917549133301,533.1161104745536,763.5851673682731,639739332.5694643,False,1.0,0.6026415771805713,-40.84799168244101,-14.785103877124406
601,2932,eolico,5.850780963897705,7.45199728012085,611.2214095238005,272.6115562568037,733465691.4285606,False,1.0,0.602602748684456,-32.498040256446544,-8.67848303003655
602,2807,eolico,5.751136779785156,7.52226448059082,616.1455712236891,372.5445028311318,739374685.468427,False,1.0,0.6021853805393295,-33.26856655351516,-10.846843865154108
603,2928,eolico,5.83849573135376,7.6355390548706055,675.7888244798252,386.28786001175393,810946589.3757902,False,1.0,0.6020468916061621,-32.38716702834789,-10.366319190938452
604,1317,eolico,6.3632636070251465,7.662438869476318,451.37931815490555,1043.152665279988,541655181.7858866,False,1.0,0.6020071902172156,-44.81389109506646,-6.934779263933991
605,2199,eolico,5.7676239013671875,7.925077438354492,684.2121550427664,812.601269514543,821054586.0513197,False,1.0,0.6020067530997707,-37.60518613715752,-14.584824379488454
606,1379,eolico,6.302361488342285,7.803433418273926,519.9957505794546,1074.3533194579372,623994900.6953455,False,1.0,0.6019570156675698,-44.37860656199754,-6.034359887019298
607,1071,eolico,6.285792350769043,7.113524436950684,267.11517010528877,697.7289364183831,320538204.1263465,False,1.0,0.6019170327937478,-46.57273640445678,-9.656028365328348
608,768,eolico,6.110227584838867,6.961380481719971,239.73854375257167,536.9513212172593,287686252.50308603,False,1.0,0.6019036244925717,-48.828157662307035,-11.04807169427323
609,1057,eolico,5.6013336181640625,6.893749237060547,338.86084434555744,160.80286125741026,406633013.2146689,False,1.0,0.6018804341820345,-46.38569652320353,-15.929167084722142
610,2878,eolico,5.823996067047119,7.414100646972656,584.1902729910375,297.7214754571038,701028327.5892451,False,1.0,0.6016844034325464,-33.07774702769038,-6.161223069306477
611,1052,eolico,5.496840000152588,6.674890995025635,161.085385872547,314.20708594414845,193302463.0470564,False,1.0,0.601340008749347,-46.293909700631936,-18.168008363291133
612,934,eolico,5.617748737335205,6.5867180824279785,161.88666642325032,180.7945049108587,194263999.70790038,False,1.0,0.6008256434821452,-47.27218893733001,-17.30607249261081
613,1417,eolico,5.591915130615234,7.351110935211182,493.8067967789503,459.92786449669535,592568156.1347404,False,1.0,0.6005358033799362,-43.58719296323342,-15.813921468808942
614,1619,eolico,6.547001838684082,7.516551494598389,433.65515368333286,881.7842641653746,520386184.4199994,False,1.0,0.6004844182058112,-42.572419273687395,-6.000117077818935
615,2817,eolico,6.326623916625977,7.248795509338379,521.4288593467563,227.01603714371208,625714631.2161076,False,1.0,0.6004045703386394,-33.511560183334794,-6.602497036100276
616,1301,eolico,5.881653785705566,6.9159626960754395,270.2333350337305,401.6799567085246,324280002.0404766,False,1.0,0.6001569089527554,-44.59843425600303,-14.072956845820976
617,1680,eolico,6.420758247375488,7.535475730895996,457.17079528359227,851.2609966147813,548604954.3403107,False,1.0,0.600059183555297,-42.1302469717507,-5.54813673834906
618,1174,eolico,5.1772236824035645,6.909395694732666,302.504472100252,310.5973383239296,363005366.52030236,False,1.0,0.5994558163614676,-45.39275467134245,-17.234886593798304
619,826,eolico,6.287479877471924,6.674458026885986,127.95181287996178,431.1729905925515,153542175.45595413,False,1.0,0.5988282387011206,-48.3527175551094,-11.939570843303155
620,1597,eolico,5.715022563934326,7.550240993499756,558.5622444510415,609.812824329278,670274693.3412497,False,1.0,0.5988067194340101,-42.189225090871396,-15.743702815981772
621,936,eolico,5.709872245788574,6.634545803070068,232.9968498124545,92.4080079775833,279596219.77494544,False,1.0,0.5978118276568123,-47.303994506200915,-16.408661801561184
622,1001,eolico,5.553858280181885,6.578919887542725,162.30758891357834,210.0398073257266,194769106.696294,False,1.0,0.5968542850637454,-46.91224212678179,-14.15143465933322
623,1297,eolico,5.692422389984131,7.1802897453308105,450.63649833088937,360.0577922452408,540763797.9970672,False,1.0,0.5961664896099936,-44.51967326803138,-15.856120155691002
624,1535,eolico,5.859983444213867,7.488310813903809,548.9862723103566,572.340004186359,658783526.7724279,False,1.0,0.5957855062627871,-42.60362628032406,-16.654111575578227
625,2561,eolico,6.228941440582275,7.835300445556641,723.5214687383697,638.6179204907022,868225762.4860436,False,1.0,0.5951926164619934,-34.90368732414712,-13.528030156622375
626,2621,eolico,6.027578830718994,7.872927665710449,745.8477718135165,637.3067995453322,895017326.1762198,False,1.0,0.5950521398198918,-34.44321396970425,-13.494277134386312
627,1499,eolico,6.455717086791992,7.616282939910889,476.8254521313937,977.695899439074,572190542.5576725,False,1.0,0.5949208731532631,-43.47548520290306,-6.017924523775181
628,2939,eolico,6.137668609619141,7.526001453399658,648.5896196787508,368.4289249994828,778307543.6145009,False,1.0,0.5948049485559381,-32.64336886653929,-5.721929081493377
629,2867,eolico,6.206247806549072,7.551761627197266,657.4954871283455,396.37925647609353,788994584.5540147,False,1.0,0.5936457345891274,-32.812350711892854,-10.817685926083554
630,1500,eolico,6.225833892822266,7.696386337280273,521.9262429556834,992.3023527297785,626311491.54682,False,1.0,0.5936176323044249,-43.48380923930261,-5.573331193525819
631,1718,eolico,6.035539627075195,7.575334072113037,556.6317520748128,710.0633781336957,667958102.4897753,False,1.0,0.5935677130886774,-41.285181382556615,-15.251473739532871
632,996,eolico,5.557319641113281,6.6917314529418945,268.15130123170496,130.32748493841146,321781561.47804594,False,1.0,0.593554797416644,-46.836181543831636,-16.393338411635064
633,697,eolico,5.585963249206543,6.449930667877197,127.93413583005488,142.06153538748384,153520962.99606586,False,1.0,0.5933145199455643,-49.18688598382827,-16.009584345456616
634,890,eolico,6.483157157897949,7.040255069732666,286.7698269530903,629.3340409300584,344123792.34370834,False,1.0,0.5926586531350363,-47.930946151582894,-10.132171517323942
635,939,eolico,5.490373134613037,6.593247890472412,230.9240213381274,99.08642862177943,277108825.6057529,False,1.0,0.59173314667916,-47.34810924923152,-15.062299386637328
636,761,eolico,5.942791938781738,6.382323741912842,75.96699201745659,200.82994570900345,91160390.42094791,False,1.0,0.5913288401113338,-48.76428743478944,-14.198770425943303
637,2929,eolico,5.868910789489746,7.501064300537109,654.5347999410981,350.7035760375625,785441759.9293177,False,1.0,0.5913254307058081,-32.41681642787793,-9.94449065992746
638,821,eolico,5.77743673324585,6.408915042877197,97.55214124148702,183.78977252684123,117062569.48978442,False,1.0,0.5912488368986721,-48.30120626251771,-14.188243355234999
639,816,eolico,5.68276309967041,6.450416564941406,162.68794697395367,81.53044311428438,195225536.3687444,False,1.0,0.5901444368108072,-48.2398266863252,-16.436276040619575
640,938,eolico,5.638221263885498,6.63765287399292,276.02481216241716,66.27085989186871,331229774.5949006,False,1.0,0.5896885461624379,-47.333876803710105,-15.511118468594898
641,814,eolico,5.4958391189575195,6.379964351654053,91.57776358474949,175.48397710899127,109893316.30169939,False,1.0,0.5893590246881618,-48.21240098128407,-17.33528721941725
642,2742,eolico,5.842701435089111,7.826437950134277,757.1948686252736,597.150618311226,908633842.3503283,False,1.0,0.5891625146372693,-33.55952593756998,-13.0002505684129
643,1419,eolico,6.336670398712158,7.115216255187988,403.6052151303709,466.246959746563,484326258.156445,False,1.0,0.5888520478143408,-43.6317193173463,-14.924907420709557
644,1007,eolico,6.086743354797363,6.606368064880371,108.29715603216015,491.603988448727,129956587.23859218,False,1.0,0.5883441592434133,-46.98742904786756,-11.46016562705686
645,1060,eolico,6.021275520324707,6.6343793869018555,228.99352896189842,205.27162635689285,274792234.7542781,False,1.0,0.5882638598771339,-46.43423492655285,-14.585420679649685
646,1352,eolico,5.876634120941162,7.008671283721924,336.85764296879904,490.87285504236974,404229171.5625588,False,1.0,0.5881985743218962,-43.93448786270133,-18.060334034935348
647,696,eolico,6.076863765716553,6.361562728881836,92.37904413545279,157.33780972937822,110854852.96254334,False,1.0,0.5881830126891854,-49.17590250953064,-16.459812531371778
648,2873,eolico,6.1427412033081055,7.21302604675293,554.6637989330081,211.5765574986625,665596558.7196097,False,1.0,0.5881544811168815,-32.975789563933624,-8.278889933394336
649,1358,eolico,5.943362236022949,7.1123785972595215,427.12085673063024,410.50447088273603,512545028.0767563,False,1.0,0.5876300438799311,-44.075038234688584,-15.390369328574698
650,1319,eolico,6.498970985412598,7.773115158081055,541.5808998034852,1122.9015747853607,649897079.7641822,False,1.0,0.5874990336112137,-44.83018672959994,-6.042055649376872
651,1014,eolico,6.060851573944092,7.378820419311523,424.0026918021884,836.455937705134,508803230.1626261,False,1.0,0.5872313966743948,-47.05404563869448,-8.31925970660414
652,2820,eolico,6.28980827331543,7.341224193572998,580.5720131783717,350.5143983913604,696686415.814046,False,1.0,0.5871147099697792,-33.560836497371994,-5.327959055782532
653,1256,eolico,5.919797420501709,7.474849224090576,427.86367655464625,979.4361521929568,513436411.8655755,False,1.0,0.5867963683000899,-45.257681325089266,-7.390100534971994
654,1314,eolico,6.259441375732422,7.218677043914795,316.07694568203635,903.8188992724754,379292334.8184436,False,1.0,0.5853585205299014,-44.78512779415939,-8.273717763445234
655,1196,eolico,6.243715286254883,7.49181604385376,449.44882577867673,964.8052460629337,539338590.9344121,False,1.0,0.5850963336259584,-45.71049822810383,-7.398654593071937
656,812,eolico,5.651505470275879,6.28549337387085,20.467580195545338,273.755437004576,24561096.234654404,False,1.0,0.5846890652148634,-48.183279009376115,-18.23417325456236
657,891,eolico,6.440055847167969,7.095542907714844,331.87061777738006,679.3288073823808,398244741.33285606,False,1.0,0.5844513868184047,-47.939234040144605,-9.682655880972607
658,1418,eolico,5.2497100830078125,7.158409595489502,448.70600595466067,460.3910663845486,538447207.1455928,False,1.0,0.5841120550217999,-43.60981749878464,-15.369438841819436
659,2880,eolico,6.30216121673584,7.412503719329834,624.2826388276079,375.7491874302629,749139166.5931295,False,1.0,0.5838951960601879,-33.109990056685824,-5.313761216321393
660,1229,eolico,5.693041801452637,6.6685590744018555,159.88346504649203,496.1290547692577,191860158.05579045,False,1.0,0.5837266918520689,-44.80502168737017,-19.444620383900908
661,1473,eolico,5.794713973999023,7.204431056976318,442.7216375019021,555.2247113265332,531265965.0022825,False,1.0,0.5834503506889792,-43.01904902631835,-17.566161877825017
662,1838,eolico,5.780804634094238,7.644086837768555,599.8020505228736,809.9889059429205,719762460.6274483,False,1.0,0.5831393564703211,-40.35607530171907,-15.198236125396503
663,1055,eolico,4.931617259979248,6.663796901702881,267.7506609563532,200.01243275393495,321300793.14762384,False,1.0,0.5830957788143527,-46.35064433643314,-16.82481933725714
664,1197,eolico,6.062571048736572,7.586235523223877,494.54961660296647,1013.0525436998663,593459539.9235598,False,1.0,0.5827236326797793,-45.71864592936214,-6.951249797214297
665,2141,eolico,5.038848876953125,7.552853584289551,572.4254241701565,748.0261290542928,686910509.0041878,False,1.0,0.5827178118137007,-38.13028689025502,-13.745715801168016
666,1012,eolico,5.819603443145752,7.116933345794678,333.80111015360893,737.4319960442133,400561332.1843307,False,1.0,0.5816265484236764,-47.03727081260235,-9.216763732645466
667,829,eolico,5.984317779541016,6.88460111618042,263.254185352831,580.6797983528946,315905022.4233972,False,1.0,0.5806683818762597,-48.37906480436835,-10.590102386901837
668,1300,eolico,5.618927955627441,6.8466362953186035,315.3341258580202,381.9954111702795,378400951.0296242,False,1.0,0.5804022473903572,-44.579722604934176,-14.518810656789016
669,700,eolico,5.983801364898682,6.341864585876465,99.48263361771585,190.9459615579319,119379160.34125902,False,1.0,0.5803682834702288,-49.21778328197071,-14.6587470120386
670,1120,eolico,5.962693691253662,6.642358779907227,250.57867818592885,246.13503200314778,300694413.82311463,False,1.0,0.5800745143169751,-45.97050551728567,-14.570078415075432
671,2745,eolico,5.899464130401611,7.466768741607666,643.0551113231068,450.45857002470444,771666133.5877281,False,1.0,0.5799706060649278,-33.662512826798604,-11.725705466150217
672,1320,eolico,6.149527072906494,7.806187152862549,586.6816906277749,1135.6419480225786,704018028.7533299,False,1.0,0.5795540785840263,-44.83747825273049,-5.59566820309738
673,708,eolico,5.563380718231201,6.851672172546387,261.3236929766021,547.6045178456561,313588431.57192254,False,1.0,0.5794817381944755,-49.28568397969807,-11.055519995236267
674,889,eolico,6.029571056365967,6.836333274841309,241.66903612880057,579.3401777946574,290002843.3545607,False,1.0,0.579324737225,-47.92226209027075,-10.581667884567661
675,1226,eolico,5.297750473022461,6.364522457122803,53.218189962685756,366.3480159151752,63861827.955222905,False,1.0,0.5791031659054493,-44.72585860317338,-20.782080599193602
676,2806,eolico,5.937283039093018,7.444835662841797,646.4596630080308,418.34760563031926,775751595.609637,False,1.0,0.5789214948497627,-33.23743963853736,-11.270835040669793
677,1180,eolico,5.724673748016357,6.699547290802002,272.16382740995925,289.87664164464405,326596592.8919511,False,1.0,0.578747894639996,-45.50684137693555,-14.553858585146243
678,461,eolico,6.110872268676758,6.333904266357422,31.95875410269559,384.8410063046133,38350504.92323471,False,1.0,0.5783803827668572,-51.08023502069109,-14.238165657913813
679,2139,eolico,5.428755283355713,7.735837936401367,662.6270058187359,834.8614944059891,795152406.9824831,False,1.0,0.5780267205352815,-38.06808883549941,-14.615771961970864
680,1534,eolico,5.6166887283325195,7.3102216720581055,513.4311806157546,584.9331473987692,616117416.7389054,False,1.0,0.5779017390257366,-42.57667698365816,-17.09706878426584
681,707,eolico,5.805307388305664,6.7126359939575195,216.22290215231237,499.444105480045,259467482.58277485,False,1.0,0.5753801467192762,-49.27831568701241,-11.505994050644137
682,757,eolico,6.059410095214844,6.356018543243408,163.08858724930533,92.88430022687413,195706304.6991664,False,1.0,0.5752998320477286,-48.7198741237867,-15.99865233452497
683,1199,eolico,6.188638687133789,7.754583358764648,584.751198251546,1110.0126320133443,701701437.9018552,False,1.0,0.5749650030079392,-45.733383360989656,-6.056389544837653
684,1291,eolico,5.475344657897949,6.785962104797363,266.1480998549467,481.7508204032964,319377719.825936,False,1.0,0.5748783974024196,-44.38134796217576,-18.529482280824514
685,998,eolico,5.417983531951904,6.602303981781006,297.6099613864476,113.3041934916553,357131953.6637371,False,1.0,0.5746430813839639,-46.868109840817866,-15.496675253064275
686,994,eolico,5.29705286026001,6.480463981628418,197.04111784250077,202.8118990541464,236449341.4110009,False,1.0,0.5743680455774345,-46.802198901546355,-17.289861182973418
687,1720,eolico,5.46872091293335,7.290497303009033,466.43017042623325,721.1397838831653,559716204.5114799,False,1.0,0.5743462762488247,-41.33734979943827,-14.369481702556714
688,1073,eolico,6.233089447021484,7.142998218536377,357.31675175386823,795.4107465001656,428780102.10464185,False,1.0,0.5739643244855505,-46.59153546330602,-8.759454642103533
689,1239,eolico,5.99169397354126,6.801455497741699,338.8497674582796,319.4498196852721,406619720.9499355,False,1.0,0.5736794258780143,-45.0248069750632,-14.983155921449661
690,1107,eolico,5.470861434936523,6.265284538269043,18.464378818786976,365.971436899436,22157254.58254437,False,1.0,0.5736541481265824,-45.70940076210684,-20.383896259990568
691,1896,eolico,5.471678733825684,7.806358814239502,711.5887813954836,862.3661949602231,853906537.6745803,False,1.0,0.5731406426236687,-39.83039339923282,-16.04716915820561
692,634,eolico,6.214791774749756,6.1798505783081055,13.885590673001792,255.84484760500584,16662708.80760215,False,1.0,0.5727377656399328,-49.62321943111399,-17.371008901471303
693,989,eolico,5.135972499847412,6.302830696105957,19.265659369490333,434.7426814414393,23118791.2433884,False,1.0,0.5724627333823147,-46.70794747204567,-19.53050118003943
694,2682,eolico,5.747657299041748,7.655325889587402,728.4772600547467,590.1370625326238,874172712.065696,False,1.0,0.5723718525485989,-34.01905221611959,-13.034110303016558
695,1315,eolico,6.033588409423828,7.2382731437683105,361.1777365063261,949.9025719242582,433413283.8075913,False,1.0,0.5723441031221707,-44.79529525307894,-7.827426189789327
696,1002,eolico,5.460498332977295,6.353389739990234,117.2067980892886,254.05317185116908,140648157.70714632,False,1.0,0.5716023247301827,-46.925969623741544,-13.702959509712976
697,2862,eolico,5.659770488739014,7.828782558441162,820.7764436090949,623.0915484093575,984931732.3309139,False,1.0,0.5707988787054852,-32.64082613692619,-12.930772769290302
698,1437,eolico,6.229776382446289,7.346181869506836,408.2090197068447,1004.9939246079979,489850823.6482136,False,1.0,0.5707924131932552,-43.90920122162456,-6.916692691977816
699,1015,eolico,6.465681552886963,7.3756489753723145,469.1034826264782,886.050127920755,562924179.1517738,False,1.0,0.5705892323896014,-47.06176652962233,-7.870480826450889
700,830,eolico,6.230435371398926,6.9264302253723145,308.3549761771207,630.5674600559163,370025971.41254485,False,1.0,0.5705205907396598,-48.38710487799637,-10.1402402720935
701,1654,eolico,5.26527738571167,7.4425950050354,583.7400834542553,681.203944285266,700488100.1451064,False,1.0,0.5700869952586567,-41.63895462493652,-17.043119836801257
702,2260,eolico,5.806875228881836,7.6201300621032715,660.6965134425071,746.6074062347404,792835816.1310085,False,1.0,0.5700004611748106,-37.1756740185251,-14.120078341373713
703,1478,eolico,5.6310834884643555,7.130434513092041,470.2911551786911,510.2998602769636,564349386.2144293,False,1.0,0.5698665000272877,-43.144689910209586,-15.347609900373808
704,1050,eolico,5.527915954589844,6.389337062835693,89.9752024833428,403.57589859292995,107970242.98001136,False,1.0,0.5698090266438122,-46.25324139350379,-19.063262215255758
705,1170,eolico,5.0017828941345215,6.5445451736450195,160.2841053218437,452.51025702083746,192340926.38621244,False,1.0,0.5697279735716316,-45.30429460839778,-19.021373407286106
706,833,eolico,5.882015228271484,7.254298210144043,443.65734864999007,780.3167318980181,532388818.3799881,False,1.0,0.5693996071469403,-48.40903368358368,-8.790547384949939
707,1295,eolico,5.526073932647705,6.932995796203613,408.368466633355,379.195235761335,490042159.960026,False,1.0,0.5693601225876276,-44.476312936872255,-16.747436288764288
708,1131,eolico,5.831898212432861,6.858609199523926,245.53002088125837,710.8246493387204,294636025.05751,False,1.0,0.5692753653857954,-46.11728709303019,-9.645991573357268
709,1110,eolico,5.622926235198975,6.459914684295654,125.12965390259325,425.81629761797234,150155584.6831119,False,1.0,0.5689583054881536,-45.77870913104965,-19.042899607101052
710,990,eolico,5.124575138092041,6.3087873458862305,54.82075106409242,386.5585240724929,65784901.2769109,False,1.0,0.5687263490975061,-46.727885122634376,-19.08245345562575
711,1224,eolico,5.249584674835205,6.181473255157471,17.891993426518468,290.8414607378923,21470392.11182216,False,1.0,0.5686762055310931,-44.669477747311944,-21.6734355682109
712,2136,eolico,5.436363220214844,7.997401237487793,797.9293782916052,969.881256898276,957515253.9499263,False,1.0,0.5686730841790038,-37.966796378560836,-15.920223781241322
713,2500,eolico,5.8204121589660645,7.728017330169678,747.0371103386288,693.3477140251845,896444532.4063547,False,1.0,0.5685083113311663,-35.329043192512984,-13.990139510132538
714,1294,eolico,5.459219455718994,6.864717483520508,372.8133749387529,397.9481541078977,447376049.9265034,False,1.0,0.5668152025598614,-44.45361358998954,-17.19302316930145
715,1009,eolico,6.436461925506592,6.677947521209717,198.49873768073965,589.5142647901904,238198485.2168876,False,1.0,0.566472353298149,-47.00873574508347,-10.562871072057296
716,1440,eolico,5.900557518005371,7.576075077056885,543.5113921797139,1039.8734782934932,652213670.6156566,False,1.0,0.5662085476628417,-43.93502097032924,-5.581098069518508
717,1656,eolico,5.397756099700928,7.475793361663818,625.2481844993617,663.2430931734053,750297821.399234,False,1.0,0.5659496906833285,-41.69614953578512,-16.160094408714432
718,576,eolico,5.825345516204834,6.142401218414307,22.070141296951974,250.72526714805687,26484169.556342367,False,1.0,0.5656933396813829,-50.112183651177055,-16.479235328653544
719,1000,eolico,5.85650634765625,6.416772842407227,207.40837973786807,169.3824878646463,248890055.6854417,False,1.0,0.5656076159225347,-46.89802611426579,-14.599879654865898
720,1897,eolico,5.877711296081543,7.671487808227539,666.4879905711938,859.7102696120273,799785588.6854326,False,1.0,0.5653896104481295,-39.861529317560844,-15.608800721697989
721,880,eolico,5.755804538726807,6.312860488891602,164.23808128980718,129.60864327367798,197085697.54776862,False,1.0,0.5653183022862172,-47.82577962084338,-14.62612640969949
722,1175,eolico,5.60620641708374,6.712708950042725,338.0595637948541,286.17651902299895,405671476.55382496,False,1.0,0.5641298538226628,-45.41329115584231,-16.78815163393633
723,2378,eolico,5.338608741760254,7.855740547180176,794.0683935391476,810.263821781591,952882072.2469771,False,1.0,0.5640498144650503,-36.181195489208804,-14.918436409233392
724,2559,eolico,5.951310157775879,7.844013690948486,813.7230503869491,738.4331205097186,976467660.4643389,False,1.0,0.5640317447459252,-34.83047614651926,-14.383747151699477
725,1410,eolico,5.535241603851318,6.840981960296631,300.9019109988453,590.3808823776491,361082293.19861436,False,1.0,0.5638010799869048,-43.40793588949632,-18.923802625697228
726,1593,eolico,5.561391830444336,7.252779960632324,513.0305403404028,648.2025199361736,615636648.4084834,False,1.0,0.5637659646093742,-42.07890734304776,-17.512751485462456
727,1594,eolico,5.500343322753906,7.304908752441406,548.5856320350049,632.9240083278695,658302758.4420059,False,1.0,0.5636456441573218,-42.10774996950321,-17.070584079603165
728,693,eolico,6.214784145355225,6.121151924133301,14.28623094835347,261.67977753698153,17143477.138024163,False,1.0,0.5635827967549801,-49.14084729453262,-17.810334323005787
729,583,eolico,5.838738918304443,6.304313659667969,78.99003730321424,368.5745702703099,94788044.76385708,False,1.0,0.5635707767238719,-50.168503010959,-13.323250448619133
730,2079,eolico,5.765524387359619,7.606659889221191,641.0418565947056,859.4571580171729,769250227.9136467,False,1.0,0.5625329419388988,-38.53111425226011,-14.645957781880561
731,2080,eolico,6.013713359832764,7.496587753295898,595.9410657704158,816.9708035909422,715129278.9244989,False,1.0,0.562098699884264,-38.561908235190295,-14.210034614098872
732,2380,eolico,6.325148582458496,7.620018482208252,703.866811890568,713.4962058723632,844640174.2686815,False,1.0,0.5620260986843225,-36.25211144985356,-14.056501668671945
733,1168,eolico,5.311982154846191,6.349887371063232,89.1739219326395,430.1622552087032,107008706.3191674,False,1.0,0.5618119474832614,-45.25617066260814,-19.91432748002415
734,1051,eolico,6.278421878814697,6.3676838874816895,125.53029417794488,358.18961374012804,150636353.01353386,False,1.0,0.561809724914818,-46.27386454296259,-18.61565656487568
735,997,eolico,5.365994930267334,6.522331714630127,303.706392926307,111.40712183959859,364447671.51156837,False,1.0,0.5616693619125237,-46.8523997670123,-15.945023882661484
736,1651,eolico,5.475967884063721,7.228953838348389,477.07480837044915,733.3211665506252,572489770.044539,False,1.0,0.5615630627499555,-41.54654403201152,-18.367144702554164
737,1834,eolico,5.562581539154053,7.66290283203125,689.2034377120065,827.2707258725912,827044125.2544078,False,1.0,0.5613615234910381,-40.233400417769815,-16.954951403249332
738,878,eolico,5.940112113952637,6.381070137023926,254.43966293838676,30.754080685673628,305327595.5260641,False,1.0,0.5613487905360476,-47.799705944003385,-15.524610497166368
739,2440,eolico,5.5316667556762695,7.645216464996338,725.4519611145984,701.7150020977914,870542353.337518,False,1.0,0.5612526350347197,-35.79051455170279,-14.023663342180885
740,2933,eolico,6.1039533615112305,7.147027015686035,604.4144939545797,260.94395577945556,725297392.7454957,False,1.0,0.561237570066388,-32.522564320229606,-8.256319831818208
741,879,eolico,5.389429569244385,6.330625534057617,209.338872114097,79.82547804449543,251206646.5369164,False,1.0,0.5609987313742317,-47.81295988335748,-15.0753828232865
742,1472,eolico,5.128921031951904,6.999405384063721,407.1665458072999,576.9299668082955,488599854.96875983,False,1.0,0.5608110827360197,-42.99157257433667,-18.009699751507608
743,2439,eolico,5.5236029624938965,7.751695156097412,770.5527519388883,750.7524603463045,924663302.3266659,False,1.0,0.5605537888972965,-35.7548495115725,-14.453630873936188
744,1255,eolico,6.101589679718018,7.181836128234863,382.7628857303565,932.1313656112712,459315462.8764278,False,1.0,0.5602993676760353,-45.24855166100528,-7.836963617069582
745,2680,eolico,5.942811489105225,7.783957004547119,813.7742809481339,689.7190570576442,976529137.1377606,False,1.0,0.5598678540599267,-33.94540051358534,-13.885566146626447
746,882,eolico,6.414922714233398,6.1772894859313965,74.0364996412277,229.4580295907426,88843799.56947325,False,1.0,0.5594323425123878,-47.85013318942378,-13.727530825136395
747,579,eolico,5.320384979248047,6.240316867828369,101.4131259939448,253.26278839398884,121695751.19273376,False,1.0,0.5593325381413121,-50.13795112430826,-15.126802690563487
748,1289,eolico,5.32106876373291,6.576618194580078,195.03791646574248,519.5550552403658,234045499.758891,False,1.0,0.5592118127519622,-44.32961666050247,-19.420189527332504
749,2319,eolico,5.671359539031982,7.682070732116699,727.3824534908274,775.8705046374287,872858944.1889929,False,1.0,0.5591685923124521,-36.67975846593109,-14.520686458597732
750,462,eolico,6.462960243225098,6.297415733337402,77.05954492698534,410.5227077760239,92471453.91238241,False,1.0,0.5591446535221722,-51.085938012702485,-13.786835528913766
751,1054,eolico,5.899465084075928,6.4524383544921875,232.19556926175113,233.62080341856554,278634683.11410135,False,1.0,0.558426177952523,-46.33229311710407,-17.272588666985552
752,516,eolico,6.051654815673828,6.1062235832214355,13.08431012229846,299.02699910623073,15701172.146758152,False,1.0,0.5582363370615405,-50.580389051544216,-16.48739454161177
753,1293,eolico,5.503606796264648,6.7553229331970215,337.2582832441508,421.8251295165709,404709939.89298093,False,1.0,0.5578325016584591,-44.430224873249756,-17.638560734799988
754,1475,eolico,6.070420265197754,7.132614612579346,513.8318208911062,523.5714535763526,616598185.0693275,False,1.0,0.5577942601238862,-43.07162826053717,-16.678908580931203
755,1299,eolico,5.685705661773682,6.758847236633301,360.43491668231,368.09536901316704,432521900.018772,False,1.0,0.5574311952414925,-44.5603627569955,-14.964623378590955
756,1136,eolico,6.426610469818115,7.328453063964844,471.03397500270717,952.5771094449893,565240770.0032486,False,1.0,0.5570370371601989,-46.16333192419456,-7.4067720156116845
757,2740,eolico,5.902322769165039,7.811590671539307,839.5793774195663,695.7294632566105,1007495252.9034796,False,1.0,0.5567040527057722,-33.484449060386076,-13.84941210700123
758,1198,eolico,6.153395175933838,7.515353202819824,539.6504074272561,1061.4620811705809,647580488.9127073,False,1.0,0.556379046961565,-45.72627353139994,-6.503827740805573
759,1348,eolico,5.887481689453125,6.543738842010498,194.63727619039074,506.37912192840724,233564731.42846888,False,1.0,0.5557807694359167,-43.826126036081824,-19.83922762256263
760,2321,eolico,6.13002872467041,7.437021732330322,637.1808718422479,681.5602797056812,764617046.2106975,False,1.0,0.5555634697103844,-36.746772541934945,-13.656509884095183
761,581,eolico,5.624431610107422,6.076501369476318,11.211544345365285,299.9910447288735,13453853.214438342,False,1.0,0.5543181623964967,-50.15376179128725,-14.225068547509366
762,1776,eolico,5.718127250671387,7.533572673797607,668.4184829474226,762.747289360113,802102179.5369071,False,1.0,0.5539703624275796,-40.7630151554653,-16.105426255465247
763,638,eolico,5.367340087890625,6.211123943328857,128.33477610540658,192.77385691756507,154001731.3264879,False,1.0,0.5538625235392503,-49.66356104444393,-15.56897002447379
764,2936,eolico,6.571977138519287,7.116920471191406,608.6811050367004,281.80810921095303,730417326.0440404,False,1.0,0.5538318560849701,-32.588576709954516,-6.9894035936863075
765,1414,eolico,5.272176742553711,6.957939624786377,443.1222777772536,490.15789307309603,531746733.3327043,False,1.0,0.5537059553371779,-43.514908585382805,-17.14706112262191
766,705,eolico,6.4154744148254395,6.3421454429626465,126.02132050373288,404.4648656760432,151225584.60447946,False,1.0,0.5536576655247958,-49.26263288242547,-12.406885190458574
767,2926,eolico,5.893812656402588,7.442512512207031,726.8012088649862,465.4771056521603,872161450.6379834,False,1.0,0.5536099060975704,-32.32395856656162,-11.209690866588241
768,822,eolico,5.837619781494141,6.101036071777344,52.451350417197276,232.8196167673148,62941620.500636734,False,1.0,0.5535934287072308,-48.312283361729065,-13.738556793585271
769,760,eolico,5.535499572753906,6.173629283905029,121.06778284174628,157.8175326992219,145281339.41009554,False,1.0,0.5535563058073265,-48.75373718093144,-14.64877922973675
770,2318,eolico,5.445300579071045,7.748054027557373,772.4832443151171,823.5292056225232,926979893.1781405,False,1.0,0.5527297292056333,-36.64454197486215,-14.952635367909165
771,819,eolico,5.7122650146484375,6.241257190704346,187.75372289006657,89.02861086777358,225304467.4680799,False,1.0,0.5527131266708694,-48.27786498526541,-15.087538890015763
772,928,eolico,5.341139793395996,6.200805187225342,51.44388374436219,399.83233992250786,61732660.49323463,False,1.0,0.5527007438015555,-47.164789478490405,-19.9974336464324
773,1716,eolico,5.657135963439941,7.453652381896973,646.8333337233922,712.977849609799,776200000.4680706,False,1.0,0.5525659220864212,-41.22952004980244,-16.133213969553392
774,1135,eolico,6.79890775680542,7.181084632873535,425.9331841784174,903.8677203951694,511119821.01410085,False,1.0,0.5517791861950377,-46.15512314315998,-7.854655064474921
775,1416,eolico,5.293768405914307,7.0523247718811035,514.2324611664578,464.87347426399714,617078953.3997494,False,1.0,0.5515417250253615,-43.563838401070434,-16.258353761697027
776,1598,eolico,5.294857025146484,7.1418776512146,513.4614536267518,610.162252341672,616153744.3521022,False,1.0,0.5511383226372348,-42.21472839676343,-15.301288914744338
777,1356,eolico,5.827503204345703,6.953623294830322,479.0780097472074,415.52537068426096,574893611.6966488,False,1.0,0.5508501634018735,-44.03103382187548,-16.2805581499477
778,752,eolico,5.549568176269531,6.048677921295166,14.686871223705095,285.47508805074324,17624245.468446113,False,1.0,0.5507527345567431,-48.655827850592566,-18.24788411171123
779,831,eolico,5.556537628173828,6.900338649749756,353.4557670014105,680.471612301043,424146920.40169257,False,1.0,0.5505277061069576,-48.39477812354747,-9.690359859851826
780,1046,eolico,5.298356533050537,6.124823093414307,52.24516429506555,304.6811767179558,62694197.15407866,False,1.0,0.5503770471037945,-46.16482382301023,-20.853237233526503
781,1380,eolico,6.261552333831787,7.523721218109131,565.0965414037444,1087.6625131369394,678115849.6844932,False,1.0,0.5486279694966643,-44.38624412512692,-5.588544624971086
782,1412,eolico,5.696762561798096,6.824912071228027,372.0120943880495,533.2937025780766,446414513.2656594,False,1.0,0.548601366944983,-43.46296399495176,-18.035548346004443
783,644,eolico,6.27050256729126,6.249087333679199,102.50567890347355,380.42018966945176,123006814.68416826,False,1.0,0.5484390936312955,-49.71488235659592,-12.865205200988196
784,1476,eolico,5.959437370300293,7.123727798461914,549.3869125857082,514.3475094391592,659264295.1028498,False,1.0,0.5482652294244704,-43.09674827039121,-16.235196524817397
785,520,eolico,5.682939529418945,6.087822914123535,34.727185945624534,317.9973585728707,41672623.13474944,False,1.0,0.548255262718952,-50.61014585333804,-14.683171534784721
786,876,eolico,5.725837230682373,6.216568946838379,197.84239839320406,71.36684486789596,237410878.07184488,False,1.0,0.5482028761997088,-47.77187777536318,-16.42297615585151
787,2930,eolico,6.11804723739624,7.150582313537598,636.5069311296166,319.0104789793094,763808317.3555399,False,1.0,0.5481089674784508,-32.44517340262554,-9.522572436466413
788,993,eolico,5.936301231384277,6.263634204864502,161.48602614789863,246.3866330216353,193783231.37747836,False,1.0,0.547974006495732,-46.78442310354624,-17.73806742305578
789,1377,eolico,6.48030424118042,7.252747535705566,429.7941689308751,1054.3650601779918,515753002.71705014,False,1.0,0.5471102869164886,-44.36153768236786,-6.9259364119402145
790,2256,eolico,5.577436447143555,7.900240421295166,841.099676739666,933.9827992164902,1009319612.0875993,False,1.0,0.5468941627834463,-37.03587142725925,-15.851712963769298
791,1056,eolico,5.26279878616333,6.452173709869385,303.3057526509553,174.445598174212,363966903.1811464,False,1.0,0.5457122319376118,-46.36844349610934,-16.377011786948465
792,894,eolico,6.395885467529297,7.161387920379639,467.1729902502492,829.3168929535933,560607588.300299,False,1.0,0.5453338362851516,-47.96174608658802,-8.334001925616654
793,1537,eolico,5.547924041748047,7.110492706298828,536.9770952270111,559.8443241870584,644372514.2724133,False,1.0,0.5452720335549708,-42.65510899739127,-15.768020681265787
794,1772,eolico,5.35544490814209,7.349238395690918,582.938802903552,806.2743041678525,699526563.4842623,False,1.0,0.5450725094098978,-40.636775388787,-17.864860913559873
795,641,eolico,5.938145160675049,6.023961544036865,32.79669356939573,261.61162112854953,39356032.283274874,False,1.0,0.5447643874268966,-49.69056871570207,-14.217186508730567
796,1048,eolico,5.298859596252441,6.085883617401123,18.865019094138628,403.0542555625392,22638022.912966352,False,1.0,0.5440855509735558,-46.210232606889384,-19.9583414624782
797,811,eolico,5.593574047088623,6.027468681335449,15.087511499056747,323.28895097629777,18105013.798868097,False,1.0,0.5440420818116768,-48.168069613075964,-18.683567300729493
798,1290,eolico,5.896406173706055,6.531294345855713,230.59300816034457,516.3889614360845,276711609.7924135,False,1.0,0.5438358675998343,-44.35584338551233,-18.974863411754367
799,1013,eolico,6.0394721031188965,6.966314792633057,378.9019009778986,786.9131097242972,454682281.1734783,False,1.0,0.5436258615342837,-47.04588124447588,-8.768020994107005
800,1117,eolico,5.891562461853027,6.585847854614258,374.01529576480783,210.48414092410073,448818354.9177694,False,1.0,0.5436130562642223,-45.919068062415164,-15.912341827551392
801,691,eolico,5.746932029724121,6.165152549743652,85.39641433755762,350.17669688227613,102475697.20506914,False,1.0,0.5434818817045721,-49.115683111264104,-18.710539428460923
802,1657,eolico,5.652159214019775,7.236109733581543,580.147393675072,659.7860972379136,696176872.4100864,False,1.0,0.5430833347224396,-41.72345144785129,-15.718484995288488
803,1138,eolico,6.388915061950684,7.454312801361084,561.2355566512865,1050.3598128122544,673482667.9815438,False,1.0,0.5430438420298406,-46.17826742872384,-6.510954676478165
804,1283,eolico,5.363539695739746,5.989716053009033,5.489994734864523,301.77991149729655,6587993.681837428,False,1.0,0.5430383102305661,-44.156569769326715,-22.090908289065414
805,456,eolico,5.1084089279174805,6.092219352722168,48.23876154154887,347.8090464644227,57886513.84985864,False,1.0,0.542646686736836,-51.048631109997686,-16.49451465142468
806,633,eolico,5.448513031005859,6.057965278625488,49.44068236760388,291.59954146023165,59328818.841124654,False,1.0,0.5426282461820819,-49.61233828525622,-17.821453593740134
807,758,eolico,5.648044109344482,6.194582462310791,198.64367894390742,95.15138829700481,238372414.7326889,False,1.0,0.542588256821917,-48.731534199919146,-15.54872094608781
808,765,eolico,5.989134311676025,6.21737813949585,104.43617127970245,389.9203007773851,125323405.53564294,False,1.0,0.5424613739668618,-48.80289288230342,-12.398500036113479
809,1233,eolico,4.980156421661377,6.557787895202637,302.10383182490034,380.1189636149255,362524598.18988043,False,1.0,0.5421030169100851,-44.90085425941103,-17.660599655799118
810,1167,eolico,5.844001293182373,6.121457576751709,53.61883023803742,384.354665726618,64342596.285644904,False,1.0,0.5420908901849328,-45.231106982916344,-20.3607277357512
811,1343,eolico,5.302472114562988,6.06242561340332,34.44299350899896,346.2145742496964,41331592.210798755,False,1.0,0.5420099374982579,-43.67315627008845,-22.061452492959667
812,873,eolico,5.221965789794922,6.081141471862793,91.17712330939779,220.9396889374212,109412547.97127734,False,1.0,0.5419055200768668,-47.72676399543561,-17.770287366663382
813,1076,eolico,6.21075439453125,7.255369663238525,492.6191242267376,942.8452344083755,591142949.0720851,False,1.0,0.5418283903756097,-46.616181569360016,-7.414449853620476
814,2317,eolico,6.1185173988342285,7.782413959503174,817.5840351394066,871.4503227724401,981100842.167288,False,1.0,0.5416832549349949,-36.608171964964754,-15.384487143441984
815,1771,eolico,5.51686429977417,7.274540901184082,547.3837112089499,824.410067924418,656860453.4507399,False,1.0,0.5416549580631601,-40.60283888036533,-18.304527154222423
816,582,eolico,5.679603576660156,6.047123908996582,33.88924647892448,332.29643450349005,40667095.77470937,False,1.0,0.5412349434548296,-50.16126483652338,-13.774169672059509
817,635,eolico,5.880403518676758,5.956151962280273,21.6695010216003,225.5723376485689,26003401.22592036,False,1.0,0.5411542639555642,-49.63377875167408,-16.920537530996132
818,2316,eolico,6.192124366760254,7.886927604675293,862.6848259636964,919.5928325118222,1035221791.1564357,False,1.0,0.5407832668329347,-36.57063753796199,-15.816238579972104
819,1658,eolico,5.338635444641113,7.140401363372803,535.0466028507824,660.1090724832138,642055923.4209388,False,1.0,0.5407296086458777,-41.749901394993316,-15.27681371625762
820,648,eolico,6.701859951019287,6.6299943923950195,282.90884220063253,562.5163949370603,339490610.64075905,False,1.0,0.5404343955021631,-49.743232250226036,-11.06228751266367
821,1072,eolico,6.48512601852417,6.799472332000732,312.21596092957856,746.4931092660798,374659153.11549425,False,1.0,0.5402973938371468,-46.58237461101309,-9.207751792097678
822,888,eolico,5.7340617179870605,6.44862699508667,196.5682453045108,529.3474739157011,235881894.36541298,False,1.0,0.53935534884942,-47.91317911528694,-11.03114412525421
823,2922,eolico,5.925384998321533,7.681910514831543,855.1835598508475,641.5373614015136,1026220271.821017,False,1.0,0.5389797972312026,-32.181655085565346,-12.895176542728354
824,2744,eolico,5.96705961227417,7.279204368591309,679.5547124085476,499.13749193546613,815465654.8902571,False,1.0,0.5388926151032555,-33.629454457797145,-12.150655672464055
825,1225,eolico,5.474869728088379,5.996267795562744,17.663098268083672,326.9553670221185,21195717.921700407,False,1.0,0.538518113290089,-44.69803511457066,-21.2277875401028
826,463,eolico,5.518411159515381,6.253589630126953,122.16033575127511,440.4034367099899,146592402.90153015,False,1.0,0.5384530479738202,-51.09143963896806,-13.335486637602957
827,1232,eolico,5.228489398956299,6.485264301300049,266.5487401302983,411.1740909073355,319858488.156358,False,1.0,0.5377930115268277,-44.877912182987124,-18.106680098613
828,1893,eolico,5.871514797210693,7.537436485290527,688.8027974366549,887.3536914959782,826563356.923986,False,1.0,0.5376649498749866,-39.73106800767342,-17.361801551723104
829,937,eolico,5.767696857452393,6.257002830505371,268.55194150705654,62.97248132792924,322262329.80846786,False,1.0,0.5367435857584946,-47.319173513034656,-15.959906249607606
830,2861,eolico,5.586505889892578,7.686019420623779,858.4571633701268,670.42403764043,1030148596.0441521,False,1.0,0.5360372452571762,-32.60255999751848,-13.353060546792221
831,1296,eolico,5.351022720336914,6.757257461547852,443.923558327957,366.3540914065322,532708269.9935484,False,1.0,0.5359878567152849,-44.4983304166177,-16.301801489120937
832,2258,eolico,5.980985164642334,7.604242324829102,750.8980950910867,839.5672957770679,901077714.1093041,False,1.0,0.5359149719886527,-37.108026602284355,-14.986082520752603
833,1466,eolico,5.549104690551758,6.402976036071777,193.83599563968738,509.2980802273999,232603194.76762486,False,1.0,0.5353127468267131,-42.80950584297948,-20.669575406089038
834,1895,eolico,5.103972434997559,7.628580093383789,756.6895722197734,867.8992802992534,908027486.663728,False,1.0,0.5353113222457064,-39.79827800691225,-16.48546038721007
835,930,eolico,5.561567306518555,6.008880138397217,19.666299644841985,375.4750046822256,23599559.57381038,False,1.0,0.5352982034855043,-47.20263395302624,-19.100465975894824
836,1059,eolico,5.753438949584961,6.328132629394531,274.09431978618824,178.07343182235954,328913183.7434259,False,1.0,0.5348752679303772,-46.418586832185575,-15.03337047439568
837,1707,eolico,4.8879923820495605,6.861263275146484,384.0095439814215,704.8895353330633,460811452.7777058,False,1.0,0.5347596800399534,-40.933799394781296,-20.097482759659204
838,1166,eolico,5.34593391418457,5.978699684143066,18.063738543435324,339.73144147311865,21676486.252122387,False,1.0,0.5346753216369223,-45.205364000020325,-20.807075082187342
839,1101,eolico,5.141914367675781,5.878662586212158,41.53943290817837,122.75484586660697,49847319.48981404,False,1.0,0.5344464891681376,-45.553161772053386,-23.064509751476475
840,1074,eolico,6.5229082107543945,6.98146915435791,402.417542578158,844.455178866328,482901051.09378964,False,1.0,0.5344232226999099,-46.60022180605755,-8.311137928424785
841,2803,eolico,6.522892951965332,7.409888744354248,750.156176252738,560.080937702221,900187411.5032855,False,1.0,0.5340600698516453,-33.13638845746725,-12.542217302429641
842,999,eolico,5.607198238372803,6.255417823791504,252.5091705621579,135.1448620148238,303011004.67458946,False,1.0,0.533875714798056,-46.88331695656222,-15.048293514417137
843,987,eolico,5.01901912689209,6.0364251136779785,51.84452401971384,348.35077113029774,62213428.8236566,False,1.0,0.5335867662954568,-46.66639365863111,-20.426469040374126
844,584,eolico,5.266216278076172,6.197973728179932,124.090828127504,407.7664862591761,148908993.7530048,False,1.0,0.5329489471136564,-50.175478682874335,-12.872311520838641
845,832,eolico,5.881519794464111,6.888899326324463,398.5565578257003,730.388874924716,478267869.39084035,False,1.0,0.5326571054618431,-48.40208695983706,-9.240461960621028
846,1474,eolico,6.176218032836914,6.900315761566162,478.27672919650405,537.3088251032578,573932075.0358049,False,1.0,0.5319470879318685,-43.04573133321671,-17.122564257145495
847,1413,eolico,6.046891212463379,6.753607273101807,407.56718608265163,509.73372134443423,489080623.29918194,False,1.0,0.5313661958674274,-43.4893173209325,-17.591333046317096
848,1532,eolico,5.755317687988281,6.886078357696533,442.32099722655033,621.5257034052635,530785196.6718604,False,1.0,0.5312181358181272,-42.5203186597273,-17.98279784596929
849,813,eolico,5.743905544281006,5.944762229919434,56.0226718901474,224.42890356586798,67227206.26817688,False,1.0,0.5308149747522455,-48.19805444715301,-17.784746288159326
850,640,eolico,5.664236068725586,5.98646879196167,77.89748439368542,230.2484459085369,93476981.2724225,False,1.0,0.5307148320868228,-49.681869283493164,-14.667803893201478
851,2441,eolico,5.761930465698242,7.3222222328186035,680.3511702903088,652.8235838434282,816421404.3483706,False,1.0,0.5305588482546191,-35.8249950203348,-13.593597915931769
852,1709,eolico,5.8732686042785645,6.9700608253479,442.31008071590776,759.2702881733859,530772096.8590893,False,1.0,0.5305179423120927,-41.00613096843067,-19.217082883415966
853,1230,eolico,5.266671180725098,6.3542256355285645,195.4385567410941,482.91981332417,234526268.0893129,False,1.0,0.5303026349079818,-44.830004001683704,-18.99869180839296
854,1113,eolico,5.208001136779785,6.298342704772949,231.7949289863995,304.2998516524638,278153914.7836794,False,1.0,0.5295900753593478,-45.84243887662849,-17.701486346076283
855,2866,eolico,5.778884410858154,7.187829971313477,685.9847276375992,439.706524299409,823181673.165119,False,1.0,0.5295584282902799,-32.780654517738604,-11.240509334293565
856,1592,eolico,5.9516825675964355,6.957343101501465,477.47544864580084,666.8884564793384,572970538.374961,False,1.0,0.5283058612141837,-42.04920720181834,-17.95485256962377
857,1353,eolico,6.085488796234131,6.6406168937683105,372.4127346634011,465.16927379574264,446895281.5960814,False,1.0,0.5281566786528442,-43.959710899239404,-17.615468990586056
858,1341,eolico,5.248182773590088,6.061525821685791,100.43632982809422,316.6108304244567,120523595.79371306,False,1.0,0.527750109776837,-43.606249679960875,-22.94986788973564
859,2940,eolico,6.539984703063965,7.122097492218018,668.874998633628,405.60394503671745,802649998.3603536,False,1.0,0.5276000340918912,-32.659162902487836,-5.299331470077596
860,589,eolico,5.944140434265137,6.700740337371826,349.5947822489527,627.220036866817,419513738.6987432,False,1.0,0.5275661916110957,-50.20649578683119,-10.61734398926716
861,1044,eolico,5.721930503845215,6.025819778442383,123.35534768426977,207.8665580736924,148026417.22112373,False,1.0,0.5268711620848522,-46.116951384725375,-21.747940533600577
862,2678,eolico,5.794550895690918,7.776020050048828,902.0964705886137,789.4067410165294,1082515764.7063365,False,1.0,0.5267870171549334,-33.86661196648398,-14.736571845958759
863,870,eolico,5.323170185089111,5.936845779418945,15.488151774408452,370.8577432778377,18585782.12929014,False,1.0,0.526359757201787,-47.677481431829754,-19.11729285453688
864,2927,eolico,6.281631946563721,7.177124977111816,699.9751897386898,424.7865620984101,839970227.6864277,False,1.0,0.5258194886303501,-32.356217200219724,-10.788053960609366
865,703,eolico,5.974532127380371,5.9296088218688965,35.81973885515336,312.6327568152722,42983686.62618403,False,1.0,0.525547419330315,-49.245671457789356,-13.307695549834683
866,869,eolico,5.723934173583984,6.0252485275268555,51.04324346901054,420.843405892167,61251892.16281265,False,1.0,0.5253965872920453,-47.66010163454243,-19.56622264039032
867,2017,eolico,5.768454551696777,7.535213947296143,709.6582890192547,959.6842055907549,851589946.8231056,False,1.0,0.5252428018836971,-38.931318107437434,-15.548808751100765
868,1954,eolico,5.106584548950195,7.599689960479736,759.5123405505075,925.3479781518612,911414808.660609,False,1.0,0.5250321850822994,-39.29709742404861,-16.89146598279011
869,1134,eolico,6.73588752746582,6.882751941680908,380.8323933541276,855.3072912738139,456998872.0249531,False,1.0,0.524628590625851,-46.146417032372234,-8.302519613090494
870,1114,eolico,5.698132038116455,6.303917407989502,267.3500206810015,270.23081464171105,320820024.81720185,False,1.0,0.5244790636707234,-45.862476694430065,-17.25426149461344
871,1655,eolico,5.251552104949951,7.182918071746826,619.2951751488575,670.4215891332967,743154210.178629,False,1.0,0.5243573211586313,-41.66798694069074,-16.601640010850172
872,1653,eolico,5.314246654510498,7.071593284606934,548.1849917596534,695.4225479833052,657821990.1115841,False,1.0,0.524093031135624,-41.609043224206076,-17.484531901621125
873,1235,eolico,4.73883581161499,6.5262770652771,373.21401521410456,332.1791887402154,447856818.25692546,False,1.0,0.5238105277997787,-44.94475286242434,-16.76829624258516
874,820,eolico,5.9549479484558105,5.986644268035889,142.65293206577672,135.4709822037795,171183518.47893208,False,1.0,0.5230192545481014,-48.28973472433268,-14.637904324558983
875,950,eolico,6.340465068817139,6.519285202026367,265.18467772905984,632.0659368019632,318221613.2748718,False,1.0,0.522427099327673,-47.47481095543658,-10.12348693214875
876,1836,eolico,6.189807891845703,7.382040977478027,690.0036321714531,812.5450392551705,828004358.6057438,False,1.0,0.5218284765790487,-40.29663844101343,-16.076741238848584
877,931,eolico,5.516620635986328,5.942540645599365,55.221391339444075,326.20204261673257,66265669.60733289,False,1.0,0.5211859096949738,-47.22078014281261,-18.6519234482613
878,519,eolico,5.577411651611328,5.96935510635376,79.82797676991437,301.1578101147496,95793572.12389724,False,1.0,0.521112768113434,-50.603069030113694,-15.13425986834353
879,1536,eolico,5.53710412979126,7.023990154266357,582.0778860513009,563.9143320206118,698493463.261561,False,1.0,0.5208078563096779,-42.62976746403354,-16.211094954959464
880,1220,eolico,5.5054779052734375,5.880946636199951,64.66464039940321,212.9425469991425,77597568.47928385,False,1.0,0.5204273243145247,-44.54770298005528,-23.455409716615502
881,1234,eolico,5.619745254516602,6.452341556549072,337.65892351950237,353.4355952162945,405190708.22340286,False,1.0,0.5202117373009821,-44.9231320093357,-17.214471263979227
882,1171,eolico,5.237448215484619,6.236006259918213,195.83919701644578,412.5431203829191,235007036.41973493,False,1.0,0.5196446335520039,-45.327371413307525,-18.57482214652912
883,1710,eolico,5.145016193389893,6.973971843719482,476.67416809509746,789.8116403569358,572009001.7141169,False,1.0,0.5194319267104764,-41.040845813856244,-18.776758781602496
884,1835,eolico,5.346263885498047,7.429704666137695,724.7585294066088,818.4150214603684,869710235.2879305,False,1.0,0.5192892671920583,-40.26549945656268,-16.515884334406405
885,952,eolico,5.904755592346191,6.719911575317383,355.3862593776394,731.6829473192374,426463511.25316733,False,1.0,0.5190981767339251,-47.49218918610521,-9.225221450901321
886,1257,eolico,5.956254482269287,7.114564418792725,472.96446737893604,1026.9963338243988,567557360.8547232,False,1.0,0.518588886529893,-45.26626075099206,-6.943218072858062
887,1102,eolico,5.558967113494873,5.848254203796387,76.75562484762366,149.59882661355226,92106749.8171484,False,1.0,0.5185140705858241,-45.58089320866778,-22.61787680474116
888,2137,eolico,5.551135063171387,7.542064666748047,752.8285874673154,924.3615850605506,903394304.9607785,False,1.0,0.5184841565848441,-38.00163994421629,-15.48549457605576
889,1259,eolico,6.412789344787598,7.331495761871338,563.1660490275154,1122.752892056475,675799258.8330185,False,1.0,0.5179838150219618,-45.28177917764338,-6.049399749490697
890,2860,eolico,6.075706481933594,7.659046173095703,897.3424275600564,718.1181677085066,1076810913.0720677,False,1.0,0.5177145105515131,-32.562949594756844,-13.775228737713611
891,1717,eolico,5.582379341125488,7.130307674407959,601.7325428991023,709.7631347854187,722079051.4789228,False,1.0,0.5175521583188517,-41.257791623598344,-15.692376343778745
892,1357,eolico,5.864299297332764,6.706681251525879,472.2216475549198,409.9849108790515,566665977.0659038,False,1.0,0.5173348355432936,-44.05338550204012,-15.83548758675172
893,2018,eolico,5.433091163635254,7.377359867095947,664.557498194965,928.2051554688953,797468997.833958,False,1.0,0.5168548579420917,-38.96329750916211,-15.112129690256776
894,984,eolico,5.150186538696289,6.012412071228027,158.50979910352018,198.53233874062266,190211758.92422423,False,1.0,0.5167998144246768,-46.59975597643418,-21.770086261371116
895,1237,eolico,5.215640068054199,6.561983108520508,429.05134910685894,310.154155807286,514861618.9282307,False,1.0,0.5167477860737749,-44.98605231010189,-15.87581154099445
896,767,eolico,6.087718963623047,6.262332916259766,194.6377529282819,487.740123314403,233565303.5139383,False,1.0,0.5167393830145496,-48.82008172825474,-11.498234426729534
897,2739,eolico,5.604146957397461,7.641600131988525,882.1384596230442,745.1609212715449,1058566151.5476531,False,1.0,0.5165512362181279,-33.44495375734682,-14.273820467445677
898,647,eolico,6.128738880157471,6.354392051696777,237.8080513763428,515.7503282662799,285369661.6516114,False,1.0,0.5164103346597917,-49.73657351084078,-11.51304444965511
899,692,eolico,6.0494608879089355,5.88431453704834,49.84132264295554,305.04100135160985,59809587.171546645,False,1.0,0.5161026512408232,-49.12844739751157,-18.260451625150107
900,1053,eolico,5.181170463562012,6.1184844970703125,196.64047756714905,272.30935776011216,235968573.08057886,False,1.0,0.5155143659680202,-46.31338369397582,-17.72031870217863
901,1178,eolico,5.464067459106445,6.40359354019165,362.3654090585389,261.10511377365776,434838490.87024665,False,1.0,0.5154508874389588,-45.471222521282286,-15.447694612998125
902,645,eolico,6.338128566741943,6.126901149749756,147.6064697277633,424.43587757675823,177127763.67331597,False,1.0,0.5150698566480204,-49.722400845807186,-12.414503978902232
903,1894,eolico,5.709712982177734,7.436203956604004,724.3578891312569,876.2550241098481,869229466.9575083,False,1.0,0.5149277381269751,-39.765173033161126,-16.923671997725528
904,524,eolico,5.729995250701904,6.131669044494629,145.67597735153444,439.12127473417644,174811172.82184133,False,1.0,0.5148825461053563,-50.636099430782814,-12.878617104707455
905,1596,eolico,5.396814346313477,7.049770355224609,603.6630352753313,613.5514544439118,724395642.3303975,False,1.0,0.5143782938998429,-42.16289993162599,-16.186057875312255
906,2800,eolico,6.168486595153809,7.574843406677246,867.5012862490757,705.2422239331513,1041001543.4988909,False,1.0,0.5143549546833522,-33.02363160635826,-13.812629088270059
907,1411,eolico,5.718655586242676,6.541784763336182,336.45700269344746,560.3355064095285,403748403.23213696,False,1.0,0.5141442688382629,-43.43583986691498,-18.479705413651722
908,2619,eolico,5.303004741668701,7.535472393035889,835.3081996109795,737.2995197615188,1002369839.5331753,False,1.0,0.5138952130769943,-34.368495196343176,-14.347773377736948
909,933,eolico,5.184525012969971,5.954785346984863,126.33157472864822,228.60524827691776,151597889.67437786,False,1.0,0.5138759903805008,-47.25555169764303,-17.75472576169048
910,2804,eolico,6.227912902832031,7.174411773681641,713.76435734228,512.3137166136323,856517228.8107361,False,1.0,0.513715070850733,-33.171359726991824,-12.118525701504314
911,701,eolico,5.6231770515441895,5.825692653656006,54.381842793426166,227.7864212403683,65258211.3521114,False,1.0,0.5136648508459508,-49.22740941966915,-14.208419360498786
912,1354,eolico,5.8458781242370605,6.583975315093994,407.96782635800315,443.63131849529054,489561391.6296038,False,1.0,0.5128576172614892,-43.984204211506494,-17.170550331521614
913,2016,eolico,5.295380592346191,7.524887561798096,754.7590798435444,962.064177170186,905710895.8122534,False,1.0,0.5119765800198001,-38.8983118170924,-15.985406036311836
914,577,eolico,5.406355381011963,5.82470703125,57.62523299155407,241.43208786877477,69150279.58986488,False,1.0,0.5114162033684402,-50.121050070628975,-16.02844777194109
915,929,eolico,5.693516254425049,5.868277072906494,15.888792049760104,424.9178575617951,19066550.459712125,False,1.0,0.5112669716760311,-47.183972555124974,-19.548969693543174
916,587,eolico,5.7778472900390625,6.367040634155273,259.39320060037323,536.2391143088955,311271840.7204479,False,1.0,0.5108019999923827,-50.19485293968273,-11.51938297922393
917,2865,eolico,5.833100318908691,7.14047908782959,716.8331587684276,484.3213190211564,860199790.5221131,False,1.0,0.5106279103182565,-32.74766320126078,-11.663233790422707
918,1830,eolico,5.470262050628662,7.095493793487549,551.2422920878048,869.7064218013332,661490750.5053657,False,1.0,0.5104846178753554,-40.09519414293802,-18.71041259459454
919,646,eolico,6.362424373626709,6.196050643920898,192.70726055205307,469.6510488017292,231248712.6624637,False,1.0,0.5093182468139819,-49.72963045309652,-11.96378350035114
920,704,eolico,5.691885471343994,5.926321506500244,80.92052967944312,358.0021425915331,97104635.61533174,False,1.0,0.5092833344468058,-49.2543133286959,-12.857300828611054
921,815,eolico,5.4545183181762695,5.857236385345459,127.13285527935157,127.3613743966367,152559426.3352219,False,1.0,0.5089961253044355,-48.22632349144344,-16.885796865029434
922,1172,eolico,5.093751430511475,6.196583271026611,231.39428871104784,374.9908260764348,277673146.4532574,False,1.0,0.5083377974195592,-45.349802007097914,-18.128223089997757
923,955,eolico,5.987290382385254,6.979817867279053,490.6886318505086,881.2711363685977,588826358.2206104,False,1.0,0.5081427534052076,-47.51511276696475,-7.877686746971155
924,1349,eolico,5.424984455108643,6.303564071655273,230.1923678849928,546.5627794365456,276230841.46199137,False,1.0,0.5081139383962461,-43.85435494147752,-19.394592294255535
925,895,eolico,5.904330730438232,7.016368389129639,512.2737810745391,879.3138247545145,614728537.289447,False,1.0,0.5080963887013272,-47.96847405108404,-7.88441777946427
926,755,eolico,5.4540324211120605,5.802873134613037,91.97840386010114,150.91357227305136,110374084.63212137,False,1.0,0.5079167336154693,-48.69541735474191,-16.89843236316486
927,400,eolico,5.932521820068359,5.82086706161499,8.44311250243634,411.3760971123011,10131735.00292361,False,1.0,0.507567982231403,-51.53853634559582,-14.694858754619858
928,2257,eolico,6.178719997406006,7.515143871307373,795.9988859153763,886.621991992836,955198663.0984515,False,1.0,0.5070570043144923,-37.072517789459454,-15.418945994534742
929,1833,eolico,6.019907474517822,7.232960224151611,653.6483460174045,839.0176162748628,784378015.2208854,False,1.0,0.5070564429781311,-40.200331119993045,-17.39394012461314
930,588,eolico,6.045299530029297,6.449019432067871,304.49399142466297,581.3593391191029,365392789.70959556,False,1.0,0.5069185789497853,-50.20080039474273,-11.068371711968394
931,338,eolico,5.597146987915039,5.901205539703369,47.43748099084554,441.51069403915915,56924977.18901465,False,1.0,0.5064109032615797,-51.99427117253339,-15.602511159370573
932,2138,eolico,5.533189296722412,7.349346160888672,707.7277966430258,879.3287368150362,849273355.971631,False,1.0,0.5063102191798041,-38.0354006634121,-15.050676359188085
933,1469,eolico,5.258126258850098,6.454843521118164,300.50127072349363,609.3584370012175,360601524.8681924,False,1.0,0.506167966065347,-42.90428598888095,-19.339937723467003
934,578,eolico,5.532360076904297,5.8516035079956055,93.18032468615615,242.31332303215825,111816389.62338738,False,1.0,0.5061286606119411,-50.1296382688094,-15.577636681693381
935,1705,eolico,5.86537504196167,6.567046642303467,345.38160378735535,661.2466586238659,414457924.5448264,False,1.0,0.5060887421241721,-40.857517710618616,-20.97753641587365
936,1160,eolico,5.169624328613281,5.6863789558410645,29.17069971533508,162.9451192362005,35004839.65840209,False,1.0,0.5059897547872718,-45.03611565152419,-23.48397404966245
937,637,eolico,5.962969779968262,5.810854911804199,92.77968441080446,191.6649849207271,111335621.29296535,False,1.0,0.5050595170733141,-49.653946156449436,-16.019517423481417
938,774,eolico,6.632518768310547,6.960208892822266,510.3432886983101,834.1909146917318,612411946.4379722,False,1.0,0.504669041378556,-48.86950945504625,-8.346724583323253
939,985,eolico,5.062001705169678,5.8971171379089355,122.95470740891801,248.44747184513383,147545648.89070162,False,1.0,0.5045283253517338,-46.622553055167266,-21.32225986101189
940,1016,eolico,6.295679092407227,7.031134128570557,514.2042734507679,935.6875133582781,617045128.1409215,False,1.0,0.5044730996436034,-47.06904630756023,-7.4216853088084
941,2072,eolico,4.9860711097717285,7.553882598876953,771.5748691817433,1045.1355512665755,925889843.018092,False,1.0,0.5041090989573018,-38.2860000735404,-17.695028602703
942,1100,eolico,4.303248882293701,5.598850727081299,6.32324096873307,112.94996876191331,7587889.162479684,False,1.0,0.5038270042921338,-45.524730947066026,-23.511085371644324
943,1773,eolico,5.30679178237915,7.115656852722168,618.493894598154,790.8884542257308,742192673.5177848,False,1.0,0.5035550329131059,-40.66975080420504,-17.425115459902862
944,1407,eolico,5.256378650665283,6.180149078369141,194.23663591503905,502.89380074141883,233083963.09804687,False,1.0,0.5035150689597163,-43.3194496243441,-20.255718644804887
945,1591,eolico,5.694505214691162,6.7366862297058105,441.9203569511987,688.7045229408494,530304428.3414384,False,1.0,0.5033908509688305,-42.018639819599265,-18.396885414135163
946,1768,eolico,5.567748546600342,6.808992385864258,452.62785797937204,773.2876115663961,543153429.5752465,False,1.0,0.5032229463650394,-40.49515073563006,-19.62302763121488
947,1533,eolico,5.274715900421143,6.741902828216553,477.8760889211524,601.4320356113556,573451306.705383,False,1.0,0.5030980365487493,-42.54891080458697,-17.539964805424454
948,1347,eolico,5.031935214996338,6.092250823974609,159.0821844957886,468.09054507068123,190898621.3949463,False,1.0,0.5030297501980837,-43.79712238799471,-20.283801633509132
949,2924,eolico,5.521992206573486,7.25407600402832,787.2670824589243,551.4703627396167,944720498.9507091,False,1.0,0.5027818158616573,-32.25547947841615,-12.05265450089663
950,650,eolico,5.745932102203369,6.5899763107299805,373.11042384921205,657.4779703574937,447732508.61905444,False,1.0,0.502664675914259,-49.75570520334036,-10.160722730654351
951,280,eolico,6.2169671058654785,5.939083576202393,60.06859042296193,507.28519246216507,72082308.50755432,False,1.0,0.5025188746274816,-52.46700984327624,-14.702847707071955
952,982,eolico,5.301852703094482,5.828319072723389,147.74350621575996,98.9594666769524,177292207.45891196,False,1.0,0.5021828451331686,-46.55236751055302,-22.6655957397154
953,2863,eolico,6.521793842315674,7.260935306549072,784.4738615312195,576.2098273652097,941368633.8374635,False,1.0,0.5021787866969307,-32.677758637078405,-12.508369613591764
954,1228,eolico,5.510584831237793,6.0132060050964355,124.32837335188994,451.4786620049943,149194048.02226794,False,1.0,0.5020246975523144,-44.77934261381963,-19.89049562644255
955,467,eolico,5.943225383758545,6.414941787719727,302.5634990484341,587.9288740407424,363076198.8581209,False,1.0,0.5018600455366876,-51.11146748817368,-11.529915168266566
956,1077,eolico,6.044337272644043,7.086591720581055,537.7199150510273,992.160989715276,645263898.0612328,False,1.0,0.501211369931236,-46.6234599128915,-6.966080510306453
957,1956,eolico,6.1049299240112305,7.379748821258545,733.173930619514,912.2069214833662,879808716.7434168,False,1.0,0.5011284226360115,-39.364283425687816,-16.016720509323804
958,1099,eolico,5.276627063751221,5.626950263977051,28.892950970712214,124.2845070911896,34671541.16485465,False,1.0,0.5010614583510684,-45.495590337392336,-23.957602380305783
959,817,eolico,5.765199661254883,5.873737812042236,198.24303866855576,45.53577297710953,237891646.40226692,False,1.0,0.5008290629411054,-48.25291510768735,-15.98672556086679
960,580,eolico,5.770358562469482,5.767334461212158,56.31233516965497,273.07202978575026,67574802.20358597,False,1.0,0.5004802676983608,-50.145991409181185,-14.67594643345698
961,1712,eolico,5.070356845855713,6.948890686035156,547.7843514843016,759.3630489886692,657341221.7811619,False,1.0,0.500436454270801,-41.10743089959515,-17.895873339897733
962,1470,eolico,5.237629413604736,6.488356113433838,336.0563624180958,630.0758681849339,403267634.9017149,False,1.0,0.4999852835481979,-42.934200612716424,-18.89658940861708
963,750,eolico,5.6809916496276855,5.885334014892578,85.79705461290928,381.63259683255177,102956465.53549114,False,1.0,0.499885965827826,-48.627446116249075,-19.14736419399926
964,1075,eolico,6.0781402587890625,6.848105430603027,447.51833340244775,893.6055296272361,537022000.0829374,False,1.0,0.4989541441281565,-46.608436329088505,-7.862802662374108
965,754,eolico,5.657401084899902,5.705038070678711,56.423312165499055,193.25789202514395,67707974.59859887,False,1.0,0.4988832617020392,-48.68261244061751,-17.348279480201747
966,872,eolico,5.056128025054932,5.752931118011475,55.62203161479573,270.90229360703677,66746437.93775488,False,1.0,0.4987723660666255,-47.71080687320067,-18.21932433556875
967,1770,eolico,5.343130588531494,6.915578365325928,512.8809369172227,829.2139914900713,615457124.3006673,False,1.0,0.49801631811172004,-40.56793026301984,-18.744111899164835
968,2497,eolico,5.9422526359558105,7.565572738647461,882.3394828114979,842.2630172248613,1058807379.3737974,False,1.0,0.49640566382190626,-35.21602552557252,-15.276512915380685
969,2499,eolico,5.7452192306518555,7.340911388397217,792.1379011629186,742.9376589532093,950565481.3955023,False,1.0,0.496224006032159,-35.29259488096414,-14.419036837896694
970,875,eolico,6.011068820953369,5.822775840759277,162.28730669860198,121.10711407752656,194744768.0383224,False,1.0,0.49558578055920305,-47.75729428060605,-16.87211240180291
971,585,eolico,6.14311408996582,6.045501232147217,169.19161895179377,449.11000966619093,203029942.7421525,False,1.0,0.49544015528941765,-50.18219412470552,-12.421353534469343
972,1587,eolico,5.583393096923828,6.386448860168457,301.3650802640581,619.9051735087369,361638096.31686974,False,1.0,0.4950488066138129,-41.88749129095316,-20.164295286247427
973,2377,eolico,5.652565002441406,7.48999547958374,839.1691843634371,858.9253596413578,1007003021.2361245,False,1.0,0.4949480538538338,-36.143973044769055,-15.349254085704946
974,1281,eolico,5.556556224822998,5.739429473876953,64.94238914402605,267.2994603482799,77930866.97283126,False,1.0,0.4947660496515924,-44.092668739295505,-22.980639950832984
975,2198,eolico,5.50223445892334,7.291255950927734,729.3129458670562,858.2226609473634,875175535.0404675,False,1.0,0.49433758530448313,-37.57164698996456,-15.018766560033319
976,2859,eolico,5.682791709899902,7.59583044052124,937.2823284673973,766.1063994902722,1124738794.1608768,False,1.0,0.4938417472378155,-32.52198389360431,-14.197273089350762
977,1105,eolico,5.527792930603027,5.714315891265869,52.645804570417205,272.60407030234046,63174965.48450065,False,1.0,0.49377892041022636,-45.65999023761929,-21.277646661199512
978,1109,eolico,5.699700832366943,5.901730537414551,89.57456220799115,462.12250119105033,107489474.64958937,False,1.0,0.49377210060903653,-45.75623640316427,-19.489946361073976
979,992,eolico,5.656673431396484,5.856081008911133,125.93093445329659,292.02753203341405,151117121.3439559,False,1.0,0.4937458486367472,-46.76611638875286,-18.186235557460424
980,464,eolico,5.7490057945251465,6.046209812164307,167.26112657556487,473.6892235761558,200713351.89067784,False,1.0,0.49373981191787203,-51.0967417039476,-12.884119567750183
981,2438,eolico,5.588153839111328,7.401241302490234,815.653542763178,799.9091006251618,978784251.3158137,False,1.0,0.4936218656969074,-35.717989433258964,-14.883497124638277
982,1951,eolico,5.70298433303833,7.2341508865356445,661.1338152518903,964.3598914674458,793360578.3022683,False,1.0,0.49359734505175046,-39.18856819528681,-18.20293377251854
983,1284,eolico,5.478210926055908,5.686677932739258,17.262457992731964,329.21447678334766,20714949.591278356,False,1.0,0.4935415607170095,-44.18732770795673,-21.645943375788086
984,2923,eolico,6.300616264343262,7.276360034942627,820.4048939891067,596.1081055707014,984485872.7869279,False,1.0,0.49335499117246684,-32.21924035721444,-12.473972842305855
985,343,eolico,5.76589298248291,6.07058572769165,165.33063419933592,521.5967410576839,198396761.0392031,False,1.0,0.4932891230928112,-52.014456344779475,-13.344385564585744
986,2074,eolico,4.992090702056885,7.570415496826172,832.7680687844113,1023.7972980300891,999321682.5412935,False,1.0,0.49283218964085407,-38.3614161914908,-16.82432003111909
987,957,eolico,6.073622703552246,7.0946197509765625,580.8902134990881,981.066461932535,697068256.1989057,False,1.0,0.4923588647055147,-47.52832705671878,-6.979249842970025
988,591,eolico,6.348523139953613,6.6764092445373535,439.7963638975322,720.595282790301,527755636.67703867,False,1.0,0.49221820947211326,-50.21713757347153,-9.715241801637054
989,756,eolico,5.028533935546875,5.73239278793335,127.53349555470324,114.89647410788893,153040194.66564387,False,1.0,0.4919653552475782,-48.70783652053172,-16.44855639408738
990,1827,eolico,5.456393718719482,6.7796549797058105,473.3980863238426,793.3826881784269,568077703.5886111,False,1.0,0.49177514465732197,-39.98092172082848,-20.02609373291976
991,770,eolico,6.212794780731201,6.423629283905029,329.9401254011512,635.7431150153204,395928150.4813814,False,1.0,0.4916408638811073,-48.84328543951904,-10.147690202253346
992,2077,eolico,6.095666408538818,7.330618381500244,731.2434382432849,946.6346874908016,877492125.8919419,False,1.0,0.49128455430138745,-38.46641092366855,-15.51756153208666
993,1231,eolico,5.17561149597168,6.119351863861084,230.9936484356962,445.68805185607397,277192378.12283546,False,1.0,0.49063971251783195,-44.85429808564116,-18.55271126286663
994,1350,eolico,5.175413131713867,6.2493367195129395,265.7474595795949,552.3618133841483,318896951.49551386,False,1.0,0.49060970601925485,-43.88181872858452,-18.949897219403972
995,1176,eolico,5.404845714569092,6.253045558929443,373.61465548945614,268.92990444785454,448337586.5873474,False,1.0,0.4900208931145036,-45.433210269522796,-16.34137383876152
996,1468,eolico,5.070443630218506,6.257423400878906,264.94617902889155,573.5910110907854,317935414.8346699,False,1.0,0.49000264667812554,-42.87353897560784,-19.78321935260824
997,2864,eolico,5.718796253204346,7.085699558258057,749.749630521958,529.8985304804295,899699556.6263496,False,1.0,0.49000134459384737,-32.71336771783883,-12.085855245581453
998,1342,eolico,5.225054740905762,5.745045185089111,65.22013788864892,327.9534642025928,78264165.4663787,False,1.0,0.48983976601799095,-43.64012280550666,-22.505695749610027
999,1769,eolico,5.4652605056762695,6.7841715812683105,481.1022933182104,800.1779720427692,577322751.9818525,False,1.0,0.4898220838188857,-40.53203814222102,-19.183612837937538
1000,1173,eolico,5.651188850402832,6.109313488006592,266.94938040564995,340.6529217659791,320339256.4867799,False,1.0,0.4897962274235131,-45.371593981994366,-17.6815774910107
1001,1648,eolico,5.620193958282471,6.518324375152588,371.79236080470713,689.4830652908719,446150832.96564853,False,1.0,0.48962646564447143,-41.44594835890887,-19.690504819374702
1002,512,eolico,5.568902015686035,5.946591854095459,155.3046769007068,397.1296668968871,186365612.28084815,False,1.0,0.48951934292940813,-50.546669420876896,-18.291247758324708
1003,1828,eolico,5.2988176345825195,6.8153815269470215,495.6744768011796,816.5581097764225,594809372.1614155,False,1.0,0.4890833477242362,-40.020047754400586,-19.587625386496367
1004,2012,eolico,5.4204325675964355,7.347411155700684,731.099562043157,996.9264301488358,877319474.4517884,False,1.0,0.4890545909150683,-38.755807575227834,-17.73092457816794
1005,1260,eolico,6.316654205322266,7.242298126220703,608.2668398518052,1170.897241472278,729920207.8221663,False,1.0,0.48900962847614177,-45.2887228941144,-5.602466252274877
1006,1139,eolico,5.785857200622559,7.190707206726074,606.3363474755763,1099.4007594308844,727603616.9706916,False,1.0,0.4887094040053947,-46.184998725773205,-6.06302251133913
1007,977,eolico,5.299592018127441,5.558858871459961,28.337453481466518,152.43914307978991,34004944.17775982,False,1.0,0.48870391104789446,-46.42301644435293,-24.90348295030351
1008,405,eolico,6.443554878234863,6.173768520355225,233.94706662388506,544.3911834392673,280736479.9486621,False,1.0,0.48854468649329363,-51.56169908621703,-12.437262422143998
1009,1588,eolico,5.315892696380615,6.418712615966797,335.25508186739245,649.3023031557137,402306098.24087095,False,1.0,0.48830019853813145,-41.92163181936891,-19.722555011420706
1010,690,eolico,5.527339935302734,5.8770060539245605,120.95150603215971,396.48130545231294,145141807.23859164,False,1.0,0.4882905484584832,-49.10255002469503,-19.16059702315337
1011,1355,eolico,5.745231628417969,6.464104652404785,443.5229180526053,426.88996265557853,532227501.66312635,False,1.0,0.48794662879110867,-44.00797590953564,-16.72557955607722
1012,1765,eolico,4.888997554779053,6.556581974029541,393.83963915260523,707.8421857877713,472607566.9831263,False,1.0,0.4878103033590246,-40.37839295653941,-20.94073128630326
1013,459,eolico,5.897477149963379,5.730112552642822,58.242827545883934,349.6426936189642,69891393.05506071,False,1.0,0.48743484133289083,-51.068217347248975,-15.14076730905692
1014,1116,eolico,5.49650764465332,6.141128063201904,338.46020407020575,221.08206646932132,406152244.8842469,False,1.0,0.4872737487197825,-45.900784910265244,-16.359688089921733
1015,1049,eolico,5.442117691040039,5.781770706176758,54.42011078874072,449.9413433536415,65304132.946488865,False,1.0,0.48652580887460867,-46.23203318552987,-19.510824216182982
1016,469,eolico,6.578679084777832,6.522364616394043,392.7650806970136,671.947131747162,471318096.83641636,False,1.0,0.48648133859906223,-51.12031672838484,-10.627032173684178
1017,2620,eolico,5.7809271812438965,7.233108997344971,790.2933820278886,687.302894867787,948352058.4334663,False,1.0,0.48627268148509983,-34.40648443987814,-13.921079662643546
1018,1415,eolico,5.9324564933776855,6.542346477508545,478.67736947185574,475.0590001337391,574412843.3662269,False,1.0,0.4857832327729532,-43.53974622929093,-16.702734168093734
1019,1524,eolico,4.970422267913818,6.045685768127441,187.71623802509293,503.543282630265,225259485.63011152,False,1.0,0.48563640323295215,-42.260646968135084,-21.52297328774667
1020,2014,eolico,5.924583911895752,7.421570777893066,795.4127527603448,974.5331672455916,954495303.3124138,False,1.0,0.48542915136708764,-38.829177283623864,-16.8583447716706
1021,342,eolico,6.058938980102539,5.917531490325928,120.22984337504616,496.6254794266855,144275812.05005538,False,1.0,0.4849885548106949,-52.0106971573572,-13.796046964882072
1022,808,eolico,5.729641437530518,5.870572090148926,121.752786582863,421.0452079869133,146103343.8994356,False,1.0,0.484857068822889,-48.11978440224791,-20.031543717711873
1023,892,eolico,5.640655517578125,6.518759727478027,376.97140860166985,729.3242913860604,452365690.32200384,False,1.0,0.4846397935354853,-47.947128363277855,-9.233121832532992
1024,2134,eolico,5.627365589141846,7.6066789627075195,871.3919127006209,1062.130066223733,1045670295.2407451,False,1.0,0.4846160660010314,-37.89381761215955,-16.789403671579162
1025,1774,eolico,6.096355438232422,7.039721965789795,654.0489862927561,778.4155962554818,784858783.5513073,False,1.0,0.4846125756708282,-40.70177577276106,-16.98529304936583
1026,1775,eolico,5.447865962982178,7.092097759246826,689.6040779873583,768.9974863157802,827524893.58483,False,1.0,0.4839803086768049,-40.73286057929282,-16.545395912526683
1027,893,eolico,5.971817970275879,6.625063419342041,422.07219942595947,779.3203548425963,506486639.3111514,False,1.0,0.4838259889986841,-47.95463159673006,-8.783570228645209
1028,1892,eolico,5.507900238037109,7.110863208770752,654.1132557542605,901.0939353615295,784935906.9051126,False,1.0,0.48344026006791607,-39.695952089185305,-17.79984658299286
1029,1525,eolico,5.647902965545654,6.070253372192383,204.51118511059514,525.2303249265794,245413422.13271415,False,1.0,0.48286990381967615,-42.29621410594038,-21.080711010504523
1030,460,eolico,5.873970985412598,5.624279975891113,13.1420367215941,364.24758978933016,15770444.06591292,False,1.0,0.4822789796927553,-51.07432878391731,-14.68947644384988
1031,523,eolico,5.991140842437744,5.802450656890869,100.57518652724467,402.9903230326465,120690223.8326936,False,1.0,0.4820940501911109,-50.62995974590731,-13.329784658448899
1032,935,eolico,5.336860656738281,5.800416946411133,197.44175811785237,134.5843470548258,236930109.74142286,False,1.0,0.4820850850980706,-47.28833472851164,-16.8573841937337
1033,521,eolico,5.650979042053223,5.599623680114746,10.373604878665153,341.39216968983663,12448325.854398184,False,1.0,0.481550604330826,-50.6169850874553,-14.232062483884073
1034,575,eolico,5.688437461853027,5.557373046875,13.484950397650113,269.1409781513272,16181940.477180136,False,1.0,0.48138371302514643,-50.10303602288463,-16.92999872144851
1035,337,eolico,5.860565662384033,5.7909064292907715,82.99257268544764,441.02766294726763,99591087.22253717,False,1.0,0.48136750465142253,-51.98981054052907,-16.054079202806342
1036,747,eolico,5.877375602722168,5.954061985015869,192.46232969671556,395.1893141125446,230954795.63605866,False,1.0,0.48126980991324586,-48.58179217023447,-20.49633744217053
1037,1079,eolico,6.44098424911499,7.168793678283691,627.9214966996069,1090.9793840605873,753505796.0395283,False,1.0,0.48079417552278847,-46.63662470977105,-6.069296245605361
1038,1286,eolico,5.902359962463379,5.767547607421875,88.3726413819362,397.4975285515218,106047169.65832345,False,1.0,0.4806732661589606,-44.24651284866104,-20.755823141111513
1039,868,eolico,5.136374473571777,5.769615650177002,86.59833516361262,407.5199180510389,103918002.19633514,False,1.0,0.48049051430030526,-47.64223579843502,-20.015114929720546
1040,1714,eolico,5.089388847351074,6.9154205322265625,618.8945348735058,729.7155795937144,742673441.848207,False,1.0,0.4801503113673617,-41.17029518292441,-17.01468605887832
1041,2741,eolico,6.447028160095215,7.177743911743164,797.8839514806248,646.3854681971166,957460741.7767497,False,1.0,0.48012971177893043,-33.52263618920133,-13.424887477060276
1042,2496,eolico,5.5760416984558105,7.564473628997803,927.4402736357878,891.9822322959427,1112928328.3629453,False,1.0,0.4800521515909668,-35.17588202137104,-15.705084519419474
1043,689,eolico,5.53308629989624,5.912745952606201,156.5065977267618,443.5889224349036,187807917.2721142,False,1.0,0.4799640983484106,-49.089043571209295,-19.610623700003384
1044,1530,eolico,5.512659072875977,6.438497543334961,371.2108138373462,671.1494714748608,445452976.6048155,False,1.0,0.4799198369788121,-42.460618524746515,-18.868267720779222
1045,1165,eolico,5.013301849365234,5.570064067840576,17.491353151166763,296.82721503424483,20989623.781400114,False,1.0,0.4796095226335091,-45.17893272392628,-21.25336821336971
1046,810,eolico,5.344900608062744,5.676702976226807,50.64260319365884,372.9469833061313,60771123.832390614,False,1.0,0.4794620956496043,-48.1524210237623,-19.132927607416857
1047,1523,eolico,5.109796047210693,5.983207702636719,183.4392193650163,486.0501833572803,220127063.23801956,False,1.0,0.47931168060169976,-42.2241566563776,-21.965155522072596
1048,2071,eolico,5.558459758758545,7.342216491699219,744.1373125544624,1059.1893254065003,892964775.0653548,False,1.0,0.4791442580155186,-38.24663126265389,-18.130235244838158
1049,699,eolico,5.7218017578125,5.700860500335693,144.58342444200568,161.35075695227437,173500109.3304068,False,1.0,0.4786882985559987,-49.20782288122924,-15.10905087082485
1050,220,eolico,5.364452362060547,5.885892391204834,105.39561449795507,555.780759921922,126474737.39754608,False,1.0,0.47867225143274283,-52.93126798041318,-14.705451292168714
1051,1595,eolico,5.847494125366211,6.770498752593994,584.1407237296071,621.3043487567331,700968868.4755285,False,1.0,0.4781779448083431,-42.13574447561535,-16.6283522499731
1052,526,eolico,6.110797882080078,6.087930202484131,235.87755900011396,518.3435934364297,283053070.80013674,False,1.0,0.4780446605241477,-50.647693526824646,-11.9762277863565
1053,639,eolico,6.079251289367676,5.682178974151611,122.99827521797526,206.36873158762484,147597930.2615703,False,1.0,0.47729969134320754,-49.67286772052841,-15.11839862335396
1054,1885,eolico,5.351419925689697,6.7176127433776855,491.6829055744275,802.2639172117707,590019486.6893129,False,1.0,0.4772719714566026,-39.42084302570265,-20.863581523383854
1055,395,eolico,5.679798126220703,5.803018569946289,118.94830465540137,408.77723266382253,142737965.58648166,False,1.0,0.47693139237582616,-51.511051693190424,-16.951974269065165
1056,1163,eolico,5.473862171173096,5.603485107421875,76.4778761030008,220.19146691947742,91773451.32360095,False,1.0,0.47651353463727125,-45.12396781199724,-22.14578654492619
1057,2681,eolico,6.39077091217041,7.0978264808654785,770.6840139608202,639.9117635436622,924820816.7529842,False,1.0,0.4761166004637525,-33.98286308781542,-13.459892557196898
1058,1715,eolico,5.402789115905762,6.939581394195557,654.449626568108,719.6604203150274,785339551.8817296,False,1.0,0.4754884763430352,-41.200357674688746,-16.573984565367116
1059,468,eolico,5.827635765075684,6.339304447174072,347.6642898727238,629.3541565740442,417197147.8472686,False,1.0,0.4754791132307745,-51.11598791210146,-11.078481279564498
1060,834,eolico,6.080938816070557,6.716989040374756,488.75813947427963,830.2532719274371,586509767.3691355,False,1.0,0.47531437945135646,-48.415620471189946,-8.340616943512838
1061,2802,eolico,6.138896942138672,7.102139472961426,788.0412550926629,608.2071763176797,945649506.1111956,False,1.0,0.47526095378007827,-33.10011682073811,-12.965801098978694
1062,1832,eolico,5.629877090454102,6.958197593688965,618.0932543228025,853.5363301894896,741711905.187363,False,1.0,0.4749820873263245,-40.166280996368336,-17.832848151406086
1063,2495,eolico,5.889146327972412,7.640974998474121,972.5410644600776,941.7311799439259,1167049277.352093,False,1.0,0.4749422777360283,-35.13448363987125,-16.13354033426053
1064,653,eolico,6.312393665313721,6.730438232421875,508.41279632208125,802.2195222655973,610095355.5864975,False,1.0,0.4748515108430097,-49.77233239767336,-8.808258640975847
1065,1704,eolico,5.494981288909912,6.322189807891846,335.70971600130815,644.1553281630217,402851659.2015698,False,1.0,0.47467608447592385,-40.81786369996255,-21.417427629094632
1066,926,eolico,5.766522407531738,5.722469329833984,122.55406713356636,300.4060361695041,147064880.56027964,False,1.0,0.47446337107656206,-47.124831283474876,-20.894238416506653
1067,2437,eolico,5.8832316398620605,7.379174709320068,860.7543335874677,849.1642254651814,1032905200.3049613,False,1.0,0.4742729718505357,-35.67992345602845,-15.313258670577163
1068,631,eolico,5.948040962219238,5.763120174407959,120.55086575680804,373.06528335854944,144661038.90816966,False,1.0,0.4740765512081854,-49.5895954937511,-18.72226028502558
1069,749,eolico,5.258188724517822,5.800111770629883,121.35214630751136,430.36861583873156,145622575.56901363,False,1.0,0.4738766164612022,-48.61264415021373,-19.597055623318564
1070,1955,eolico,5.588667392730713,7.27457857131958,778.2747214438036,917.4394661970614,933929665.7325643,False,1.0,0.47385013210416616,-39.33119982723561,-16.454134892154954
1071,751,eolico,5.1197686195373535,5.608105182647705,50.24196291830718,333.2712595339843,60290355.501968615,False,1.0,0.4733312889998278,-48.641839018135805,-18.697640102579843
1072,1288,eolico,5.084332466125488,5.889715671539307,159.48282477114034,477.1020841344149,191379389.7253684,False,1.0,0.47273206308657656,-44.30265886602167,-19.865459170530727
1073,2616,eolico,5.609557151794434,7.580479621887207,970.6105720838486,887.2916766663285,1164732686.5006185,False,1.0,0.4717573211106278,-34.24685784046471,-15.627163712103279
1074,1218,eolico,5.433121204376221,5.678522109985352,135.0970242782938,236.05595701368676,162116429.13395256,False,1.0,0.47089733342899065,-44.4821341120042,-24.34600536800104
1075,1529,eolico,5.134111404418945,6.293991565704346,335.65572214274414,644.2911773291243,402786866.571293,False,1.0,0.4705905201471333,-42.429490730028824,-19.310900874340817
1076,407,eolico,6.27248477935791,6.254958629608154,324.1486482724645,618.234864383131,388978377.9269574,False,1.0,0.470315115092842,-51.56979800904092,-11.534104861493704
1077,1340,eolico,5.140008449554443,5.724175930023193,135.6525217675395,312.93986834797323,162783026.1210474,False,1.0,0.47018561500222217,-43.57152478864237,-23.393967210072045
1078,2919,eolico,5.7690205574035645,7.490235805511475,967.5552252522024,781.1825162628733,1161066270.3026428,False,1.0,0.46937832155834514,-32.06071708049596,-14.158056627665799
1079,1169,eolico,4.934019088745117,5.802423477172852,124.72901362724159,476.8129848763084,149674816.3526899,False,1.0,0.4690061289598081,-45.2805637347584,-19.467875609408928
1080,1824,eolico,5.1387410163879395,6.5170979499816895,435.13610707907935,739.9479168698125,522163328.4948952,False,1.0,0.46851404753393144,-39.857175824074695,-21.340916108702515
1081,1112,eolico,4.8984880447387695,5.8342204093933105,196.23983729179741,342.3041136905898,235487804.7501569,False,1.0,0.4678772784015524,-45.82180302882981,-18.148668425135604
1082,932,eolico,5.51436710357666,5.604738235473633,90.77648303404617,277.1895850740787,108931779.6408554,False,1.0,0.4677069171429358,-47.238417377427744,-18.20334306127662
1083,1947,eolico,5.948904991149902,6.832709789276123,566.3463307917987,884.3319075892216,679615596.9501584,False,1.0,0.467165999979926,-39.02890396136265,-19.950232637417898
1084,1406,eolico,5.3241119384765625,5.844448089599609,158.68154422043696,469.6712872677365,190417853.06452435,False,1.0,0.46707123468199957,-43.28832936814158,-20.6995598632086
1085,341,eolico,6.658775806427002,5.696568489074707,75.1290525507564,475.615993580508,90154863.06090768,False,1.0,0.4664758737060174,-52.006800358789995,-14.24769075904805
1086,1108,eolico,5.749737739562988,5.618823051452637,54.01947051338906,413.8189813996635,64823364.61606687,False,1.0,0.46638902867782767,-45.73313627678254,-19.936945643965835
1087,453,eolico,5.575660705566406,5.790907859802246,154.90403662535513,405.8229323286907,185884843.95042616,False,1.0,0.46624656151254606,-51.02712002367708,-17.848062221880586
1088,1103,eolico,4.9106364250183105,5.567192554473877,111.97181678706895,186.25484064734778,134366180.14448273,False,1.0,0.4653381010208336,-45.60793532187753,-22.1711878032431
1089,2801,eolico,5.843909740447998,7.133631229400635,827.2144526577798,656.6134950419852,992657343.1893358,False,1.0,0.46527110150725004,-33.06253470712403,-13.389273053767289
1090,866,eolico,5.333559513092041,5.727165699005127,157.70851855281683,310.56459896049165,189250222.2633802,False,1.0,0.465193898491741,-47.60502079325009,-20.91278345800068
1091,1652,eolico,6.213587760925293,6.61279296875,512.6299000650513,712.8718165121841,615155880.0780616,False,1.0,0.4650727107724113,-41.57824304003225,-17.925874199438578
1092,1408,eolico,5.687170505523682,6.000046253204346,229.79172760964113,538.7144248714408,275750073.1315693,False,1.0,0.4649620864703101,-43.34975061743802,-19.811810906871095
1093,1531,eolico,5.578968524932861,6.3798065185546875,406.76590553194825,644.8782106159242,488119086.6383379,False,1.0,0.4647661546692427,-42.490891144365854,-18.425566094556032
1094,1280,eolico,4.862207889556885,5.59120512008667,100.15858108347136,262.9409529952769,120190297.30016564,False,1.0,0.4646752442333406,-44.05950279819667,-23.425403541280502
1095,1471,eolico,5.671494483947754,6.289374351501465,371.6114541126978,602.014861224546,445933744.93523735,False,1.0,0.4646669416469733,-42.963292901187906,-18.45317617019506
1096,218,eolico,6.214139461517334,5.802229881286621,120.20898944983938,541.3313829503758,144250787.33980724,False,1.0,0.4641051113421525,-52.926720405875656,-15.609041045136385
1097,2920,eolico,6.2664642333984375,7.355024337768555,928.9178558704475,734.1803669180131,1114701427.044537,False,1.0,0.46406794058202105,-32.10240438625393,-13.73722279703711
1098,1404,eolico,6.390153408050537,5.670502185821533,92.70904892207801,413.48398349016884,111250858.70649362,False,1.0,0.4640043157305688,-43.22358790260619,-21.587035872255775
1099,927,eolico,4.5699028968811035,5.6192779541015625,86.9989754389643,350.0783388150296,104398770.52675715,False,1.0,0.46396871247952837,-47.14507802908773,-20.445856875379114
1100,2015,eolico,5.644797325134277,7.276129722595215,799.8598706678342,967.0269838675317,959831844.801401,False,1.0,0.4639137585653638,-38.86426840918174,-16.421918926208644
1101,1708,eolico,5.385272026062012,6.435977935791016,411.1578391395037,730.8764011530809,493389406.9674045,False,1.0,0.46374460674480644,-40.97045277567154,-19.657324957950348
1102,336,eolico,5.6066365242004395,5.730886459350586,118.54766438004971,446.182816812254,142257197.25605965,False,1.0,0.4630839450068961,-51.98520533367136,-16.505626996530882
1103,1292,eolico,5.853546619415283,6.054995536804199,301.70319154954876,450.01127366484997,362043829.8594585,False,1.0,0.4628048220169153,-44.406139013801926,-18.084047578207592
1104,1020,eolico,6.264672756195068,7.188085079193115,694.607436747927,1134.5555502131408,833528924.0975124,False,1.0,0.4624434948869778,-47.093797151607625,-5.626355931029925
1105,956,eolico,6.414250373840332,6.775271415710449,535.7894226747984,931.1633096630316,642947307.209758,False,1.0,0.46228802937629,-47.521925271311204,-7.428475736085367
1106,1703,eolico,6.044839859008789,6.222538471221924,333.33702854713306,630.5751581377061,400004434.25655967,False,1.0,0.46211065430951176,-40.77718306474665,-21.8572252843799
1107,522,eolico,6.286281585693359,5.563251972198486,55.474395702954915,370.1012118215036,66569274.8435459,False,1.0,0.4620488551257784,-50.62358899385302,-13.780933322074308
1108,1285,eolico,5.588352203369141,5.550972938537598,52.81754968733411,361.515184278822,63381059.62480093,False,1.0,0.4617520197596634,-44.217305223676604,-21.200914481910356
1109,529,eolico,6.077885627746582,6.298110485076904,371.1799314729831,648.042406988327,445415917.76757973,False,1.0,0.461741552754332,-50.663399073259896,-10.62251756866724
1110,1137,eolico,6.036177158355713,6.781600475311279,516.1347658269968,1001.4137221472365,619361718.9923962,False,1.0,0.46167151379481586,-46.17104589781326,-6.958871531802204
1111,1526,eolico,5.246415138244629,5.9861531257629395,231.11093364959365,550.6159741261575,277333120.37951237,False,1.0,0.46149845614919105,-42.33087035208181,-20.63837067933047
1112,2069,eolico,5.24138069152832,7.104759693145752,696.8252738683378,1016.9817447429383,836190328.6420054,False,1.0,0.46078861060419896,-38.16450995387839,-19.000338691326537
1113,1403,eolico,5.544936656951904,5.615996837615967,83.71098455393704,391.9922803608267,100453181.46472445,False,1.0,0.4604175211924875,-43.189944208242785,-22.03066717703626
1114,1409,eolico,5.562036991119385,6.055766582489014,265.34681930424324,576.6491899803418,318416183.1650919,False,1.0,0.46038868620689954,-43.37924270099517,-19.367838342351412
1115,769,eolico,5.727409362792969,6.096198081970215,284.8393345768614,586.2960129688515,341807201.4922337,False,1.0,0.4603559767723541,-48.83589141308155,-10.597890030706798
1116,1351,eolico,5.514680862426758,6.077945709228516,301.302551274197,520.1248565020096,361563061.5290364,False,1.0,0.45968031961770295,-43.90852670364442,-18.505143953007504
1117,1344,eolico,5.0743184089660645,5.540445804595947,52.416909411982296,370.37222920099686,62900291.29437876,False,1.0,0.4595011027111415,-43.70536179429802,-21.617139801569927
1118,1647,eolico,5.143401622772217,6.236595630645752,341.52909207809915,661.8729791904784,409834910.493719,False,1.0,0.4591252377574586,-41.41054652133134,-20.1314673966363
1119,403,eolico,5.877966403961182,5.769140243530273,143.74548497530557,480.1137091085645,172494581.9703667,False,1.0,0.45900517394721446,-51.55293955553248,-13.340354222665844
1120,339,eolico,6.217055320739746,5.514853477478027,11.88238929624346,447.6136575409103,14258867.155492151,False,1.0,0.45895078781882975,-51.99858873132229,-15.150923387033872
1121,1111,eolico,5.31451416015625,5.735744476318359,160.68474559719533,383.07416094444284,192821694.7166344,False,1.0,0.45889806688252854,-45.80056218454585,-18.59580656896228
1122,284,eolico,5.990987777709961,5.993869304656982,232.0165742476562,590.7989847284955,278419889.09718746,False,1.0,0.45862915361301965,-52.47876846514436,-12.895788907897035
1123,954,eolico,6.429360866546631,6.525334358215332,445.58784102621877,831.3919186101031,534705409.23146254,False,1.0,0.4584849235826404,-47.50788743515755,-8.326881972412606
1124,221,eolico,5.75478982925415,5.798682689666748,130.14320097810156,569.4897247234583,156171841.17372188,False,1.0,0.4584157342711646,-52.93342875619552,-14.253629319573704
1125,1345,eolico,5.38083553314209,5.612529277801514,87.97200110658444,399.35779058850596,105566401.32790133,False,1.0,0.45813560586941016,-43.736750725160014,-21.172759336658153
1126,1713,eolico,5.30903959274292,6.704874515533447,583.3394431789037,743.0064156086266,700007331.8146844,False,1.0,0.4574974512992097,-41.13932292300075,-17.455316355987154
1127,1763,eolico,5.31895637512207,6.306428909301758,383.3207321992391,679.2778860672378,459984878.6390869,False,1.0,0.456919265003931,-40.295343645904964,-21.818725363324646
1128,2738,eolico,6.3512701988220215,7.336094379425049,925.4420526991455,794.6635207036896,1110530463.2389746,False,1.0,0.4565613171155747,-33.40413907590042,-14.698108524363132
1129,698,eolico,5.572907447814941,5.568727493286133,163.48922752465697,143.5540779736355,196187073.02958837,False,1.0,0.4563615344141448,-49.197524922884604,-15.559330220443567
1130,1467,eolico,5.602638244628906,5.937376976013184,229.3910873342895,540.0885031767777,275269304.8011474,False,1.0,0.45585375369005465,-42.84194917629882,-20.226432514249673
1131,1650,eolico,5.690040111541748,6.4460368156433105,441.51971667584706,751.6708127922298,529823660.0110165,False,1.0,0.45548527335937283,-41.51393580968682,-18.80834136050414
1132,409,eolico,6.491143226623535,6.363737106323242,414.35022992104405,698.617874428683,497220275.9052529,False,1.0,0.4554726476396471,-51.57724680687522,-10.63088610800489
1133,2132,eolico,5.731912136077881,7.320485591888428,813.1106861221004,1093.5055253236148,975732823.3465205,False,1.0,0.4551281625239358,-37.81637426373717,-17.658192722061433
1134,775,eolico,5.868129253387451,6.72947359085083,555.4440795226,883.9121990449274,666532895.42712,False,1.0,0.4550348137155301,-48.87523774262576,-7.8964454430807285
1135,991,eolico,5.958432197570801,5.555908679962158,90.3758427586945,338.9008498061275,108451011.3104334,False,1.0,0.4549649069606975,-46.747272540687554,-18.634364574009673
1136,404,eolico,6.170366287231445,5.840254306793213,188.8462757995953,510.8184287397965,226615530.95951438,False,1.0,0.4548945062360074,-51.55740258865952,-12.888816825981628
1137,1227,eolico,5.417119026184082,5.594707012176514,88.77328165728785,408.07098096458986,106527937.98874542,False,1.0,0.4545331424065018,-44.752957959629434,-20.336316160857496
1138,632,eolico,5.939579963684082,5.5360918045043945,84.99577406220594,331.0649469720497,101994928.87464713,False,1.0,0.454202752587889,-49.60113159161474,-18.27187094275884
1139,2013,eolico,5.84625768661499,7.14243221282959,762.2952239367255,984.5245556081945,914754268.7240705,False,1.0,0.4525196596314246,-38.79302746120201,-17.294680892903955
1140,223,eolico,5.693570137023926,5.921151161193848,208.79484469611907,608.4169076365506,250553813.6353429,False,1.0,0.45238914026721017,-52.93752787217129,-13.349933704829173
1141,628,eolico,5.9938836097717285,5.877748012542725,227.21614084061432,490.814443399943,272659369.0087372,False,1.0,0.4523741623430508,-49.552970128812234,-20.073253658635668
1142,772,eolico,5.54080867767334,6.375809192657471,420.1417070497307,734.8618204953947,504170048.45967686,False,1.0,0.4523518740561524,-48.85706357647126,-9.247239118329105
1143,1405,eolico,5.236428737640381,5.6585798263549805,123.12645252583488,439.6362830150799,147751743.03100187,False,1.0,0.45204431105490833,-43.25637914722026,-21.14333284982919
1144,1078,eolico,5.909453392028809,6.857095718383789,582.820705875317,1041.541992902354,699384847.0503803,False,1.0,0.4517885549268791,-46.63027359655826,-6.517695639160612
1145,2434,eolico,5.638427734375,7.554912090301514,996.056706060337,997.3744630030686,1195268047.2724044,False,1.0,0.45124797754040474,-35.55837545246036,-16.60188025244181
1146,2196,eolico,5.6460862159729,7.211881637573242,819.5145275156357,950.7874425219472,983417433.0187628,False,1.0,0.45108809557382396,-37.501258635099745,-15.88637864655941
1147,1711,eolico,6.029887676239014,6.556286811828613,512.2292597896997,778.5922852836115,614675111.7476395,False,1.0,0.45084343134339394,-41.074608765607074,-18.336354870147545
1148,466,eolico,6.480724811553955,5.955441474914551,257.4627082241444,547.9361892269974,308955249.8689733,False,1.0,0.4505510975010264,-51.10675400396007,-11.98133324211849
1149,1459,eolico,4.981542587280273,5.832697868347168,241.85659507512108,416.1816158126094,290227914.0901453,False,1.0,0.44907233603205776,-42.55752249192699,-23.769451965524244
1150,2253,eolico,5.623226642608643,7.4619340896606445,924.3261572460539,1077.4970101457586,1109191388.6952646,False,1.0,0.4486495161361546,-36.918994066756305,-17.14940351977101
1151,2197,eolico,5.7438063621521,7.083800315856934,774.4137366913458,904.3071648010421,929296484.0296149,False,1.0,0.44841712626232477,-37.5370079912707,-15.45261896712771
1152,1643,eolico,5.185218811035156,6.0081467628479,283.35907514583624,582.0924442224023,340030890.17500347,False,1.0,0.4483668287544412,-41.25926986513881,-21.894472816912035
1153,531,eolico,5.445518970489502,6.421931266784668,461.38151312156265,738.7905983346344,553657815.7458751,False,1.0,0.44811033984365123,-50.67276531890078,-9.719967207371768
1154,900,eolico,6.2923150062561035,7.159282207489014,737.7777351959878,1129.3025589873907,885333282.2351854,False,1.0,0.4477072109268068,-47.99638488719252,-5.636289346610174
1155,777,eolico,6.423804759979248,6.899218559265137,645.6456611711794,983.4395571426146,774774793.4054153,False,1.0,0.4472387160872842,-48.88571395565369,-6.9958472646583125
1156,2677,eolico,5.2642340660095215,7.3358964920043945,947.0949304835895,839.2784492105488,1136513916.5803072,False,1.0,0.44681888393412605,-33.82526344028306,-15.161896107119993
1157,1585,eolico,4.95581579208374,5.92866849899292,250.2918975286029,569.7897074027072,300350277.03432345,False,1.0,0.4464643722340521,-41.816434924274716,-21.047539294432173
1158,1463,eolico,5.314753532409668,5.636294841766357,133.52429766944303,438.69279034657427,160229157.20333165,False,1.0,0.4462406238388,-42.706941692116175,-21.998564113155993
1159,2558,eolico,5.881708145141602,7.140659332275391,858.8238412112389,788.3582853072876,1030588609.4534867,False,1.0,0.44588312197230606,-34.79200729157383,-14.811444304104908
1160,1826,eolico,5.325692653656006,6.4169111251831055,455.5417756013487,772.7515986142051,546650130.7216184,False,1.0,0.44570376647303656,-39.94074336435593,-20.464466684582383
1161,2133,eolico,5.720670223236084,7.288215637207031,841.2707214107713,1082.210990232259,1009524865.6929256,False,1.0,0.4442971720131842,-37.85565989047983,-17.22384853039074
1162,282,eolico,5.572198867797852,5.70342493057251,141.81499259907667,541.4710088488565,170177991.118892,False,1.0,0.44424073191431096,-52.473100503417015,-13.799352686740198
1163,1886,eolico,5.7857584953308105,6.519009590148926,503.32843993873234,819.1083259254492,603994127.9264789,False,1.0,0.4439329946631657,-39.46337177337471,-20.426199829752893
1164,2918,eolico,6.328711986541748,7.414781093597412,1007.1930524337083,828.53571815687,1208631662.92045,False,1.0,0.4438684911552271,-32.01763985443998,-14.578758367002147
1165,836,eolico,6.656702518463135,6.721131801605225,578.9597211228593,930.1468069496542,694751665.3474311,False,1.0,0.44348379883014494,-48.42772235199667,-7.440711706763563
1166,586,eolico,5.7316060066223145,5.793399333953857,214.2924097760835,492.06309986482165,257150891.7313002,False,1.0,0.44334191826272495,-50.188651514899675,-11.970377137322311
1167,1582,eolico,5.117840766906738,5.858232498168945,240.590352086962,522.2328412124336,288708422.5043544,False,1.0,0.4431850928674683,-41.7027276818928,-22.371782681204596
1168,713,eolico,6.27480936050415,6.46470832824707,486.82764709805093,791.834689374007,584193176.5176611,False,1.0,0.44283711907372153,-49.31788536534431,-8.802893880916905
1169,806,eolico,5.6997971534729,5.644683361053467,192.8629699720672,328.11119104338485,231435563.96648064,False,1.0,0.44259933929484796,-48.08532349662392,-20.930014998471385
1170,225,eolico,5.943544387817383,6.045596122741699,298.7025142959763,660.3209223025161,358443017.1551716,False,1.0,0.4425542184953416,-52.941334867083185,-12.446172609088388
1171,465,eolico,5.856210708618164,5.795286178588867,212.36191739985463,509.713423404164,254834300.87982556,False,1.0,0.442459947772874,-51.10184593903167,-12.432734906064672
1172,1287,eolico,6.109124660491943,5.590749740600586,123.92773307653827,436.2514664101258,148713279.69184592,False,1.0,0.4423250990657895,-44.27496077544953,-20.310670870337354
1173,1520,eolico,5.735770225524902,5.81651496887207,242.6677373490474,462.93802017159277,291201284.8188569,False,1.0,0.4421492186006427,-42.10901773123388,-23.291201670684078
1174,1528,eolico,5.78844690322876,6.0093994140625,300.100630448142,610.5735536720633,360120756.5377704,False,1.0,0.4416000202593295,-42.397497343905144,-19.753463684187093
1175,1200,eolico,5.876997947692871,6.9429545402526855,629.8519890758357,1158.6864704031902,755822386.8910029,False,1.0,0.44124142538397765,-45.739977582486695,-5.608936328287423
1176,2498,eolico,5.998322486877441,7.066917896270752,837.2386919872084,792.5791302058117,1004686430.3846501,False,1.0,0.44032795131484465,-35.2549260008927,-14.84782915719842
1177,710,eolico,6.091320991516113,6.11226224899292,351.5252746251816,644.7660776571579,421830329.5502179,False,1.0,0.44014552062968176,-49.299486123951866,-10.154518536832558
1178,899,eolico,6.25364875793457,6.992459774017334,692.676944371698,1079.304394630754,831212333.2460376,False,1.0,0.4397504022554377,-47.99156063757027,-6.085939875824527
1179,2315,eolico,5.872284889221191,7.300113677978516,907.7856167879862,967.9237005849387,1089342740.1455834,False,1.0,0.4396735296271312,-36.53192739778676,-16.247886435423943
1180,2194,eolico,5.712896823883057,7.351771354675293,909.7161091642153,1044.7235930863612,1091659330.9970584,False,1.0,0.43948774455106593,-37.42638489369984,-16.753607837241805
1181,1458,eolico,5.415280818939209,5.8328166007995605,277.07278701456636,425.3187987850727,332487344.41747963,False,1.0,0.439219095549913,-42.51781856308527,-24.211965043792258
1182,2076,eolico,5.962181091308594,7.074268341064453,776.3442290675748,991.1319509065047,931613074.8810898,False,1.0,0.438426319563695,-38.432481769821294,-15.953236722503224
1183,717,eolico,6.423881530761719,6.880083084106445,667.2308103952098,989.2963909571666,800676972.4742517,False,1.0,0.4383915868811994,-49.33819608271369,-7.000529688737182
1184,1584,eolico,5.077300071716309,5.834892749786377,236.76696380918915,549.8629410331682,284120356.571027,False,1.0,0.4381989818705174,-41.77949490025519,-21.48903888594783
1185,709,eolico,5.742763519287109,5.987546920776367,306.42448380089184,596.067950347261,367709380.5610702,False,1.0,0.4381696670310733,-49.292740042902125,-10.605027915395963
1186,2131,eolico,5.47002649307251,7.165227890014648,787.1223215415163,1106.9453647073392,944546785.8498195,False,1.0,0.43802477513924337,-37.77594846012001,-18.092433243247022
1187,1346,eolico,5.1783061027526855,5.556170463562012,123.52709280118651,432.20099681068564,148232511.36142382,False,1.0,0.43779477695268554,-43.767334046349504,-20.72831273974806
1188,771,eolico,5.854179382324219,6.16303825378418,375.0409162254409,685.2704588376724,450049099.4705291,False,1.0,0.4376978569148107,-48.85034208445765,-9.697472975685407
1189,2433,eolico,5.4118218421936035,7.567104816436768,1041.1574968846267,1046.8911748589658,1249388996.261552,False,1.0,0.43683974037916146,-35.51536912105513,-17.03118794376827
1190,287,eolico,6.04514741897583,6.143626689910889,367.3189467205254,685.8004963215286,440782736.06463045,False,1.0,0.43681211802215647,-52.48649395607516,-11.540323542774205
1191,406,eolico,5.933218955993652,5.918915748596191,279.04785744817485,580.3344329544967,334857428.9378098,False,1.0,0.43670294953533917,-51.56583044662005,-11.985691577501806
1192,408,eolico,6.230286598205566,6.127840518951416,369.2494390967544,657.7542405830917,443099326.9161053,False,1.0,0.43665135676578554,-51.57360305449533,-11.082502846552025
1193,510,eolico,5.679052352905273,5.754820346832275,226.41486028991096,471.01951700243796,271697832.3478932,False,1.0,0.43661389447937077,-50.52826683361688,-19.19302390606696
1194,1590,eolico,5.466997146606445,6.22351598739624,406.3652652565966,713.3636004541946,487638318.3079159,False,1.0,0.43581698492115023,-41.987195130469125,-18.83884808015169
1195,630,eolico,5.49313497543335,5.588484764099121,156.10595745141012,416.8349939498643,187327148.94169214,False,1.0,0.43557298245148074,-49.57772599787973,-19.172620958544993
1196,1882,eolico,5.488025188446045,6.395952224731445,486.81594384630733,769.2166292005934,584179132.6155688,False,1.0,0.43498949060083525,-39.286525490559605,-22.1750829488187
1197,2796,eolico,5.485246658325195,7.443568229675293,1037.1390482839624,901.259033023182,1244566857.940755,False,1.0,0.4335763225687253,-32.85458472181906,-15.504810912689521
1198,2736,eolico,5.898217678070068,7.396707057952881,1013.8996275863747,893.834848409389,1216679553.1036496,False,1.0,0.4334287826218514,-33.31850466489673,-15.546307364421168
1199,527,eolico,6.067153453826904,5.883458137512207,280.97834982440367,560.4519375671762,337174019.7892844,False,1.0,0.43292823451726803,-50.65315169632591,-11.525007257643288
1200,1766,eolico,5.617396354675293,6.213415145874023,408.28556205785804,726.8779930092994,489942674.4694297,False,1.0,0.43259831716410624,-40.4183409387754,-20.501589272394725
1201,1950,eolico,6.067780017852783,6.754183769226074,632.8589754854345,953.402377279207,759430770.5825214,False,1.0,0.4323004560170047,-39.15027945087831,-18.639905810067553
1202,1583,eolico,5.398556709289551,5.7751970291137695,233.39056607835528,533.8896863409409,280068679.2940263,False,1.0,0.4319048570229011,-41.741596856770755,-21.930454062010213
1203,652,eolico,5.55804443359375,6.3217291831970215,463.3120054977915,753.7439010949489,555974406.5973498,False,1.0,0.43169645617481356,-49.76706520380517,-9.259094670474367
1204,715,eolico,6.1526103019714355,6.605072498321533,577.0292287466303,890.4239227628898,692435074.4959564,False,1.0,0.43087062771784546,-49.32863811528223,-7.901737632488914
1205,1831,eolico,6.075163841247559,6.599018573760986,583.4856496977997,870.6882183004029,700182779.6373596,False,1.0,0.43018480742749987,-40.1312391095226,-18.271673109101883
1206,1706,eolico,5.668424606323242,6.0805253982543945,361.76773080496343,681.5850645969618,434121276.96595615,False,1.0,0.4294823068187185,-40.8961585880405,-20.53755401392829
1207,1948,eolico,5.584495544433594,6.618342399597168,585.0945267376718,905.181738393351,702113432.0852062,False,1.0,0.42934948740357903,-39.070460261557514,-19.513557981787127
1208,525,eolico,5.94390869140625,5.646015644073486,190.7767681758242,477.75913114285885,228932121.81098905,False,1.0,0.42933967661195094,-50.64201005115029,-12.427431275098025
1209,1890,eolico,5.5295515060424805,6.632777214050293,591.3453083599677,911.1436091868619,709614370.0319612,False,1.0,0.4292838622183857,-39.62264230242327,-18.675673064507208
1210,1945,eolico,5.6274800300598145,6.501678943634033,540.9004425652098,849.9534159585202,649080531.0782517,False,1.0,0.42891876993270295,-38.94243005410976,-20.823265107561106
1211,101,eolico,5.7871575355529785,5.8070878982543945,216.65006983803752,665.151501375158,259980083.80564502,False,1.0,0.42854438157586056,-53.86009095731535,-14.255972264807546
1212,2554,eolico,5.4420857429504395,7.467167854309082,1039.2270045083978,988.1346245326852,1247072405.4100773,False,1.0,0.428342120426812,-34.62544421539269,-16.521070841607937
1213,2799,eolico,5.747869968414307,7.084582328796387,908.7536589206624,754.0503345036743,1090504390.704795,False,1.0,0.42817905701820186,-32.98339660087383,-14.2358650810522
1214,2679,eolico,6.394697666168213,6.9845452308654785,857.6148968450484,739.5523579946263,1029137876.214058,False,1.0,0.42812913258664204,-33.90665382977303,-14.311127210422255
1215,275,eolico,5.597476005554199,5.651852607727051,189.2572074939022,505.17996710115034,227108648.99268264,False,1.0,0.42801177119710365,-52.449879326142884,-16.961257382552798
1216,1761,eolico,5.236752033233643,6.123263835906982,398.44686734829173,664.6776158553415,478136240.81795007,False,1.0,0.4278655275571179,-40.207995114865305,-22.69631597075701
1217,2128,eolico,5.314764976501465,6.94025182723999,724.4302814058548,1041.985714316447,869316337.6870257,False,1.0,0.4275422109485796,-37.647700899052396,-19.394502160177414
1218,1017,eolico,6.594333171844482,6.610875606536865,559.3050642750576,985.3615661881729,671166077.1300691,False,1.0,0.4273762237550308,-47.07588722055937,-6.972874107773042
1219,1140,eolico,5.939931392669678,6.876019477844238,651.4371382998661,1148.5244112788446,781724565.9598393,False,1.0,0.4269640470877303,-46.19124184359439,-5.615076096485496
1220,590,eolico,6.058903217315674,6.110719680786133,394.6955730732425,673.6699994161997,473634687.687891,False,1.0,0.4261675114053835,-50.2119409352851,-10.166300466695624
1221,216,eolico,5.296641826629639,5.659396171569824,188.85656721855057,545.1486762659741,226627880.66226068,False,1.0,0.4254719302676484,-52.92186634809467,-16.512555228892335
1222,1527,eolico,5.12736177444458,5.814552307128906,264.5455387535399,579.2141294057964,317454646.5042479,False,1.0,0.4253956055047524,-42.36462759586343,-20.19595425761275
1223,1019,eolico,6.26222562789917,6.820095539093018,649.5066459236372,1084.7995220561409,779407975.1083646,False,1.0,0.42530947671528796,-47.088260742785046,-6.075208467083109
1224,344,eolico,6.4729766845703125,5.699250221252441,210.43142502362565,549.9904124148054,252517710.02835077,False,1.0,0.4252714968421016,-52.018079156192115,-12.89270709824488
1225,2798,eolico,5.890328884124756,7.168095588684082,950.8459094719723,803.0051179861988,1141015091.3663666,False,1.0,0.42492990305937955,-32.94181835880178,-14.658976865956689
1226,162,eolico,5.937667369842529,5.732261657714844,200.66457077982528,633.4815124688524,240797484.93579033,False,1.0,0.42475285391666434,-53.397937699580496,-13.803357837452193
1227,2006,eolico,5.060859680175781,6.615716457366943,599.9849470756873,912.9760579990894,719981936.4908247,False,1.0,0.4244280089901421,-38.509329302755106,-20.34628931067558
1228,649,eolico,6.251420974731445,5.93758487701416,328.00963302492227,609.7958576763195,393611559.6299067,False,1.0,0.42411925897511876,-49.74960880303407,-10.611513376725402
1229,1589,eolico,6.164295673370361,6.057008266448975,370.8101735619946,681.1053792356448,444972208.2743935,False,1.0,0.42380372326127524,-41.954862720543574,-19.280738607035214
1230,1338,eolico,4.711597919464111,5.537500858306885,206.0849056464301,329.1037035963168,247301886.7757161,False,1.0,0.4235876914906421,-43.49946930129263,-24.28194046518744
1231,1825,eolico,5.786653995513916,6.228618144989014,442.64079172731334,754.8734837178959,531168950.072776,False,1.0,0.42338903368102665,-39.89949933008251,-20.902741676842105
1232,528,eolico,5.8102498054504395,5.920976161956787,326.0791406486935,603.7654079102357,391294968.7784322,False,1.0,0.42277010840390267,-50.65838631836543,-11.073770310477265
1233,1644,eolico,5.499639987945557,5.842931747436523,286.14647347914394,596.7769016652938,343375768.1749727,False,1.0,0.42233653841993607,-41.298564794396114,-21.453852613332117
1234,712,eolico,5.7303009033203125,6.206539630889893,441.7268562737611,742.6815480606872,530072227.5285133,False,1.0,0.42156277519362234,-49.312056799875016,-9.253450791400214
1235,100,eolico,6.0774149894714355,5.72238302230835,202.7516598092394,653.4525432771806,243301991.7710873,False,1.0,0.42092021469011376,-53.85980744945951,-14.7078716949342
1236,473,eolico,6.319478988647461,6.4934539794921875,573.1682439941727,850.4223196318891,687801892.7930073,False,1.0,0.4194213634504265,-51.13574266085666,-8.821095618493338
1237,345,eolico,5.8794846534729,5.754570484161377,255.5322158479154,581.305210035502,306638659.0174985,False,1.0,0.4188148573625833,-52.02156677669381,-12.441012109500242
1238,2255,eolico,5.813853740692139,7.125638961791992,886.2004675639558,981.6054104268153,1063440561.0767471,False,1.0,0.41863510846851687,-36.99807641852374,-16.28438031445249
1239,1949,eolico,5.670019149780273,6.597878932952881,607.3903555666874,928.2591428374008,728868426.6800249,False,1.0,0.41851841550618785,-39.110914377865576,-19.07678145346014
1240,1465,eolico,5.174172878265381,5.5202765464782715,161.2563663928081,481.74005208504076,193507639.67136973,False,1.0,0.41830272805567414,-42.77619786707441,-21.112646204422422
1241,285,eolico,5.8297576904296875,5.8117218017578125,277.1173650719459,620.0562344033259,332540838.0863351,False,1.0,0.41794929356712934,-52.48144628273491,-12.443982547306387
1242,1579,eolico,5.085814952850342,5.807657718658447,313.24335757712095,515.5521023325957,375892029.09254515,False,1.0,0.4178784239384457,-41.58015576042748,-23.69522732069835
1243,508,eolico,6.101287841796875,5.802435398101807,297.52504367911513,553.1788123787708,357030052.41493815,False,1.0,0.41762915537031786,-50.50880211358295,-20.094693553878553
1244,509,eolico,5.506131172180176,5.7098069190979,261.96995198451305,511.3052825181827,314363942.38141567,False,1.0,0.417221699732783,-50.518668913444124,-19.64387233012217
1245,2555,eolico,5.249207019805908,7.278505802154541,994.1262136841079,938.1816048364116,1192951456.4209294,False,1.0,0.41721593830832127,-34.66901217311725,-16.093846056208474
1246,714,eolico,6.423305034637451,6.397268772125244,531.9284379223405,841.087670080974,638314125.5068086,False,1.0,0.4169126508019468,-49.32341189295336,-8.352322584434674
1247,711,eolico,5.937800407409668,6.0624589920043945,396.62606544947135,693.6494708162096,475951278.53936565,False,1.0,0.4168115747538951,-49.30592436403317,-9.70399258626442
1248,1953,eolico,6.033851623535156,6.797821998596191,724.7570622654283,935.8646201259701,869708474.718514,False,1.0,0.41673522629478416,-39.2619654875917,-17.328711223481378
1249,349,eolico,6.333985328674316,6.152471542358398,435.9353791450744,727.7505898858924,523122454.9740893,False,1.0,0.41660516397705905,-52.03418735352923,-10.63407792183446
1250,2127,eolico,5.393095016479492,6.823662757873535,709.3742269075746,1023.9253742822955,851249072.2890894,False,1.0,0.41618811931764804,-37.60258310603382,-19.82829716784307
1251,2557,eolico,5.958639621734619,7.046627998352051,903.9246320355286,838.2923705722083,1084709558.4426343,False,1.0,0.4160411231729571,-34.7522814795288,-15.239028996152076
1252,654,eolico,6.0312275886535645,6.431785583496094,553.513587146371,850.871585710943,664216304.5756452,False,1.0,0.41547414970093344,-49.77732662927347,-8.357408870477657
1253,1518,eolico,5.126399993896484,5.761829853057861,312.56672769863457,474.0142371696862,375080073.2383615,False,1.0,0.4152923057528141,-42.027398708842284,-24.174794503400943
1254,1888,eolico,5.133917808532715,6.410454750061035,539.9207312978931,860.5582856966903,647904877.5574718,False,1.0,0.414957556230663,-39.545149194287276,-19.551131103260527
1255,594,eolico,6.6192307472229,6.471989154815674,575.0987363704014,863.4445216562948,690118483.6444817,False,1.0,0.4145991381642551,-50.231252498802995,-8.361981551241987
1256,1018,eolico,5.963046550750732,6.6339311599731445,604.4058550993474,1035.0670072932576,725287026.1192168,False,1.0,0.4145246657211243,-47.08229137612112,-6.52404817646006
1257,2075,eolico,5.427709102630615,7.004875183105469,821.4450198918645,1016.6549074882403,985734023.8702374,False,1.0,0.4144366534830481,-38.39748713757846,-16.388823812689683
1258,898,eolico,5.91638708114624,6.703186988830566,647.5761535474082,1029.3064086087518,777091384.2568899,False,1.0,0.41404719475312773,-47.98635909190508,-6.535578838852629
1259,2010,eolico,5.908524990081787,6.729323387145996,675.5232727194543,996.3781959884639,810627927.2633452,False,1.0,0.4137573811092482,-38.678110156038656,-18.6031236261531
1260,1649,eolico,6.1620097160339355,6.073662281036377,405.96462498124504,719.5123029269993,487157549.97749406,False,1.0,0.4136269987601479,-41.480407624086865,-19.249462099090355
1261,1645,eolico,5.282618045806885,5.810463905334473,297.4344349627279,615.185928887881,356921321.95527345,False,1.0,0.4130203933879475,-41.33686721727035,-21.013143487763028
1262,651,eolico,6.447238922119141,6.081377029418945,418.2112146735018,705.4810946946918,501853457.60820216,False,1.0,0.4129209980643185,-49.761523389125855,-9.709916264693367
1263,2374,eolico,5.245003700256348,7.254488468170166,974.4715568363064,1005.6981212450453,1169365868.2035677,False,1.0,0.4124569302030043,-36.025113613804116,-16.641068222153695
1264,333,eolico,5.624264240264893,5.599545955657959,225.21293946385597,492.747628730858,270255527.35662717,False,1.0,0.41238732348562696,-51.97050638549507,-17.860143733998708
1265,534,eolico,6.3205156326293945,6.503392696380615,596.6838855944319,878.6867636343915,716020662.7133182,False,1.0,0.41219927597267775,-50.68518832765599,-8.366038924425299
1266,2618,eolico,5.557999610900879,6.937192916870117,880.4089904352692,787.2965733365618,1056490788.522323,False,1.0,0.41096807589561424,-34.32923531010302,-14.77435450760792
1267,835,eolico,5.7731404304504395,6.380107402801514,533.8589302985695,880.1970171571966,640630716.3582834,False,1.0,0.4102758720799828,-48.42184938042293,-7.890671447126486
1268,2376,eolico,6.001271724700928,7.016150951385498,884.2699751877269,907.732386764933,1061123970.2252723,False,1.0,0.41016614683724656,-36.10555964443867,-15.779967534504715
1269,1586,eolico,5.968181133270264,5.731602191925049,272.4582037405287,593.2717483602939,326949844.4886344,False,1.0,0.41003409394910295,-41.852429624420544,-20.605957399753507
1270,2073,eolico,5.541898250579834,6.947053909301758,801.1961167965501,1033.3124474172853,961435340.1558601,False,1.0,0.4096842276964825,-38.32425770930898,-17.25972257375371
1271,2436,eolico,5.839850902557373,7.038003921508789,905.8551244117573,898.5016384830957,1087026149.2941086,False,1.0,0.4086695210803409,-35.64064031757125,-15.742912049335025
1272,839,eolico,6.549208164215088,6.816097259521484,714.2620935957284,1080.0240566196994,857114512.314874,False,1.0,0.4085969511346137,-48.443223322674235,-6.090755134071298
1273,1701,eolico,5.754765033721924,5.87110710144043,350.62614986127124,614.8194178615039,420751379.8335255,False,1.0,0.40822476441207456,-40.69268574195826,-22.736530272134164
1274,566,eolico,5.231386661529541,5.729058742523193,333.4807756490689,449.98143064973135,400176930.7788827,False,1.0,0.4074344674713103,-50.007502581622546,-20.985679001047057
1275,533,eolico,6.273530960083008,6.35786247253418,551.5830947701421,831.6634746819591,661899713.7241706,False,1.0,0.4070502394362153,-50.68126235725867,-8.817361207271402
1276,773,eolico,5.978605270385742,6.172065258026123,465.2424978740204,784.5050596956128,558290997.4488244,False,1.0,0.4066367232131246,-48.86345203161014,-8.796989398064653
1277,1760,eolico,5.11069917678833,5.998330116271973,414.9367027422622,662.9368569318827,497924043.2907146,False,1.0,0.40570002823933127,-40.16267136739404,-23.13495350431596
1278,2617,eolico,6.394577503204346,7.00701904296875,925.5097812595587,837.2939787998109,1110611737.5114706,False,1.0,0.40486755578436345,-34.288693443070166,-15.200819238276164
1279,2187,eolico,5.650529861450195,6.859670639038086,757.6496571198642,1071.081970970813,909179588.543837,False,1.0,0.40463912743012753,-37.12761769387382,-19.785537900542636
1280,474,eolico,6.30903434753418,6.50054931640625,618.2690348184623,896.462166069653,741922841.7821547,False,1.0,0.40459934215351023,-51.13913293416124,-8.369579477211781
1281,1519,eolico,5.291192531585693,5.616505146026611,277.3505357591892,465.8331823517694,332820642.911027,False,1.0,0.4040118914552785,-42.06870365596019,-23.733043292692418
1282,896,eolico,6.603172302246094,6.409997463226318,557.3745718988289,929.3110867038143,668849486.2785946,False,1.0,0.4039965611838643,-47.97481758229672,-7.434818645952723
1283,569,eolico,5.985773086547852,5.533717632293701,226.81550056526262,484.6432763620944,272178600.67831516,False,1.0,0.403194181025147,-50.042063163395234,-19.63403662319726
1284,2129,eolico,6.045395851135254,6.81013822555542,742.5541538735156,1062.0947629943257,891064984.6482188,False,1.0,0.40216544447055713,-37.69162512116775,-18.96059106559723
1285,958,eolico,6.420524597167969,6.583868026733398,625.9910043233779,1030.9789989107603,751189205.1880535,False,1.0,0.4021247757147057,-47.53432009985672,-6.530009970268034
1286,530,eolico,6.244327545166016,5.992462635040283,416.2807222972729,693.0983009079129,499536866.7567275,False,1.0,0.40168651376812864,-50.66819156427496,-10.171249658240944
1287,2195,eolico,5.854021072387695,6.977566242218018,864.6153183399254,997.6081762918501,1037538382.0079104,False,1.0,0.40120611575864035,-37.464388030520205,-16.320042610725576
1288,2252,eolico,5.8562726974487305,7.119541168212891,898.7721658753179,1125.710939548859,1078526599.0503814,False,1.0,0.4010637707987866,-36.87768249795087,-17.581752957473803
1289,331,eolico,5.91746711730957,5.678725719451904,296.3231228530601,544.929021696827,355587747.42367214,False,1.0,0.40077906018001896,-51.959954057081596,-18.76304428604315
1290,2247,eolico,5.232242584228516,6.94502067565918,806.1353559216815,1118.4855855031408,967362427.1060178,False,1.0,0.4001642313111041,-36.65289754351232,-19.74174638653907
1291,1891,eolico,5.785478591918945,6.4861273765563965,621.5116350772461,917.3570661847637,745813962.0926952,False,1.0,0.3997260582722547,-39.659814057044,-18.23780459596771
1292,1335,eolico,5.434455394744873,5.604703903198242,311.733481464766,401.71641427698796,374080177.75771916,False,1.0,0.39949115707334937,-43.38467184301051,-25.61331027405949
1293,2135,eolico,5.53547477722168,6.936704635620117,843.0301691158949,1015.8223097715,1011636202.9390738,False,1.0,0.39910823958202446,-37.930859289006065,-16.354861111746047
1294,2313,eolico,5.115785121917725,7.184908390045166,967.057420271612,1065.0478464594416,1160468904.3259344,False,1.0,0.39872400039335315,-36.4509327558937,-17.11085824136568
1295,2005,eolico,5.5291242599487305,6.4071044921875,590.2495217281996,897.8943288266942,708299426.0738395,False,1.0,0.39809665717959397,-38.46426623939582,-20.78180704418383
1296,2193,eolico,5.372308731079102,7.045639991760254,882.3591308736643,1092.0955537397829,1058830957.0483972,False,1.0,0.3976975995059601,-37.38723753962631,-17.187071267508525
1297,1457,eolico,5.32144021987915,5.617605209350586,312.28897895401167,439.98298132945996,374746774.744814,False,1.0,0.39764208867430534,-42.477146898575796,-24.65439054917525
1298,346,eolico,5.594839572906494,5.708380222320557,300.63300667220517,615.0951476646767,360759608.0066462,False,1.0,0.3974152459194287,-52.024920342320215,-11.989301145443232
1299,1698,eolico,4.972320556640625,5.925511360168457,422.10944139571,621.3451105129152,506531329.674852,False,1.0,0.39719755068693297,-40.55787681945004,-24.054724798978253
1300,2008,eolico,5.481223106384277,6.494185447692871,630.9966833126056,950.3406736325617,757196019.9751266,False,1.0,0.39538260420591304,-38.595986003948475,-19.474919531663495
1301,959,eolico,6.172857761383057,6.646061897277832,671.0917951476675,1080.899620529698,805310154.177201,False,1.0,0.3949253110733542,-47.53990624703621,-6.0807570201031975
1302,897,eolico,6.013660907745361,6.458747863769531,602.4753627231186,979.3086282356729,722970435.2677423,False,1.0,0.3948415832281721,-47.980778647748906,-6.985205380628871
1303,2921,eolico,6.1555891036987305,6.780980587005615,891.4110454762488,687.6012642665387,1069693254.5714985,False,1.0,0.3948298431282709,-32.14271333920837,-13.316261307229844
1304,2007,eolico,5.536397933959961,6.4432501792907715,613.6524875973877,930.5032720092789,736382985.1168652,False,1.0,0.39429546043517794,-38.55323110983316,-19.910659148238377
1305,1517,eolico,5.137633323669434,5.686199188232422,347.7829196380798,487.2149836562319,417339503.56569576,False,1.0,0.3940811180757505,-41.98508800795921,-24.616453135885635
1306,2070,eolico,5.171891212463379,6.697556972503662,719.1334376308272,1039.9821757514924,862960125.1569927,False,1.0,0.3939125517638369,-38.20613884192066,-18.565339590361177
1307,1767,eolico,5.5725812911987305,5.992002964019775,428.1174359938495,748.7741137764075,513740923.1926194,False,1.0,0.3933855758771019,-40.457255863516004,-20.0623539096014
1308,2797,eolico,5.627998352050781,7.053650856018066,993.6713111071855,852.0812942782837,1192405573.3286226,False,1.0,0.392792203256776,-32.89888512667342,-15.081960230245075
1309,626,eolico,4.819065570831299,5.539122581481934,298.3263242298184,413.85589807221714,357991589.07578206,False,1.0,0.3922846712291843,-49.526829148540855,-20.973763775442745
1310,2493,eolico,5.279669284820557,7.292501926422119,1062.742646108657,1041.3012246091096,1275291175.3303885,False,1.0,0.3920383196373304,-35.047872727817555,-16.990089835666723
1311,472,eolico,5.929873943328857,6.1945343017578125,528.0674531698829,804.855159803223,633680943.8038595,False,1.0,0.3919059309835531,-51.13216706499238,-9.272599567108044
1312,332,eolico,5.779938697814941,5.531247138977051,260.7680311584581,517.0821328896138,312921637.3901497,False,1.0,0.3911113316769219,-51.965306703690636,-18.311605404951752
1313,106,eolico,6.001188278198242,5.918713092803955,388.69311646587136,771.0758633965165,466431739.7590456,False,1.0,0.39077329507754266,-53.86136387017683,-11.996228682631058
1314,1952,eolico,5.886406421661377,6.567232608795166,691.8709131670207,948.9026787491513,830245095.8004248,False,1.0,0.39051783069346385,-39.22579290995437,-17.76586802642558
1315,1080,eolico,6.414951324462891,6.6562910079956055,673.0222875238966,1140.4658302252767,807626745.0286759,False,1.0,0.39034615156388824,-46.64251519603983,-5.620883333860527
1316,2314,eolico,5.726589202880859,7.066492080688477,952.8864076122761,1016.4160578724483,1143463689.1347313,False,1.0,0.38973586132103105,-36.492029842503584,-16.679427429350145
1317,2192,eolico,4.859440803527832,6.9724440574646,855.5525682382593,1139.6920685190053,1026663081.8859111,False,1.0,0.3895042139363928,-37.34693387348278,-17.62042980523255
1318,1577,eolico,5.400887966156006,5.744544506072998,383.276860322148,534.9503310950697,459932232.3865776,False,1.0,0.3889877928345043,-41.493325290101566,-24.57705027863876
1319,1646,eolico,5.562540054321289,5.691714763641357,316.3142139054835,636.996690605267,379577056.6865802,False,1.0,0.38893805932230235,-41.37419023244262,-20.57234767928979
1320,1829,eolico,5.18259859085083,6.186315536499023,521.805160734512,842.0678140043481,626166192.8814144,False,1.0,0.38884006076181354,-40.05813439195499,-19.149064175013393
1321,412,eolico,6.352424144744873,6.224620819091797,549.6526023939133,827.2519657697314,659583122.8726959,False,1.0,0.38864649323652745,-51.58722170789992,-9.275953345343675
1322,1641,eolico,4.666267395019531,5.614068031311035,303.5086289274329,564.986283143207,364210354.7129195,False,1.0,0.38769403550009407,-41.17764793837923,-22.77543734237414
1323,656,eolico,6.505850791931152,6.459298610687256,643.7151687949506,948.5963537262186,772458202.5539408,False,1.0,0.38723325974657197,-49.786502388747756,-7.455670889819644
1324,1456,eolico,4.923274993896484,5.61927604675293,347.5051708934569,459.6454798202009,417006205.0721483,False,1.0,0.387030039323837,-42.435492659603185,-25.09672641888634
1325,2191,eolico,5.209547996520996,6.919233322143555,830.8927477129853,1151.7208062288316,997071297.2555823,False,1.0,0.3869819443670563,-37.30546138166741,-18.05368031490196
1326,2613,eolico,5.691238880157471,7.329724311828613,1105.912944556718,1037.2861018649205,1327095533.4680617,False,1.0,0.3867551912574945,-34.11346465246967,-16.905436323460258
1327,348,eolico,5.9621195793151855,5.841359615325928,390.8345883207847,688.6179111909978,469001505.9849416,False,1.0,0.3867213431413012,-52.03122961329587,-11.085833496373327
1328,778,eolico,5.9920806884765625,6.587826728820801,690.7464519954693,1033.2374635189499,828895742.3945632,False,1.0,0.38590800502725114,-48.89046513888214,-6.545529767052478
1329,103,eolico,5.866203784942627,5.624159812927246,271.2845133281229,698.7697093564155,325541415.9937475,False,1.0,0.3849028847149486,-53.86062878695688,-13.352122612352789
1330,350,eolico,6.041280746459961,6.0353569984436035,481.0361699693642,768.1453082233046,577243403.963237,False,1.0,0.38430938015010246,-52.03701511029404,-10.18230859271142
1331,163,eolico,5.5281829833984375,5.52738618850708,236.8444366491991,653.2420073035997,284213323.97903895,False,1.0,0.38395074447186484,-53.39907625048105,-13.351448391155461
1332,1823,eolico,5.6947550773620605,5.918295860290527,433.30819616860384,728.1564824538458,519969835.4023246,False,1.0,0.3833014501909852,-39.81375860189914,-21.778987341347552
1333,2556,eolico,6.072139739990234,6.932358741760254,949.0254228598183,888.2338718527337,1138830507.431782,False,1.0,0.3832654065033571,-34.711287112590284,-15.666497503035712
1334,592,eolico,6.051334857940674,6.029232025146484,484.89715472182195,767.9087543750529,581876585.6661863,False,1.0,0.38245528266401774,-50.222087350157366,-9.264168653223981
1335,2011,eolico,5.23567533493042,6.564460277557373,702.0819972073413,1011.6501439050412,842498396.6488096,False,1.0,0.3816369836010164,-38.71750586285619,-18.167073082459307
1336,1818,eolico,5.664485931396484,6.0272650718688965,504.7957990927177,720.1781579841696,605754958.9112612,False,1.0,0.3815366977649064,-39.57973511286367,-23.96770031402574
1337,655,eolico,6.368230819702148,6.308176040649414,598.6143779706608,899.6714671681357,718337253.564793,False,1.0,0.3814514735961041,-49.782049466686786,-7.906546054513275
1338,2254,eolico,5.425808906555176,6.973906517028809,931.3012583882455,1029.4534930370203,1117561510.0658946,False,1.0,0.3806256200533374,-36.95912126655325,-16.716944896004815
1339,838,eolico,5.936427116394043,6.511147499084473,669.1613027714387,1030.0610027620014,802993563.3257265,False,1.0,0.3806184591317936,-48.438407668583835,-6.540752738835802
1340,2735,eolico,5.772969722747803,7.136568546295166,1058.8816613561994,943.4861147775104,1270657993.6274393,False,1.0,0.3795701809188117,-33.27366040767501,-15.970209846821623
1341,2552,eolico,5.507423400878906,7.342176914215088,1123.3420902903322,1088.053611406259,1348010508.3483987,False,1.0,0.37935251189645797,-34.534377270203144,-17.375133614264648
1342,1883,eolico,5.63972806930542,6.010446548461914,483.2982536695304,777.1777656232455,579957904.4034365,False,1.0,0.37927579488080615,-39.33243472522599,-21.738025881873327
1343,2369,eolico,5.287008762359619,7.100804328918457,929.877146706664,1246.282051278242,1115852576.0479968,False,1.0,0.3791152457548434,-35.80230112427356,-18.791754808385633
1344,1889,eolico,5.763526916503906,6.216950416564941,564.0051727620045,884.8003276568356,676806207.3144053,False,1.0,0.37848136879231487,-39.58442481917262,-19.113449430639672
1345,1943,eolico,4.837180137634277,6.1211442947387695,533.2901753577937,826.3163412511716,639948210.4293524,False,1.0,0.3779266720395413,-38.851378604139704,-21.69585601105525
1346,1395,eolico,5.512347221374512,5.531351566314697,347.2274221488341,441.77991572630714,416672906.5786009,False,1.0,0.37602831512310536,-42.88860576712396,-25.576917657736796
1347,352,eolico,6.565917015075684,6.19138240814209,571.2377516179438,851.997536075016,685485301.9415325,False,1.0,0.3759900254452808,-52.042284244347336,-9.278730924397225
1348,229,eolico,5.807583332061768,5.981307506561279,479.10567759313534,792.2934395129691,574926813.1117624,False,1.0,0.3747133959671393,-52.94809199042133,-10.6384706293669
1349,410,eolico,5.736206531524658,5.908838272094727,459.45102074533384,740.6032864749268,551341224.8944006,False,1.0,0.374074070136218,-51.58073043393057,-10.179255223976513
1350,837,eolico,6.420386791229248,6.353630542755127,624.0605119471489,980.1017171420774,748872614.3365787,False,1.0,0.37400663305906523,-48.43324121105884,-6.990738533562772
1351,596,eolico,6.819416522979736,6.410333156585693,665.3003180189809,959.8901129351684,798360381.6227771,False,1.0,0.37355479281752163,-50.23944792686542,-7.459744466417471
1352,164,eolico,5.843432903289795,5.54017448425293,277.3523109279991,676.1297313180714,332822773.11359894,False,1.0,0.37329363531508986,-53.400173492528424,-12.899522763475163
1353,2311,eolico,5.342170238494873,6.987576961517334,920.3397071018352,1162.6596838033674,1104407648.5222023,False,1.0,0.3729631891840026,-36.365089399471124,-17.973375828703745
1354,2130,eolico,5.9355854988098145,6.658356189727783,763.5274129013702,1084.1385254294723,916232895.4816443,False,1.0,0.3727379733489731,-37.73436978697494,-18.52656705187592
1355,960,eolico,5.956525802612305,6.60344123840332,716.1925859719574,1130.8272560950484,859431103.1663489,False,1.0,0.3725347184131708,-47.54508721560177,-5.63149189412949
1356,2430,eolico,5.59820032119751,7.130063056945801,993.5190767758322,1195.6826793252312,1192222892.1309986,False,1.0,0.3717906010201012,-35.37869776623094,-18.31836162491832
1357,507,eolico,5.580371379852295,5.522091388702393,333.0801353737172,520.5774949327082,399696162.44846064,False,1.0,0.37094357487905516,-50.49866294175058,-20.54548700580468
1358,471,eolico,6.188681125640869,5.9394659996032715,482.9666623455931,759.8457309188888,579559994.8147117,False,1.0,0.3706936255508908,-51.128405016568635,-9.724090713637187
1359,597,eolico,6.639191150665283,6.494161605834961,710.4011088432707,1008.3726108819604,852481330.6119248,False,1.0,0.36962518086465135,-50.243185253383686,-7.008608845042671
1360,1762,eolico,5.314647674560547,5.70279598236084,387.7464956859236,670.154750605827,465295794.8231083,False,1.0,0.3691560200279245,-40.2522141193048,-22.257572384689528
1361,2737,eolico,5.682055950164795,6.840090274810791,969.3903877498987,844.2247471403036,1163268465.2998784,False,1.0,0.36879245860804893,-33.36199339415419,-15.122272198678678
1362,1887,eolico,5.938732147216797,6.040955066680908,519.5449521150263,838.5997295139138,623453942.5380315,False,1.0,0.36867620909822296,-39.504802597984956,-19.98871545678497
1363,329,eolico,5.826605796813965,5.623988628387451,367.4333062422643,609.1757150076145,440919967.4907171,False,1.0,0.36863492086140903,-51.94878234502274,-19.66585170469874
1364,593,eolico,6.042298793792725,6.037323474884033,529.9979455461117,815.542855104535,635997534.6553341,False,1.0,0.36762861782913464,-50.226791830806015,-8.813081682277117
1365,2676,eolico,5.593365669250488,6.898742198944092,992.1957213078791,889.1645673643266,1190634865.569455,False,1.0,0.36725353113858533,-33.78259634658536,-15.58709600250496
1366,2375,eolico,6.2462477684021,6.8306145668029785,929.3707660120167,956.6626356918555,1115244919.21442,False,1.0,0.36715640437986324,-36.0659438006138,-16.21057338394054
1367,351,eolico,5.788334369659424,6.020936012268066,526.1369607936539,809.6131841884043,631364352.9523847,False,1.0,0.3667963794475616,-52.03971378735698,-9.73052607172741
1368,2003,eolico,5.201403617858887,6.156391620635986,583.2834819076184,875.5524611685498,699940178.289142,False,1.0,0.36563326220890163,-38.370596619508525,-21.65249310447323
1369,719,eolico,6.2372660636901855,6.600155830383301,757.4323920437893,1088.3749060380333,908918870.4525471,False,1.0,0.3654677207391232,-49.34657117851663,-6.099275911016168
1370,228,eolico,6.298511505126953,5.812615871429443,434.00488676884555,756.5068412308506,520805864.1226147,False,1.0,0.3651574019081286,-52.946508407255976,-11.090417280613943
1371,104,eolico,5.258993148803711,5.55952262878418,307.2853793741275,720.212052232022,368742455.248953,False,1.0,0.364313747362036,-53.86088328613688,-12.90017338983613
1372,2553,eolico,5.734043598175049,7.136910438537598,1084.3277953326874,1038.0921677516292,1301193354.399225,False,1.0,0.36426235310036753,-34.580570357058356,-16.948167997832613
1373,414,eolico,6.0801849365234375,6.272324085235596,639.8541840424928,916.6233696575206,767825020.8509914,False,1.0,0.3641124664471144,-51.59308512977154,-8.372601887678302
1374,2916,eolico,5.76942253112793,7.062463283538818,1089.0304434617576,924.0790341499868,1306836532.1541092,False,1.0,0.3629251778372504,-31.927267221133274,-15.419747593347145
1375,2009,eolico,5.326759338378906,6.318922519683838,651.724062137156,972.3468787941927,782068874.5645872,False,1.0,0.36261857724989527,-38.637607872103466,-19.039073393597928
1376,2435,eolico,5.829010009765625,6.828474998474121,950.9559152360471,947.908490785758,1141147098.2832565,False,1.0,0.3621380622319963,-35.60012834615661,-16.172453758184712
1377,1820,eolico,5.148813724517822,5.808327674865723,461.51237948266237,712.9366680977394,553814855.3791949,False,1.0,0.3615654493410204,-39.676795182464204,-23.092554856217056
1378,2372,eolico,5.210476875305176,6.984034538269043,987.1341471241217,1104.0286844868053,1184560976.548946,False,1.0,0.3608283040484932,-35.939760502685495,-17.50171100680644
1379,286,eolico,5.488767147064209,5.511167049407959,322.2181558962357,651.8404922131208,386661787.07548285,False,1.0,0.3598728193052312,-52.4840211677746,-11.99216058047627
1380,1699,eolico,5.300697326660156,5.608464241027832,393.4003296038847,615.126656143858,472080395.52466166,False,1.0,0.35918044470270327,-40.60390878694355,-23.615431716886146
1381,2246,eolico,5.626772880554199,6.632998943328857,795.7806062288332,1103.9469861537223,954936727.4745998,False,1.0,0.3589537977708882,-36.60419649805549,-20.173370487718554
1382,2856,eolico,6.060694694519043,6.978525638580322,1062.2251908757096,911.3698222899015,1274670229.0508516,False,1.0,0.3588111798097153,-32.39083833649149,-15.46261987720141
1383,476,eolico,6.36001443862915,6.403255939483643,708.4706164670419,989.6954087630784,850164739.7604502,False,1.0,0.3586904154922752,-51.145361725619935,-7.466513064575522
1384,659,eolico,6.711678981781006,6.59488582611084,779.0175412678199,1095.9534308999225,934821049.5213839,False,1.0,0.3584691566515071,-49.79825513592419,-6.102978287669387
1385,2186,eolico,5.281991958618164,6.507986545562744,746.6227722999083,1055.8908711596591,895947326.75989,False,1.0,0.35791361396348786,-37.080098036084784,-20.21819975149422
1386,170,eolico,5.537136077880859,6.024768352508545,545.7916176414556,862.9653378725679,654949941.1697466,False,1.0,0.35733301560332453,-53.4059085603726,-10.187657980901141
1387,2857,eolico,5.6532979011535645,6.857889175415039,1019.8272526134252,862.7685903148079,1223792703.1361103,False,1.0,0.3567253939889069,-32.43594035905001,-15.040973031114646
1388,1764,eolico,5.954861640930176,5.626606464385986,385.385810001883,691.9028134358124,462462972.0022596,False,1.0,0.3566858104616349,-40.337398483352345,-21.379777484116282
1389,2064,eolico,5.858628749847412,6.218911647796631,634.5299584861618,934.1823084592775,761435950.1833942,False,1.0,0.3560935702703128,-37.93883761642167,-21.1736494824023
1390,347,eolico,5.892571926116943,5.524102210998535,345.7337974964949,650.9749105356071,414880556.9957939,False,1.0,0.35580764261118836,-52.02814094097155,-11.537574756509898
1391,2371,eolico,5.840254783630371,6.93728494644165,965.8397308049717,1153.3016295473583,1159007676.965966,False,1.0,0.3548997432476766,-35.89521164200795,-17.93185191376431
1392,477,eolico,6.488975524902344,6.483813285827637,753.5714072913315,1036.7850768567844,904285688.7495978,False,1.0,0.35441691303597334,-51.14820219874928,-7.01496402201858
1393,1697,eolico,5.293491363525391,5.694081783294678,454.5205624593364,631.4734274836032,545424674.9512037,False,1.0,0.3544122192014534,-40.51072759654876,-24.49390933988684
1394,2248,eolico,5.009632110595703,6.655784606933594,819.4154324175393,1135.0423171488899,983298518.9010471,False,1.0,0.3532984773812051,-36.700331010740435,-19.30999280460227
1395,2373,eolico,5.5650787353515625,6.938182830810547,1010.4559679845104,1054.8241671590292,1212547161.5814126,False,1.0,0.35281094703499577,-35.983056764165624,-17.071448595487468
1396,2492,eolico,5.655864715576172,7.078888416290283,1077.5324787145507,1091.1157376371018,1293038974.4574609,False,1.0,0.3526373379796762,-35.00263435096407,-17.418176026323803
1397,270,eolico,5.311059951782227,5.516478061676025,367.03266596691265,614.8783065202925,440439199.1602952,False,1.0,0.3526233016935038,-52.429910142636956,-19.219148632024694
1398,1637,eolico,4.609102725982666,5.583079814910889,418.7708010062162,583.0654107201929,502524961.2074594,False,1.0,0.3520025346889549,-41.00186861512018,-24.53619713535343
1399,2367,eolico,5.637059688568115,6.8446044921875,903.6020309479352,1213.9179699870451,1084322437.1375222,False,1.0,0.35173709226513056,-35.704210572898674,-19.651127967075315
1400,166,eolico,6.343128681182861,5.57613468170166,365.3884543442966,730.0712297472555,438466145.21315587,False,1.0,0.3509236026089473,-53.40224547289429,-11.99562500540707
1401,226,eolico,5.866504669189453,5.50783634185791,343.80330512026603,690.2535866597557,412563966.14431924,False,1.0,0.3502733518509037,-52.94313039090993,-11.994268800020855
1402,288,eolico,5.6557722091674805,5.641992092132568,412.41973754481523,721.6291389772631,494903685.0537783,False,1.0,0.3492157027336545,-52.48886544714081,-11.08847197299792
1403,2429,eolico,5.501238822937012,6.977090835571289,977.4930777762344,1245.3442825922837,1172991693.3314812,False,1.0,0.34908229127644086,-35.33054369002071,-18.74715728579501
1404,2123,eolico,5.159842491149902,6.2808332443237305,683.2730336640924,974.2581511783567,819927640.3969109,False,1.0,0.3488422523102399,-37.409879529468995,-21.56225135237616
1405,780,eolico,6.700930118560791,6.554259777069092,780.9480336440487,1132.8866858390984,937137640.3728584,False,1.0,0.3486350974041247,-48.89900102132155,-5.64486181018112
1406,2189,eolico,5.386246681213379,6.547176837921143,788.8015470116303,1107.627510501412,946561856.4139564,False,1.0,0.3479586983649528,-37.21895771621477,-18.919844502440025
1407,227,eolico,6.085537910461426,5.590573787689209,388.90409594455576,722.4100687025813,466684915.1334669,False,1.0,0.34771153869962895,-52.9448547183797,-11.542350181255346
1408,1940,eolico,5.238193988800049,5.943819999694824,556.4495436982638,812.9363601152743,667739452.4379166,False,1.0,0.34754861018322925,-38.705950415652744,-23.003862732661215
1409,2312,eolico,5.786688804626465,6.816203594207764,942.662513991799,1113.8008025651716,1131195016.7901587,False,1.0,0.3469778076850543,-36.408623598692984,-17.542175509534072
1410,2858,eolico,5.305341720581055,6.678521633148193,978.1476852782286,814.336741088645,1173777222.3338742,False,1.0,0.3459281227842047,-32.47965144109502,-14.619189302814075
1411,470,eolico,6.128066062927246,5.653097152709961,437.86587152130335,715.499295128548,525439045.825564,False,1.0,0.3448830541462625,-51.12445532304126,-10.175568450827345
1412,1822,eolico,5.630318641662598,5.64341926574707,437.22826309588277,719.653254143369,524673915.71505934,False,1.0,0.3432554622678176,-39.76923295668745,-22.216952696621654
1413,1696,eolico,5.254858016967773,5.686985015869141,489.4809336297295,645.3275392213417,587377120.3556755,False,1.0,0.34313788601936457,-40.46244427535409,-24.932982700063075
1414,2494,eolico,5.633188724517822,6.8415350914001465,1017.6418552843672,991.5053846679326,1221170226.3412406,False,1.0,0.34288235848226145,-35.09181810966638,-16.56187668110858
1415,776,eolico,6.445769309997559,6.061167240142822,600.5448703468898,933.6632525095174,720653844.4162678,False,1.0,0.34198187268390806,-48.88063868233097,-7.446152746847945
1416,1941,eolico,5.045709609985352,5.884086608886719,544.264212950891,814.3565449714813,653117055.5410691,False,1.0,0.341878704583336,-38.75562802817491,-22.567981807503365
1417,2184,eolico,5.906843662261963,6.357603549957275,734.350520175963,1032.1256795165352,881220624.2111555,False,1.0,0.34148232983509325,-36.981283233254665,-21.08313672653226
1418,2067,eolico,5.15018367767334,6.189094066619873,661.3551123772996,977.0515624364747,793626134.8527596,False,1.0,0.340897335395349,-38.07778917239195,-19.870009167844827
1419,2068,eolico,5.123069763183594,6.225809097290039,677.4791683030832,995.9622545056483,812975001.9636998,False,1.0,0.3403225892566069,-38.12173130840554,-19.435229560113214
1420,1942,eolico,5.281463623046875,5.860707759857178,536.4801695459951,818.8330959837331,643776203.4551941,False,1.0,0.340065029357411,-38.804098610815934,-22.13197854727942
1421,168,eolico,5.93800687789917,5.696905612945557,455.5900359928761,793.0047839938247,546708043.1914513,False,1.0,0.33945008497664975,-53.4041563391665,-11.091668684566867
1422,2794,eolico,5.937903881072998,7.013149261474609,1125.702832629973,999.8592249410578,1350843399.1559677,False,1.0,0.3393061526658303,-32.761831469449376,-16.350096932883012
1423,2126,eolico,5.244357585906982,6.2597479820251465,697.584657933123,1008.023866462854,837101589.5197476,False,1.0,0.3389662842980669,-37.55625726571058,-20.261972875567434
1424,2615,eolico,5.825567245483398,6.772345542907715,1015.7113629081384,937.2896201432459,1218853635.4897661,False,1.0,0.33841646838823397,-34.20371632289684,-16.053384026008462
1425,2855,eolico,5.334003448486328,6.9411396980285645,1105.2588326219468,960.1147147750901,1326310599.146336,False,1.0,0.3378190397628612,-32.34433262174751,-15.884125391946505
1426,411,eolico,5.992665767669678,5.76458215713501,504.5518115696235,783.5301662371868,605462173.8835483,False,1.0,0.3376080663503957,-51.58405504820115,-9.727610775285857
1427,1878,eolico,5.041500091552734,5.829282760620117,548.3064908559664,769.7077339335068,657967789.0271597,False,1.0,0.3370743009748804,-39.091152247648964,-23.92214310475966
1428,2365,eolico,5.264975070953369,6.699147701263428,887.874851935305,1189.1066917550477,1065449822.3223659,False,1.0,0.3370020903436549,-35.60081768454708,-20.509941233822634
1429,1575,eolico,5.041231155395508,5.531932830810547,453.70924420103853,571.4453108197583,544451093.0412463,False,1.0,0.3367306958401321,-41.402257421941286,-25.458472843700687
1430,232,eolico,5.983699798583984,6.03202486038208,614.4080500660046,907.7487398470595,737289660.0792056,False,1.0,0.33663105146181477,-52.952427070113366,-9.282553533766244
1431,1819,eolico,4.735769271850586,5.668262004852295,481.04702223244476,714.8200025026503,577256426.6789337,False,1.0,0.3360886273872474,-39.628851213182735,-23.530186093038196
1432,2124,eolico,5.120001792907715,6.196300029754639,684.4336909807836,983.1022336857378,821320429.1769403,False,1.0,0.33546731475267283,-37.45992116030177,-21.1289533021239
1433,110,eolico,6.477430820465088,5.932519435882568,567.3767668654859,897.9215784117946,680852120.2385831,False,1.0,0.33516997995593023,-53.86221350160856,-10.188168633036497
1434,2675,eolico,5.510533809661865,6.784277439117432,1037.2965121321688,939.0627989666697,1244755814.5586026,False,1.0,0.33445352495009706,-33.738598351731746,-16.012167493584197
1435,33,eolico,5.772751808166504,5.519288539886475,400.9851965601081,724.9621773995865,481182235.8721297,False,1.0,0.3340486994403001,-54.32931956378787,-17.870422070642114
1436,1946,eolico,5.008484840393066,5.872248649597168,551.5076858796137,865.8705827316079,661809223.0555365,False,1.0,0.3334937372402441,-38.986231900304524,-20.38680262452577
1437,1881,eolico,5.432455539703369,5.705438137054443,495.3809891042694,764.4495836209906,594457186.9251233,False,1.0,0.3331678777604955,-39.23945894436891,-22.612026137323458
1438,2490,eolico,5.3630757331848145,6.937056064605713,1040.62546819239,1190.7914082714944,1248750561.830868,False,1.0,0.33221510926123204,-34.90822378083437,-18.273952181660817
1439,354,eolico,6.2133684158325195,6.104259490966797,661.4393332665232,939.0167135947692,793727199.9198279,False,1.0,0.3321358736994037,-52.04704371998388,-8.375105026025539
1440,2125,eolico,5.631565093994141,6.187673568725586,689.2292188863046,994.3847638707585,827075062.6635655,False,1.0,0.33193477782651276,-37.50870842858161,-20.6955260232982
1441,1884,eolico,5.323545455932617,5.691391944885254,484.9377700458736,788.2362184774039,581925324.0550483,False,1.0,0.3315827681685187,-39.37720221115848,-21.300857800079807
1442,1758,eolico,5.168376922607422,5.573823928833008,462.598735026942,670.7183930666351,555118482.0323304,False,1.0,0.3312472865832202,-40.068646120118295,-24.01189973660711
1443,840,eolico,6.3055739402771,6.392014503479004,759.3628844200183,1129.990378872087,911235461.304022,False,1.0,0.330918522829173,-48.44768965977248,-5.640746530936102
1444,2181,eolico,5.065995216369629,6.284266471862793,741.2883177492864,1014.0760563666897,889545981.2991437,False,1.0,0.33076451559410674,-36.823378721307535,-22.37952270173591
1445,532,eolico,5.9892144203186035,5.710599899291992,506.4823039458524,785.0081793547495,607778764.7350229,False,1.0,0.3291521619780879,-50.67712179006122,-9.268670846303232
1446,2914,eolico,5.403196811676025,7.037487983703613,1173.6851233198338,1020.4766956914913,1408422147.9838006,False,1.0,0.3286215210071855,-31.831185237052015,-16.26015399057616
1447,595,eolico,5.535947322845459,5.9888739585876465,620.1995271946912,911.5715745044264,744239432.6336294,False,1.0,0.32853721347699916,-50.235470756612344,-7.910868924123335
1448,2306,eolico,5.658385276794434,6.5308732986450195,845.0372668604965,1152.1685487277757,1014044720.2325958,False,1.0,0.32703474302535473,-36.12855729289028,-20.127500763341708
1449,172,eolico,6.299186706542969,6.022233009338379,635.993199290035,938.3825239751313,763191839.1480421,False,1.0,0.32682228383564027,-53.40750438405264,-9.283597128840976
1450,2734,eolico,5.837349891662598,6.8810954093933105,1103.982452180489,993.1723724132117,1324778942.6165867,False,1.0,0.3263540427845175,-33.227447700549014,-16.39397542035942
1451,716,eolico,6.583113670349121,5.99346923828125,622.1300195709201,939.8303334616647,746556023.4851042,False,1.0,0.3260677169026717,-49.33356566631816,-7.451139756499445
1452,539,eolico,5.821847438812256,6.460951805114746,822.1878397158807,1117.6859558558199,986625407.6590569,False,1.0,0.32597430593413296,-50.701640038241166,-6.109260171691267
1453,384,eolico,5.662455081939697,5.525538444519043,510.0543132960244,525.8145349170155,612065175.9552293,False,1.0,0.32564277848579964,-51.43416233172232,-21.915605705415768
1454,2188,eolico,5.774149417877197,6.348617076873779,771.7644988925665,1088.3600715200548,926117398.6710798,False,1.0,0.3253448445732138,-37.173899335392434,-19.352751698766856
1455,2370,eolico,5.445940017700195,6.725429534912109,946.7095366501668,1202.6345917457713,1136051443.9802,False,1.0,0.3244831466727367,-35.84939654688989,-18.36186772701802
1456,600,eolico,6.065926551818848,6.511500835418701,845.70348131614,1154.5969871671825,1014844177.579368,False,1.0,0.323829600722817,-50.25296944628107,-5.655141687904239
1457,2066,eolico,5.42776346206665,6.037872314453125,648.693414372725,960.3742494044387,778432097.24727,False,1.0,0.32378173269609123,-38.032669358991036,-20.304674442755662
1458,1634,eolico,5.226768970489502,5.603931903839111,524.419376824552,638.7739059769548,629303252.1894624,False,1.0,0.32276844407479716,-40.85856955377313,-25.855666977858025
1459,475,eolico,6.320037841796875,6.033233642578125,663.3698256427522,942.9054611468245,796043790.7713026,False,1.0,0.3209845702422409,-51.142338953245364,-7.918051754751981
1460,413,eolico,6.364472389221191,5.862027168273926,594.753393218203,871.6490740751672,713704071.8618436,False,1.0,0.3204000344099184,-51.590231417749315,-8.824283520048015
1461,2614,eolico,5.780213832855225,6.759494304656982,1060.812153732428,987.2877719161705,1272974584.4789135,False,1.0,0.3203336826091989,-34.159256278123436,-16.47947622963429
1462,2063,eolico,5.808559417724609,5.958836078643799,633.2778453407346,924.8705469944902,759933414.4088815,False,1.0,0.31959246148641085,-37.890094941982035,-21.6079528736457
1463,231,eolico,5.766721725463867,5.802247047424316,569.3072592417149,868.0907102530896,683168711.0900578,False,1.0,0.31858385513009485,-52.95105084929508,-9.734538216621466
1464,2182,eolico,5.5077338218688965,6.189563751220703,735.5921484413858,1017.6744591649311,882710578.129663,False,1.0,0.3181615896503525,-36.877327048635415,-21.947534749191142
1465,292,eolico,5.923305034637451,5.842892646789551,592.8229008419742,878.8935021297582,711387481.010369,False,1.0,0.3174440863677025,-52.4973531936651,-9.280931262512647
1466,353,eolico,5.603098392486572,5.892306327819824,616.3385424422333,895.168193662012,739606250.93068,False,1.0,0.3170636184515367,-52.04472729743713,-8.826923718912475
1467,2243,eolico,5.813241004943848,6.3004841804504395,783.2652531542486,1073.2035119289515,939918303.7850983,False,1.0,0.31684114138208114,-36.450330254444076,-21.467430102239007
1468,2190,eolico,5.51965856552124,6.372358798980713,808.5761061180251,1128.7824231267834,970291327.3416301,False,1.0,0.31558266561983156,-37.262807122444464,-18.486819620212017
1469,2368,eolico,5.0626139640808105,6.624051094055176,915.4693163346766,1229.18993430547,1098563179.6016119,False,1.0,0.3153071224629511,-35.75391081296417,-19.221509468945708
1470,47,eolico,5.386934757232666,5.55106782913208,457.6148555208587,840.558306833564,549137826.6250305,False,1.0,0.31335121096157775,-54.31996004680318,-11.544090911134573
1471,1998,eolico,5.529102325439453,5.887722015380859,638.186827019362,868.928552043388,765824192.4232343,False,1.0,0.3132578816222349,-38.115003421179544,-23.827023638045524
1472,2000,eolico,5.2720723152160645,5.823581218719482,604.5306475400024,862.9362328915464,725436777.0480028,False,1.0,0.313139238854872,-38.22099663137457,-22.957601995027378
1473,2310,eolico,5.535676956176758,6.57069730758667,900.2431547372327,1211.6116757809293,1080291785.6846793,False,1.0,0.31311603586803327,-36.320316745140744,-18.40445574879214
1474,2004,eolico,5.359583377838135,5.78807258605957,584.6426764129708,885.3830634243701,701571211.695565,False,1.0,0.31098701368850956,-38.41802710861953,-21.217209330161843
1475,2428,eolico,5.562131404876709,6.706233501434326,963.7973222018251,1276.597552495487,1156556786.64219,False,1.0,0.31041315090961136,-35.28106688459915,-19.175815484197894
1476,1754,eolico,5.044865131378174,5.69679594039917,595.4072581926883,728.435951773538,714488709.831226,False,1.0,0.3096715788848239,-39.86661093705072,-25.764399612824807
1477,540,eolico,6.357643127441406,6.4572553634643555,867.2886305401705,1166.0395316555732,1040746356.6482046,False,1.0,0.309372009531932,-50.70430194846958,-5.657875439732252
1478,1880,eolico,5.621933460235596,5.559728622436523,508.7385237515216,762.9365040145141,610486228.5018259,False,1.0,0.30877208759977404,-39.19121902529109,-23.048852538417442
1479,2917,eolico,6.174311637878418,6.582407474517822,1047.7177939830083,876.1830566774539,1257261352.77961,False,1.0,0.3084059812406419,-31.97316071203949,-14.9993235333366
1480,1876,eolico,4.72059440612793,5.721686840057373,602.0507705174792,789.194451447943,722460924.6209751,False,1.0,0.305899193686185,-38.98618616219041,-24.794930398550807
1481,657,eolico,6.265200138092041,6.004539966583252,688.8159596192403,997.6278543469446,826579151.5430883,False,1.0,0.3051964353105918,-49.79068678618532,-7.0047840742847605
1482,233,eolico,6.384728908538818,5.902763366699219,659.5088408902942,948.3849788773207,791410609.068353,False,1.0,0.3025522708707675,-52.95373507619124,-8.830557257334704
1483,2671,eolico,5.51508903503418,6.976107120513916,1198.7295071312221,1138.7450068346382,1438475408.5574665,False,1.0,0.3022596514299364,-33.54903519862685,-17.711086887150707
1484,1936,eolico,5.41212272644043,5.799535274505615,642.8735018756171,837.6283774059962,771448202.2507405,False,1.0,0.30220277106336046,-38.494822254494274,-24.746100105316156
1485,2548,eolico,5.536000728607178,6.82424783706665,1060.9183269930186,1287.9293115236978,1273101992.3916223,False,1.0,0.30159151407872264,-34.33612995554656,-19.081600637242826
1486,2251,eolico,5.528478145599365,6.422730922698975,875.3307759556744,1174.074287243742,1050396931.1468093,False,1.0,0.30155847091898047,-36.835173813308224,-18.0139899396193
1487,109,eolico,6.024874210357666,5.587635040283203,522.2759760411963,863.6184733499608,626731171.2494355,False,1.0,0.299940213830354,-53.86201485887458,-10.640203674214536
1488,2672,eolico,5.608810901641846,6.881656646728516,1172.5988846050382,1088.8135184887694,1407118661.5260458,False,1.0,0.29992832132100206,-33.598489011961625,-17.286570408604533
1489,415,eolico,6.0444016456604,5.933449745178223,684.9549748667825,962.0939118758204,821945969.840139,False,1.0,0.29920325130529524,-51.59578374403429,-7.92090903878798
1490,1944,eolico,5.626991271972656,5.579753875732422,534.7764485747227,836.7256136626511,641731738.2896672,False,1.0,0.2981110570264457,-38.897483939852656,-21.25961720966989
1491,779,eolico,6.132330417633057,6.092336654663086,735.847242819759,1083.0539919529795,883016691.3837109,False,1.0,0.29789471715672117,-48.89489370430318,-6.095201025060419
1492,2612,eolico,5.909896373748779,6.82793664932251,1151.0137353810076,1087.2845854094724,1381216482.457209,False,1.0,0.2978122052934878,-34.06632794190534,-17.33126025686175
1493,2308,eolico,5.576674461364746,6.387380123138428,867.3308826607937,1181.9959721413197,1040797059.1929524,False,1.0,0.297742998905196,-36.22700015088273,-19.266240356060734
1494,478,eolico,6.091522693634033,6.19940185546875,798.6721981156213,1084.1354108501112,958406637.7387456,False,1.0,0.2972251577505294,-51.150861260783586,-6.563405244192197
1495,1814,eolico,5.7303338050842285,5.70131778717041,630.9011988767563,774.2172513421556,757081438.6521076,False,1.0,0.2969604061770788,-39.37119681426774,-25.716528286699496
1496,1755,eolico,4.825838088989258,5.518932819366455,560.1910662532429,709.1755724618816,672229279.5038915,False,1.0,0.29471099614893037,-39.9189121336974,-25.326455791994608
1497,113,eolico,6.118707656860352,5.962681293487549,702.6791393383551,1008.732889012826,843214967.2060261,False,1.0,0.2945426372553053,-53.86275525978953,-8.831990784613067
1498,2733,eolico,5.881089210510254,6.769373416900635,1149.083243004779,1042.888620070146,1378899891.6057348,False,1.0,0.2939685472576399,-33.17985317151451,-16.81759980675414
1499,1939,eolico,5.191546440124512,5.602853775024414,572.7553193685409,814.588527329629,687306383.242249,False,1.0,0.29380413703801134,-38.65504880998575,-23.439618213566725
1500,2915,eolico,5.682353496551514,6.688695907592773,1131.0446665558363,972.1869027622714,1357253599.8670037,False,1.0,0.29350277287801063,-31.879946505575735,-15.840025960030117
1501,1997,eolico,5.181765556335449,5.794445514678955,660.071956201742,876.1996187032962,792086347.4420904,False,1.0,0.2934567180870599,-38.06007517215622,-24.261529211901955
1502,1999,eolico,5.309815406799316,5.7142558097839355,619.5723242673836,864.4928486093081,743486789.1208603,False,1.0,0.29329839146262443,-38.16863775786296,-23.392380106668327
1503,599,eolico,6.591875076293945,6.188355922698975,800.6026904918501,1105.7431479820818,960723228.5902201,False,1.0,0.2931104639027931,-50.24994496213934,-6.106306785638684
1504,2250,eolico,5.534473896026611,6.325866222381592,854.1759353424308,1173.8582432302273,1025011122.4109169,False,1.0,0.29295663362117796,-36.79145483092708,-18.446111153851774
1505,2060,eolico,5.082006454467773,5.794602394104004,652.9000788392227,912.936119603467,783480094.6070672,False,1.0,0.29188209206866356,-37.73636470512365,-22.910087241256832
1506,112,eolico,6.080813407897949,5.836558818817139,657.5783485140654,970.6264718778028,789094018.2168785,False,1.0,0.2913728932840177,-53.86258364312069,-9.284061655598183
1507,2426,eolico,5.220991134643555,6.517949104309082,943.7851453849626,1249.0313036736243,1132542174.461955,False,1.0,0.2908258520069606,-35.178083505960885,-20.032703880966263
1508,2065,eolico,5.320003986358643,5.780143737792969,639.6997006670372,946.0484354295619,767639640.8004446,False,1.0,0.29007149668571425,-37.98635721643854,-20.739222268499987
1509,720,eolico,6.561811923980713,6.172481536865234,802.5331828680792,1137.9746172738253,963039819.441695,False,1.0,0.2873030464771888,-49.35031845478004,-5.648633669521106
1510,52,eolico,6.689262866973877,5.865188121795654,679.1634977380959,1004.3255122309522,814996197.2857151,False,1.0,0.28684589965642293,-54.3176633534139,-9.283946939445759
1511,2120,eolico,5.1044487953186035,5.876163005828857,701.4981982025269,962.9360180802348,841797837.8430322,False,1.0,0.28658655991526066,-37.25206142157085,-22.861335731903193
1512,234,eolico,6.062820911407471,5.897530555725098,704.6096317145841,989.8789631194044,845531558.057501,False,1.0,0.28636844612323525,-52.95497528200927,-8.3785499339288
1513,173,eolico,6.470612049102783,5.8470234870910645,681.0939901143247,977.7464163923839,817312788.1371896,False,1.0,0.2862033059580289,-53.408244290396816,-8.83154923428664
1514,2249,eolico,5.68535852432251,6.231939792633057,835.4813520965442,1153.5302850203534,1002577622.515853,False,1.0,0.2860304939161903,-36.746511924025924,-18.878113243255655
1515,295,eolico,6.54903507232666,5.946129322052002,728.1252733148434,1006.8429214552513,873750327.977812,False,1.0,0.2858054524501142,-52.502689379749064,-7.9251500106920965
1516,2488,eolico,5.483262062072754,6.62268590927124,1012.2877493166344,1290.5172618400193,1214745299.1799612,False,1.0,0.28458877080935224,-34.80847208320388,-19.12917395556439
1517,718,eolico,6.305261135101318,5.927440643310547,712.3316012194996,1038.8135745296586,854797921.4633995,False,1.0,0.28415248149112676,-49.342530804965676,-6.549908162288301
1518,2852,eolico,5.693772792816162,6.898532390594482,1237.5060726972213,1107.0213201056386,1485007287.2366655,False,1.0,0.2840540221470839,-32.19625902249711,-17.14774863186355
1519,358,eolico,6.170866012573242,6.198954105377197,841.8424965636822,1119.579189818731,1010210995.8764186,False,1.0,0.2827945681517096,-52.055057106355626,-6.567726878534499
1520,1692,eolico,5.066810131072998,5.570562839508057,630.3457013875109,732.9416115324626,756414841.6650131,False,1.0,0.28201052426297885,-40.25761407727575,-26.68810992373928
1521,357,eolico,6.022812843322754,6.074117660522461,796.7417057393924,1073.7929357231565,956090046.8872708,False,1.0,0.280529002562362,-52.053240308210704,-7.019585766417278
1522,114,eolico,5.437248706817627,5.964461803436279,747.779930162645,1047.839842171681,897335916.195174,False,1.0,0.2795983376263025,-53.86291798060961,-8.379909040568176
1523,2117,eolico,5.022597789764404,5.896785259246826,749.8915959192044,974.8397841158138,899869915.1030453,False,1.0,0.2760724832189555,-37.08233003508798,-24.15913080686443
1524,2432,eolico,5.393398284912109,6.471715927124023,1032.1119287904755,1096.451752036774,1238534314.5485706,False,1.0,0.2757718912353516,-35.4710964015527,-17.460373198425376
1525,2425,eolico,5.253483772277832,6.39036750793457,937.6262378113511,1238.0501366326876,1125151485.3736212,False,1.0,0.27493904207937353,-35.12454489088438,-20.460926128153808
1526,535,eolico,5.94437313079834,5.6616692543029785,641.7846764187217,926.0219878882425,770141611.702466,False,1.0,0.2742392837922105,-50.688900937097436,-7.914704633745426
1527,2001,eolico,5.225673198699951,5.53536319732666,593.3335846150809,864.2742613184028,712000301.538097,False,1.0,0.27411035531153305,-38.27209792852521,-22.522692623086563
1528,2731,eolico,5.757596492767334,6.8551154136657715,1239.284824653358,1142.3954214568903,1487141789.5840297,False,1.0,0.2740000585472495,-33.080462855520885,-17.664407628744144
1529,1938,eolico,5.281324863433838,5.504591464996338,592.8416458447505,819.2944599572467,711409975.0137006,False,1.0,0.27398069451390133,-38.60290571081032,-23.87524508894847
1530,2795,eolico,5.784821033477783,6.4503703117370605,1081.1716498471712,950.5225705646379,1297405979.8166056,False,1.0,0.27375682362455267,-32.80890452445487,-15.927524601614106
1531,2002,eolico,5.032711505889893,5.520793437957764,586.2014853693464,868.4935552540893,703441782.4432157,False,1.0,0.27343048309891504,-38.321958988917,-22.087655255659236
1532,2673,eolico,5.6038103103637695,6.582773208618164,1127.4980937807484,1038.8886203520412,1352997712.5368981,False,1.0,0.27282543797357445,-33.646558128722965,-16.861908861644647
1533,2062,eolico,5.295821666717529,5.635391712188721,635.9665011479431,918.1908690231406,763159801.3775316,False,1.0,0.27265252508362586,-37.840113074934656,-22.042129181395687
1534,2550,eolico,5.133450031280518,6.606333255767822,1087.9901535325396,1187.986231565019,1305588184.2390475,False,1.0,0.2724197462701776,-34.437977815540414,-18.228654327541665
1535,356,eolico,7.2156829833984375,5.905606746673584,751.6409149151026,1028.3992295518037,901969097.8981231,False,1.0,0.2718971304754253,-52.051299556408836,-7.471435473153954
1536,2854,eolico,6.0332746505737305,6.594197750091553,1148.85674391837,1008.9824468614796,1378628092.702044,False,1.0,0.27180787380719373,-32.2964100142387,-16.30548507207667
1537,1874,eolico,5.247367858886719,5.618892669677734,666.551012786416,820.491175281846,799861215.3436992,False,1.0,0.271562304911843,-38.8761728624791,-25.667189322134146
1538,2059,eolico,5.093246936798096,5.6778693199157715,666.8516132778088,914.407623402287,800221935.9333706,False,1.0,0.2712547380584212,-37.682563339481334,-23.34386220376218
1539,2609,eolico,5.752525806427002,6.6888298988342285,1121.5865300991454,1237.2807714135972,1345903836.1189744,False,1.0,0.2711667091772645,-33.91670530767603,-18.607873779336348
1540,2431,eolico,5.896919250488281,6.43315315246582,1011.7645945251044,1146.0505037263574,1214117513.4301252,False,1.0,0.27075688860773744,-35.42554389938769,-17.889432335473785
1541,53,eolico,6.361733913421631,5.855753421783447,724.2642885623856,1041.1993219284075,869117146.2748626,False,1.0,0.27048493272535223,-54.31726663634509,-8.831881742558013
1542,658,eolico,6.005706310272217,5.874577522277832,733.9167504435302,1046.750987214772,880700100.5322362,False,1.0,0.270222838448892,-49.79460396269225,-6.5538863068931645
1543,2851,eolico,5.019143104553223,6.913275241851807,1282.4551231014193,1156.1667335273735,1538946147.721703,False,1.0,0.27008892114169886,-32.14400191402133,-17.568643214825332
1544,2118,eolico,4.771731853485107,5.81609582901001,730.7016110884786,968.3096929368123,876841933.3061743,False,1.0,0.2699019616875069,-37.14026190096376,-23.726681780114053
1545,536,eolico,6.353545188903809,5.7414703369140625,686.8854672430115,973.6236518895295,824262560.6916138,False,1.0,0.26980832436282715,-50.692401351069755,-7.463358972960506
1546,2245,eolico,5.4643754959106445,5.991152763366699,788.4664447095277,1091.507165115039,946159733.6514332,False,1.0,0.26896819470442673,-36.55421236188454,-20.604861554864343
1547,537,eolico,5.530665874481201,5.845904350280762,731.9862580673012,1021.4545065664524,878383509.6807613,False,1.0,0.2689259243611842,-50.695690665605134,-7.01200258146255
1548,479,eolico,6.211871147155762,6.112926959991455,843.772988939911,1131.713692824007,1012527586.7278932,False,1.0,0.2686984778390959,-51.15333974124304,-6.1118373498812675
1549,50,eolico,6.694064140319824,5.5337910652160645,588.9619160895165,934.2468343995293,706754299.3074199,False,1.0,0.2684617909714812,-54.318518989654216,-10.188042526083404
1550,2303,eolico,4.85884428024292,6.082049369812012,833.2620631781563,1122.7462734100777,999914475.8137876,False,1.0,0.26775274171041297,-35.971007225664145,-21.41834392762459
1551,2244,eolico,5.270834922790527,5.956214427947998,784.2779453840557,1081.238565145108,941133534.4608668,False,1.0,0.26593682385140605,-36.502929122390015,-21.036215980771615
1552,2793,eolico,5.592083930969238,6.617602348327637,1170.6683922288091,1049.2586822355388,1404802070.674571,False,1.0,0.2658509486921875,-32.71335203776056,-16.772523487833254
1553,2674,eolico,5.670035362243652,6.4174580574035645,1082.3973029564586,988.9713104787428,1298876763.5477502,False,1.0,0.2650795183616673,-33.69325668474012,-16.43710649280522
1554,2058,eolico,5.314564228057861,5.6677446365356445,684.1809960194521,918.6023323483352,821017195.2233425,False,1.0,0.2649584766556417,-37.62745302661841,-23.77749649930971
1555,2546,eolico,5.386026382446289,6.576226234436035,1042.7717002851448,1346.3528625274275,1251326040.3421738,False,1.0,0.26483197621208476,-34.228710032983514,-19.933939281728023
1556,298,eolico,6.201433181762695,6.124747276306152,863.4276457877127,1140.1804896081933,1036113174.9452552,False,1.0,0.2645880089198401,-52.507160140963954,-6.5692777590916736
1557,538,eolico,5.940933704376221,5.911711692810059,777.087048891591,1069.4838018647717,932504458.6699092,False,1.0,0.2624269232152362,-50.6987699081272,-6.560636100220304
1558,2240,eolico,4.777807235717773,5.945714473724365,799.2134510552539,1062.9358436873708,959056141.2663047,False,1.0,0.2623018099142909,-36.28446666679385,-22.760193122579366
1559,2241,eolico,5.291125297546387,5.926450252532959,790.7778317357509,1064.0223985122682,948933398.082901,False,1.0,0.2615681264794302,-36.34111689230458,-22.32942248615285
1560,2183,eolico,5.634799480438232,5.796706676483154,733.268878151569,1023.7052122447419,879922653.7818828,False,1.0,0.26125709172885797,-36.9299561249244,-21.515404882955217
1561,2116,eolico,4.983636856079102,5.826364517211914,771.8484092185489,983.8706967658653,926218091.0622587,False,1.0,0.25940090218944933,-37.023017236633336,-24.59142549191
1562,2185,eolico,5.0623860359191895,5.803018093109131,738.8221202019834,1042.87797707013,886586544.24238,False,1.0,0.2589579980868105,-37.03132512559084,-20.650733845871873
1563,294,eolico,6.4091033935546875,5.652774333953857,683.0244824905536,963.4865723082673,819629378.9886644,False,1.0,0.25888986073985776,-52.50100750526907,-8.377087955631955
1564,175,eolico,6.221211910247803,5.869732856750488,771.2955717629043,1059.1697888915505,925554686.1154851,False,1.0,0.25878984922470005,-53.40960926491363,-7.927421208009314
1565,174,eolico,6.025613784790039,5.7613043785095215,726.1947809386146,1018.0443743935527,871433737.1263375,False,1.0,0.25846661725278114,-53.40894584344209,-8.37949041309464
1566,2239,eolico,5.535961627960205,5.939817905426025,810.6507888916176,1064.1999582103758,972780946.6699411,False,1.0,0.25840077245262416,-36.226429321837244,-23.19080819785959
1567,2299,eolico,5.579824924468994,6.051122188568115,859.0552430802867,1114.1431539504015,1030866291.696344,False,1.0,0.25747079026973274,-35.74176954863951,-23.13735121252306
1568,417,eolico,6.811373710632324,5.860105037689209,775.156556515362,1054.2662292803186,930187867.8184344,False,1.0,0.2568642970046377,-51.600719023949466,-7.017492064376532
1569,2309,eolico,5.105644226074219,6.135951042175293,882.5249564936951,1199.7606156641084,1059029947.7924341,False,1.0,0.25575356393983073,-36.2742917710838,-18.835411773015338
1570,2302,eolico,5.256926536560059,5.997541904449463,835.3072650916373,1117.250257424808,1002368718.1099647,False,1.0,0.25549536562183556,-35.915787613098196,-21.848330448642272
1571,2551,eolico,5.570866584777832,6.473226547241211,1104.6764290962335,1138.0184417842836,1325611714.9154801,False,1.0,0.2535270146022549,-34.4868511720943,-17.801963729136858
1572,2611,eolico,5.5760111808776855,6.55076789855957,1151.5777099848426,1137.2832022921882,1381893251.981811,False,1.0,0.2528253971427367,-34.01783218276561,-17.756943926112125
1573,2549,eolico,5.284732341766357,6.468599796295166,1073.3755798259585,1237.9566223963507,1288050695.7911503,False,1.0,0.2515297174447781,-34.38774247887475,-18.655201339379307
1574,2307,eolico,5.473479270935059,6.034894943237305,854.7955435073961,1166.106093551477,1025754652.2088754,False,1.0,0.2513529089439848,-36.17842708564257,-19.696937902200304
1575,297,eolico,6.307531356811523,5.917157173156738,818.326854963423,1095.2557945142164,981992225.9561076,False,1.0,0.250248664541317,-52.50576521505413,-7.021244347113038
1576,2483,eolico,5.506977081298828,6.315377235412598,983.2544397719764,1271.5893377089021,1179905327.7263718,False,1.0,0.24925392828953816,-34.5349049638054,-21.264590125813072
1577,2545,eolico,5.452277660369873,6.441234588623047,1037.2007424305698,1336.1717605515323,1244640890.9166837,False,1.0,0.247645937178661,-34.172869696807,-20.359870067022133
1578,2179,eolico,5.017630577087402,5.7472710609436035,762.4522886039974,1014.2623598533977,914942746.3247969,False,1.0,0.24750324689490105,-36.71145244213616,-23.243058070680355
1579,419,eolico,6.511416435241699,6.013825416564941,865.3581381639416,1147.7499157627344,1038429765.7967299,False,1.0,0.2473106742237567,-51.60504344456763,-6.114037362563629
1580,2610,eolico,5.380829334259033,6.498367786407471,1135.5808132039251,1187.281935667725,1362696975.84471,False,1.0,0.2446537569164722,-33.96796294210545,-18.182483172325306
1581,299,eolico,6.0945916175842285,6.088844299316406,908.5284366120025,1185.5116373740877,1090234123.934403,False,1.0,0.24360060263122996,-52.50846033081086,-6.117302757527456
1582,598,eolico,6.410102367401123,5.734743595123291,755.5018996675605,1056.9965070155686,906602279.6010725,False,1.0,0.2434730353918891,-50.246683902137114,-6.557462728267709
1583,2670,eolico,5.404527187347412,6.572737216949463,1183.3701840295014,1188.6822549099256,1420044220.8354018,False,1.0,0.24306546287460673,-33.498182079135134,-18.135453993590193
1584,238,eolico,6.376348495483398,6.023958683013916,885.012795011743,1162.568507870049,1062015354.0140916,False,1.0,0.24236203394131495,-52.959265606752616,-6.57042119353857
1585,2242,eolico,5.150589942932129,5.782465934753418,785.4406521066645,1067.4524445033687,942528782.5279974,False,1.0,0.2417467814399503,-36.39639870751956,-21.89850019792887
1586,2669,eolico,5.39387845993042,6.5616655349731445,1169.9476713225124,1238.6245660750765,1403937205.587015,False,1.0,0.24022958603055766,-33.44591456012965,-18.55966736488552
1587,2789,eolico,5.1286749839782715,6.7346367835998535,1267.051684778181,1247.3351724513998,1520462021.733817,False,1.0,0.2396220356686571,-32.50508376813783,-18.46068154202022
1588,2304,eolico,5.256086826324463,5.890305042266846,834.214064104031,1130.4292331661607,1001056876.9248371,False,1.0,0.23900194875979192,-36.024863907382965,-20.988207564289258
1589,2491,eolico,5.5196099281311035,6.271924018859863,1058.058979389938,1140.946477914842,1269670775.2679257,False,1.0,0.23601465585698395,-34.95608938607551,-17.84613143228754
1590,416,eolico,6.027571201324463,5.604197025299072,730.0557656910723,1007.9935459787082,876066918.8292868,False,1.0,0.2356483651139776,-51.59832810935285,-7.469205566095926
1591,660,eolico,6.532989978790283,5.855242729187012,824.1183320921097,1145.2249631262507,988941998.5105315,False,1.0,0.23512240188917155,-49.801641438429556,-5.652060717619581
1592,2666,eolico,5.529710292816162,6.570057392120361,1141.9348655601286,1388.476414392931,1370321838.6721544,False,1.0,0.23461200510188845,-33.28046719452865,-19.831340499589952
1593,2729,eolico,5.200920104980469,6.601926326751709,1218.4411199422393,1241.9814507711123,1462129343.9306872,False,1.0,0.23333488708868297,-32.9753731346149,-18.510597951378298
1594,2420,eolico,5.002593040466309,6.079248428344727,946.6814499857037,1212.9356360145948,1136017739.9828444,False,1.0,0.22987835327539877,-34.83569446697338,-22.599653207201868
1595,2424,eolico,5.367846488952637,6.047688007354736,934.1068049292979,1229.006543544744,1120928165.9151576,False,1.0,0.22702181967490404,-35.06961943916901,-20.888995006099627
1596,2055,eolico,5.269200801849365,5.542670726776123,753.8841548029972,947.0465008512251,904660985.7635965,False,1.0,0.22632715492937983,-37.45407713530198,-25.0775196524098
1597,2605,eolico,5.795843124389648,6.407833576202393,1087.0172902174345,1385.33331373174,1304420748.2609215,False,1.0,0.22545574351744677,-33.69747521715997,-20.30786336307502
1598,237,eolico,6.425732135772705,5.784830093383789,839.9120041874532,1118.543357239665,1007894405.024944,False,1.0,0.22336783004086874,-52.95829290516692,-7.0224671872548265
1599,480,eolico,6.950382709503174,5.906394004821777,888.8737797642008,1179.4923382504703,1066648535.7170409,False,1.0,0.22275339684610812,-51.155638411654735,-5.66026095944233
1600,2850,eolico,5.805840015411377,6.6943135261535645,1327.555913925709,1205.3824406644899,1593067096.710851,False,1.0,0.22220825983413264,-32.09027044549779,-17.989373365228012
1601,2912,eolico,5.515654563903809,6.516696453094482,1260.5896360902207,1117.50763377405,1512707563.3082647,False,1.0,0.22182540770157683,-31.72928541561791,-17.099940179844133
1602,2913,eolico,5.720869064331055,6.399847507476807,1216.8859846592795,1068.9237573355501,1460263181.5911355,False,1.0,0.22062121705031004,-31.780969626569703,-16.680126984188938
1603,2427,eolico,5.590302467346191,6.031238079071045,952.5323298798639,1261.899462832539,1143038795.8558366,False,1.0,0.21684592717953163,-35.230252078941035,-19.604332331242944
1604,178,eolico,6.501425266265869,5.895554065704346,906.5979442357735,1186.6421204808153,1087917533.0829282,False,1.0,0.21597620246686125,-53.41137276867744,-6.571156755108823
1605,2853,eolico,5.192867755889893,6.316932201385498,1192.9570608385743,1057.9559965431004,1431548473.0062892,False,1.0,0.2157561890530399,-32.247056855938425,-16.72669435804829
1606,240,eolico,6.442232131958008,6.052874565124512,975.2143766603225,1251.9657033735448,1170257251.992387,False,1.0,0.2151027942521418,-52.96101310878763,-5.666304937428741
1607,2176,eolico,5.947951793670654,5.623437881469727,816.4381029486149,1032.857668991295,979725723.5383378,False,1.0,0.21399639503347376,-36.53320444469373,-24.537202623591547
1608,2489,eolico,5.754728317260742,6.115925312042236,1025.3360065040065,1240.6488183850154,1230403207.804808,False,1.0,0.21246560115498844,-34.85902301363747,-18.701634349458832
1609,2366,eolico,4.7737627029418945,5.8558125495910645,894.3764260736004,1200.5356225939533,1073251711.2883205,False,1.0,0.21204710619793968,-35.65318487399215,-20.080606506424278
1610,2792,eolico,5.498807907104492,6.357717514038086,1215.769183053099,1098.7124713925773,1458923019.6637187,False,1.0,0.21201716348842325,-32.66345224753435,-17.19479979114958
1611,2177,eolico,5.09674596786499,5.556291580200195,795.7126458486002,1024.2587666866948,954855175.0183203,False,1.0,0.2103751312786454,-36.59402786131197,-24.105980765038762
1612,2364,eolico,5.7269511222839355,5.802309513092041,884.1574033406567,1179.6879535013557,1060988884.0087881,False,1.0,0.2088579823337579,-35.54709245921042,-20.93912823711842
1613,2235,eolico,4.958145618438721,5.737663745880127,883.631680205285,1092.3723376639016,1060358016.246342,False,1.0,0.207784630226086,-35.980013857113306,-24.911632284706165
1614,2363,eolico,5.606317520141602,5.786515235900879,883.2592343502819,1172.3278598138832,1059911081.2203382,False,1.0,0.20748683455147465,-35.49199212646255,-21.36816354294288
1615,2791,eolico,5.437503814697266,6.4375176429748535,1260.8699738773887,1148.2135721809384,1513043968.6528664,False,1.0,0.20740853454942926,-32.612117644854514,-17.61692130867901
1616,57,eolico,6.421353340148926,5.837385654449463,904.6674518595447,1198.249223596252,1085600942.2314537,False,1.0,0.20695542506545211,-54.31588425324878,-7.02351751061579
1617,2732,eolico,6.160703182220459,6.278738498687744,1194.1840338290685,1092.6307639906263,1433020840.5948822,False,1.0,0.20666585573297727,-33.13086298958475,-17.24107867290051
1618,420,eolico,6.659372329711914,5.839561462402344,910.4589289882314,1194.8875104375202,1092550714.7858777,False,1.0,0.20610216397675404,-51.60697829942695,-5.662297361291773
1619,2305,eolico,4.868443012237549,5.668243885040283,838.1530549762442,1140.2549311171829,1005783665.971493,False,1.0,0.2048923899366141,-36.07737499503627,-20.557925237014594
1620,2175,eolico,5.273147106170654,5.606175899505615,839.6330967329042,1043.7834582200057,1007559716.0794849,False,1.0,0.20453484458082913,-36.47094611164004,-24.968259489818063
1621,2485,eolico,5.778238296508789,6.012325763702393,987.4027400029821,1287.0748063946394,1184883288.0035784,False,1.0,0.20282409143266864,-34.64856087478335,-20.41089673080082
1622,2790,eolico,5.334300994873047,6.457802772521973,1279.4559041703128,1197.7561187017318,1535347085.0043755,False,1.0,0.2009593198017741,-32.559333294134156,-18.038883445182382
1623,2481,eolico,5.243414878845215,5.9800262451171875,989.2494203673863,1263.850200891755,1187099304.4408636,False,1.0,0.19984089937251953,-34.41544497194024,-22.11761255671915
1624,2544,eolico,5.832499027252197,6.092187881469727,1034.0202808849924,1327.7966399095021,1240824337.061991,False,1.0,0.19865666746181332,-34.115586276314254,-20.785636010968123
1625,2540,eolico,5.502415657043457,6.087215423583984,1045.393794707665,1312.935523928458,1254472553.6491978,False,1.0,0.1964130480102593,-33.87165729011723,-22.486961323325527
1626,2297,eolico,5.13282585144043,5.670003414154053,888.7075070177123,1123.2510200368008,1066449008.4212548,False,1.0,0.19379315775981876,-35.61859978482753,-23.995875120085522
1627,2174,eolico,5.1421589851379395,5.573448181152344,865.099010698914,1056.9639780585226,1038118812.8386967,False,1.0,0.19203972379137552,-36.40723144219478,-25.399147271036256
1628,2849,eolico,5.630768299102783,6.488748550415039,1315.7663854318348,1254.660169451955,1578919662.5182018,False,1.0,0.19082904223229677,-32.03504903685175,-18.40993427598158
1629,2051,eolico,4.698146820068359,5.5580596923828125,878.6305045892967,1018.6524666503688,1054356605.507156,False,1.0,0.18992582519576953,-37.20337226141093,-26.80869217863419
1630,2482,eolico,4.947174549102783,5.889327526092529,984.9882509523941,1266.7392735028575,1181985901.1428728,False,1.0,0.18751715518458933,-34.475909750367656,-21.691187417394215
1631,2237,eolico,4.970287322998047,5.511098861694336,842.0093965606967,1073.7315481879684,1010411275.872836,False,1.0,0.1873480874671866,-36.106115510589674,-24.051555687656027
1632,2668,eolico,5.384620666503906,6.19985818862915,1158.5292895805107,1288.5713516261324,1390235147.4966128,False,1.0,0.1860490461713208,-33.39221705407417,-18.983722576402833
1633,2665,eolico,5.249435901641846,6.255183219909668,1136.8499454038702,1434.5528246023378,1364219934.4846442,False,1.0,0.1859735396573768,-33.22238109575094,-20.254894032761324
1634,2663,eolico,4.761146068572998,6.2059407234191895,1133.2488344272358,1420.6757874665532,1359898601.3126829,False,1.0,0.18105598105703197,-33.10169816520745,-21.10146676483008
1635,2547,eolico,5.919456481933594,6.000019073486328,1050.6951307266152,1337.9040414128483,1260834156.8719382,False,1.0,0.1800849333709381,-34.283124543308055,-19.507848034236947
1636,2298,eolico,5.400930404663086,5.530515193939209,872.5757685420124,1117.5884353169242,1047090922.2504148,False,1.0,0.17823700660799727,-35.68091371269952,-23.566698281431595
1637,2848,eolico,5.158920764923096,6.413201332092285,1305.6238900293256,1303.9928885374086,1566748668.0351908,False,1.0,0.17786609812026402,-31.97832160262939,-18.83032107216621
1638,2604,eolico,4.9080681800842285,6.059919834136963,1083.9830028255087,1377.2571776522157,1300779603.3906105,False,1.0,0.17656530143213936,-33.639034402718245,-20.732445370088353
1639,359,eolico,5.80935525894165,5.572880268096924,886.943287387972,1165.7117378414687,1064331944.8655664,False,1.0,0.17620046994888214,-52.056750518527544,-6.115859391281755
1640,2846,eolico,5.400849342346191,6.43074893951416,1290.9217112517765,1402.8000849907253,1549106053.5021317,False,1.0,0.17493840023605242,-31.860281724115307,-19.670552466817174
1641,2911,eolico,5.640023708343506,6.299923896789551,1304.7455543422884,1166.211226189408,1565694665.210746,False,1.0,0.1745517967070148,-31.67611786698477,-17.519588753986177
1642,2730,eolico,5.733648777008057,6.186164855957031,1231.3351296796275,1192.1797731519316,1477602155.615553,False,1.0,0.17443321457840122,-33.02863799220071,-18.087582225095318
1643,2361,eolico,5.338054656982422,5.559417247772217,889.9280855389118,1163.928905653161,1067913702.6466942,False,1.0,0.17365174436991904,-35.37759514334556,-22.22576284867515
1644,2487,eolico,5.5580973625183105,5.837665557861328,1001.5682945258851,1310.0319350064078,1201881953.4310622,False,1.0,0.1717385678768402,-34.75655549777629,-19.556566962618707
1645,2908,eolico,5.811111927032471,6.447972774505615,1354.7970148138195,1312.9069128201666,1625756417.7765834,False,1.0,0.1694824258022018,-31.507560439612394,-18.77749752359929
1646,2600,eolico,5.025605201721191,6.017387390136719,1094.8376113133947,1362.9354740532942,1313805133.5760736,False,1.0,0.1689606593091763,-33.39019698721512,-22.428973526100062
1647,2295,eolico,4.99125337600708,5.578114986419678,928.2381997071352,1141.083143567058,1113885839.6485622,False,1.0,0.16868825967365736,-35.48951368176045,-24.853700849049588
1648,2788,eolico,5.635744571685791,6.238119602203369,1256.516029775259,1296.9465466939218,1507819235.730311,False,1.0,0.16572372532649776,-32.44935313762358,-18.882310874770145
1649,118,eolico,6.201973915100098,5.597755432128906,928.183093459804,1212.3009150814078,1113819712.1517649,False,1.0,0.1648924172751771,-53.863480890367356,-6.571484169149285
1650,2360,eolico,5.451601505279541,5.5009846687316895,897.4322027952339,1162.935699286314,1076918643.3542807,False,1.0,0.1633548195522234,-35.31826159961448,-22.654318574565515
1651,2608,eolico,5.46342658996582,5.9470343589782715,1109.6706293683699,1287.2796976014001,1331604755.2420437,False,1.0,0.16203806518923733,-33.864043877511655,-19.033111471517355
1652,2422,eolico,4.747872352600098,5.592094898223877,935.0832291198083,1216.8956284722879,1122099874.94377,False,1.0,0.16187595712500935,-34.95553817305406,-21.744656066006204
1653,2417,eolico,5.2806267738342285,5.67066764831543,983.0785580490981,1222.4073326403432,1179694269.6589177,False,1.0,0.16045983505276637,-34.644783933550954,-23.880827189045313
1654,2486,eolico,5.470371246337891,5.729578971862793,993.2530441848359,1297.6411730506304,1191903653.0218031,False,1.0,0.1593609533569869,-34.70325726390255,-19.983809273844816
1655,2728,eolico,5.582081317901611,6.1001482009887695,1207.4813969370507,1291.7984504582917,1448977676.3244607,False,1.0,0.15876347875414012,-32.92065251947945,-18.933450233313273
1656,2786,eolico,5.477667331695557,6.214917182922363,1241.2323132468339,1396.2524736146902,1489478775.8962007,False,1.0,0.15699251942516854,-32.33338227113837,-19.72504400660402
1657,2294,eolico,5.391962051391602,5.536702632904053,951.3352282862738,1153.1520644704503,1141602273.9435287,False,1.0,0.15564490344164175,-35.42269790741582,-25.28234091068762
1658,300,eolico,6.155477046966553,5.581583499908447,953.6292274362922,1231.2043436471467,1144355072.9235506,False,1.0,0.15426685092301828,-52.5096661902172,-5.665319912835175
1659,2844,eolico,4.975435256958008,6.335951805114746,1283.8629159482414,1501.7651958757863,1540635499.1378896,False,1.0,0.1537571944474015,-31.73601160187738,-20.510027095631013
1660,2599,eolico,5.0672101974487305,5.919902324676514,1103.214374602404,1363.9215702130602,1323857249.5228848,False,1.0,0.15259554794170668,-33.3241218085723,-22.852631596917924
1661,2541,eolico,5.53583288192749,5.765958786010742,1038.9589139279467,1313.815339662965,1246750696.713536,False,1.0,0.15141953192061414,-33.93489669652031,-22.061899953795322
1662,2847,eolico,5.243476390838623,6.244616985321045,1297.330452659715,1353.3745844750672,1556796543.191658,False,1.0,0.15094155293705797,-31.92007154129267,-19.250528808514336
1663,2418,eolico,4.680740833282471,5.555864334106445,968.5199482266438,1217.2061220817516,1162223937.8719726,False,1.0,0.1480353050667494,-34.70993390934443,-23.453951435679073
1664,180,eolico,6.448210716247559,5.630889892578125,996.7995258843531,1274.3516426134618,1196159431.0612237,False,1.0,0.14632697684587093,-53.41236128388984,-5.66693859500677
1665,2478,eolico,4.692070484161377,5.653634071350098,1016.7851785141586,1267.037552747699,1220142214.2169902,False,1.0,0.14518989132747562,-34.22503761964624,-23.395809642842416
1666,2598,eolico,5.377353668212891,5.88612699508667,1113.7748953501898,1366.737353317031,1336529874.4202278,False,1.0,0.1447335860319785,-33.25645928411967,-23.276090193423933
1667,2607,eolico,5.263430595397949,5.83211612701416,1099.9006622717106,1337.2787040866529,1319880794.7260528,False,1.0,0.14321153821582874,-33.80996274911446,-19.45819191152572
1668,2353,eolico,5.2452073097229,5.610602855682373,1019.44714767102,1215.0070137623188,1223336577.205224,False,1.0,0.14313499879020058,-34.861198358148926,-25.649250452938492
1669,2725,eolico,5.850986480712891,6.04981803894043,1186.6966788096743,1441.3254921242535,1424036014.571609,False,1.0,0.14281522529186966,-32.747590792498116,-20.200979664003427
1670,2723,eolico,5.327220439910889,6.054258346557617,1183.2472817901664,1470.412564395889,1419896738.1481998,False,1.0,0.14162326937167918,-32.624625092965196,-21.04509511151704
1671,2484,eolico,5.054107666015625,5.558230876922607,984.0613457241119,1278.378074168742,1180873614.8689344,False,1.0,0.13868175027503266,-34.59244929817115,-20.837825111059765
1672,2602,eolico,5.230318069458008,5.758542537689209,1084.8245354805144,1366.460837314305,1301789442.5766172,False,1.0,0.13368116859895235,-33.5176685574565,-21.58107890309509
1673,2606,eolico,5.404433727264404,5.781685829162598,1092.3342107838153,1387.2777821873326,1310801052.9405782,False,1.0,0.13316688948161284,-33.754445508224286,-19.883110697982147
1674,2543,eolico,5.533962726593018,5.6298604011535645,1033.252390495387,1321.2618439259293,1239902868.5944645,False,1.0,0.13246023706332777,-34.05684196977368,-21.211232665482502
1675,2724,eolico,4.9517436027526855,5.979531288146973,1183.9178893322223,1476.2872912389753,1420701467.1986668,False,1.0,0.13007250968859116,-32.68687916275922,-20.623131066521335
1676,2909,eolico,5.92715311050415,6.147068500518799,1364.5740691386027,1263.9221689582212,1637488882.9663231,False,1.0,0.1279483635634543,-31.565271356757336,-18.358372416575147
1677,2667,eolico,4.835320949554443,5.808082103729248,1149.174780439806,1338.5221106797317,1379009736.5277672,False,1.0,0.1269964351501307,-33.33707346844791,-19.40761513959119
1678,2910,eolico,5.833629131317139,6.0810866355896,1349.3093390819824,1215.020138366903,1619171206.8983788,False,1.0,0.1268646836611849,-31.62145175522353,-17.93906781816
1679,2787,eolico,6.115704536437988,5.973187446594238,1247.8962674297622,1346.586669148412,1497475520.9157147,False,1.0,0.12489516092115702,-32.39212496059312,-19.303766650772918
1680,2661,eolico,5.829481601715088,5.79863977432251,1138.4542340808414,1413.7530122383037,1366145080.8970096,False,1.0,0.12134130451150818,-32.974876556934476,-21.94729487235695
1681,2784,eolico,5.5608696937561035,5.974602699279785,1233.88928912362,1495.6508934804915,1480667146.948344,False,1.0,0.11475416903170116,-32.21128280192759,-20.567043634510675
1682,2474,eolico,5.056453227996826,5.573614120483398,1085.1278007579947,1298.5145101658316,1302153360.9095936,False,1.0,0.11315299138073293,-33.9493487744299,-25.097379962312147
1683,2473,eolico,4.626043319702148,5.60800838470459,1107.2104159376552,1311.041142135056,1328652499.1251862,False,1.0,0.11131301451678388,-33.87638213792829,-25.522258949463406
1684,2597,eolico,5.402068138122559,5.680645942687988,1126.4577571730242,1371.3715529394744,1351749308.607629,False,1.0,0.11127345676771014,-33.187187812755504,-23.69934422019516
1685,2657,eolico,5.234129905700684,5.792905330657959,1174.61835837365,1421.0747174766034,1409542030.04838,False,1.0,0.11056676373037652,-32.70217803629822,-23.63655690522379
1686,2658,eolico,5.468276023864746,5.752697944641113,1162.4610645718226,1416.6031234582342,1394953277.4861872,False,1.0,0.10827020476140248,-32.77278719432474,-23.214553570185235
1687,2726,eolico,6.081937313079834,5.784878253936768,1191.5689012033495,1391.4718328806716,1429882681.4440193,False,1.0,0.1078303971533312,-32.8067784069427,-19.778645834097215
1688,2727,eolico,6.030082702636719,5.741133689880371,1198.5090258867494,1341.6290654101713,1438210831.0640993,False,1.0,0.10437229977329443,-32.864459874452415,-19.35613443052815
1689,2603,eolico,4.879879474639893,5.554408073425293,1083.2505303933897,1370.9581600669399,1299900636.4720676,False,1.0,0.10407919058175011,-33.5791050436154,-21.156852110849734
1690,2720,eolico,5.591601848602295,5.801469802856445,1193.8642357540816,1462.935384530719,1432637082.904898,False,1.0,0.10296792903294666,-32.42841537417367,-22.309812594759453
1691,2664,eolico,5.4431304931640625,5.667512893676758,1133.9490109999372,1426.755322343018,1360738813.1999247,False,1.0,0.1022756707789588,-33.1627974956258,-20.678271044144786
1692,2841,eolico,5.049378871917725,6.022793292999268,1287.8438067156983,1563.674463861204,1545412568.058838,False,1.0,0.10156642383287559,-31.537598405041926,-21.767728500760253
1693,2903,eolico,5.230559349060059,6.0162153244018555,1333.2433226021433,1558.7979742306604,1599891987.122572,False,1.0,0.08944519331919992,-31.195442991485276,-20.87024957017181
1694,2719,eolico,5.147363662719727,5.709094047546387,1201.5508206462307,1463.8541192931846,1441860984.775477,False,1.0,0.08752629855233461,-32.35979570489847,-22.730976280722015
1695,2659,eolico,5.229586601257324,5.578380584716797,1152.3468078067913,1413.8866525050876,1382816169.3681495,False,1.0,0.08585034372626926,-32.84175888397834,-22.79233861977373
1696,2907,eolico,5.401090145111084,5.828826904296875,1346.8064124184255,1361.9654453318212,1616167694.9021106,False,1.0,0.0772119463572445,-31.448302252768368,-19.196438041178293
1697,2843,eolico,5.318798542022705,5.8327250480651855,1283.2445394896774,1551.297526617884,1539893447.3876128,False,1.0,0.07635474076684236,-31.671494297654775,-20.92946764055582
1698,2906,eolico,5.497514724731445,5.822028160095215,1340.6342057826002,1411.0900704153623,1608761046.9391203,False,1.0,0.0732154558973923,-31.38747951511507,-19.615188796179673
1699,2839,eolico,4.863836765289307,5.843671798706055,1300.1410665238934,1563.795292054171,1560169279.8286722,False,1.0,0.07244707995361692,-31.397084797630097,-22.605125768927646
1700,2656,eolico,4.8920769691467285,5.544826507568359,1188.7560090327038,1427.284938584721,1426507210.8392446,False,1.0,0.0704132860357891,-32.629908921492614,-24.058343257175338
1701,2777,eolico,5.2249016761779785,5.746872901916504,1271.3656854322699,1520.5394389920878,1525638822.5187237,False,1.0,0.06982860012444178,-31.733470646288154,-23.50767030909851
1702,2716,eolico,5.757743835449219,5.635481834411621,1236.5120533761449,1476.799144213719,1483814464.051374,False,1.0,0.06669681790675192,-32.143987546729434,-23.993165908736035
1703,2785,eolico,5.361569404602051,5.590979099273682,1236.5557879170028,1445.9413136853332,1483866945.5004034,False,1.0,0.06312009955678863,-32.27310756787179,-20.146138005467773
1704,2840,eolico,4.753420352935791,5.762447834014893,1293.0406921976332,1562.9353064638367,1551648830.6371598,False,1.0,0.06257381628237912,-31.468179321610453,-22.186537876389146
1705,2782,eolico,5.15452241897583,5.613241672515869,1234.6286486955903,1516.1119580138068,1481554378.4347084,False,1.0,0.060281443243998784,-32.08290807404615,-21.40826933471764
1706,2783,eolico,4.9956955909729,5.602484226226807,1233.2458550495703,1520.1666112544624,1479895026.0594845,False,1.0,0.058697466097168784,-32.14788936452022,-20.98775580205047
1707,2837,eolico,5.34418249130249,5.741689205169678,1319.9211776571335,1570.2972973198275,1583905413.1885602,False,1.0,0.05199499759073312,-31.249781588440822,-23.441614183414952
1708,2845,eolico,5.567399501800537,5.595939636230469,1286.4258337596336,1452.2649176362117,1543711000.5115604,False,1.0,0.050479698056343836,-31.79893448366755,-20.090386953252608
1709,2898,eolico,5.273521900177002,5.753129005432129,1358.1607280355183,1616.1491500322472,1629792873.642622,False,1.0,0.03957686862057582,-30.84231565806242,-22.957715585005246
1710,2835,eolico,5.335667610168457,5.638954162597656,1346.8544975585523,1583.1018566375067,1616225397.070263,False,1.0,0.029013351599047187,-31.09550653023273,-24.277146877744762
1711,2775,eolico,5.646272659301758,5.517601490020752,1299.3059025728205,1533.7594570367082,1559167083.0873847,False,1.0,0.02821176910915252,-31.581841201560664,-24.345849161442633
1712,2902,eolico,5.274443626403809,5.626965045928955,1334.5225057848054,1608.128240226051,1601427006.9417665,False,1.0,0.028094079214357536,-31.1281782281215,-21.28818794443362
1713,2901,eolico,5.2447052001953125,5.569607257843018,1337.6706917732442,1613.6515253831003,1605204830.1278932,False,1.0,0.018459109143760814,-31.059254141446832,-21.705909465531374
1714,2899,eolico,4.910226821899414,5.553665637969971,1349.5139873284072,1613.7686116325265,1619416784.7940886,False,1.0,0.013105540322935488,-30.916344510094767,-22.540679115759396
1715,2897,eolico,4.664639472961426,5.564802646636963,1368.5806970584242,1620.0700658951566,1642296836.470109,False,1.0,0.009248958528127722,-30.766540838179097,-23.374511874419305
