rank,candidate_id,scenario,solar_kwh_m2_day,wind_m_s,dist_grid_km,dist_demand_km,connection_cost_brl,is_restricted,restriction_factor,score_final,longitude,latitude
1,2156,solar,7.292463779449463,8.002930641174316,104.08643819418974,407.6314530848418,124903725.83302769,False,1.0,0.9467714617407745,-38.46797387221944,-7.211826071329411
2,823,solar,6.793065547943115,6.460748672485352,7.350559592907516,282.19012636499286,8820671.511489019,False,1.0,0.8869244944605232,-48.32296963778765,-13.288845450787804
3,2338,solar,7.033895492553711,7.8050384521484375,217.4711915568926,322.0156852930372,260965429.8682711,False,1.0,0.8844214072372465,-37.14151904935201,-6.299241032345936
4,2456,solar,6.854578495025635,8.331902503967285,221.75004483450402,181.10478574098363,266100053.80140483,False,1.0,0.862738454396033,-36.206041213351796,-7.133074965049398
5,2095,solar,6.795928478240967,8.698725700378418,80.57079659393044,446.16320524684676,96684955.91271652,False,1.0,0.8594996751774787,-38.90516672534776,-7.663339493808184
6,2273,solar,6.720600605010986,8.328137397766113,77.47530762154992,294.0978679530485,92970369.1458599,False,1.0,0.8588257581711679,-37.510561202716666,-8.483571336877231
7,2638,solar,7.026734352111816,8.137218475341797,400.7723448980056,212.9075936855528,480926813.8776067,False,1.0,0.8548604909198381,-34.8836209446687,-6.225469999645297
8,2334,solar,6.671096324920654,8.41338062286377,101.94431317507306,242.0647677016388,122333175.81008768,False,1.0,0.8491885192252938,-37.07585914735003,-8.031879676009497
9,1187,solar,6.74052619934082,7.3335466384887695,43.5417083600689,544.9885518381616,52250050.032082684,False,1.0,0.8491328685332135,-45.61329769039402,-11.424334849752904
10,1245,solar,6.741289138793945,7.4650444984436035,68.245022512541,489.49560579664103,81894027.0150492,False,1.0,0.848728868782948,-45.126289020871546,-12.304265327607068
11,2276,solar,6.682258605957031,8.581718444824219,105.72715080518233,312.7580826993137,126872580.9662188,False,1.0,0.8447554918850791,-37.56311218936628,-7.181404248363669
12,1970,solar,6.774799346923828,8.678587913513184,101.76285907945747,573.1788130252885,122115430.89534897,False,1.0,0.8412505531171155,-39.7256489155576,-9.885543948807888
13,2451,solar,6.771040439605713,8.44417953491211,256.0209701832213,197.29547930177608,307225164.21986556,False,1.0,0.8395554626253807,-36.10668277792728,-9.28828085372858
14,341,solar,6.658775806427002,5.696568489074707,75.1290525507564,475.615993580508,90154863.06090768,False,1.0,0.8336725284775153,-52.006800358789995,-14.24769075904805
15,2211,solar,6.6732869148254395,8.564970016479492,143.00266515128945,368.26223354226147,171603198.18154734,False,1.0,0.831168741935024,-37.925197079065406,-9.371551241643933
16,2154,solar,6.516307830810547,8.359994888305664,13.88485654561024,391.9362532835047,16661827.854732288,False,1.0,0.827236250267352,-38.435632065734666,-8.08370678603389
17,1732,solar,6.736138343811035,7.876728534698486,74.77931946524377,746.8432855076386,89735183.35829253,False,1.0,0.825852486300041,-41.58035217902857,-9.073120763831847
18,2400,solar,6.8472700119018555,8.359128952026367,329.25553586381443,366.8386359910008,395106643.03657734,False,1.0,0.8248215517283425,-36.717283173278425,-5.420489166628192
19,1183,solar,6.6340789794921875,7.496920108795166,136.8614549370901,381.19200905817956,164233745.9245081,False,1.0,0.824350179579116,-45.55588247505547,-13.212831426437452
20,2695,solar,6.787610054016113,7.956387042999268,403.8658390657624,85.63112439175386,484639006.87891483,False,1.0,0.8216119335919708,-34.37777979299468,-7.490743282563882
21,1853,solar,6.66641902923584,8.805684089660645,76.70981184147266,642.8093008899368,92051774.2097672,False,1.0,0.8213167417111557,-40.68739147012156,-8.601817855723457
22,1978,solar,6.8372697830200195,7.971555709838867,259.0434675148605,582.0064014473301,310852161.0178326,False,1.0,0.81996118864478,-39.8517506192819,-6.377399378672117
23,2455,solar,6.581765651702881,8.59453296661377,206.0286711649503,154.99759986920307,247234405.39794037,False,1.0,0.8191449753118931,-36.18832160780285,-7.5642233637369465
24,2279,solar,6.727379322052002,7.801161289215088,247.69747181533717,392.6088137739304,297236966.1784046,False,1.0,0.8177567615273342,-37.60671791623409,-5.8788539443791015
25,1673,solar,6.766046047210693,7.979730606079102,141.46525951356398,792.6048651037115,169758311.41627678,False,1.0,0.81406956697106,-42.04943775390595,-8.645593739583603
26,1980,solar,6.918380260467529,8.302774429321289,349.24504916344,625.5244409548029,419094058.996128,False,1.0,0.8127787611799355,-39.8745778904586,-5.500016259435406
27,2636,solar,6.692605495452881,8.397730827331543,363.5490810754819,113.04984981336517,436258897.2905783,False,1.0,0.810541548665761,-34.849248225850076,-7.081636916926443
28,882,solar,6.414922714233398,6.1772894859313965,74.0364996412277,229.4580295907426,88843799.56947325,False,1.0,0.809954411359629,-47.85013318942378,-13.727530825136395
29,1795,solar,6.743952751159668,8.642099380493164,188.49654271408258,694.5689770223775,226195851.2568991,False,1.0,0.8084727258616585,-41.1700664934524,-7.735009583434078
30,2275,solar,6.429182052612305,8.769181251525879,66.73051307514758,298.400621381184,80076615.6901771,False,1.0,0.8084563801977608,-37.5465952812643,-7.615506060479552
31,2578,solar,6.705778121948242,8.06666088104248,357.70591521454,216.80068052044217,429247098.257448,False,1.0,0.8057624973744778,-35.335152279870165,-6.240821574700185
32,2634,solar,6.59678316116333,8.388038635253906,351.7348380052915,15.195184654238483,422081805.6063498,False,1.0,0.8036115557822311,-34.81033362796573,-7.937592215569592
33,462,solar,6.462960243225098,6.297415733337402,77.05954492698534,410.5227077760239,92471453.91238241,False,1.0,0.8034299534313112,-51.085938012702485,-13.786835528913766
34,1917,solar,6.730741024017334,8.487902641296387,235.5278259146012,613.701601348531,282633391.0975214,False,1.0,0.8030900698303088,-40.29120053198871,-6.828734483837535
35,1185,solar,6.440333366394043,6.8624653816223145,46.659873288510546,459.52141919853295,55991847.94621266,False,1.0,0.8015893470869488,-45.58571308361076,-12.318645010675656
36,2150,solar,6.563109874725342,8.833906173706055,166.51830675154878,434.18345987107284,199821968.10185853,False,1.0,0.8013997424742502,-38.35945891589756,-9.826917437756498
37,2877,solar,6.937779426574707,8.147848129272461,569.6955379983538,264.3168354367176,683634645.5980245,False,1.0,0.8006839890117763,-33.05980542875317,-6.584876793974316
38,2819,solar,6.9358062744140625,8.05626392364502,557.0804191890772,306.7338521040403,668496503.0268927,False,1.0,0.7994778555376796,-33.5456011584012,-5.752853748323819
39,1852,solar,6.488524436950684,8.849858283996582,31.60902101718292,647.6334687595565,37930825.2206195,False,1.0,0.7981782324317909,-40.67132923771551,-9.041919136917384
40,1797,solar,6.794973850250244,8.237910270690918,278.6981243626621,710.6162387309059,334437749.2351945,False,1.0,0.7981036942877788,-41.195576507265926,-6.853006059458949
41,2394,solar,6.41549015045166,8.793743133544922,151.847270783217,192.1521796319104,182216724.9398604,False,1.0,0.7973295562098921,-36.62267607844389,-8.013797199359967
42,2215,solar,6.354944705963135,8.188278198242188,42.28487577962342,347.4418260167177,50741850.935548104,False,1.0,0.7961659165961301,-37.999420160779316,-7.63184105920951
43,1003,solar,6.356099605560303,7.133221626281738,72.10600726499882,299.9488416277865,86527208.7179986,False,1.0,0.7941568987376363,-46.93921305532513,-13.25445518505485
44,1976,solar,6.569647312164307,8.577896118164062,168.84188586628105,553.3372176345296,202610263.03953725,False,1.0,0.7925476265956982,-39.82547677324074,-7.2546609299983364
45,648,solar,6.701859951019287,6.6299943923950195,282.90884220063253,562.5163949370603,339490610.64075905,False,1.0,0.7924504020136437,-49.743232250226036,-11.06228751266367
46,2460,solar,6.6803107261657715,7.7074432373046875,355.0692306474075,343.3623351950293,426083076.77688897,False,1.0,0.7915861286816976,-36.26630802826479,-5.408034532488574
47,764,solar,6.33823299407959,6.652184963226318,59.33538045541268,341.48432978998494,71202456.54649521,False,1.0,0.7902062436426661,-48.79377445403911,-12.848601383247912
48,2033,solar,6.346014499664307,8.935543060302734,11.954364169381355,493.13803588361174,14345237.003257627,False,1.0,0.7890113693993904,-39.325663010827114,-8.553834994719768
49,1404,solar,6.390153408050537,5.670502185821533,92.70904892207801,413.48398349016884,111250858.70649362,False,1.0,0.7869912061453418,-43.22358790260619,-21.587035872255775
50,2752,solar,6.682359218597412,8.120474815368652,464.3239811742858,139.05299522203615,557188777.409143,False,1.0,0.7862651149771631,-33.85916186878515,-8.74855660586215
51,2457,solar,6.468538284301758,8.029996871948242,246.77591338340514,215.80924649180722,296131096.0600862,False,1.0,0.785758572763881,-36.222695160281305,-6.701878931039455
52,705,solar,6.4154744148254395,6.3421454429626465,126.02132050373288,404.4648656760432,151225584.60447946,False,1.0,0.7855204760109513,-49.26263288242547,-12.406885190458574
53,634,solar,6.214791774749756,6.1798505783081055,13.885590673001792,255.84484760500584,16662708.80760215,False,1.0,0.7841444601729233,-49.62321943111399,-17.371008901471303
54,693,solar,6.214784145355225,6.121151924133301,14.28623094835347,261.67977753698153,17143477.138024163,False,1.0,0.7835943251355,-49.14084729453262,-17.810334323005787
55,2216,solar,6.341787338256836,8.781009674072266,92.26743608558498,359.84789831108526,110720923.30270196,False,1.0,0.7827182546979209,-38.0155286205566,-7.196798366653856
56,2158,solar,6.498757839202881,8.036959648132324,198.23941886126457,445.77211268787056,237887302.63351747,False,1.0,0.7825371279963217,-38.49653702688216,-6.339788051028795
57,1977,solar,6.568389892578125,8.69655704498291,213.94267669057078,565.6472079596936,256731212.02868494,False,1.0,0.7822251296473341,-39.83904633202991,-6.816046417973774
58,2392,solar,6.372838497161865,8.115507125854492,186.02971687365698,210.64919945526958,223235660.24838838,False,1.0,0.7813025183835175,-36.58277598656017,-8.877850382336694
59,1728,solar,6.542954921722412,8.354950904846191,105.62384383191522,795.4094186615772,126748612.59829827,False,1.0,0.7811276401459065,-41.512334253190886,-10.839311972648192
60,951,solar,6.72263240814209,7.292997360229492,310.28546855334963,681.860427016816,372342562.26401955,False,1.0,0.7810719362440777,-47.48371137761718,-9.674363894131355
61,2155,solar,6.306262016296387,8.479375839233398,58.98564736989999,396.7224648176424,70782776.84388,False,1.0,0.7801217458782996,-38.45227752210639,-7.64778731570571
62,522,solar,6.286281585693359,5.563251972198486,55.474395702954915,370.1012118215036,66569274.8435459,False,1.0,0.7793868676034008,-50.62358899385302,-13.780933322074308
63,2514,solar,6.3722825050354,8.300153732299805,251.76873307752126,92.61034978330007,302122479.6930255,False,1.0,0.7773880299884517,-35.716425689559756,-7.9764575574775085
64,2333,solar,6.28531551361084,8.858487129211426,116.90754443844952,244.58263288584973,140289053.32613942,False,1.0,0.7768684276930801,-37.056886975654486,-8.464921831609905
65,1910,solar,6.403961658477783,8.656282424926758,80.17770985542703,620.6503390204771,96213251.82651243,False,1.0,0.7753852255153116,-40.18114684568589,-9.904039357113017
66,2098,solar,6.492695331573486,8.640938758850098,215.87316906679965,490.2914113824164,259047802.8801596,False,1.0,0.7743197886806035,-38.94825375453564,-6.352657137905193
67,1731,solar,6.399844169616699,8.043084144592285,29.678528640954013,754.3210229436604,35614234.36914482,False,1.0,0.7741308976915788,-41.56453340789546,-9.514727413593047
68,2157,solar,6.386668682098389,8.394609451293945,150.24512687053308,424.19109962036396,180294152.2446397,False,1.0,0.773886396217372,-38.482725629493416,-6.775825503613363
69,1846,solar,6.632205963134766,7.9902448654174805,238.99572392855552,749.5205034814534,286794868.7142666,False,1.0,0.7738514891092522,-40.5572263033046,-11.681622601853473
70,2689,solar,6.672821998596191,7.928439617156982,477.23788796745407,244.30424627122628,572685465.5609449,False,1.0,0.7735093953125864,-34.23753316925379,-10.050908226675139
71,339,solar,6.217055320739746,5.514853477478027,11.88238929624346,447.6136575409103,14258867.155492151,False,1.0,0.7695786508680187,-51.99858873132229,-15.150923387033872
72,2572,solar,6.40679407119751,8.284773826599121,320.31532515135103,96.71820074671975,384378390.18162125,False,1.0,0.7693936038182827,-35.22074617356251,-8.815075582532076
73,1856,solar,6.5286970138549805,8.435675621032715,212.01218431434194,651.5580247912164,254414621.17721033,False,1.0,0.7686175928845473,-40.730611891743095,-7.2812958781346975
74,2040,solar,6.6245527267456055,8.12014389038086,327.65989993940957,582.7588992084671,393191879.9272915,False,1.0,0.7679415503746053,-39.423487806848875,-5.4895022008479755
75,344,solar,6.4729766845703125,5.699250221252441,210.43142502362565,549.9904124148054,252517710.02835077,False,1.0,0.7671006657484061,-52.018079156192115,-12.89270709824488
76,159,solar,6.424975872039795,4.873589038848877,150.92785809775665,595.8355026693114,181113429.71730798,False,1.0,0.7668472253391271,-53.39427036987901,-15.158984055652523
77,1969,solar,6.4183244705200195,8.166593551635742,146.86364990374722,591.4044844672761,176236379.88449666,False,1.0,0.7668321576533776,-39.705896918283266,-10.323870036899269
78,2396,solar,6.2845458984375,8.775104522705078,177.50530056460366,222.4226495738282,213006360.6775244,False,1.0,0.7662667141247902,-36.658367965635506,-7.149537308860049
79,644,solar,6.27050256729126,6.249087333679199,102.50567890347355,380.42018966945176,123006814.68416826,False,1.0,0.766233146615959,-49.71488235659592,-12.865205200988196
80,645,solar,6.338128566741943,6.126901149749756,147.6064697277633,424.43587757675823,177127763.67331597,False,1.0,0.7657059474802403,-49.722400845807186,-12.414503978902232
81,942,solar,6.191026210784912,6.8710036277771,95.62164886525817,236.84805410991424,114745978.6383098,False,1.0,0.7649005119264811,-47.38802755361904,-13.715663580724277
82,1051,solar,6.278421878814697,6.3676838874816895,125.53029417794488,358.18961374012804,150636353.01353386,False,1.0,0.7647830406153441,-46.27386454296259,-18.61565656487568
83,2213,solar,6.188986301422119,8.41131591796875,52.80108350270994,343.75346916021533,63361300.203251936,False,1.0,0.7646132416624625,-37.964276702708716,-8.501793422464043
84,2700,solar,6.67576789855957,8.011351585388184,496.7232239133166,318.1291038713152,596067868.69598,False,1.0,0.7641818030649429,-34.46258641684482,-5.3556416036805965
85,1434,solar,6.698754787445068,7.827159881591797,272.9066472339755,948.0404155235591,327487976.6807706,False,1.0,0.7630036720092014,-43.87771632050398,-8.252096008888284
86,2280,solar,6.486988544464111,8.557403564453125,296.78158060401773,427.68723163784864,356137896.72482127,False,1.0,0.7619738639608579,-37.61928522490621,-5.444597651779523
87,2091,solar,6.279099464416504,8.311586380004883,99.83236670322857,462.5611915237203,119798840.0438743,False,1.0,0.7617269082861555,-38.83475473236793,-9.410343480312253
88,1971,solar,6.271623611450195,8.705399513244629,56.66206825516772,558.8458098206988,67994481.90620126,False,1.0,0.7613882401246171,-39.744502366455556,-9.447170066768214
89,1616,solar,6.674073219299316,8.5593900680542,298.35278121046366,849.2463871989382,358023337.4525564,False,1.0,0.7613642050884408,-42.541178167607164,-7.329790277541451
90,2520,solar,6.536158084869385,7.555989742279053,385.66709635139483,325.92146539531456,462800515.6216738,False,1.0,0.7609852028222933,-35.81535051571121,-5.395318338112625
91,2385,solar,6.708507061004639,8.044449806213379,478.3628577691192,477.4413818047488,574035429.3229431,False,1.0,0.7609808169347714,-36.40928790603464,-11.900069798077464
92,826,solar,6.287479877471924,6.674458026885986,127.95181287996178,431.1729905925515,153542175.45595413,False,1.0,0.7600644923743758,-48.3527175551094,-11.939570843303155
93,1009,solar,6.436461925506592,6.677947521209717,198.49873768073965,589.5142647901904,238198485.2168876,False,1.0,0.759802044227686,-47.00873574508347,-10.562871072057296
94,1859,solar,6.649016380310059,7.7914910316467285,347.31455678721113,693.4348722331849,416777468.1446534,False,1.0,0.7594790222985279,-40.76646958344343,-5.96048820646142
95,466,solar,6.480724811553955,5.955441474914551,257.4627082241444,547.9361892269974,308955249.8689733,False,1.0,0.7591528712658819,-51.10675400396007,-11.98133324211849
96,2153,solar,6.156174659729004,8.667998313903809,31.215934278679505,393.4963013610643,37459121.1344154,False,1.0,0.7591083016019631,-38.41803270615839,-8.51958201854341
97,2332,solar,6.222609996795654,8.756869316101074,148.12867684725575,256.9941183301679,177754412.2167069,False,1.0,0.7583357355941132,-37.036881594586674,-8.897911424898165
98,405,solar,6.443554878234863,6.173768520355225,233.94706662388506,544.3911834392673,280736479.9486621,False,1.0,0.7575298665172857,-51.56169908621703,-12.437262422143998
99,646,solar,6.362424373626709,6.196050643920898,192.70726055205307,469.6510488017292,231248712.6624637,False,1.0,0.7573218765225058,-49.72963045309652,-11.96378350035114
100,2579,solar,6.490115165710449,8.12049388885498,386.88343311853123,266.03988897757574,464260119.74223745,False,1.0,0.7572941971319833,-35.35033106389943,-5.811603947525425
101,2097,solar,6.3367390632629395,8.089859962463379,170.77237824250994,470.75575474155164,204926853.89101192,False,1.0,0.7570637161495628,-38.93480833861506,-6.7895874397108695
102,1543,solar,6.50933837890625,7.32859468460083,266.3723502812727,625.286676750538,319646820.3375272,False,1.0,0.7562761021508664,-42.790802437383455,-13.10846088709124
103,2517,solar,6.337043285369873,8.576757431030273,289.07317772804197,186.8173954593287,346887813.27365035,False,1.0,0.7559875971220809,-35.77076895130742,-6.6860963560168285
104,2388,solar,6.467705249786377,8.159981727600098,343.0830502832451,345.36116663407586,411699660.3398941,False,1.0,0.7557681312217529,-36.49016545973109,-10.60524321886535
105,1134,solar,6.73588752746582,6.882751941680908,380.8323933541276,855.3072912738139,456998872.0249531,False,1.0,0.7552888245143518,-46.146417032372234,-8.302519613090494
106,280,solar,6.2169671058654785,5.939083576202393,60.06859042296193,507.28519246216507,72082308.50755432,False,1.0,0.7550449079419108,-52.46700984327624,-14.702847707071955
107,2876,solar,6.657708644866943,7.645923137664795,559.3100544180521,236.83053443803834,671172065.3016626,False,1.0,0.7548233053923805,-33.04064417066937,-7.008474094391111
108,1135,solar,6.79890775680542,7.181084632873535,425.9331841784174,903.8677203951694,511119821.01410085,False,1.0,0.7535723105835107,-46.15512314315998,-7.854655064474921
109,2160,solar,6.471225738525391,7.983152866363525,296.2252610340154,501.26056233894525,355470313.24081844,False,1.0,0.7533639763395894,-38.52135428846927,-5.467612188803175
110,2099,solar,6.4344072341918945,7.844074249267578,261.45589604556056,513.9653252199373,313747075.2546727,False,1.0,0.7527742537613338,-38.960787493832605,-5.915693761367427
111,356,solar,7.2156829833984375,5.905606746673584,751.6409149151026,1028.3992295518037,901969097.8981231,False,1.0,0.7524420370083131,-52.051299556408836,-7.471435473153954
112,2269,solar,6.362609386444092,8.633096694946289,254.7893960238994,376.0250073096638,305747275.2286793,False,1.0,0.7523213909567521,-37.42634163980989,-10.219073172984292
113,1063,solar,6.154990196228027,7.458242416381836,93.69115648902921,321.582525933605,112429387.78683506,False,1.0,0.7520422599265756,-46.47805167584136,-13.241377928241205
114,516,solar,6.051654815673828,6.1062235832214355,13.08431012229846,299.02699910623073,15701172.146758152,False,1.0,0.7516251966216246,-50.580389051544216,-16.48739454161177
115,461,solar,6.110872268676758,6.333904266357422,31.95875410269559,384.8410063046133,38350504.92323471,False,1.0,0.7515382969767371,-51.08023502069109,-14.238165657913813
116,2639,solar,6.5017595291137695,7.761850357055664,427.01726133395977,262.87702619674934,512420713.6007517,False,1.0,0.7515264056494494,-34.89911607019884,-5.797315393615588
117,696,solar,6.076863765716553,6.361562728881836,92.37904413545279,157.33780972937822,110854852.96254334,False,1.0,0.7514833982194088,-49.17590250953064,-16.459812531371778
118,2697,solar,6.456610679626465,7.5419135093688965,426.09641402916185,172.86429466707125,511315696.8349942,False,1.0,0.7508431321501876,-34.4151577293193,-6.636853125205617
119,2089,solar,6.337068557739258,8.877825736999512,190.03394835180808,501.4114886973531,228040738.02216968,False,1.0,0.7507739754556624,-38.79390244383355,-10.283557269658662
120,1246,solar,6.160310745239258,7.138957977294922,23.14423168825123,529.1807267469516,27773078.025901478,False,1.0,0.750600502305645,-45.14110439121786,-11.857662003961279
121,706,solar,6.287982940673828,6.797098636627197,171.12211132802264,451.68365150019656,205346533.59362715,False,1.0,0.7497897414600827,-49.270632809599824,-11.956449356934568
122,2510,solar,6.3513007164001465,8.557544708251953,326.32256861428215,208.51361364354403,391587082.3371386,False,1.0,0.7492772921610431,-35.628544217641874,-9.696146603345209
123,2760,solar,6.64368200302124,7.746939659118652,537.9580948646586,330.95805641321334,645549713.8375903,False,1.0,0.7490770396202918,-34.01170202201697,-5.341920626588325
124,1248,solar,6.2339606285095215,7.590498924255371,67.05734996032825,613.0944694684943,80468819.9523939,False,1.0,0.7481931312027881,-45.16898050206389,-10.96436228518951
125,1004,solar,6.069392204284668,6.863340854644775,27.005216440709066,346.9806926329795,32406259.72885088,False,1.0,0.7481451828966817,-46.95197669586313,-12.805922661739574
126,2028,solar,6.376927375793457,8.695846557617188,213.54958995206738,569.4837005303806,256259507.94248086,False,1.0,0.7477048367543417,-39.228612101270016,-10.741398992823948
127,1124,solar,6.133477210998535,7.210564136505127,70.17551488876987,390.2404743796263,84210617.86652385,False,1.0,0.7474343346640707,-46.031330987759354,-12.779911579457261
128,890,solar,6.483157157897949,7.040255069732666,286.7698269530903,629.3340409300584,344123792.34370834,False,1.0,0.7471421190987465,-47.930946151582894,-10.132171517323942
129,763,solar,6.023545265197754,6.492548942565918,14.234589631122923,293.5732515504501,17081507.557347506,False,1.0,0.7467955295858213,-48.78430280535919,-13.298680739647994
130,1065,solar,6.063701629638672,7.293594837188721,3.489574840449676,411.4218126427673,4187489.808539611,False,1.0,0.7467092484536162,-46.50470332989383,-12.34519870417347
131,2147,solar,6.444384574890137,7.988295078277588,301.82067922441803,516.9054212004296,362184815.06930166,False,1.0,0.7461719057156145,-38.29209936230335,-11.133764587048471
132,158,solar,6.322017669677734,5.352451801300049,164.1651642235697,591.2644524871926,196998197.06828362,False,1.0,0.7460993822508617,-53.39296268091241,-15.610823765365387
133,2749,solar,6.575197696685791,8.295472145080566,520.0201461166774,260.7904774354263,624024175.3400129,False,1.0,0.7460605017926903,-33.782251121248926,-10.024975342847267
134,2032,solar,6.132548809051514,8.797107696533203,33.14642665490838,499.4100869847067,39775711.98589006,False,1.0,0.7459947323417706,-39.308090898269036,-8.991442971616252
135,1790,solar,6.234024524688721,8.729351043701172,37.00741140736616,716.6258623413906,44408893.6888394,False,1.0,0.7459735473410345,-41.09228741417968,-9.939421563376454
136,2096,solar,6.21241569519043,8.681685447692871,125.67158741822017,455.8906592256678,150805904.9018642,False,1.0,0.7450988046088729,-38.92044737611185,-7.226482338147662
137,2519,solar,6.384811878204346,7.512303829193115,349.30479550960473,278.2986060912904,419165754.61152565,False,1.0,0.7450416695058281,-35.801567265489524,-5.825618903226914
138,2685,solar,6.742971420288086,8.09069538116455,608.9785920237254,441.1188217859854,730774310.4284704,False,1.0,0.743681755497616,-34.120079613518016,-11.756149570129391
139,1617,solar,6.628011703491211,7.529313087463379,343.4535720347534,857.317976962762,412144286.4417041,False,1.0,0.7433568564097033,-42.552300448157766,-6.88659001990424
140,692,solar,6.0494608879089355,5.88431453704834,49.84132264295554,305.04100135160985,59809587.171546645,False,1.0,0.7433252011863456,-49.12844739751157,-18.260451625150107
141,2335,solar,6.091094493865967,8.15006160736084,110.08138821275239,249.7399431719371,132097665.85530287,False,1.0,0.7430476369672248,-37.09380350188318,-7.598787750129577
142,2212,solar,6.123363018035889,8.46615219116211,97.90187432699967,352.6921605403346,117482249.1923996,False,1.0,0.743032739196523,-37.94523161750909,-8.936697946305221
143,1670,solar,6.22519063949585,8.277623176574707,6.162887040694711,813.5713919668333,7395464.448833654,False,1.0,0.7428488713897163,-42.003612487683355,-9.97261821421387
144,949,solar,6.359260082244873,7.125760555267334,220.0838869047701,582.3066674864131,264100664.28572413,False,1.0,0.7421924666026181,-47.4654851255988,-10.572589657948937
145,639,solar,6.079251289367676,5.682178974151611,122.99827521797526,206.36873158762484,147597930.2615703,False,1.0,0.7417947277512756,-49.67286772052841,-15.11839862335396
146,1247,solar,6.127976417541504,7.972193241119385,21.95655913603846,570.4897326215812,26347870.96324615,False,1.0,0.7417370149293151,-45.1553333953695,-11.411027248305082
147,885,solar,6.086530685424805,7.231626987457275,61.265872831641566,379.38090060294286,73519047.39796989,False,1.0,0.7416963732719768,-47.88350724938103,-12.379443505814393
148,2152,solar,6.113287925720215,8.301883697509766,76.31672510296926,401.3286081651338,91580070.12356311,False,1.0,0.7416887609605943,-38.39947435964319,-8.955410535561125
149,1979,solar,6.459845066070557,7.764908313751221,304.14425833915027,602.0848268962977,364973110.0069803,False,1.0,0.7416419983658773,-39.86359332703781,-5.9387219495959975
150,2387,solar,6.458667755126953,8.7228422164917,388.1612761205398,387.9428411064907,465793531.34464777,False,1.0,0.741629575091231,-36.464305963114,-11.036925487546247
151,1858,solar,6.488248348236084,8.038703918457031,302.2137659629214,676.0748734984754,362656519.15550566,False,1.0,0.7411866914419926,-40.75532884668935,-6.40078590255695
152,2632,solar,6.298455238342285,8.510618209838867,367.78643012268685,87.64427380341735,441343716.14722425,False,1.0,0.741127927193507,-34.76683433742382,-8.79330937032999
153,2515,solar,6.179141044616699,8.152742385864258,255.1720282428493,111.13669214107101,306206433.8914192,False,1.0,0.7406223455063,-35.7356326202703,-7.546388582771983
154,2151,solar,6.16187047958374,8.950993537902832,121.417515927259,415.0782628356844,145701019.1127108,False,1.0,0.7401774720501435,-38.37995165219812,-9.391189844654358
155,828,solar,6.321268558502197,7.075572490692139,218.15339452854124,530.8132767263335,261784073.4342495,False,1.0,0.7399066103374914,-48.370655359867186,-11.03994539391245
156,1126,solar,6.073110580444336,7.232874870300293,20.026066759809645,477.64025665395747,24031280.111771572,False,1.0,0.7397447648699279,-46.05850795794251,-11.884641421678285
157,953,solar,6.637802600860596,7.443504333496094,400.4870502019291,781.5281369624366,480584460.24231493,False,1.0,0.7396665703519244,-47.5002470339155,-8.776060508566625
158,218,solar,6.214139461517334,5.802229881286621,120.20898944983938,541.3313829503758,144250787.33980724,False,1.0,0.7396604090048817,-52.926720405875656,-15.609041045136385
159,1911,solar,6.147578716278076,7.972505569458008,35.07691903113728,607.4384995860132,42092302.83736473,False,1.0,0.7396350928601549,-40.199444816098676,-9.464830448566238
160,469,solar,6.578679084777832,6.522364616394043,392.7650806970136,671.947131747162,471318096.83641636,False,1.0,0.7394231329763525,-51.12031672838484,-10.627032173684178
161,757,solar,6.059410095214844,6.356018543243408,163.08858724930533,92.88430022687413,195706304.6991664,False,1.0,0.7392419672600306,-48.7198741237867,-15.99865233452497
162,824,solar,6.023191928863525,6.630277156829834,37.75023123138224,331.7492439842206,45300277.47765868,False,1.0,0.7389212066093757,-48.33326856338419,-12.839110137729035
163,1724,solar,6.503057956695557,8.557279586791992,286.0270071290742,782.1430570962729,343232408.554889,False,1.0,0.7386044176127541,-41.43146534038342,-12.604806037241472
164,2100,solar,6.4187397956848145,8.552919387817383,308.3576731963975,541.234739259695,370029207.835677,False,1.0,0.7383076052148202,-38.972413157376195,-5.478699628716213
165,642,solar,5.967060089111328,6.630566120147705,12.304097254894039,298.10557488198543,14764916.705872847,False,1.0,0.7367052527239609,-49.69896888558469,-13.766547146287753
166,2272,solar,6.090475082397461,8.00816535949707,119.48704636463513,304.49773148819145,143384455.63756216,False,1.0,0.7366463353005329,-37.49103374532554,-8.917529445470542
167,224,solar,6.386780261993408,5.1147027015686035,253.60172347168657,632.9276632951306,304322068.1660239,False,1.0,0.7362922020237412,-52.93946756380411,-12.898061084208758
168,2331,solar,6.15095329284668,8.333845138549805,187.6614927533334,277.9771382744026,225193791.30400008,False,1.0,0.7358336278867308,-37.01583730466488,-9.330845646531769
169,762,solar,5.956219673156738,6.728353977203369,30.866201193166837,246.4933276169815,37039441.4318002,False,1.0,0.7351523846026811,-48.77447486561066,-13.748737341629731
170,945,solar,6.022314548492432,7.294303894042969,39.68072360761113,383.8956643858937,47616868.329133354,False,1.0,0.7341930488709977,-47.42386679261904,-12.368779262928427
171,1737,solar,6.484210968017578,8.095315933227539,300.28327358669253,759.3736434544027,360339928.304031,False,1.0,0.7341747008097493,-41.647797103082056,-6.8645811928144465
172,2029,solar,6.239840030670166,8.807998657226562,168.44879912777762,545.9728680281195,202138558.95333314,False,1.0,0.7341470282754226,-39.24987176904313,-10.303986008099724
173,2092,solar,6.065672874450684,8.296462059020996,54.73157587893882,450.26385970552633,65677891.054726586,False,1.0,0.733597192326689,-38.85376109027012,-8.97366093232854
174,1789,solar,6.220603942871094,8.532637596130371,82.10820223165591,731.2851284714244,98529842.67798708,False,1.0,0.7332841918230738,-41.07429431119138,-10.3801863826233
175,1072,solar,6.48512601852417,6.799472332000732,312.21596092957856,746.4931092660798,374659153.11549425,False,1.0,0.7329609607315384,-46.58237461101309,-9.207751792097678
176,703,solar,5.974532127380371,5.9296088218688965,35.81973885515336,312.6327568152722,42983686.62618403,False,1.0,0.7321286438147044,-49.245671457789356,-13.307695549834683
177,1787,solar,6.331188678741455,7.897551536560059,172.30978388023544,769.5638792311655,206771740.65628254,False,1.0,0.7318008633108593,-41.03582910408234,-11.26158296732946
178,2274,solar,5.980312824249268,8.24569034576416,52.227314052736006,292.00726598426064,62672776.86328321,False,1.0,0.7315034351153719,-37.52907995049793,-8.049562646681391
179,1975,solar,6.172796249389648,8.621150970458984,123.74109504199129,545.3507027284816,148489314.05038956,False,1.0,0.7312198460172422,-39.811037991445964,-7.693240767766295
180,700,solar,5.983801364898682,6.341864585876465,99.48263361771585,190.9459615579319,119379160.34125902,False,1.0,0.7306857753654022,-49.21778328197071,-14.6587470120386
181,2755,solar,6.352492332458496,7.470674991607666,453.6216117204586,125.13911394700553,544345934.0645503,False,1.0,0.7304614342269387,-33.92523518149926,-7.471500883336236
182,641,solar,5.938145160675049,6.023961544036865,32.79669356939573,261.61162112854953,39356032.283274874,False,1.0,0.7303130021112941,-49.69056871570207,-14.217186508730567
183,978,solar,5.83729362487793,4.853798866271973,6.87873845797877,102.70710337322292,8254486.149574524,False,1.0,0.7302261015486917,-46.45016755213571,-24.456011206747007
184,1121,solar,6.138333797454834,7.374946594238281,205.47788736163918,275.6968397450393,246573464.833967,False,1.0,0.7301573523906827,-45.986532691787126,-14.122586151025416
185,2220,solar,6.319415092468262,8.612632751464844,292.2573453828745,463.23780041270504,350708814.4594494,False,1.0,0.7300239222296159,-38.07031153594969,-5.456243600082828
186,1128,solar,6.160735607147217,7.483523368835449,110.22764840838913,569.2036557409667,132273178.09006695,False,1.0,0.7298768945326759,-46.08357482659931,-10.98925846999553
187,1039,solar,5.8235907554626465,5.287124156951904,6.6009897133559345,81.56728672278825,7921187.6560271215,False,1.0,0.7295229132399931,-45.986033954608125,-23.983796418995727
188,946,solar,6.0676093101501465,6.841465473175049,84.7815144319009,433.36148259910925,101737817.31828108,False,1.0,0.7292292036555539,-47.43492508998491,-11.919766876854588
189,1287,solar,6.109124660491943,5.590749740600586,123.92773307653827,436.2514664101258,148713279.69184592,False,1.0,0.7285256687635066,-44.27496077544953,-20.310670870337354
190,875,solar,6.011068820953369,5.822775840759277,162.28730669860198,121.10711407752656,194744768.0383224,False,1.0,0.7284827291582344,-47.75729428060605,-16.87211240180291
191,637,solar,5.962969779968262,5.810854911804199,92.77968441080446,191.6649849207271,111335621.29296535,False,1.0,0.7282510464089161,-49.653946156449436,-16.019517423481417
192,1005,solar,5.969450950622559,6.888040065765381,18.095574383580693,394.7428207406356,21714689.260296833,False,1.0,0.7282153064444989,-46.9642646472748,-12.35736291364522
193,1615,solar,6.433343410491943,7.811506748199463,253.25199038617387,844.0644162132267,303902388.46340865,False,1.0,0.7277738144959341,-42.52934295123081,-7.772964233154376
194,1860,solar,6.530737400054932,7.978100299835205,392.4153476115009,713.8813693339583,470898417.1338011,False,1.0,0.7275448811700531,-40.776802922188224,-5.5201646365239245
195,761,solar,5.942791938781738,6.382323741912842,75.96699201745659,200.82994570900345,91160390.42094791,False,1.0,0.7272983688643249,-48.76428743478944,-14.198770425943303
196,1560,solar,6.753970623016357,8.063248634338379,500.34109373165313,944.9820461828359,600409312.4779837,False,1.0,0.7271970192934771,-43.03260937466949,-5.5652467566213035
197,891,solar,6.440055847167969,7.095542907714844,331.87061777738006,679.3288073823808,398244741.33285606,False,1.0,0.7263035947610526,-47.939234040144605,-9.682655880972607
198,2936,solar,6.571977138519287,7.116920471191406,608.6811050367004,281.80810921095303,730417326.0440404,False,1.0,0.7258891458646398,-32.588576709954516,-6.9894035936863075
199,950,solar,6.340465068817139,6.519285202026367,265.18467772905984,632.0659368019632,318221613.2748718,False,1.0,0.7257262283423003,-47.47481095543658,-10.12348693214875
200,2034,solar,6.040560722351074,8.225668907165527,57.05515499367111,491.8941043438316,68466185.99240533,False,1.0,0.7252922167272658,-39.34232679373033,-8.11618403054141
201,1736,solar,6.379090785980225,8.295100212097168,255.1824827624028,750.2490539281874,306218979.31488335,False,1.0,0.7251889263417841,-41.635847520586765,-7.306350592481224
202,2399,solar,6.223057746887207,8.323099136352539,285.80402176116814,325.26281281859445,342964826.1134018,False,1.0,0.7251320241064909,-36.70410207157004,-5.852810143631868
203,635,solar,5.880403518676758,5.956151962280273,21.6695010216003,225.5723376485689,26003401.22592036,False,1.0,0.7251084003521155,-49.63377875167408,-16.920537530996132
204,1800,solar,6.559477806091309,8.291021347045898,414.00049683553135,759.1439264772405,496800596.2026376,False,1.0,0.724703183597715,-41.22793712573665,-5.529792055743721
205,2574,solar,6.111911773681641,8.328964233398438,301.7489778127416,43.63238776219788,362098773.3752899,False,1.0,0.7245851567444037,-35.26335958066701,-7.957212518166895
206,585,solar,6.14311408996582,6.045501232147217,169.19161895179377,449.11000966619093,203029942.7421525,False,1.0,0.724439167136073,-50.18219412470552,-12.421353534469343
207,1740,solar,6.599720001220703,7.736242771148682,435.58564605956184,804.9673240153517,522702775.2714742,False,1.0,0.7238765579366695,-41.67908527462549,-5.539117168525461
208,2511,solar,6.153708457946777,8.474838256835938,297.00452493039927,165.08365917850003,356405429.9164791,False,1.0,0.7232917014152287,-35.65218463825931,-9.266318650539088
209,1007,solar,6.086743354797363,6.606368064880371,108.29715603216015,491.603988448727,129956587.23859218,False,1.0,0.7232362711559824,-46.98742904786756,-11.46016562705686
210,1669,solar,6.157193660736084,7.944670677185059,38.937903783595054,826.51298983971,46725484.54031406,False,1.0,0.7230120607261596,-41.986813873362195,-10.414886072783206
211,2027,solar,6.301677703857422,8.11288833618164,258.6503807763571,596.2692325759416,310380456.9316285,False,1.0,0.7229692450072174,-39.20641554857589,-11.178757393361737
212,1006,solar,6.011606693267822,7.5375542640686035,63.19636520787046,442.9990835120145,75835638.24944454,False,1.0,0.7227862252063868,-46.97608084234831,-11.908776912304981
213,980,solar,5.834783554077148,5.471560955047607,77.31112233686936,13.071440783340567,92773346.80424324,False,1.0,0.7227362294448088,-46.50252907882412,-23.560906959930755
214,400,solar,5.932521820068359,5.82086706161499,8.44311250243634,411.3760971123011,10131735.00292361,False,1.0,0.7222172147203687,-51.53853634559582,-14.694858754619858
215,1799,solar,6.485701560974121,8.022441864013672,368.8997060112416,739.9491966711012,442679647.21348995,False,1.0,0.7221387124977577,-41.21793304132255,-5.9708887332626706
216,1485,solar,6.196859359741211,7.6035475730896,154.58561940866275,635.1299092801154,185502743.2903953,False,1.0,0.7221007303941132,-43.289121528298466,-12.239520409088415
217,2397,solar,6.084977626800537,7.762228488922119,207.92643114967277,251.4886130553747,249511717.37960732,False,1.0,0.7220473355367074,-36.67464859189092,-6.717337045810488
218,1122,solar,6.05712366104126,7.483088970184326,160.3770965373494,310.5399183866918,192452515.84481928,False,1.0,0.721928719106339,-46.00200936777611,-13.675060184874912
219,2393,solar,6.0068135261535645,8.517476081848145,162.27237781644266,195.31454806086506,194726853.37973118,False,1.0,0.7217737041744408,-36.60325476375894,-8.445851077146841
220,2035,solar,6.070767879486084,8.350418090820312,102.15594581796084,495.71614593564965,122587134.981553,False,1.0,0.721285771630165,-39.3580871092491,-7.678492356034505
221,820,solar,5.9549479484558105,5.986644268035889,142.65293206577672,135.4709822037795,171183518.47893208,False,1.0,0.7212455691157854,-48.28973472433268,-14.637904324558983
222,2037,solar,6.181830883026123,8.316387176513672,192.35752746654035,517.9612651998625,230829032.9598484,False,1.0,0.7211736672650788,-39.386915417477596,-6.802995922982885
223,99,solar,6.247697353363037,5.257350921630859,200.69683193806665,645.4253890646108,240836198.32568,False,1.0,0.7210662538390864,-53.85951408858575,-15.159753534942178
224,2039,solar,6.300524711608887,8.713966369628906,282.55910911511984,557.5242121680369,339070930.9381438,False,1.0,0.7210397602463736,-39.41218139772272,-5.927363678103403
225,404,solar,6.170366287231445,5.840254306793213,188.8462757995953,510.8184287397965,226615530.95951438,False,1.0,0.7204022626562137,-51.55740258865952,-12.888816825981628
226,2576,solar,6.137474536895752,7.894496917724609,315.4409353512208,120.22129664904972,378529122.4214649,False,1.0,0.7202570136789248,-35.30148088212712,-7.099119305735578
227,2209,solar,6.1769938468933105,8.305807113647461,233.20424679986894,416.01405955494715,279845096.1598427,False,1.0,0.720230403443453,-37.88213619574773,-10.241093677691392
228,2395,solar,5.994574069976807,7.999105930328369,157.42573705217632,201.73534045964277,188910884.4626116,False,1.0,0.7200457429328933,-36.64104541918945,-7.581691648971963
229,2811,solar,6.40609073638916,7.619154453277588,525.8673227221896,209.4950032864536,631040787.2666274,False,1.0,0.7187041375961624,-33.38051626918794,-9.149997252288932
230,1068,solar,6.112584114074707,7.048941135406494,131.81279763241957,552.7628680699294,158175357.15890348,False,1.0,0.7182107191274624,-46.54092684204818,-11.000724464426977
231,1424,solar,6.169299125671387,7.692317962646484,178.10126100892208,565.2589626038401,213721513.2107065,False,1.0,0.7180166039962248,-43.73062507345899,-12.701571502654247
232,2329,solar,6.17552375793457,8.22054386138916,276.3745452479298,338.70623628312234,331649454.29751575,False,1.0,0.7174452555875326,-36.97060764094044,-10.196536644782972
233,1968,solar,6.202882766723633,8.826760292053223,191.96444072803695,613.1758123042124,230357328.87364435,False,1.0,0.7173893642171036,-39.68524051972863,-10.762146098019493
234,40,solar,6.310538291931152,4.921268463134766,252.20673178050097,702.5341364826543,302648078.13660115,False,1.0,0.717337601881769,-54.32408092827063,-14.707687585060174
235,2938,solar,6.573635578155518,7.60869026184082,631.6195260700205,334.61199219872634,757943431.2840246,False,1.0,0.7173188892463883,-32.6263428800902,-6.144476187566609
236,409,solar,6.491143226623535,6.363737106323242,414.35022992104405,698.617874428683,497220275.9052529,False,1.0,0.7172463333605784,-51.57724680687522,-10.63088610800489
237,105,solar,6.430317401885986,4.93567419052124,346.7756069600722,744.4002241042598,416130728.35208666,False,1.0,0.7163312257216432,-53.86112828723504,-12.448208576571828
238,991,solar,5.958432197570801,5.555908679962158,90.3758427586945,338.9008498061275,108451011.3104334,False,1.0,0.7161186580217644,-46.747272540687554,-18.634364574009673
239,1848,solar,6.186635494232178,8.419028282165527,148.79414227997609,703.086310523281,178552970.7359713,False,1.0,0.7159907537994525,-40.598674309109974,-10.801907244087742
240,342,solar,6.058938980102539,5.917531490325928,120.22984337504616,496.6254794266855,144275812.05005538,False,1.0,0.7154433393926856,-52.0106971573572,-13.796046964882072
241,2270,solar,6.092217922210693,8.656559944152832,209.68860519960964,346.654718091802,251626326.23953158,False,1.0,0.7153578190682325,-37.44893001859391,-9.785283092212028
242,1241,solar,6.140320777893066,7.081596851348877,248.64818580970004,357.6321772846725,298377822.97164005,False,1.0,0.7152233993809932,-45.06106736651391,-14.090339620636446
243,2753,solar,6.262721061706543,8.091935157775879,455.3262879909833,114.50075516473076,546391545.58918,False,1.0,0.7148914927822806,-33.88238189992071,-8.322937335323582
244,523,solar,5.991140842437744,5.802450656890869,100.57518652724467,402.9903230326465,120690223.8326936,False,1.0,0.7147780817894003,-50.62995974590731,-13.329784658448899
245,765,solar,5.989134311676025,6.21737813949585,104.43617127970245,389.9203007773851,125323405.53564294,False,1.0,0.7146867316694817,-48.80289288230342,-12.398500036113479
246,636,solar,5.851839065551758,5.4450554847717285,57.22459271620239,203.24658171406293,68669511.25944287,False,1.0,0.7146003297931328,-49.64401983872092,-16.470040148929606
247,460,solar,5.873970985412598,5.624279975891113,13.1420367215941,364.24758978933016,15770444.06591292,False,1.0,0.7145599588459344,-51.07432878391731,-14.68947644384988
248,632,solar,5.939579963684082,5.5360918045043945,84.99577406220594,331.0649469720497,101994928.87464713,False,1.0,0.7144571502312603,-49.60113159161474,-18.27187094275884
249,2277,solar,6.011908054351807,7.9511919021606445,151.33902160213373,334.0543454990891,181606825.92256048,False,1.0,0.7137706394907374,-37.57863537425036,-6.7472598658550265
250,1074,solar,6.5229082107543945,6.98146915435791,402.417542578158,844.455178866328,482901051.09378964,False,1.0,0.7136528986176685,-46.60022180605755,-8.311137928424785
251,702,solar,5.819540500640869,6.679103851318359,9.2810519691364,268.9106676346363,11137262.362963678,False,1.0,0.7132350804883905,-49.23670446308235,-13.75806863361962
252,576,solar,5.825345516204834,6.142401218414307,22.070141296951974,250.72526714805687,26484169.556342367,False,1.0,0.713149510744545,-50.112183651177055,-16.479235328653544
253,774,solar,6.632518768310547,6.960208892822266,510.3432886983101,834.1909146917318,612411946.4379722,False,1.0,0.7123069782640736,-48.86950945504625,-8.346724583323253
254,573,solar,5.92379093170166,5.191300868988037,84.59513378685429,326.4724784538975,101514160.54422516,False,1.0,0.7120783886152134,-50.08388462915562,-17.83145050519021
255,402,solar,5.9941935539245605,5.4525628089904785,98.6446941510158,452.8607735361631,118373632.98121896,False,1.0,0.711716224704687,-51.548308528037666,-13.791874049031744
256,2628,solar,6.334930896759033,8.221551895141602,467.2962465224311,287.3721783997754,560755495.8269173,False,1.0,0.7115461080815161,-34.66588405488078,-10.503921478897277
257,2449,solar,6.16951847076416,7.960299491882324,327.25555623906416,276.3623187896091,392706667.486877,False,1.0,0.7110904822604612,-36.059325607786775,-10.149945595294236
258,459,solar,5.897477149963379,5.730112552642822,58.242827545883934,349.6426936189642,69891393.05506071,False,1.0,0.7108307825331597,-51.068217347248975,-15.14076730905692
259,822,solar,5.837619781494141,6.101036071777344,52.451350417197276,232.8196167673148,62941620.500636734,False,1.0,0.7106466151224788,-48.312283361729065,-13.738556793585271
260,458,solar,5.852306842803955,5.330305099487305,22.871421847655295,341.79485036336274,27445706.217186354,False,1.0,0.7105147042181176,-51.06189867780565,-15.592037679027959
261,1972,solar,5.931875705718994,8.162652015686035,11.56127743087796,548.7106036949046,13873532.917053552,False,1.0,0.7104602589014841,-39.76246284319441,-9.008750609294983
262,1419,solar,6.336670398712158,7.115216255187988,403.6052151303709,466.246959746563,484326258.156445,False,1.0,0.7103811053635614,-43.6317193173463,-14.924907420709557
263,1071,solar,6.285792350769043,7.113524436950684,267.11517010528877,697.7289364183831,320538204.1263465,False,1.0,0.7102792535903666,-46.57273640445678,-9.656028365328348
264,1060,solar,6.021275520324707,6.6343793869018555,228.99352896189842,205.27162635689285,274792234.7542781,False,1.0,0.7100880285855834,-46.43423492655285,-14.585420679649685
265,1559,solar,6.6001386642456055,7.764674186706543,455.2403029073634,929.6323897943884,546288363.488836,False,1.0,0.7099857932890996,-43.02394505490434,-6.009190778679972
266,1914,solar,6.047066688537598,8.6397066116333,100.22545344173197,591.8661952996886,120270544.13007836,False,1.0,0.7097214690422713,-40.24915812098262,-8.146950463530137
267,2872,solar,6.403190612792969,7.856558799743652,562.0735368300905,225.80954858001647,674488244.1961086,False,1.0,0.7095630293880246,-32.95169509290718,-8.70222391087306
268,883,solar,5.82569694519043,6.884891033172607,28.935708816937954,279.4231214661332,34722850.580325544,False,1.0,0.7095246505985292,-47.86167497175621,-13.27819338201492
269,1619,solar,6.547001838684082,7.516551494598389,433.65515368333286,881.7842641653746,520386184.4199994,False,1.0,0.7086652540982386,-42.572419273687395,-6.000117077818935
270,1129,solar,6.113519191741943,7.811685085296631,155.32843923267885,615.9700440566021,186394127.0792146,False,1.0,0.7085601789178706,-46.09532696698723,-10.541527417583193
271,2337,solar,5.98870325088501,8.052780151367188,174.83835424490061,291.4093583289157,209806025.09388074,False,1.0,0.7082869360189775,-37.12662881324547,-6.7324656750889735
272,1554,solar,6.318915843963623,8.270112991333008,229.73634878591454,891.8200170939513,275683618.54309744,False,1.0,0.7082002618380256,-42.97040602617028,-8.228573719763077
273,651,solar,6.447238922119141,6.081377029418945,418.2112146735018,705.4810946946918,501853457.60820216,False,1.0,0.7080526086768291,-49.761523389125855,-9.709916264693367
274,161,solar,6.128129959106445,5.427275657653809,171.57287886151042,617.1487123648673,205887454.6338125,False,1.0,0.7078012023355102,-53.39675746521685,-14.255250597029457
275,1857,solar,6.244213104248047,8.66337776184082,257.11297513863167,662.0442184045606,308535570.166358,False,1.0,0.7077137578115338,-40.743377451074046,-6.841055777947738
276,1603,solar,6.2822136878967285,7.9524970054626465,287.9574995053031,670.3949891770661,345548999.40636367,False,1.0,0.7076197932604908,-42.330191770169854,-13.088400137617054
277,2453,solar,5.9592742919921875,7.834278106689453,209.7552746840388,146.54310307573525,251706329.62084654,False,1.0,0.7075781342930225,-36.14966528182686,-8.426365339836611
278,1739,solar,6.447983741760254,8.125402450561523,390.48485523527205,786.8911648248202,468581826.28232646,False,1.0,0.7072592930661046,-41.669412786608184,-5.980962703810208
279,2210,solar,6.040591716766357,8.160344123840332,188.1034559755792,389.6695846489191,225724147.17069504,False,1.0,0.7070225202363118,-37.90416730164981,-9.806350695566962
280,1439,solar,6.6727986335754395,8.131258010864258,498.41060135542426,1025.9445225767006,598092721.6265091,False,1.0,0.7065570781137419,-43.92703921089,-6.026315221048354
281,2814,solar,6.287589073181152,8.178482055664062,501.709326436465,158.7835594802347,602051191.723758,False,1.0,0.706425651762955,-33.45150201239141,-7.876542599552227
282,884,solar,5.815745830535889,6.468692779541016,16.165082007351806,329.3988073385948,19398098.408822168,False,1.0,0.7063149804300664,-47.87279846119979,-12.828830655111366
283,767,solar,6.087718963623047,6.262332916259766,194.6377529282819,487.740123314403,233565303.5139383,False,1.0,0.7062801612198881,-48.82008172825474,-11.498234426729534
284,1181,solar,6.044590473175049,6.928249835968018,227.0630365856696,315.36448886548504,272475643.90280354,False,1.0,0.7058266768538176,-45.52376790078759,-14.106884762061592
285,631,solar,5.948040962219238,5.763120174407959,120.55086575680804,373.06528335854944,144661038.90816966,False,1.0,0.7054229471116917,-49.5895954937511,-18.72226028502558
286,2340,solar,6.170907020568848,7.917562007904053,309.4256893688585,395.27645576342184,371310827.24263024,False,1.0,0.7054063429116766,-37.168275669582485,-5.432678200380873
287,993,solar,5.936301231384277,6.263634204864502,161.48602614789863,246.3866330216353,193783231.37747836,False,1.0,0.705208451309781,-46.78442310354624,-17.73806742305578
288,2507,solar,6.29299783706665,8.462617874145508,437.390685384011,349.5051712285058,524868822.4608132,False,1.0,0.7050947427617282,-35.55084960233473,-10.985208652805337
289,943,solar,5.826762676239014,6.774884223937988,50.52085804096839,285.5228435727414,60625029.64916207,False,1.0,0.7048662964584365,-47.40042179325583,-13.26672852989087
290,1850,solar,6.005422592163086,8.54703426361084,58.59256063139658,668.4906393895036,70311072.7576759,False,1.0,0.7045288464165492,-40.63669342549971,-9.92200063784726
291,878,solar,5.940112113952637,6.381070137023926,254.43966293838676,30.754080685673628,305327595.5260641,False,1.0,0.7044037745802135,-47.799705944003385,-15.524610497166368
292,596,solar,6.819416522979736,6.410333156585693,665.3003180189809,959.8901129351684,798360381.6227771,False,1.0,0.7044019835843961,-50.23944792686542,-7.459744466417471
293,2637,solar,6.139632225036621,7.567297458648682,379.3325762348083,162.95691453847064,455199091.48177,False,1.0,0.7043109623038896,-34.866999846296125,-6.653578264446818
294,1783,solar,6.397705554962158,7.987833023071289,352.7129471773945,809.1770397692206,423255536.6128734,False,1.0,0.7040971630207107,-40.94881429097086,-13.023788704873853
295,2817,solar,6.326623916625977,7.248795509338379,521.4288593467563,227.01603714371208,625714631.2161076,False,1.0,0.7039628915542521,-33.511560183334794,-6.602497036100276
296,2214,solar,5.798325061798096,8.161852836608887,7.700292678420191,341.96657002221303,9240351.21410423,False,1.0,0.7038970155084425,-37.98233782054584,-8.066840266505615
297,1553,solar,6.244330406188965,8.368548393249512,184.6355579616248,892.5067257093257,221562669.55394977,False,1.0,0.7038967819052687,-42.95763225254206,-8.67237207795398
298,2448,solar,6.188762187957764,7.839641571044922,367.9278870203099,320.31460128082756,441513464.4243719,False,1.0,0.702797350179508,-36.03398994912466,-10.580676237436368
299,1677,solar,6.355062484741211,7.9214348793029785,321.86842281072296,808.2828848852168,386242107.3728675,False,1.0,0.7027617648949817,-42.10003862587625,-6.875777151195115
300,407,solar,6.27248477935791,6.254958629608154,324.1486482724645,618.234864383131,388978377.9269574,False,1.0,0.702748895091406,-51.56979800904092,-11.534104861493704
301,647,solar,6.128738880157471,6.354392051696777,237.8080513763428,515.7503282662799,285369661.6516114,False,1.0,0.7026609152048123,-49.73657351084078,-11.51304444965511
302,1190,solar,6.1350789070129395,7.4092116355896,178.84408083293818,680.6551270895492,214612896.99952582,False,1.0,0.7024851380259887,-45.65053871055644,-10.082657824831237
303,1061,solar,5.943077087402344,6.707894802093506,183.89273813760872,239.92235004979239,220671285.76513046,False,1.0,0.7024142323825682,-46.449358522213835,-14.137437960199255
304,2093,solar,5.836954593658447,8.743783950805664,9.630785054649074,443.297000677866,11556942.06557889,False,1.0,0.7023012495515011,-38.87182841659612,-8.536931160711816
305,1286,solar,5.902359962463379,5.767547607421875,88.3726413819362,397.4975285515218,106047169.65832345,False,1.0,0.7017821924301341,-44.24651284866104,-20.755823141111513
306,2454,solar,5.915500164031982,8.294825553894043,201.79827625598264,142.3009786056989,242157931.50717917,False,1.0,0.7016853543615859,-36.16953138651933,-7.9953211524881915
307,1318,solar,6.670734882354736,7.842061996459961,496.4801089791953,1090.2264794743128,595776130.7750343,False,1.0,0.7014233289115521,-44.8223251368209,-6.48842641815387
308,1361,solar,6.148555755615234,7.19251823425293,291.81848425776093,446.98187996086483,350182181.10931313,False,1.0,0.7008140225169357,-44.13587168383415,-14.054742842853122
309,825,solar,5.8820600509643555,6.998412132263184,82.851022055672,381.4234580493355,99421226.46680641,False,1.0,0.7005505194281934,-48.343183470901984,-12.389351665069459
310,1125,solar,5.839879035949707,6.698048114776611,25.07472406448011,433.25964652878423,30089668.877376135,False,1.0,0.7005101731017753,-46.04518532506222,-12.33229114578495
311,1251,solar,6.17949104309082,7.243237018585205,202.3597224331975,746.433994999885,242831666.919837,False,1.0,0.7004154044320579,-45.20647217097473,-9.62419832349047
312,401,solar,5.867671012878418,5.33228874206543,53.54390332672603,429.7168681138322,64252683.99207124,False,1.0,0.7000212162943018,-51.54350798579668,-14.243375745190578
313,526,solar,6.110797882080078,6.087930202484131,235.87755900011396,518.3435934364297,283053070.80013674,False,1.0,0.6996296046675781,-50.647693526824646,-11.9762277863565
314,50,solar,6.694064140319824,5.5337910652160645,588.9619160895165,934.2468343995293,706754299.3074199,False,1.0,0.6994268978577651,-54.318518989654216,-10.188042526083404
315,1167,solar,5.844001293182373,6.121457576751709,53.61883023803742,384.354665726618,64342596.285644904,False,1.0,0.6994037964452309,-45.231106982916344,-20.3607277357512
316,649,solar,6.251420974731445,5.93758487701416,328.00963302492227,609.7958576763195,393611559.6299067,False,1.0,0.698872961487073,-49.74960880303407,-10.611513376725402
317,1851,solar,5.917065620422363,8.239602088928223,13.491769807106841,656.2426551242013,16190123.76852821,False,1.0,0.6987958950335513,-40.654431565100246,-9.481980735244983
318,2326,solar,6.275719165802002,8.52641487121582,411.67691772079905,456.50613592574666,494012301.26495886,False,1.0,0.6986149143636373,-36.89481073359958,-11.494586511066494
319,920,solar,5.749387741088867,5.218087673187256,112.80506302093751,37.113961316059644,135366075.62512502,False,1.0,0.6983439020663296,-46.99169133804287,-23.58359757190955
320,166,solar,6.343128681182861,5.57613468170166,365.3884543442966,730.0712297472555,438466145.21315587,False,1.0,0.6981043258242802,-53.40224547289429,-11.99562500540707
321,2940,solar,6.539984703063965,7.122097492218018,668.874998633628,405.60394503671745,802649998.3603536,False,1.0,0.6980741979842014,-32.659162902487836,-5.299331470077596
322,1362,solar,6.091701984405518,7.8813700675964355,246.71769343347114,469.2750733626923,296061232.12016535,False,1.0,0.6979540003924605,-44.15479629782296,-13.609448212831712
323,2038,solar,6.10905122756958,8.464919090270996,237.4583182908301,535.7784614003407,284949981.9489961,False,1.0,0.6975995442046972,-39.399991774301746,-6.3651956597092125
324,830,solar,6.230435371398926,6.9264302253723145,308.3549761771207,630.5674600559163,370025971.41254485,False,1.0,0.6974190696286986,-48.38710487799637,-10.1402402720935
325,768,solar,6.110227584838867,6.961380481719971,239.73854375257167,536.9513212172593,287686252.50308603,False,1.0,0.6972555963863989,-48.828157662307035,-11.04807169427323
326,1363,solar,6.048462867736816,7.107758045196533,201.61690260918138,495.6262583295719,241940283.13101766,False,1.0,0.6972070783592503,-44.17305455327229,-13.164113042888575
327,1184,solar,5.8876848220825195,7.5681304931640625,91.76066411280031,419.20596517227966,110112796.93536037,False,1.0,0.6967288470528843,-45.571080827528306,-12.765754268292124
328,1662,solar,6.308345317840576,7.535925388336182,354.6434395536233,698.1755949898951,425572127.46434796,False,1.0,0.6966022563032345,-41.84734508905375,-13.509548230334861
329,1479,solar,6.305527687072754,7.836303234100342,425.1903643544013,515.589217172838,510228437.2252816,False,1.0,0.6964868740226371,-43.16752700798154,-14.903738610209306
330,766,solar,5.958445072174072,6.791345596313477,149.5369621039922,438.7073448490893,179444354.52479064,False,1.0,0.6961681181755939,-48.811661033942286,-11.948377462393886
331,1423,solar,6.08532190322876,7.3251824378967285,223.20205183321184,537.672206216537,267842462.1998542,False,1.0,0.6960773812891521,-43.712236367208384,-13.146324191037388
332,2088,solar,6.093922138214111,8.43784236907959,235.1347391760978,526.9144081770984,282161687.0113174,False,1.0,0.6960699047387109,-38.77204454097601,-10.720083653320671
333,514,solar,5.836593151092529,5.325727939605713,84.19449351150264,336.99341130362643,101033392.21380317,False,1.0,0.6956981101956816,-50.564035522979864,-17.389369743326803
334,2148,solar,6.097640514373779,7.964422702789307,256.71988840012824,485.7632158978976,308063866.0801539,False,1.0,0.6956751951757736,-38.31553919177965,-10.698207360173445
335,836,solar,6.656702518463135,6.721131801605225,578.9597211228593,930.1468069496542,694751665.3474311,False,1.0,0.6950843692411521,-48.42772235199667,-7.440711706763563
336,1973,solar,5.867928504943848,8.588193893432617,33.53951339341178,543.0083001762501,40247416.072094135,False,1.0,0.6950245714429919,-39.779535639237494,-8.570287781160866
337,643,solar,5.801705360412598,6.716161727905273,57.4048880791838,338.0728135208898,68885865.69502056,False,1.0,0.694774404597812,-49.70707255001719,-13.315886483844952
338,821,solar,5.77743673324585,6.408915042877197,97.55214124148702,183.78977252684123,117062569.48978442,False,1.0,0.6946883615332083,-48.30120626251771,-14.188243355234999
339,583,solar,5.838738918304443,6.304313659667969,78.99003730321424,368.5745702703099,94788044.76385708,False,1.0,0.694601569393628,-50.168503010959,-13.323250448619133
340,580,solar,5.770358562469482,5.767334461212158,56.31233516965497,273.07202978575026,67574802.20358597,False,1.0,0.6945924081873779,-50.145991409181185,-14.67594643345698
341,594,solar,6.6192307472229,6.471989154815674,575.0987363704014,863.4445216562948,690118483.6444817,False,1.0,0.6945009966366184,-50.231252498802995,-8.361981551241987
342,813,solar,5.743905544281006,5.944762229919434,56.0226718901474,224.42890356586798,67227206.26817688,False,1.0,0.6938131912118877,-48.19805444715301,-17.784746288159326
343,335,solar,5.958530426025391,5.048191547393799,154.1027560746518,456.785302469668,184923307.28958216,False,1.0,0.6938116472668587,-51.98045399338976,-16.957154023875436
344,1132,solar,6.246076583862305,7.853017807006836,290.6308117055481,758.7476362887243,348756974.04665774,False,1.0,0.6935233727381592,-46.12750193255547,-9.19818893816299
345,1008,solar,5.992765426635742,7.101535797119141,153.39794685644995,540.463481583083,184077536.22773993,False,1.0,0.6933764637803188,-46.99831286759051,-11.011530025185598
346,1496,solar,6.384618759155273,8.065413475036621,341.52307965852447,948.4541156116925,409827695.59022933,False,1.0,0.6928464500902327,-43.44659807072616,-7.35158204896617
347,1733,solar,6.041944980621338,7.889727592468262,119.88011028953352,742.6638408869239,143856132.3474402,False,1.0,0.6927431016307875,-41.5953885977413,-8.63147794094617
348,2750,solar,6.231749534606934,8.081564903259277,497.13803054013067,216.30155009632176,596565636.6481568,False,1.0,0.6927361024392681,-33.809103334914866,-9.59957924514469
349,2031,solar,5.889403343200684,8.212878227233887,78.24721747919816,510.5249724832256,93896660.97503778,False,1.0,0.6924444532932088,-39.289605315834756,-9.429005671191645
350,2219,solar,6.0382981300354,8.07654857635498,242.25830612826363,431.06214433434906,290709967.35391635,False,1.0,0.6923537186850173,-38.05805536739806,-5.891434836206404
351,2450,solar,6.003227233886719,7.853147506713867,289.5193743628371,234.8421144084756,347423249.2354045,False,1.0,0.6922584197507233,-36.08355425862844,-9.719146103305453
352,1120,solar,5.962693691253662,6.642358779907227,250.57867818592885,246.13503200314778,300694413.82311463,False,1.0,0.691959113637352,-45.97050551728567,-14.570078415075432
353,337,solar,5.860565662384033,5.7909064292907715,82.99257268544764,441.02766294726763,99591087.22253717,False,1.0,0.6918931354545084,-51.98981054052907,-16.054079202806342
354,1786,solar,6.169548034667969,7.911172389984131,217.41057470452512,792.750828926874,260892689.64543015,False,1.0,0.6918806600066463,-41.01534538295571,-11.70221080921653
355,1907,solar,6.115322113037109,8.642721176147461,215.48008232829628,681.0894074693946,258576098.79395553,False,1.0,0.6915113491433058,-40.12099622793619,-11.221383130476744
356,2327,solar,6.161471366882324,8.57144832611084,366.5761268965094,414.93678987398823,439891352.27581125,False,1.0,0.6905957229707337,-36.921146093160864,-11.061971966189544
357,2036,solar,5.953505039215088,7.945230960845947,147.2567366422506,504.48903337373775,176708083.9707007,False,1.0,0.690469607813384,-39.372948545072525,-7.240762235829681
358,396,solar,5.832496643066406,5.344326019287109,83.3932129607993,396.89434288045,100071855.55295916,False,1.0,0.6903234502585648,-51.51690486626033,-16.500592917272858
359,944,solar,5.715509414672852,6.6264753341674805,5.420067216678632,334.5886843096692,6504080.660014358,False,1.0,0.6901163891823251,-47.41236692352299,-12.817766785354264
360,896,solar,6.603172302246094,6.409997463226318,557.3745718988289,929.3110867038143,668849486.2785946,False,1.0,0.689923954998855,-47.97481758229672,-7.434818645952723
361,2809,solar,6.322244167327881,8.199164390563965,563.9910487080311,285.199546801609,676789258.4496374,False,1.0,0.6899158581415568,-33.32703715200593,-9.998589273904607
362,2390,solar,5.967279434204102,8.115619659423828,257.2090929105624,267.9994595610184,308650911.4926749,False,1.0,0.6896880436522395,-36.5386225237291,-9.741673583048046
363,2458,solar,5.985648155212402,8.19334888458252,278.6101585878074,255.63317140863313,334332190.3053689,False,1.0,0.6896465333667372,-36.23828809836608,-6.270638220524714
364,100,solar,6.0774149894714355,5.72238302230835,202.7516598092394,653.4525432771806,243301991.7710873,False,1.0,0.6895089754870736,-53.85980744945951,-14.7078716949342
365,770,solar,6.212794780731201,6.423629283905029,329.9401254011512,635.7431150153204,395928150.4813814,False,1.0,0.6894843916571456,-48.84328543951904,-10.147690202253346
366,1920,solar,6.273894786834717,7.761944770812988,370.83019838747043,669.2934467458748,444996238.06496453,False,1.0,0.6894780091944793,-40.32568305130887,-5.510238234856228
367,695,solar,5.701981067657471,5.430904865264893,56.823952440850704,185.280578864129,68188742.92902085,False,1.0,0.6892812887332415,-49.16457081103689,-16.910014064607125
368,2262,solar,6.491753101348877,7.791966915130615,570.4949317939277,655.7224976701002,684593918.1527132,False,1.0,0.6892539265050371,-37.238894759050396,-13.253724660420996
369,457,solar,5.72173547744751,5.235658645629883,12.683669846946783,341.17067029377284,15220403.81633614,False,1.0,0.6892365412362791,-51.055370663249626,-16.043286982481284
370,954,solar,6.429360866546631,6.525334358215332,445.58784102621877,831.3919186101031,534705409.23146254,False,1.0,0.6892250834792385,-47.50788743515755,-8.326881972412606
371,575,solar,5.688437461853027,5.557373046875,13.484950397650113,269.1409781513272,16181940.477180136,False,1.0,0.6888860911287152,-50.10303602288463,-16.92999872144851
372,1793,solar,5.968945026397705,8.707197189331055,98.29496106550307,692.7313252161792,117953953.27860369,False,1.0,0.6880320812691871,-41.141372844505696,-8.616884280736127
373,2870,solar,6.337329387664795,7.9582133293151855,589.4710533355038,280.072450133466,707365264.0026046,False,1.0,0.6878818821405557,-32.899753336357094,-9.548661953130438
374,1000,solar,5.85650634765625,6.416772842407227,207.40837973786807,169.3824878646463,248890055.6854417,False,1.0,0.6878146024271683,-46.89802611426579,-14.599879654865898
375,2818,solar,6.270504951477051,7.974812984466553,537.2274419664066,265.1621552437475,644672930.3596879,False,1.0,0.6876618365491146,-33.529177187869955,-6.177700938552805
376,1373,solar,6.221005916595459,7.981706619262695,249.39100563371613,880.288772283212,299269206.76045936,False,1.0,0.6876183643485098,-44.320148782036085,-8.708836577029832
377,2087,solar,6.10999870300293,8.30429458618164,280.2355300003876,555.7554373027292,336282636.0004651,False,1.0,0.6875265834555324,-38.74922365375599,-11.156553096201291
378,1435,solar,6.3469929695129395,8.070184707641602,318.0074380582651,992.072035152838,381608925.6699181,False,1.0,0.6873603137464329,-43.888845713665084,-7.806985145148264
379,1254,solar,6.319941520690918,8.054374694824219,337.6620949060667,885.1229232655327,405194513.88728005,False,1.0,0.6871201231085395,-45.238868969063326,-8.28380613041554
380,1605,solar,6.086805820465088,7.99797248840332,197.75591785672356,717.8314763550991,237307101.42806828,False,1.0,0.687038210445613,-42.370886769963136,-12.20289546586882
381,283,solar,6.005635738372803,5.379360675811768,186.91578342336643,564.4618205778047,224298940.1080397,False,1.0,0.68698690265101,-52.475986842204556,-13.347579130427697
382,2217,solar,5.871145248413086,8.434100151062012,142.26225361604827,378.5038934700397,170714704.33925793,False,1.0,0.686828736509122,-38.030667807717045,-6.7617147411023995
383,1243,solar,5.906147003173828,7.238113880157471,158.44660416112052,416.83733177559566,190135924.99334463,False,1.0,0.6867550071283266,-45.09488029461888,-13.197372754054994
384,352,solar,6.565917015075684,6.19138240814209,571.2377516179438,851.997536075016,685485301.9415325,False,1.0,0.6866499085262706,-52.042284244347336,-9.278730924397225
385,1015,solar,6.465681552886963,7.3756489753723145,469.1034826264782,886.050127920755,562924179.1517738,False,1.0,0.6865977679070767,-47.06176652962233,-7.870480826450889
386,2871,solar,6.298519611358643,7.987209320068359,573.7607443548031,249.42987947885638,688512893.2257638,False,1.0,0.6865611688731692,-32.92635196350837,-9.125482537054562
387,1054,solar,5.899465084075928,6.4524383544921875,232.19556926175113,233.62080341856554,278634683.11410135,False,1.0,0.6853512259963443,-46.33229311710407,-17.272588666985552
388,2263,solar,6.399104595184326,8.459733963012695,525.3941409696379,611.3482488760303,630472969.1635654,False,1.0,0.6853281932370565,-37.26886884173815,-12.82042419338653
389,1164,solar,5.707510471343994,5.384180545806885,53.04644484576891,256.5060210688407,63655733.81492269,False,1.0,0.6853238900928891,-45.1518038622805,-21.69960581121366
390,753,solar,5.662746429443359,5.379653453826904,20.868220470896965,238.5839880708488,25041864.56507636,False,1.0,0.6852432996500041,-48.6694174383919,-17.798096983616066
391,1192,solar,6.181240081787109,7.24520206451416,269.0456624815177,774.0439192744252,322854794.97782123,False,1.0,0.6850444837684554,-45.67265411046164,-9.188078671314276
392,591,solar,6.348523139953613,6.6764092445373535,439.7963638975322,720.595282790301,527755636.67703867,False,1.0,0.6848000125412603,-50.21713757347153,-9.715241801637054
393,2580,solar,6.142821311950684,7.5829548835754395,420.0048331432513,315.5184780330224,504005799.77190155,False,1.0,0.6844341604598447,-35.364410905627295,-5.382344678781891
394,36,solar,6.174632549285889,4.847537517547607,300.48655000465766,694.1534693845329,360583860.0055892,False,1.0,0.6839155821644365,-54.32693247916403,-16.515080727529046
395,2459,solar,6.013580322265625,7.671188831329346,315.196588671947,298.53476477206067,378235906.40633637,False,1.0,0.6838191431010613,-36.25282437305218,-5.839355777565609
396,1680,solar,6.420758247375488,7.535475730895996,457.17079528359227,851.2609966147813,548604954.3403107,False,1.0,0.6837514796956924,-42.1302469717507,-5.54813673834906
397,1377,solar,6.48030424118042,7.252747535705566,429.7941689308751,1054.3650601779918,515753002.71705014,False,1.0,0.6836618373490477,-44.36153768236786,-6.9259364119402145
398,2513,solar,5.858748912811279,8.600403785705566,258.19029012213224,99.00499701485364,309828348.1465587,False,1.0,0.6836012126072455,-35.69611921704406,-8.406470977075488
399,1017,solar,6.594333171844482,6.610875606536865,559.3050642750576,985.3615661881729,671166077.1300691,False,1.0,0.6834567756394555,-47.07588722055937,-6.972874107773042
400,817,solar,5.765199661254883,5.873737812042236,198.24303866855576,45.53577297710953,237891646.40226692,False,1.0,0.6832423371038597,-48.25291510768735,-15.98672556086679
401,455,solar,5.777313709259033,5.467184066772461,83.79385323615095,361.3098937702643,100552623.88338114,False,1.0,0.6832120583025602,-51.04167774135084,-16.945720121216716
402,1421,solar,6.094573974609375,7.4944586753845215,313.40363348179136,493.19247196742134,376084360.17814964,False,1.0,0.683080270805399,-43.67338271001401,-14.035704297332659
403,408,solar,6.230286598205566,6.127840518951416,369.2494390967544,657.7542405830917,443099326.9161053,False,1.0,0.6829120349640317,-51.57360305449533,-11.082502846552025
404,1785,solar,6.181310653686523,8.29624080657959,262.5113655288149,818.3392874053964,315013638.6345779,False,1.0,0.6828254735455368,-40.99401938494633,-12.142789046116667
405,508,solar,6.101287841796875,5.802435398101807,297.52504367911513,553.1788123787708,357030052.41493815,False,1.0,0.6826805560936597,-50.50880211358295,-20.094693553878553
406,628,solar,5.9938836097717285,5.877748012542725,227.21614084061432,490.814443399943,272659369.0087372,False,1.0,0.6826464110806371,-49.552970128812234,-20.073253658635668
407,349,solar,6.333985328674316,6.152471542358398,435.9353791450744,727.7505898858924,523122454.9740893,False,1.0,0.6824024084967676,-52.03418735352923,-10.63407792183446
408,525,solar,5.94390869140625,5.646015644073486,190.7767681758242,477.75913114285885,228932121.81098905,False,1.0,0.6821030560665546,-50.64201005115029,-12.427431275098025
409,2146,solar,6.151525020599365,7.999209880828857,346.92147004870776,550.8325762092503,416305764.0584493,False,1.0,0.6818884650649139,-38.26766381175165,-11.569259891163727
410,569,solar,5.985773086547852,5.533717632293701,226.81550056526262,484.6432763620944,272178600.67831516,False,1.0,0.6817694953512137,-50.042063163395234,-19.63403662319726
411,880,solar,5.755804538726807,6.312860488891602,164.23808128980718,129.60864327367798,197085697.54776862,False,1.0,0.6816876614382941,-47.82577962084338,-14.62612640969949
412,2568,solar,6.1263508796691895,8.534758567810059,430.93019313849254,290.26825617588077,517116231.76619107,False,1.0,0.6813018456471992,-35.12184822348766,-10.530007146673668
413,754,solar,5.657401084899902,5.705038070678711,56.423312165499055,193.25789202514395,67707974.59859887,False,1.0,0.6807380597163332,-48.68261244061751,-17.348279480201747
414,2094,solar,5.744207859039307,8.53962516784668,35.47000576964068,441.91279486236414,42564006.923568815,False,1.0,0.6805812585831651,-38.888961970102635,-8.10015655574909
415,812,solar,5.651505470275879,6.28549337387085,20.467580195545338,273.755437004576,24561096.234654404,False,1.0,0.680490886690544,-48.183279009376115,-18.23417325456236
416,1108,solar,5.749737739562988,5.618823051452637,54.01947051338906,413.8189813996635,64823364.61606687,False,1.0,0.6800772732741017,-45.73313627678254,-19.936945643965835
417,2389,solar,5.976782321929932,8.162420272827148,299.0505783872772,305.0393792150842,358860694.0647326,False,1.0,0.67996833083285,-36.51493528262709,-10.173491583462155
418,2391,solar,5.855167865753174,8.135272979736328,218.81907256449026,235.79312495929975,262582887.07738832,False,1.0,0.6799451815011868,-36.561233945721234,-9.309792196768257
419,520,solar,5.682939529418945,6.087822914123535,34.727185945624534,317.9973585728707,41672623.13474944,False,1.0,0.6796932192425806,-50.61014585333804,-14.683171534784721
420,2339,solar,5.957178115844727,8.497085571289062,262.71465166466066,357.027714649463,315257581.9975928,False,1.0,0.679628510486282,-37.155400032978534,-5.8659776340697585
421,403,solar,5.877966403961182,5.769140243530273,143.74548497530557,480.1137091085645,172494581.9703667,False,1.0,0.6796038440287879,-51.55293955553248,-13.340354222665844
422,2325,solar,6.239602565765381,7.791189670562744,456.7777085450888,499.6230225728017,548133250.2541065,False,1.0,0.679578856548661,-36.86739558695788,-11.927128406162362
423,2447,solar,6.127155303955078,7.776094913482666,410.6649011117466,365.82339501543845,492797881.3340959,False,1.0,0.6794815267034573,-36.007540071917546,-11.01133491385458
424,2264,solar,6.29551362991333,8.108600616455078,480.29335014534803,567.9096484977717,576352020.1744176,False,1.0,0.6793675801687079,-37.29776399438338,-12.387045216395387
425,527,solar,6.067153453826904,5.883458137512207,280.97834982440367,560.4519375671762,337174019.7892844,False,1.0,0.6793261316392405,-50.65315169632591,-11.525007257643288
426,2452,solar,5.831676006317139,8.722249031066895,228.6307201923382,166.43375140274753,274356864.2308058,False,1.0,0.6793168906753877,-36.12871771206193,-8.857352916388463
427,1314,solar,6.259441375732422,7.218677043914795,316.07694568203635,903.8188992724754,379292334.8184436,False,1.0,0.6791453171715021,-44.78512779415939,-8.273717763445234
428,894,solar,6.395885467529297,7.161387920379639,467.1729902502492,829.3168929535933,560607588.300299,False,1.0,0.6790356497204214,-47.96174608658802,-8.334001925616654
429,889,solar,6.029571056365967,6.836333274841309,241.66903612880057,579.3401777946574,290002843.3545607,False,1.0,0.6790208666861047,-47.92226209027075,-10.581667884567661
430,859,solar,5.670406818389893,5.194604396820068,113.08281176556035,101.35567544331361,135699374.11867243,False,1.0,0.6789909904129559,-47.458466593583374,-24.053310229069275
431,1067,solar,5.819991588592529,6.718618392944336,86.71200680812979,505.0945405076983,104054408.16975574,False,1.0,0.678737925404248,-46.52934759460065,-11.448908559883034
432,691,solar,5.746932029724121,6.165152549743652,85.39641433755762,350.17669688227613,102475697.20506914,False,1.0,0.6783394528197546,-49.115683111264104,-18.710539428460923
433,926,solar,5.766522407531738,5.722469329833984,122.55406713356636,300.4060361695041,147064880.56027964,False,1.0,0.6783329978601386,-47.124831283474876,-20.894238416506653
434,2626,solar,6.2741546630859375,8.34455680847168,538.4377809271319,387.3414437057882,646125337.1125584,False,1.0,0.6782747995632471,-34.60832068576916,-11.358761592599425
435,582,solar,5.679603576660156,6.047123908996582,33.88924647892448,332.29643450349005,40667095.77470937,False,1.0,0.6781185040545132,-50.16126483652338,-13.774169672059509
436,2268,solar,6.013380527496338,8.750205039978027,299.8901868481891,409.4143606044599,359868224.2178269,False,1.0,0.6779849891469584,-37.40272032433792,-10.652801755399995
437,1044,solar,5.721930503845215,6.025819778442383,123.35534768426977,207.8665580736924,148026417.22112373,False,1.0,0.6776042023874944,-46.116951384725375,-21.747940533600577
438,887,solar,5.873432159423828,7.095475673675537,151.46745448022102,479.3562919945065,181760945.37626523,False,1.0,0.6772926383597392,-47.90369434997277,-11.480599381447986
439,1613,solar,6.048888206481934,7.724836826324463,163.0504087375944,842.5528848750249,195660490.4851133,False,1.0,0.6772573284229173,-42.50351931321047,-8.659226721614347
440,1721,solar,6.290168285369873,7.442892074584961,421.32937960194346,731.7573924227001,505595255.52233213,False,1.0,0.6771836364581162,-41.362144847770324,-13.928396276292183
441,699,solar,5.7218017578125,5.700860500335693,144.58342444200568,161.35075695227437,173500109.3304068,False,1.0,0.6770227080737667,-49.20782288122924,-15.10905087082485
442,521,solar,5.650979042053223,5.599623680114746,10.373604878665153,341.39216968983663,12448325.854398184,False,1.0,0.6770125073089587,-50.6169850874553,-14.232062483884073
443,929,solar,5.693516254425049,5.868277072906494,15.888792049760104,424.9178575617951,19066550.459712125,False,1.0,0.6768200981858097,-47.183972555124974,-19.548969693543174
444,747,solar,5.877375602722168,5.954061985015869,192.46232969671556,395.1893141125446,230954795.63605866,False,1.0,0.676466479814728,-48.58179217023447,-20.49633744217053
445,2696,solar,6.004593372344971,8.241410255432129,412.10785603577324,126.91484120334403,494529427.2429279,False,1.0,0.6763939663693588,-34.397047824626966,-7.063825550388971
446,1614,solar,6.094552993774414,8.461237907409668,208.15119956188417,841.8254280219273,249781439.47426102,False,1.0,0.6763842129865706,-42.51679125545864,-8.216110259236869
447,1115,solar,5.932058334350586,6.891871929168701,302.9051123756037,241.76638858231328,363486134.85072446,False,1.0,0.676252563353268,-45.88192320843622,-16.80699502632928
448,2635,solar,5.909563064575195,8.091848373413086,354.17886061807525,63.28966021199997,425014632.7416903,False,1.0,0.6761764369783387,-34.83036121594255,-7.509642669230506
449,513,solar,5.780073642730713,5.027124881744385,119.74958520610473,364.88116667737705,143699502.24732566,False,1.0,0.6761570425391809,-50.55548049843315,-17.840321192813523
450,2633,solar,5.899816513061523,7.611511707305908,356.35954768253276,38.16026970033619,427631457.2190393,False,1.0,0.676005130084256,-34.78915994881924,-8.365482231024108
451,1425,solar,5.897138595581055,7.832574844360352,133.00047018463232,595.7717585369256,159600564.22155878,False,1.0,0.6759348047164988,-43.74832949071614,-12.256779029316911
452,1499,solar,6.455717086791992,7.616282939910889,476.8254521313937,977.695899439074,572190542.5576725,False,1.0,0.6759051643888376,-43.47548520290306,-6.017924523775181
453,1545,solar,5.979734420776367,8.17654037475586,176.17076863269318,675.8964529083981,211404922.35923183,False,1.0,0.6755835567579566,-42.82997323172805,-12.221557066184992
454,2820,solar,6.28980827331543,7.341224193572998,580.5720131783717,350.5143983913604,696686415.814046,False,1.0,0.6755201769801517,-33.560836497371994,-5.327959055782532
455,869,solar,5.723934173583984,6.0252485275268555,51.04324346901054,420.843405892167,61251892.16281265,False,1.0,0.6754936793296191,-47.66010163454243,-19.56622264039032
456,1729,solar,5.894546985626221,8.00716781616211,60.523053007625485,778.7495301755387,72627663.60915059,False,1.0,0.6754399338646526,-41.53052956973941,-10.39782486356543
457,581,solar,5.624431610107422,6.076501369476318,11.211544345365285,299.9910447288735,13453853.214438342,False,1.0,0.6754079487179839,-50.15376179128725,-14.225068547509366
458,1364,solar,5.888326168060303,7.280212879180908,156.51611178489162,525.4252386514972,187819334.14186993,False,1.0,0.6752466543583806,-44.19065223747435,-12.718738736235666
459,2575,solar,5.853000164031982,8.296008110046387,304.5943444208112,75.35564155990448,365513213.3049734,False,1.0,0.6750942257323235,-35.282978986953545,-7.528193071726916
460,2815,solar,6.1183061599731445,7.50117301940918,503.42578129793947,170.25541464014367,604110937.5575273,False,1.0,0.67483953847649,-33.472727822466794,-7.451921503168162
461,1073,solar,6.233089447021484,7.142998218536377,357.31675175386823,795.4107465001656,428780102.10464185,False,1.0,0.6747872372783774,-46.59153546330602,-8.759454642103533
462,52,solar,6.689262866973877,5.865188121795654,679.1634977380959,1004.3255122309522,814996197.2857151,False,1.0,0.6747275484838994,-54.3176633534139,-9.283946939445759
463,640,solar,5.664236068725586,5.98646879196167,77.89748439368542,230.2484459085369,93476981.2724225,False,1.0,0.6746586288615969,-49.681869283493164,-14.667803893201478
464,1106,solar,5.633262634277344,5.421202659606934,17.09071287581511,318.7852504207505,20508855.450978134,False,1.0,0.6742951524481355,-45.685021596597714,-20.830797004037954
465,876,solar,5.725837230682373,6.216568946838379,197.84239839320406,71.36684486789596,237410878.07184488,False,1.0,0.6742021032291423,-47.77187777536318,-16.42297615585151
466,1130,solar,5.993485450744629,7.408421993255615,200.42923005696863,663.2084051346934,240515076.06836236,False,1.0,0.674163599723467,-46.106563218327544,-10.093771425464956
467,276,solar,5.8657450675964355,5.292818546295166,153.70211579930012,495.61385435289304,184442538.95916015,False,1.0,0.6741609181717454,-52.45352750329961,-16.50961494702238
468,102,solar,6.046111583709717,4.8897905349731445,240.3461461439553,680.3328694454194,288415375.37274635,False,1.0,0.674153084261795,-53.86036470631647,-13.804055738014908
469,228,solar,6.298511505126953,5.812615871429443,434.00488676884555,756.5068412308506,520805864.1226147,False,1.0,0.6741331364678884,-52.946508407255976,-11.090417280613943
470,827,solar,5.880694389343262,6.85476541519165,173.05260370425145,480.9744705103753,207663124.44510174,False,1.0,0.6741034409737343,-48.361873875726126,-11.489768482811689
471,618,solar,5.853711128234863,5.285118103027344,219.84238256238763,304.6116387235121,263810859.07486516,False,1.0,0.6739597517757636,-49.40762897661302,-24.574473729658635
472,1136,solar,6.426610469818115,7.328453063964844,471.03397500270717,952.5771094449893,565240770.0032486,False,1.0,0.673875866495341,-46.16333192419456,-7.4067720156116845
473,1104,solar,5.670185089111328,5.496517181396484,88.20089626501934,228.03930013264414,105841075.51802321,False,1.0,0.6738199906222285,-45.63429785476886,-21.72444400627281
474,217,solar,5.882721900939941,5.203033924102783,153.30147552394848,540.9374942641296,183961770.62873816,False,1.0,0.6736484872363838,-52.92433208612475,-16.060807829395088
475,1239,solar,5.99169397354126,6.801455497741699,338.8497674582796,319.4498196852721,406619720.9499355,False,1.0,0.6734443136901087,-45.0248069750632,-14.983155921449661
476,1402,solar,5.749230861663818,5.4583001136779785,102.07884265577621,375.9612893930221,122494611.18693146,False,1.0,0.673313978585563,-43.155436260862025,-22.474224988757932
477,1066,solar,5.7173171043396,6.72581148147583,41.61121598384008,457.92379429821244,49933459.1806081,False,1.0,0.673240700017657,-46.517274365311145,-11.897066981993033
478,417,solar,6.811373710632324,5.860105037689209,775.156556515362,1054.2662292803186,930187867.8184344,False,1.0,0.6732037000574895,-51.600719023949466,-7.017492064376532
479,284,solar,5.990987777709961,5.993869304656982,232.0165742476562,590.7989847284955,278419889.09718746,False,1.0,0.6731413918331646,-52.47876846514436,-12.895788907897035
480,530,solar,6.244327545166016,5.992462635040283,416.2807222972729,693.0983009079129,499536866.7567275,False,1.0,0.6730927584584421,-50.66819156427496,-10.171249658240944
481,486,solar,5.659435272216797,4.230057239532471,135.0093087681024,97.93754713972565,162011170.52172285,False,1.0,0.6728708693400726,-50.21519388294298,-30.004753265987194
482,816,solar,5.68276309967041,6.450416564941406,162.68794697395367,81.53044311428438,195225536.3687444,False,1.0,0.6727734955656045,-48.2398266863252,-16.436276040619575
483,1374,solar,6.208353042602539,7.944552898406982,294.4917964580059,924.8430223957447,353390155.7496071,False,1.0,0.672669554426208,-44.33140990621036,-8.263146453971034
484,399,solar,5.666375637054443,5.209416389465332,23.27206212300696,398.50219548847923,27926474.547608353,False,1.0,0.6725856290072654,-51.5333919600707,-15.146322524251309
485,1194,solar,6.255334377288818,7.493350028991699,359.24724413009716,868.9053894976918,431096692.9561166,False,1.0,0.6724887413920624,-45.69263239825564,-8.29340790810397
486,1555,solar,6.171331882476807,7.8536176681518555,274.83713961020425,893.9337952793425,329804567.5322451,False,1.0,0.672487324718471,-42.98248650635955,-7.784747219220433
487,1961,solar,6.407844066619873,7.936405181884766,507.6699764980652,836.3980898013891,609203971.7976782,False,1.0,0.672429422088518,-39.51476929724392,-13.828486778308255
488,2756,solar,6.050677299499512,7.399621963500977,460.97487530447455,156.31533927454348,553169850.3653694,False,1.0,0.6724195149583244,-33.944880090311614,-7.045690829232321
489,716,solar,6.583113670349121,5.99346923828125,622.1300195709201,939.8303334616647,746556023.4851042,False,1.0,0.6724074219941939,-49.33356566631816,-7.451139756499445
490,819,solar,5.7122650146484375,6.241257190704346,187.75372289006657,89.02861086777358,225304467.4680799,False,1.0,0.6723930263681568,-48.27786498526541,-15.087538890015763
491,701,solar,5.6231770515441895,5.825692653656006,54.381842793426166,227.7864212403683,65258211.3521114,False,1.0,0.6722522332457972,-49.22740941966915,-14.208419360498786
492,2577,solar,5.910833835601807,7.746649742126465,333.50899948481504,168.01145086288858,400210799.38177806,False,1.0,0.6721828073765251,-35.318870380567084,-6.669994414399406
493,1353,solar,6.085488796234131,6.6406168937683105,372.4127346634011,465.16927379574264,446895281.5960814,False,1.0,0.6717802031350422,-43.959710899239404,-17.615468990586056
494,947,solar,5.819438934326172,7.243261337280273,129.8823052561906,482.9373334778637,155858766.30742872,False,1.0,0.6716951640784969,-47.44554534924813,-11.470730539917003
495,818,solar,5.741513252258301,6.709804058074951,232.85451371435633,49.99800082837468,279425416.4572276,False,1.0,0.6716507237599232,-48.26559313422299,-15.53714623962195
496,2694,solar,5.935550689697266,8.350459098815918,401.72421749526495,59.64899002935434,482069060.99431795,False,1.0,0.6715188044172482,-34.35734837453638,-7.91760290328858
497,1133,solar,6.193312644958496,7.628660678863525,335.7316025298379,806.9227156549364,402877923.0358055,False,1.0,0.671100114580444,-46.13721090997147,-8.750364594144594
498,1734,solar,5.970046043395996,8.381641387939453,164.98090111382328,741.8384379458861,197977081.33658794,False,1.0,0.6708214689382188,-41.60964716383121,-8.189800765312123
499,1195,solar,6.318238735198975,7.546023368835449,404.34803495438695,916.7458041160302,485217641.94526434,False,1.0,0.6708092043680602,-45.70182793670764,-7.846041005207879
500,759,solar,5.692784309387207,6.680715084075928,166.16857366603614,120.33320473193874,199402288.39924335,False,1.0,0.6707541001905828,-48.74282063737912,-15.09876299051411
501,2931,solar,6.281898498535156,7.850429058074951,621.9858056404116,292.47627792982195,746382966.768494,False,1.0,0.6703914246720029,-32.47224558816175,-9.100568557587273
502,714,solar,6.423305034637451,6.397268772125244,531.9284379223405,841.087670080974,638314125.5068086,False,1.0,0.669922401167944,-49.32341189295336,-8.352322584434674
503,2218,solar,5.843305587768555,8.679191589355469,192.2597665816386,402.5417802229393,230711719.8979663,False,1.0,0.6698157377643637,-38.0448420438909,-6.3265927218755476
504,1242,solar,5.847848415374756,7.2704901695251465,203.54739498541028,385.13253263725557,244256873.98249233,False,1.0,0.6697451637232184,-45.078276978139826,-13.643874380258756
505,2509,solar,5.965850830078125,8.25182056427002,360.22374955701287,254.36831489321767,432268499.46841544,False,1.0,0.6697163264557804,-35.60377961852211,-10.125906396576296
506,1064,solar,5.664076805114746,7.23726224899292,48.59036566473944,365.8437022172844,58308438.79768732,False,1.0,0.66967817295344,-46.491630491154304,-12.793302697042133
507,2508,solar,6.028550624847412,8.692557334899902,397.53726957708534,301.54361569852733,477044723.4925024,False,1.0,0.6696264942503855,-35.577883855148194,-10.5555948235228
508,1436,solar,6.298978328704834,8.033035278320312,363.1082288825549,998.1172782022722,435729874.6590659,False,1.0,0.6691656194584567,-43.899339621966604,-7.3618502409197415
509,588,solar,6.045299530029297,6.449019432067871,304.49399142466297,581.3593391191029,365392789.70959556,False,1.0,0.6689855056380614,-50.20080039474273,-11.068371711968394
510,1348,solar,5.887481689453125,6.543738842010498,194.63727619039074,506.37912192840724,233564731.42846888,False,1.0,0.6689220970547992,-43.826126036081824,-19.83922762256263
511,1589,solar,6.164295673370361,6.057008266448975,370.8101735619946,681.1053792356448,444972208.2743935,False,1.0,0.6689051223087087,-41.954862720543574,-19.280738607035214
512,2875,solar,6.162525177001953,7.976757526397705,553.2652780818755,217.51784889781538,663918333.6982507,False,1.0,0.6689024761777999,-33.02025813454274,-7.432011229387714
513,2627,solar,6.157726764678955,8.393418312072754,501.63783048315184,337.3545337847979,601965396.5797822,False,1.0,0.6688632974807829,-34.63769941503212,-10.9313832586544
514,704,solar,5.691885471343994,5.926321506500244,80.92052967944312,358.0021425915331,97104635.61533174,False,1.0,0.6687569659424886,-49.2543133286959,-12.857300828611054
515,2090,solar,5.817923069000244,8.379781723022461,144.93315752751835,479.7792913942513,173919789.03302202,False,1.0,0.6686366270010298,-38.81480379630596,-9.846976399630082
516,2757,solar,6.060752868652344,8.01137638092041,473.52202135073424,195.47166737302274,568226425.6208811,False,1.0,0.6685500860289476,-33.96334439302091,-6.6198242726952055
517,2330,solar,5.836287021636963,8.662296295166016,231.28243949833302,305.772140572277,277538927.39799964,False,1.0,0.668435069935505,-36.993748095333494,-9.763721668839679
518,937,solar,5.767696857452393,6.257002830505371,268.55194150705654,62.97248132792924,322262329.80846786,False,1.0,0.6680892640076477,-47.319173513034656,-15.959906249607606
519,1906,solar,6.046491622924805,8.652178764343262,260.580873152586,707.18321071271,312697047.78310317,False,1.0,0.6679809337404821,-40.09917381686153,-11.660396242089098
520,110,solar,6.477430820465088,5.932519435882568,567.3767668654859,897.9215784117946,680852120.2385831,False,1.0,0.6678992583948575,-53.86221350160856,-10.188168633036497
521,1676,solar,6.104346752166748,7.969484329223633,276.76763198643323,799.716533870155,332121158.38371986,False,1.0,0.6676541921035597,-42.08850132077041,-7.318274415071966
522,811,solar,5.593574047088623,6.027468681335449,15.087511499056747,323.28895097629777,18105013.798868097,False,1.0,0.6672302277716129,-48.168069613075964,-18.683567300729493
523,2880,solar,6.30216121673584,7.412503719329834,624.2826388276079,375.7491874302629,749139166.5931295,False,1.0,0.6668798890230582,-33.109990056685824,-5.313761216321393
524,2336,solar,5.703938961029053,8.716532707214355,137.27046686361936,266.72968838994353,164724560.23634323,False,1.0,0.6668513812725014,-37.11072512777774,-7.1656488296920715
525,2278,solar,5.8145318031311035,8.585570335388184,199.06975787798714,361.0636968734171,238883709.45358458,False,1.0,0.6666122524910358,-37.593169243593344,-6.3130755548214665
526,1794,solar,5.899679660797119,7.943320274353027,143.39575188979282,691.8463531658152,172074902.2677514,False,1.0,0.6665869133046978,-41.156119660216746,-8.175963979676888
527,162,solar,5.937667369842529,5.732261657714844,200.66457077982528,633.4815124688524,240797484.93579033,False,1.0,0.6665021852096469,-53.397937699580496,-13.803357837452193
528,829,solar,5.984317779541016,6.88460111618042,263.254185352831,580.6797983528946,315905022.4233972,False,1.0,0.6664481605836668,-48.37906480436835,-10.590102386901837
529,1253,solar,6.13162088394165,7.34867000579834,292.561304081777,838.4606704097163,351073564.8981324,False,1.0,0.6662423858557938,-45.22863028325899,-8.73062688322055
530,2803,solar,6.522892951965332,7.409888744354248,750.156176252738,560.080937702221,900187411.5032855,False,1.0,0.6662084678091283,-33.13638845746725,-12.542217302429641
531,2816,solar,6.088339805603027,7.493739128112793,510.0615514989834,194.3234254210265,612073861.7987801,False,1.0,0.666202216639095,-33.49274541492559,-7.027238433154133
532,1847,solar,5.968972682952881,8.423413276672363,193.89493310426582,724.9521864179495,232673919.725119,False,1.0,0.6661425658612552,-40.57838193806288,-11.241789859627618
533,917,solar,5.502747058868408,4.609938144683838,7.1564872026016335,156.34665299685264,8587784.64312196,False,1.0,0.6659499182520882,-46.91725779025159,-24.92763455901556
534,2873,solar,6.1427412033081055,7.21302604675293,554.6637989330081,211.5765574986625,665596558.7196097,False,1.0,0.6655529165959939,-32.975789563933624,-8.278889933394336
535,1849,solar,5.845176696777344,7.901235103607178,103.69335145568635,684.1820280439362,124432021.74682362,False,1.0,0.6654594389815873,-40.61810952707002,-10.361976819928898
536,1249,solar,5.841031074523926,7.236034870147705,112.15814078461798,656.7428126436297,134589768.94154158,False,1.0,0.6652071144827252,-45.18204998181492,-10.517668334183941
537,480,solar,6.950382709503174,5.906394004821777,888.8737797642008,1179.4923382504703,1066648535.7170409,False,1.0,0.665089841345955,-51.155638411654735,-5.66026095944233
538,2386,solar,6.101090908050537,8.572724342346191,433.2620669448295,432.11683664571774,519914480.33379537,False,1.0,0.664933294532495,-36.4373493668531,-11.46853536406719
539,1675,solar,6.03553581237793,7.729770660400391,231.66684116214344,794.211462453307,278000209.39457214,False,1.0,0.6648814113935773,-42.07622455317129,-7.7607440755886135
540,807,solar,5.763095855712891,5.292628765106201,157.30787827746508,374.1229883719067,188769453.9329581,False,1.0,0.6647885077494438,-48.10278496055684,-20.48079787466547
541,1620,solar,6.359245300292969,7.801726818084717,478.7559445076227,897.95221252734,574507133.4091473,False,1.0,0.664630314787698,-42.58142181043937,-5.5568476188786775
542,2398,solar,5.821537494659424,8.062074661254883,244.86459485345964,286.3934530494543,293837513.8241516,False,1.0,0.6646035367760852,-36.68989186972788,-6.285093711528559
543,750,solar,5.6809916496276855,5.885334014892578,85.79705461290928,381.63259683255177,102956465.53549114,False,1.0,0.6639260968524565,-48.627446116249075,-19.14736419399926
544,1376,solar,6.3010149002075195,7.700386047363281,384.6933781065853,1015.4738810065567,461632053.7279024,False,1.0,0.6637785811490888,-44.35210121066199,-7.371695045407313
545,2442,solar,6.398689270019531,8.277106285095215,635.250379466019,604.1136640362073,762300455.3592228,False,1.0,0.6636431019206132,-35.858300997323276,-13.163437946112392
546,629,solar,5.829268932342529,5.191502094268799,191.6610491460122,461.8713226808655,229993258.97521463,False,1.0,0.6626656337349599,-49.56551896932329,-19.62295230278645
547,710,solar,6.091320991516113,6.11226224899292,351.5252746251816,644.7660776571579,421830329.5502179,False,1.0,0.6626440890155605,-49.299486123951866,-10.154518536832558
548,1912,solar,5.685232639312744,8.166799545288086,10.023871793152479,598.1272592286538,12028646.151782975,False,1.0,0.6626333675474151,-40.21687595565246,-9.025577926990202
549,936,solar,5.709872245788574,6.634545803070068,232.9968498124545,92.4080079775833,279596219.77494544,False,1.0,0.6625544775899267,-47.303994506200915,-16.408661801561184
550,1102,solar,5.558967113494873,5.848254203796387,76.75562484762366,149.59882661355226,92106749.8171484,False,1.0,0.6625014000171928,-45.58089320866778,-22.61787680474116
551,752,solar,5.549568176269531,6.048677921295166,14.686871223705095,285.47508805074324,17624245.468446113,False,1.0,0.6624613249038978,-48.655827850592566,-18.24788411171123
552,1290,solar,5.896406173706055,6.531294345855713,230.59300816034457,516.3889614360845,276711609.7924135,False,1.0,0.6624549503990655,-44.35584338551233,-18.974863411754367
553,808,solar,5.729641437530518,5.870572090148926,121.752786582863,421.0452079869133,146103343.8994356,False,1.0,0.6622165008143516,-48.11978440224791,-20.031543717711873
554,1495,solar,6.158750057220459,7.7666473388671875,296.4222888342347,943.8169960154795,355706746.6010816,False,1.0,0.6618740874232698,-43.43565437943728,-7.796088866386106
555,2444,solar,6.242795944213867,8.508797645568848,545.0487978174395,507.447232706416,654058557.3809274,False,1.0,0.6616928660619007,-35.92142790285646,-12.302847610085175
556,1965,solar,6.081539154052734,8.28911018371582,327.26681320090614,696.1756347615942,392720175.84108734,False,1.0,0.6616702931948554,-39.617782038372816,-12.076651555092578
557,2030,solar,5.774623870849609,8.837044715881348,123.34800830348789,526.1758832138967,148017609.96418548,False,1.0,0.6615216013022533,-39.27020084177779,-9.8665207895415
558,1909,solar,5.824554920196533,8.612945556640625,125.2785006797168,637.5203180081079,150334200.81566015,False,1.0,0.6611470904281862,-40.16197661062071,-10.343202532069542
559,35,solar,6.084621429443359,4.657495975494385,330.8521566021244,701.0155102366654,397022587.9225493,False,1.0,0.6611100569173222,-54.32770408429455,-16.966881346218244
560,1301,solar,5.881653785705566,6.9159626960754395,270.2333350337305,401.6799567085246,324280002.0404766,False,1.0,0.6610027072191016,-44.59843425600303,-14.072956845820976
561,1474,solar,6.176218032836914,6.900315761566162,478.27672919650405,537.3088251032578,573932075.0358049,False,1.0,0.6608619238927217,-43.04573133321671,-17.122564257145495
562,1586,solar,5.968181133270264,5.731602191925049,272.4582037405287,593.2717483602939,326949844.4886344,False,1.0,0.6606891822806427,-41.852429624420544,-20.605957399753507
563,956,solar,6.414250373840332,6.775271415710449,535.7894226747984,931.1633096630316,642947307.209758,False,1.0,0.6602985532925005,-47.521925271311204,-7.428475736085367
564,108,solar,6.303178310394287,5.33798360824585,477.1751852169064,830.9094860724036,572610222.2602876,False,1.0,0.6602831213832716,-53.861807084417244,-11.092225712052604
565,1919,solar,6.049945831298828,8.347269058227539,325.7294075631807,647.4403682223553,390875289.07581687,False,1.0,0.6602298462406923,-40.315022865168594,-5.949764716894454
566,1109,solar,5.699700832366943,5.901730537414551,89.57456220799115,462.12250119105033,107489474.64958937,False,1.0,0.6600603591127989,-45.75623640316427,-19.489946361073976
567,219,solar,5.749866008758545,5.481791019439697,101.3864801143455,546.3203818577316,121663776.1372146,False,1.0,0.6599083398270417,-52.929032112275706,-15.157255367443655
568,2518,solar,5.851001739501953,7.678770542144775,316.6837083335634,231.67957764827096,380020450.0002761,False,1.0,0.6597603395768712,-35.786708113899465,-6.25587925502457
569,2630,solar,5.933962821960449,7.8079447746276855,408.4315366106924,187.4357058417109,490117843.93283087,False,1.0,0.6596337061551069,-34.71870229123262,-9.648761530281426
570,465,solar,5.856210708618164,5.795286178588867,212.36191739985463,509.713423404164,254834300.87982556,False,1.0,0.6594735882462892,-51.10184593903167,-12.432734906064672
571,1433,solar,6.050414085388184,7.6854777336120605,227.80585640968567,904.6293915189087,273367027.6916228,False,1.0,0.6594728920321131,-43.86594806570473,-8.697181431587827
572,1317,solar,6.3632636070251465,7.662438869476318,451.37931815490555,1043.152665279988,541655181.7858866,False,1.0,0.6592379939604859,-44.81389109506646,-6.934779263933991
573,1703,solar,6.044839859008789,6.222538471221924,333.33702854713306,630.5751581377061,400004434.25655967,False,1.0,0.6591308486274545,-40.77718306474665,-21.8572252843799
574,597,solar,6.639191150665283,6.494161605834961,710.4011088432707,1008.3726108819604,852481330.6119248,False,1.0,0.6591249671395317,-50.243185253383686,-7.008608845042671
575,1319,solar,6.498970985412598,7.773115158081055,541.5808998034852,1122.9015747853607,649897079.7641822,False,1.0,0.6589292383059019,-44.83018672959994,-6.042055649376872
576,992,solar,5.656673431396484,5.856081008911133,125.93093445329659,292.02753203341405,151117121.3439559,False,1.0,0.6586480456032147,-46.76611638875286,-18.186235557460424
577,165,solar,6.058255672454834,5.176255702972412,320.5515895804082,701.8388041697743,384661907.4964898,False,1.0,0.6584024765933351,-53.40122978515156,-12.447581463792242
578,1649,solar,6.1620097160339355,6.073662281036377,405.96462498124504,719.5123029269993,487157549.97749406,False,1.0,0.6583151202618068,-41.480407624086865,-19.249462099090355
579,758,solar,5.648044109344482,6.194582462310791,198.64367894390742,95.15138829700481,238372414.7326889,False,1.0,0.6582000044754833,-48.731534199919146,-15.54872094608781
580,1667,solar,5.890669822692871,8.104690551757812,129.13948543217458,815.2181479644271,154967382.5186095,False,1.0,0.657961087725669,-41.95090116768359,-11.299300786195431
581,653,solar,6.312393665313721,6.730438232421875,508.41279632208125,802.2195222655973,610095355.5864975,False,1.0,0.6579240422877025,-49.77233239767336,-8.808258640975847
582,2863,solar,6.521793842315674,7.260935306549072,784.4738615312195,576.2098273652097,941368633.8374635,False,1.0,0.6577862972599609,-32.677758637078405,-12.508369613591764
583,1222,solar,5.48995304107666,5.190894603729248,5.767743479487372,234.4496572898252,6921292.1753848465,False,1.0,0.6576767211255832,-44.610120754889046,-22.56454915042395
584,697,solar,5.585963249206543,6.449930667877197,127.93413583005488,142.06153538748384,153520962.99606586,False,1.0,0.6576029349292082,-49.18688598382827,-16.009584345456616
585,948,solar,5.813230514526367,6.910212516784668,174.98309608048038,532.5924910594597,209979715.29657647,False,1.0,0.6574916080701518,-47.455730951026965,-11.02167116355174
586,1117,solar,5.891562461853027,6.585847854614258,374.01529576480783,210.48414092410073,448818354.9177694,False,1.0,0.6571435619404741,-45.919068062415164,-15.912341827551392
587,2324,solar,6.18112850189209,8.59218978881836,501.87849936937863,543.9195503304769,602254199.2432543,False,1.0,0.656443859761245,-36.83889268369403,-12.359594691195579
588,930,solar,5.561567306518555,6.008880138397217,19.666299644841985,375.4750046822256,23599559.57381038,False,1.0,0.6563884854428705,-47.20263395302624,-19.100465975894824
589,713,solar,6.27480936050415,6.46470832824707,486.82764709805093,791.834689374007,584193176.5176611,False,1.0,0.6563852768155469,-49.31788536534431,-8.802893880916905
590,571,solar,5.724593639373779,5.358405590057373,155.70531717605843,400.91357205189246,186846380.61127013,False,1.0,0.6560681964411621,-50.06356970926386,-18.73279812593847
591,529,solar,6.077885627746582,6.298110485076904,371.1799314729831,648.042406988327,445415917.76757973,False,1.0,0.656004834938871,-50.663399073259896,-10.62251756866724
592,524,solar,5.729995250701904,6.131669044494629,145.67597735153444,439.12127473417644,174811172.82184133,False,1.0,0.6559981040431974,-50.636099430782814,-12.878617104707455
593,2516,solar,5.736259460449219,7.908967018127441,268.0261797654826,145.34803677082536,321631415.7185791,False,1.0,0.6559600349591868,-35.75374536178262,-7.116267154356986
594,1844,solar,6.09960412979126,8.6010103225708,329.19730557713507,805.7490988098859,395036766.6925621,False,1.0,0.6557303717789965,-40.51229938800746,-12.56113013322833
595,1285,solar,5.588352203369141,5.550972938537598,52.81754968733411,361.515184278822,63381059.62480093,False,1.0,0.6556086144121938,-44.217305223676604,-21.200914481910356
596,98,solar,5.890902996063232,5.165394306182861,210.83216344891875,641.2079533060962,252998596.1387025,False,1.0,0.6554530688640923,-53.859210776782675,-15.61161729584674
597,940,solar,5.6388421058654785,6.875339031219482,185.82323051383761,142.28286545902247,222987876.61660513,False,1.0,0.6553626148466809,-47.361875540973564,-14.613449929416173
598,1059,solar,5.753438949584961,6.328132629394531,274.09431978618824,178.07343182235954,328913183.7434259,False,1.0,0.6551873356625387,-46.418586832185575,-15.03337047439568
599,2025,solar,6.052507400512695,7.883191108703613,348.8519624249366,658.0179502191063,418622354.9099239,False,1.0,0.6551698213157059,-39.159185134413555,-12.053300953772128
600,1281,solar,5.556556224822998,5.739429473876953,64.94238914402605,267.2994603482799,77930866.97283126,False,1.0,0.6550187071497745,-44.092668739295505,-22.980639950832984
601,995,solar,5.698009014129639,6.765985012054443,232.59620953710285,162.9691991271988,279115451.4445234,False,1.0,0.6548530911423501,-46.81944978435491,-16.84161784476803
602,395,solar,5.679798126220703,5.803018569946289,118.94830465540137,408.77723266382253,142737965.58648166,False,1.0,0.6548394005337979,-51.511051693190424,-16.951974269065165
603,412,solar,6.352424144744873,6.224620819091797,549.6526023939133,827.2519657697314,659583122.8726959,False,1.0,0.6547562926929187,-51.58722170789992,-9.275953345343675
604,1413,solar,6.046891212463379,6.753607273101807,407.56718608265163,509.73372134443423,489080623.29918194,False,1.0,0.6541928650371192,-43.4893173209325,-17.591333046317096
605,308,solar,5.497683525085449,5.029935359954834,78.39222669143811,112.74084884294729,94070672.02972573,False,1.0,0.6541497925377899,-51.78939395362647,-29.138773193299784
606,406,solar,5.933218955993652,5.918915748596191,279.04785744817485,580.3344329544967,334857428.9378098,False,1.0,0.654133450898155,-51.56583044662005,-11.985691577501806
607,1905,solar,6.031765937805176,8.415297508239746,305.6816639768757,735.753631360976,366817996.77225083,False,1.0,0.6539424413155596,-40.076454605413964,-12.099354994906902
608,2874,solar,6.073176383972168,7.324605464935303,551.7039050875984,208.6607944393456,662044686.105118,False,1.0,0.6539251157183482,-32.99864186440826,-7.855484437059889
609,2024,solar,6.111443519592285,7.91936731338501,393.95275324922636,692.2520750113215,472743303.89907163,False,1.0,0.6538704900877015,-39.13413718445305,-12.49048132359477
610,656,solar,6.505850791931152,6.459298610687256,643.7151687949506,948.5963537262186,772458202.5539408,False,1.0,0.653506160943684,-49.786502388747756,-7.455670889819644
611,1674,solar,5.919580459594727,8.511055946350098,186.56605033785374,791.8315222565635,223879260.40542448,False,1.0,0.6534142121487417,-42.06320466164514,-8.203184422838524
612,2640,solar,6.010219573974609,7.82398796081543,457.2406483672078,312.8562263326726,548688778.0406494,False,1.0,0.6533762791724841,-34.913489456816855,-5.369117701849883
613,934,solar,5.617748737335205,6.5867180824279785,161.88666642325032,180.7945049108587,194263999.70790038,False,1.0,0.6533319775940551,-47.27218893733001,-17.30607249261081
614,2144,solar,6.127089500427246,8.414179801940918,437.12305169728717,625.193691672566,524547662.0367446,False,1.0,0.6533291415711143,-38.215776424936045,-12.440054309632751
615,1854,solar,5.778709888458252,8.427001953125,121.8106026657624,641.8555014671787,146172723.1989149,False,1.0,0.653288887198386,-40.70262302761257,-8.161678893240598
616,1221,solar,5.484134674072266,5.220794677734375,29.448448459957923,218.30159198434455,35338138.15194951,False,1.0,0.6531458945132765,-44.57929997310907,-23.010011797590174
617,221,solar,5.75478982925415,5.798682689666748,130.14320097810156,569.4897247234583,156171841.17372188,False,1.0,0.6531237195429144,-52.93342875619552,-14.253629319573704
618,519,solar,5.577411651611328,5.96935510635376,79.82797676991437,301.1578101147496,95793572.12389724,False,1.0,0.6530324420912165,-50.603069030113694,-15.13425986834353
619,1438,solar,6.316843032836914,8.015206336975098,453.3098105311344,1014.291612876721,543971772.6373613,False,1.0,0.6528478894238426,-43.91843349062267,-6.471513889635072
620,776,solar,6.445769309997559,6.061167240142822,600.5448703468898,933.6632525095174,720653844.4162678,False,1.0,0.652662854355003,-48.88063868233097,-7.446152746847945
621,1313,solar,6.039891719818115,8.0639066696167,270.97615485774656,858.1738222620739,325171385.8292959,False,1.0,0.6525927183357431,-44.77437656470598,-8.719986400788514
622,1558,solar,6.221368789672852,7.590284824371338,410.13951208307356,916.7560704471781,492167414.49968827,False,1.0,0.6522885228621922,-43.01460350252331,-6.453114370329586
623,464,solar,5.7490057945251465,6.046209812164307,167.26112657556487,473.6892235761558,200713351.89067784,False,1.0,0.6522712145928796,-51.0967417039476,-12.884119567750183
624,1105,solar,5.527792930603027,5.714315891265869,52.645804570417205,272.60407030234046,63174965.48450065,False,1.0,0.6519255972470603,-45.65999023761929,-21.277646661199512
625,338,solar,5.597146987915039,5.901205539703369,47.43748099084554,441.51069403915915,56924977.18901465,False,1.0,0.6518566027785442,-51.99427117253339,-15.602511159370573
626,343,solar,5.76589298248291,6.07058572769165,165.33063419933592,521.5967410576839,198396761.0392031,False,1.0,0.6518445818650602,-52.014456344779475,-13.344385564585744
627,236,solar,6.721267223358154,5.236335754394531,794.8112133631636,1075.040905528143,953773456.0357963,False,1.0,0.651429183176763,-52.95725383797348,-7.474504345857235
628,659,solar,6.711678981781006,6.59488582611084,779.0175412678199,1095.9534308999225,934821049.5213839,False,1.0,0.6512254161629102,-49.79825513592419,-6.102978287669387
629,273,solar,5.87685489654541,5.126153945922852,260.3673908831064,537.9165476427518,312440869.05972767,False,1.0,0.6512127616526349,-52.44224131910952,-17.864479524464247
630,2271,solar,5.671492576599121,8.587965965270996,164.5878143753199,322.4037546747567,197505377.25038388,False,1.0,0.6510580810216732,-37.47049198393459,-9.3514342704086
631,886,solar,5.652001857757568,6.874478340148926,106.36666365593133,429.3671636356363,127639996.3871176,False,1.0,0.6507515070562546,-47.89380477967704,-11.930032794666532
632,331,solar,5.91746711730957,5.678725719451904,296.3231228530601,544.929021696827,355587747.42367214,False,1.0,0.6506614056087713,-51.959954057081596,-18.76304428604315
633,467,solar,5.943225383758545,6.414941787719727,302.5634990484341,587.9288740407424,363076198.8581209,False,1.0,0.6505666279192971,-51.11146748817368,-11.529915168266566
634,1070,solar,5.879373550415039,7.569237232208252,222.01437928099907,649.1528134802443,266417255.13719887,False,1.0,0.6504922753894855,-46.56261784184666,-10.104283346822394
635,707,solar,5.805307388305664,6.7126359939575195,216.22290215231237,499.444105480045,259467482.58277485,False,1.0,0.6503999706894726,-49.27831568701241,-11.505994050644137
636,1220,solar,5.5054779052734375,5.880946636199951,64.66464039940321,212.9425469991425,77597568.47928385,False,1.0,0.6502846706078195,-44.54770298005528,-23.455409716615502
637,176,solar,6.750107765197754,5.46315336227417,816.3963625871941,1101.0299429020006,979675635.1046329,False,1.0,0.6501507556649541,-53.410234763908115,-7.475342164381011
638,806,solar,5.6997971534729,5.644683361053467,192.8629699720672,328.11119104338485,231435563.96648064,False,1.0,0.6499584516924565,-48.08532349662392,-20.930014998471385
639,1303,solar,5.741149425506592,7.273425579071045,180.03175338515095,455.19158005589776,216038104.06218114,False,1.0,0.6497675734524091,-44.63393675036007,-13.181131305242873
640,1258,solar,6.397115707397461,7.853062629699707,518.0652582032258,1074.7780064529452,621678309.8438709,False,1.0,0.6492949719610558,-45.27429255413887,-6.496317416616468
641,2206,solar,5.977967262268066,8.519837379455566,368.5066192727382,516.4722987616713,442207943.12728584,False,1.0,0.6491980430394182,-37.80996936618294,-11.544957207040984
642,345,solar,5.8794846534729,5.754570484161377,255.5322158479154,581.305210035502,306638659.0174985,False,1.0,0.6491815961537234,-52.02156677669381,-12.441012109500242
643,291,solar,6.321788787841797,5.33268404006958,547.7221100176844,837.8708102205853,657266532.0212213,False,1.0,0.6488078616847416,-52.49537960070204,-9.73283550816493
644,760,solar,5.535499572753906,6.173629283905029,121.06778284174628,157.8175326992219,145281339.41009554,False,1.0,0.6486882750102929,-48.75373718093144,-14.64877922973675
645,1915,solar,5.758371353149414,8.165975570678711,145.32624426602175,595.0464524653544,174391493.1192261,False,1.0,0.6486491263106401,-40.26401866873758,-7.7075797013926275
646,515,solar,5.523680210113525,5.383923530578613,48.63940181690055,314.628118146275,58367282.18028066,False,1.0,0.6486288166095736,-50.57233742993583,-16.938393996423997
647,2693,solar,5.815412998199463,8.397648811340332,405.77959273486584,69.16151067210726,486935511.281839,False,1.0,0.6484195361072235,-34.335747980614904,-8.344400974238082
648,1191,solar,5.904119968414307,7.552562236785889,223.94487165722794,727.1297652410481,268733845.9886735,False,1.0,0.6482824231383472,-45.66186519874047,-9.635380267255508
649,376,solar,5.877885341644287,4.8769636154174805,291.38576141976966,500.0042536937069,349662913.7037236,False,1.0,0.6481714410939287,-51.36251268895357,-25.523464772576222
650,698,solar,5.572907447814941,5.568727493286133,163.48922752465697,143.5540779736355,196187073.02958837,False,1.0,0.6479628254194768,-49.197524922884604,-15.559330220443567
651,287,solar,6.04514741897583,6.143626689910889,367.3189467205254,685.8004963215286,440782736.06463045,False,1.0,0.6478937240001825,-52.48649395607516,-11.540323542774205
652,227,solar,6.085537910461426,5.590573787689209,388.90409594455576,722.4100687025813,466684915.1334669,False,1.0,0.6478324161143075,-52.9448547183797,-11.542350181255346
653,45,solar,6.100945949554443,5.383415699005127,377.827105410036,787.8360744815417,453392526.4920432,False,1.0,0.647583817345772,-54.32102762073117,-12.44805370929633
654,2935,solar,6.120889663696289,7.725343227386475,603.1313443907466,265.7839780046541,723757613.2688959,False,1.0,0.6475025084378282,-32.56782651404494,-7.411776200744328
655,1058,solar,5.754078388214111,7.102982521057129,319.195110610478,162.12295844445111,383034132.7325736,False,1.0,0.6474704784238743,-46.4024091326854,-15.481286294232337
656,2571,solar,5.768742084503174,8.527135848999023,340.406578204221,143.45634493673944,408487893.8450652,False,1.0,0.6473088293577314,-35.19774032968091,-9.243912715484967
657,1437,solar,6.229776382446289,7.346181869506836,408.2090197068447,1004.9939246079979,489850823.6482136,False,1.0,0.647109490026215,-43.90920122162456,-6.916692691977816
658,1730,solar,5.679187297821045,8.752163887023926,15.422262183335729,765.000338693844,18506714.620002873,False,1.0,0.6470803973765504,-41.547927537343156,-9.956296060231889
659,1788,solar,5.798006534576416,8.786288261413574,127.20899305594565,749.0015031162445,152650791.6671348,False,1.0,0.6470636880121439,-41.0554767657109,-10.820907502374254
660,578,solar,5.532360076904297,5.8516035079956055,93.18032468615615,242.31332303215825,111816389.62338738,False,1.0,0.6469843862439206,-50.1296382688094,-15.577636681693381
661,1544,solar,5.858760356903076,8.374495506286621,221.27155945698294,649.1607825399984,265525871.34837952,False,1.0,0.6469497377397407,-42.81075895351909,-12.665031028454816
662,1666,solar,5.866359233856201,8.16728687286377,174.24027625646426,786.8636065445771,209088331.5077571,False,1.0,0.6467700785171441,-41.93177613673443,-11.74144408649075
663,1652,solar,6.213587760925293,6.61279296875,512.6299000650513,712.8718165121841,615155880.0780616,False,1.0,0.6465392890652546,-41.57824304003225,-17.925874199438578
664,277,solar,5.6678361892700195,5.117929458618164,118.14702410469805,490.97798941779655,141776428.92563766,False,1.0,0.6462680131053152,-52.457063467875095,-16.057952260086793
665,1047,solar,5.491368770599365,5.374965667724609,16.69007260046346,353.75369423746724,20028087.12055615,False,1.0,0.6461582948798846,-46.18783209357409,-20.405812841655155
666,814,solar,5.4958391189575195,6.379964351654053,91.57776358474949,175.48397710899127,109893316.30169939,False,1.0,0.6461253000291831,-48.21240098128407,-17.33528721941725
667,470,solar,6.128066062927246,5.653097152709961,437.86587152130335,715.499295128548,525439045.825564,False,1.0,0.6461133716724463,-51.12445532304126,-10.175568450827345
668,780,solar,6.700930118560791,6.554259777069092,780.9480336440487,1132.8866858390984,937137640.3728584,False,1.0,0.6459489956756764,-48.89900102132155,-5.64486181018112
669,590,solar,6.058903217315674,6.110719680786133,394.6955730732425,673.6699994161997,473634687.687891,False,1.0,0.6458000531963914,-50.2119409352851,-10.166300466695624
670,1481,solar,5.931578636169434,7.853693008422852,334.9887827058218,540.0785385453884,401986539.24698615,False,1.0,0.6457673759731914,-43.21097033794618,-14.015848169196001
671,1292,solar,5.853546619415283,6.054995536804199,301.70319154954876,450.01127366484997,362043829.8594585,False,1.0,0.6457365231910157,-44.406139013801926,-18.084047578207592
672,1284,solar,5.478210926055908,5.686677932739258,17.262457992731964,329.21447678334766,20714949.591278356,False,1.0,0.6456535593939846,-44.18732770795673,-21.645943375788086
673,225,solar,5.943544387817383,6.045596122741699,298.7025142959763,660.3209223025161,358443017.1551716,False,1.0,0.6455993400669219,-52.941334867083185,-12.446172609088388
674,1225,solar,5.474869728088379,5.996267795562744,17.663098268083672,326.9553670221185,21195717.921700407,False,1.0,0.6451553356834793,-44.69803511457066,-21.2277875401028
675,931,solar,5.516620635986328,5.942540645599365,55.221391339444075,326.20204261673257,66265669.60733289,False,1.0,0.6451068662325742,-47.22078014281261,-18.6519234482613
676,986,solar,5.5401291847229,5.408187389373779,87.39961571431594,298.3910236697073,104879538.85717914,False,1.0,0.6450473088460515,-46.644762987732285,-20.874387102967667
677,2083,solar,6.138077735900879,8.590889930725098,460.6386932975466,695.5324264757552,552766431.9570559,False,1.0,0.6449073798347253,-38.64817082272362,-12.901811713504626
678,1040,solar,5.381921768188477,5.4905290603637695,41.81718165280122,62.96252062723336,50180617.98336146,False,1.0,0.6447954459999736,-46.01353882571932,-23.536733042237476
679,2328,solar,5.837024688720703,8.166159629821777,321.47533607221953,375.42939022405307,385770403.2866634,False,1.0,0.6447633222612752,-36.946409296489264,-10.629287706893535
680,2754,solar,5.863929748535156,8.094010353088379,451.7159478895528,109.01885335283812,542059137.4674634,False,1.0,0.6446343856765638,-33.90440433837677,-7.897250902934582
681,2933,solar,6.1039533615112305,7.147027015686035,604.4144939545797,260.94395577945556,725297392.7454957,False,1.0,0.6445979898898613,-32.522564320229606,-8.256319831818208
682,1186,solar,5.531765460968018,7.451359272003174,1.5590824642207914,501.5837199994086,1870898.9570649497,False,1.0,0.6445971274365373,-45.59978388817942,-11.871504817933268
683,1196,solar,6.243715286254883,7.49181604385376,449.44882577867673,964.8052460629337,539338590.9344121,False,1.0,0.6444979587397771,-45.71049822810383,-7.398654593071937
684,2812,solar,5.964219570159912,7.96870756149292,513.0903528123607,180.728647023833,615708423.3748329,False,1.0,0.6444497413122451,-33.40540247817025,-8.725584176850413
685,471,solar,6.188681125640869,5.9394659996032715,482.9666623455931,759.8457309188888,579559994.8147117,False,1.0,0.644303952483035,-51.128405016568635,-9.724090713637187
686,413,solar,6.364472389221191,5.862027168273926,594.753393218203,871.6490740751672,713704071.8618436,False,1.0,0.6442442012282251,-51.590231417749315,-8.824283520048015
687,2698,solar,5.903872966766357,7.847201347351074,445.2902683538236,220.58275504630467,534348322.0245883,False,1.0,0.6441413295191464,-34.43211444149056,-6.209829406812305
688,340,solar,5.541547775268555,5.256331443786621,30.02826172646671,459.1124915348771,36033914.07176005,False,1.0,0.6440037831359677,-52.00276466288509,-14.69931641065535
689,2690,solar,5.899935722351074,8.148210525512695,452.1960534477779,196.1103062034884,542635264.1373335,False,1.0,0.6440033699329368,-34.26387205344841,-9.624391180317307
690,2927,solar,6.281631946563721,7.177124977111816,699.9751897386898,424.7865620984101,839970227.6864277,False,1.0,0.6439814340683198,-32.356217200219724,-10.788053960609366
691,1339,solar,5.636717796325684,5.245309829711914,170.8687137069848,317.20703721895825,205042456.44838178,False,1.0,0.6439776465652505,-43.535935631424714,-23.837991984926305
692,1735,solar,5.871609210968018,7.889604568481445,210.081691938113,744.3782341438164,252098030.3257356,False,1.0,0.643876920595363,-41.62313213313577,-7.7480910482339365
693,1497,solar,6.164957046508789,7.918799877166748,386.62387048281425,955.6881797290536,463948644.5793771,False,1.0,0.6438134136538531,-43.45688240905511,-6.907051409953385
694,1726,solar,5.891167163848877,7.872797012329102,195.8254254804947,829.2167079215939,234990510.57659364,False,1.0,0.6434573286183602,-41.47352927120765,-11.722153646895839
695,2629,solar,5.896902084350586,8.199707984924316,435.99432456863707,237.39725434660437,523193189.4823645,False,1.0,0.6434223939724608,-34.692882499941696,-10.076379747442651
696,2566,solar,6.044851779937744,7.792195796966553,507.1984752285439,389.494910925982,608638170.2742527,False,1.0,0.6433428950025047,-35.06545288620329,-11.38702266826084
697,38,solar,5.899387359619141,5.391047954559326,258.74736934807976,691.1596241035829,310496843.2176957,False,1.0,0.643288797677843,-54.325460222965944,-15.611421331146683
698,938,solar,5.638221263885498,6.63765287399292,276.02481216241716,66.27085989186871,331229774.5949006,False,1.0,0.643125438032346,-47.333876803710105,-15.511118468594898
699,1016,solar,6.295679092407227,7.031134128570557,514.2042734507679,935.6875133582781,617045128.1409215,False,1.0,0.6430591385480984,-47.06904630756023,-7.4216853088084
700,1798,solar,5.983096122741699,8.060186386108398,323.79891518695183,723.7058284974179,388558698.22434217,False,1.0,0.642531714681981,-41.207147225354966,-6.411960687563887
701,473,solar,6.319478988647461,6.4934539794921875,573.1682439941727,850.4223196318891,687801892.7930073,False,1.0,0.6422477185707482,-51.13574266085666,-8.821095618493338
702,1918,solar,5.889563083648682,7.904395580291748,280.6286167388909,628.8118501991078,336754340.0866691,False,1.0,0.6421082309874726,-40.30352980841621,-6.389264145462599
703,1110,solar,5.622926235198975,6.459914684295654,125.12965390259325,425.81629761797234,150155584.6831119,False,1.0,0.642038502572251,-45.77870913104965,-19.042899607101052
704,2686,solar,6.111692428588867,8.310734748840332,572.3462191587433,391.61269436387005,686815462.990492,False,1.0,0.6419849253944101,-34.15127370899573,-11.329970489648352
705,1229,solar,5.693041801452637,6.6685590744018555,159.88346504649203,496.1290547692577,191860158.05579045,False,1.0,0.6419387939334689,-44.80502168737017,-19.444620383900908
706,655,solar,6.368230819702148,6.308176040649414,598.6143779706608,899.6714671681357,718337253.564793,False,1.0,0.6418906339242921,-49.782049466686786,-7.906546054513275
707,1163,solar,5.473862171173096,5.603485107421875,76.4778761030008,220.19146691947742,91773451.32360095,False,1.0,0.6416546370211487,-45.12396781199724,-22.14578654492619
708,2145,solar,5.993871212005615,8.15568733215332,392.02226087299744,587.0620406398675,470426713.04759693,False,1.0,0.6416365897646419,-38.24222533967424,-12.004690672476363
709,2868,solar,6.160128593444824,7.61937141418457,631.6847193309726,354.8115026568541,758021663.1971672,False,1.0,0.6416245507910728,-32.84276044819505,-10.394767579052898
710,169,solar,6.223369598388672,5.316506385803223,500.6908268171658,827.2139269277955,600828992.180599,False,1.0,0.6415350894480525,-53.40505213482837,-10.63966986716323
711,1180,solar,5.724673748016357,6.699547290802002,272.16382740995925,289.87664164464405,326596592.8919511,False,1.0,0.6414609806289036,-45.50684137693555,-14.553858585146243
712,932,solar,5.51436710357666,5.604738235473633,90.77648303404617,277.1895850740787,108931779.6408554,False,1.0,0.6414509579227367,-47.238417377427744,-18.20334306127662
713,1250,solar,5.778655052185059,7.822006702423096,157.25893160890774,701.2399128866505,188710717.9306893,False,1.0,0.641357171715617,-45.19454591019879,-10.070946610147438
714,2867,solar,6.206247806549072,7.551761627197266,657.4954871283455,396.37925647609353,788994584.5540147,False,1.0,0.6413381809359725,-32.812350711892854,-10.817685926083554
715,1600,solar,6.042696952819824,7.649696350097656,423.2598719781723,623.0173040254057,507911846.3738068,False,1.0,0.6411887674102359,-42.26330171236809,-14.416291874103548
716,1107,solar,5.470861434936523,6.265284538269043,18.464378818786976,365.971436899436,22157254.58254437,False,1.0,0.6411472922543795,-45.70940076210684,-20.383896259990568
717,1041,solar,5.408513069152832,4.944684028625488,77.03337359224652,79.21701675872443,92440048.31069583,False,1.0,0.6411412268254831,-46.040373314284665,-23.089614583963883
718,1138,solar,6.388915061950684,7.454312801361084,561.2355566512865,1050.3598128122544,673482667.9815438,False,1.0,0.6410636934606468,-46.17826742872384,-6.510954676478165
719,94,solar,5.953808784484863,5.323051929473877,330.27565344625555,662.9045674289382,396330784.13550663,False,1.0,0.6408528820628536,-53.857895926120015,-17.418881931959962
720,1127,solar,5.59076452255249,7.042449951171875,65.12685758409934,523.0358575113848,78152229.1009192,False,1.0,0.640603620542227,-46.07130311110364,-11.436963499991457
721,1556,solar,6.046178817749023,7.5259575843811035,319.93793043449404,898.8283027339556,383925516.5213928,False,1.0,0.6405689395744358,-42.99387733249022,-7.340894129982116
722,755,solar,5.4540324211120605,5.802873134613037,91.97840386010114,150.91357227305136,110374084.63212137,False,1.0,0.6405265753149606,-48.69541735474191,-16.89843236316486
723,1668,solar,5.754520893096924,8.551948547363281,84.03869460788478,842.2286120292415,100846433.52946174,False,1.0,0.6405205986561764,-41.969245214234846,-10.857114187372778
724,2748,solar,6.036051273345947,7.876198768615723,546.5305877305508,306.98043206029206,655836705.2766609,False,1.0,0.6404375974670178,-33.7541738844682,-10.450289733836534
725,533,solar,6.273530960083008,6.35786247253418,551.5830947701421,831.6634746819591,661899713.7241706,False,1.0,0.6398823813202467,-50.68126235725867,-8.817361207271402
726,2261,solar,6.286436557769775,8.259991645812988,615.5957226182175,700.8546971360331,738714867.141861,False,1.0,0.6397515545086829,-37.207832889096686,-13.68694369379726
727,2810,solar,6.000148296356201,7.561724662780762,542.965166529948,245.18048239800248,651558199.8359375,False,1.0,0.6396824367518492,-33.35439686523743,-9.5743335403747
728,1358,solar,5.943362236022949,7.1123785972595215,427.12085673063024,410.50447088273603,512545028.0767563,False,1.0,0.6396565158299644,-44.075038234688584,-15.390369328574698
729,837,solar,6.420386791229248,6.353630542755127,624.0605119471489,980.1017171420774,748872614.3365787,False,1.0,0.6396431758938282,-48.43324121105884,-6.990738533562772
730,1962,solar,6.156569957733154,8.103151321411133,462.56918567377545,798.9596060355533,555083022.8085306,False,1.0,0.6395367848553128,-39.54194511585173,-13.390624819159124
731,295,solar,6.54903507232666,5.946129322052002,728.1252733148434,1006.8429214552513,873750327.977812,False,1.0,0.6395198701643342,-52.502689379749064,-7.9251500106920965
732,1352,solar,5.876634120941162,7.008671283721924,336.85764296879904,490.87285504236974,404229171.5625588,False,1.0,0.6394942478532846,-43.93448786270133,-18.060334034935348
733,1001,solar,5.553858280181885,6.578919887542725,162.30758891357834,210.0398073257266,194769106.696294,False,1.0,0.6394589221013716,-46.91224212678179,-14.15143465933322
734,2159,solar,5.766148090362549,8.62494945526123,247.03063824667828,471.68576817970836,296436765.8960139,False,1.0,0.639388837116316,-38.509412019735976,-5.903716140620343
735,1114,solar,5.698132038116455,6.303917407989502,267.3500206810015,270.23081464171105,320820024.81720185,False,1.0,0.6392547676028882,-45.862476694430065,-17.25426149461344
736,888,solar,5.7340617179870605,6.44862699508667,196.5682453045108,529.3474739157011,235881894.36541298,False,1.0,0.6392120208234735,-47.91317911528694,-11.03114412525421
737,1403,solar,5.544936656951904,5.615996837615967,83.71098455393704,391.9922803608267,100453181.46472445,False,1.0,0.639148580451562,-43.189944208242785,-22.03066717703626
738,1259,solar,6.412789344787598,7.331495761871338,563.1660490275154,1122.752892056475,675799258.8330185,False,1.0,0.6391453469096657,-45.28177917764338,-6.049399749490697
739,336,solar,5.6066365242004395,5.730886459350586,118.54766438004971,446.182816812254,142257197.25605965,False,1.0,0.6388174966916249,-51.98520533367136,-16.505626996530882
740,222,solar,5.723515510559082,5.3533854484558105,166.63213965574442,587.149759458191,199958567.58689332,False,1.0,0.6387356321372658,-52.93551515697918,-13.801789954215586
741,586,solar,5.7316060066223145,5.793399333953857,214.2924097760835,492.06309986482165,257150891.7313002,False,1.0,0.6381813688308617,-50.188651514899675,-11.970377137322311
742,2573,solar,5.640777111053467,8.111488342285156,307.1272970104173,55.93833934571875,368552756.41250074,False,1.0,0.6381290114254996,-35.242617228847344,-8.386174432475672
743,589,solar,5.944140434265137,6.700740337371826,349.5947822489527,627.220036866817,419513738.6987432,False,1.0,0.6380799489070377,-50.20649578683119,-10.61734398926716
744,1840,solar,6.209347248077393,8.27149772644043,509.600468874294,819.7161793468712,611520562.6491528,False,1.0,0.6378250333848541,-40.411785686626324,-14.319454142281852
745,1365,solar,5.640979290008545,7.8086934089660645,111.41532096060185,558.1200362629836,133698385.15272221,False,1.0,0.6374341783539806,-44.20759490529213,-12.273326687832192
746,976,solar,5.427068710327148,5.312500476837158,63.5536454209118,202.30332573263203,76264374.50509416,False,1.0,0.6373185751102614,-46.39520490401498,-25.35089961216926
747,173,solar,6.470612049102783,5.8470234870910645,681.0939901143247,977.7464163923839,817312788.1371896,False,1.0,0.6373070054974665,-53.408244290396816,-8.83154923428664
748,394,solar,5.627326965332031,5.0518574714660645,154.5033963500035,426.23060950391823,185404075.6200042,False,1.0,0.6368600362526223,-51.50501652518737,-17.403333670448273
749,633,solar,5.448513031005859,6.057965278625488,49.44068236760388,291.59954146023165,59328818.841124654,False,1.0,0.6368504777979609,-49.61233828525622,-17.821453593740134
750,999,solar,5.607198238372803,6.255417823791504,252.5091705621579,135.1448620148238,303011004.67458946,False,1.0,0.6367968843209655,-46.88331695656222,-15.048293514417137
751,839,solar,6.549208164215088,6.816097259521484,714.2620935957284,1080.0240566196994,857114512.314874,False,1.0,0.6364836060321137,-48.443223322674235,-6.090755134071298
752,1013,solar,6.0394721031188965,6.966314792633057,378.9019009778986,786.9131097242972,454682281.1734783,False,1.0,0.6364303772805613,-47.04588124447588,-8.768020994107005
753,2086,solar,5.888296127319336,7.923495292663574,325.3363208246773,587.4431194919844,390403584.9896127,False,1.0,0.636167344965074,-38.72543304368775,-11.592963125643504
754,2741,solar,6.447028160095215,7.177743911743164,797.8839514806248,646.3854681971166,957460741.7767497,False,1.0,0.6360598732698527,-33.52263618920133,-13.424887477060276
755,2930,solar,6.11804723739624,7.150582313537598,636.5069311296166,319.0104789793094,763808317.3555399,False,1.0,0.6359839453413068,-32.44517340262554,-9.522572436466413
756,2512,solar,5.62231969833374,7.829361438751221,273.74615407570843,126.59898096287019,328495384.8908501,False,1.0,0.6359005972172124,-35.67470753126788,-8.836425721432663
757,1498,solar,6.1759185791015625,8.339842796325684,431.7246613071039,965.4608144958064,518069593.56852466,False,1.0,0.6358828476720286,-43.466510489366726,-6.462498414677587
758,1475,solar,6.070420265197754,7.132614612579346,513.8318208911062,523.5714535763526,616598185.0693275,False,1.0,0.6358322922824391,-43.07162826053717,-16.678908580931203
759,777,solar,6.423804759979248,6.899218559265137,645.6456611711794,983.4395571426146,774774793.4054153,False,1.0,0.6356275671409125,-48.88571395565369,-6.9958472646583125
760,1618,solar,6.082242488861084,7.544068336486816,388.5543628590431,868.1985954127069,466265235.43085176,False,1.0,0.6356236262757082,-42.562713115499676,-6.443365081511917
761,1520,solar,5.735770225524902,5.81651496887207,242.6677373490474,462.93802017159277,291201284.8188569,False,1.0,0.6355306643632934,-42.10901773123388,-23.291201670684078
762,332,solar,5.779938697814941,5.531247138977051,260.7680311584581,517.0821328896138,312921637.3901497,False,1.0,0.6354440450662433,-51.965306703690636,-18.311605404951752
763,534,solar,6.3205156326293945,6.503392696380615,596.6838855944319,878.6867636343915,716020662.7133182,False,1.0,0.6354170493229722,-50.68518832765599,-8.366038924425299
764,815,solar,5.4545183181762695,5.857236385345459,127.13285527935157,127.3613743966367,152559426.3352219,False,1.0,0.6354008610326545,-48.22632349144344,-16.885796865029434
765,958,solar,6.420524597167969,6.583868026733398,625.9910043233779,1030.9789989107603,751189205.1880535,False,1.0,0.6351986026354777,-47.53432009985672,-6.530009970268034
766,1188,solar,5.616657733917236,7.559437274932861,88.6424991843587,589.4394074889019,106370999.02123044,False,1.0,0.6351669495956924,-45.62625874717206,-10.977136261417375
767,1255,solar,6.101589679718018,7.181836128234863,382.7628857303565,932.1313656112712,459315462.8764278,False,1.0,0.635132615282097,-45.24855166100528,-7.836963617069582
768,2564,solar,6.136738300323486,8.036727905273438,590.5927151514326,489.0367171604712,708711258.1817191,False,1.0,0.6349736527037757,-35.004343567575944,-12.243702003924783
769,1062,solar,5.532222270965576,6.94141149520874,138.79194731331896,279.26515629348825,166550336.77598274,False,1.0,0.6347834687902999,-46.46396253134184,-13.689423362251755
770,278,solar,5.563408851623535,5.076584339141846,82.59193241009598,491.4119245184769,99110318.89211518,False,1.0,0.634711722051823,-52.46048841736288,-15.606269821165514
771,1484,solar,5.746159553527832,7.573254108428955,199.6864102329525,606.6001221529356,239623692.279543,False,1.0,0.6345548976398764,-43.27065985035016,-12.683666772317373
772,215,solar,5.749023914337158,4.997035980224609,224.41165891315265,553.8598972378597,269293990.6957832,False,1.0,0.6343021334231036,-52.91932235632771,-16.96428275693754
773,103,solar,5.866203784942627,5.624159812927246,271.2845133281229,698.7697093564155,325541415.9937475,False,1.0,0.6342027682667963,-53.86062878695688,-13.352122612352789
774,1050,solar,5.527915954589844,6.389337062835693,89.9752024833428,403.57589859292995,107970242.98001136,False,1.0,0.6339059441329074,-46.25324139350379,-19.063262215255758
775,48,solar,6.199328422546387,5.454888343811035,500.2403154472872,870.0371030324621,600288378.5367446,False,1.0,0.633886645271394,-54.319458482299716,-11.092088152563866
776,587,solar,5.7778472900390625,6.367040634155273,259.39320060037323,536.2391143088955,311271840.7204479,False,1.0,0.6338111835209184,-50.19485293968273,-11.51938297922393
777,101,solar,5.7871575355529785,5.8070878982543945,216.65006983803752,665.151501375158,259980083.80564502,False,1.0,0.6337766515279718,-53.86009095731535,-14.255972264807546
778,1079,solar,6.44098424911499,7.168793678283691,627.9214966996069,1090.9793840605873,753505796.0395283,False,1.0,0.6336623112754931,-46.63662470977105,-6.069296245605361
779,2939,solar,6.137668609619141,7.526001453399658,648.5896196787508,368.4289249994828,778307543.6145009,False,1.0,0.6330952385151879,-32.64336886653929,-5.721929081493377
780,2625,solar,6.086728572845459,7.5213212966918945,577.2261037822395,437.3313464171192,692671324.5386875,False,1.0,0.6328623361617751,-34.577739613755874,-11.786052957102013
781,2446,solar,5.937530040740967,8.088221549987793,454.88503158821493,412.37370052847393,545862037.9058579,False,1.0,0.6328537466959564,-35.97996842620787,-11.441918483841757
782,285,solar,5.8297576904296875,5.8117218017578125,277.1173650719459,620.0562344033259,332540838.0863351,False,1.0,0.6328080100071355,-52.48144628273491,-12.443982547306387
783,253,solar,5.6916303634643555,5.045015811920166,256.72506696957,364.5774873519424,308070080.36348397,False,1.0,0.6326718610711206,-52.338172415664054,-26.891318784581923
784,151,solar,5.990842819213867,5.476795196533203,401.7864771108114,672.019046241623,482143772.5329737,False,1.0,0.6323100482694106,-53.38256859469493,-18.773152386817685
785,1131,solar,5.831898212432861,6.858609199523926,245.53002088125837,710.8246493387204,294636025.05751,False,1.0,0.6322942407527231,-46.11728709303019,-9.645991573357268
786,2937,solar,6.070168972015381,7.4969892501831055,618.2377832766354,305.27118742214515,741885339.9319624,False,1.0,0.6322006009022088,-32.608080440354115,-6.566968970458649
787,2681,solar,6.39077091217041,7.0978264808654785,770.6840139608202,639.9117635436622,924820816.7529842,False,1.0,0.6319972576151343,-33.98286308781542,-13.459892557196898
788,1379,solar,6.302361488342285,7.803433418273926,519.9957505794546,1074.3533194579372,623994900.6953455,False,1.0,0.6319680161391826,-44.37860656199754,-6.034359887019298
789,577,solar,5.406355381011963,5.82470703125,57.62523299155407,241.43208786877477,69150279.58986488,False,1.0,0.6316689097699731,-50.121050070628975,-16.02844777194109
790,1076,solar,6.21075439453125,7.255369663238525,492.6191242267376,942.8452344083755,591142949.0720851,False,1.0,0.6316348761060179,-46.616181569360016,-7.414449853620476
791,1305,solar,5.56681489944458,7.681931972503662,89.83017173657143,522.5437412180988,107796206.08388571,False,1.0,0.6313635303462718,-44.66691551498966,-12.28915737733479
792,941,solar,5.474570274353027,7.155269622802734,140.7224396895479,188.86690358408904,168866927.6274575,False,1.0,0.6313157515715028,-47.37518019456787,-14.164571020344754
793,1360,solar,5.802770137786865,7.146984100341797,336.9192750820506,429.3792118246268,404303130.09846073,False,1.0,0.6311828247061486,-44.11627468705661,-14.499995521069362
794,2759,solar,5.9354448318481445,8.125959396362305,512.5169682930544,284.1804842907719,615020361.9516653,False,1.0,0.6311171510446979,-33.99675084841827,-5.7679356851446935
795,1916,solar,5.713148593902588,7.895328044891357,190.42703509031148,602.3744417259726,228512442.10837376,False,1.0,0.6308516252626045,-40.278031436299564,-7.268173687075768
796,717,solar,6.423881530761719,6.880083084106445,667.2308103952098,989.2963909571666,800676972.4742517,False,1.0,0.6308115588518103,-49.33819608271369,-7.000529688737182
797,164,solar,5.843432903289795,5.54017448425293,277.3523109279991,676.1297313180714,332822773.11359894,False,1.0,0.6307139369045359,-53.400173492528424,-12.899522763475163
798,2383,solar,6.122032642364502,8.446124076843262,568.5644394176987,570.4392151259237,682277327.3012385,False,1.0,0.6302626678132649,-36.34981760439688,-12.76290000527918
799,138,solar,6.07609748840332,5.07196569442749,503.79390803493277,633.1107603381186,604552689.6419194,False,1.0,0.6300939853825289,-53.35698888616984,-24.643086382198295
800,1792,solar,5.596399784088135,8.419634819030762,53.194170241213335,697.2101558946842,63833004.289456,False,1.0,0.6300581581267675,-41.12582166337439,-9.057768586652644
801,2746,solar,6.089837551116943,8.25766372680664,608.4777278100511,402.10398003722315,730173273.3720613,False,1.0,0.6299309012980078,-33.69431302223286,-11.30065854641167
802,2631,solar,5.719461441040039,7.584429740905762,385.4109354186525,137.50211371995115,462493122.502383,False,1.0,0.6298689738807298,-34.74335062101788,-9.221070266643142
803,1725,solar,5.854887962341309,7.6493120193481445,240.92621630478448,804.4712892515896,289111459.56574136,False,1.0,0.6298332923340924,-41.452907795196666,-12.163504450944357
804,397,solar,5.451364517211914,5.258583068847656,47.83812126619721,391.09003167648683,57405745.51943666,False,1.0,0.6297078440961237,-51.52257803450609,-16.04919014963068
805,1283,solar,5.363539695739746,5.989716053009033,5.489994734864523,301.77991149729655,6587993.681837428,False,1.0,0.6296929500420059,-44.156569769326715,-22.090908289065414
806,453,solar,5.575660705566406,5.790907859802246,154.90403662535513,405.8229323286907,185884843.95042616,False,1.0,0.6291616405518193,-51.02712002367708,-17.848062221880586
807,2323,solar,6.099447727203369,8.279462814331055,546.9792901936684,589.1296884206688,656375148.2324021,False,1.0,0.629079148888566,-36.80929371011597,-12.791982379774412
808,2758,solar,5.878732204437256,7.3610053062438965,490.8649241351377,238.71292423885149,589037908.9621652,False,1.0,0.62897880507326,-33.98063308830988,-6.193904726450919
809,106,solar,6.001188278198242,5.918713092803955,388.69311646587136,771.0758633965165,466431739.7590456,False,1.0,0.628865523063475,-53.86136387017683,-11.996228682631058
810,233,solar,6.384728908538818,5.902763366699219,659.5088408902942,948.3849788773207,791410609.068353,False,1.0,0.6286391566270801,-52.95373507619124,-8.830557257334704
811,512,solar,5.568902015686035,5.946591854095459,155.3046769007068,397.1296668968871,186365612.28084815,False,1.0,0.6285672088424858,-50.546669420876896,-18.291247758324708
812,398,solar,5.4048943519592285,5.189453601837158,12.283029571595126,391.6346592717845,14739635.48591415,False,1.0,0.628523156138036,-51.52807311632857,-15.597766504556587
813,1002,solar,5.460498332977295,6.353389739990234,117.2067980892886,254.05317185116908,140648157.70714632,False,1.0,0.6283189185316924,-46.925969623741544,-13.702959509712976
814,1974,solar,5.544915199279785,8.054119110107422,78.64030421770153,541.8788623976532,94368365.06124184,False,1.0,0.6281512215631867,-39.795725773016194,-8.1317837741452
815,690,solar,5.527339935302734,5.8770060539245605,120.95150603215971,396.48130545231294,145141807.23859164,False,1.0,0.6281144554136872,-49.10255002469503,-19.16059702315337
816,348,solar,5.9621195793151855,5.841359615325928,390.8345883207847,688.6179111909978,469001505.9849416,False,1.0,0.6280469219730606,-52.03122961329587,-11.085833496373327
817,510,solar,5.679052352905273,5.754820346832275,226.41486028991096,471.01951700243796,271697832.3478932,False,1.0,0.6280072368560838,-50.52826683361688,-19.19302390606696
818,2380,solar,6.325148582458496,7.620018482208252,703.866811890568,713.4962058723632,844640174.2686815,False,1.0,0.6278409202119227,-36.25211144985356,-14.056501668671945
819,2691,solar,5.765296936035156,7.565088748931885,431.51655796255943,149.11049477585402,517819869.5550713,False,1.0,0.6278343815308098,-34.28901624687268,-9.197798606511865
820,694,solar,5.334780216217041,5.40907621383667,21.268860746248617,221.13932132937242,25522632.89549834,False,1.0,0.6278203478997386,-49.1528870618267,-17.360188232449328
821,988,solar,5.408010482788086,5.44010591506958,16.289432325111758,398.3206202137799,19547318.79013411,False,1.0,0.6277359126927651,-46.68745269470406,-19.978506719484063
822,347,solar,5.892571926116943,5.524102210998535,345.7337974964949,650.9749105356071,414880556.9957939,False,1.0,0.6277189844796397,-52.02814094097155,-11.537574756509898
823,1764,solar,5.954861640930176,5.626606464385986,385.385810001883,691.9028134358124,462462972.0022596,False,1.0,0.6275842443937659,-40.337398483352345,-21.379777484116282
824,1236,solar,5.8135600090026855,7.267494201660156,408.7691069087066,317.4418165559146,490522928.2904479,False,1.0,0.6275768650365925,-44.965723989816325,-16.322075901396932
825,474,solar,6.30903434753418,6.50054931640625,618.2690348184623,896.462166069653,741922841.7821547,False,1.0,0.6275753025403137,-51.13913293416124,-8.369579477211781
826,1557,solar,6.026719093322754,7.9759840965271,365.0387212587838,906.4584961533967,438046465.5105406,False,1.0,0.6273615226066902,-43.00458192793093,-6.897015999683277
827,737,solar,5.444467544555664,4.992457389831543,113.63830925480607,240.96478287204343,136365971.10576728,False,1.0,0.627217952717968,-48.40104243478008,-24.99052632904639
828,1014,solar,6.060851573944092,7.378820419311523,424.0026918021884,836.455937705134,508803230.1626261,False,1.0,0.6271769849876527,-47.05404563869448,-8.31925970660414
829,294,solar,6.4091033935546875,5.652774333953857,683.0244824905536,963.4865723082673,819629378.9886644,False,1.0,0.6270438217930655,-52.50100750526907,-8.377087955631955
830,41,solar,5.821333885192871,5.1901655197143555,263.5094927338037,713.4286974811429,316211391.2805644,False,1.0,0.6265614939800404,-54.32342555898594,-14.255794046857504
831,1179,solar,5.683883190155029,7.033711910247803,317.2646182342491,271.2972058554346,380717541.8810989,False,1.0,0.6265345497836612,-45.4893281443719,-15.00079559938994
832,388,solar,5.893024921417236,5.101729869842529,367.83394651761597,611.6492227419355,441400735.82113916,False,1.0,0.6264890290366137,-51.46486269093656,-20.110999688861746
833,1276,solar,5.623428821563721,5.243972301483154,241.02334884125253,331.5022138695237,289228018.60950303,False,1.0,0.6262802225191353,-43.91845176910417,-25.203738514834466
834,2203,solar,6.055956840515137,8.679397583007812,503.80899174560744,636.7256654391615,604570790.094729,False,1.0,0.6261937871173581,-37.728541275114374,-12.848215912893007
835,2692,solar,5.7180256843566895,8.037075996398926,415.85070498673474,104.9220048673013,499020845.9840817,False,1.0,0.6260752878587501,-34.31297269034396,-8.771134035943868
836,617,solar,5.555559158325195,5.052908420562744,184.62619062294232,324.7725260938896,221551428.7475308,False,1.0,0.6260560652176194,-49.39099219139783,-25.02440204598563
837,518,solar,5.397550582885742,5.3336358070373535,58.025873266905705,292.0098168330995,69631047.92028685,False,1.0,0.6259557076492621,-50.5957522664982,-15.58532688084007
838,1315,solar,6.033588409423828,7.2382731437683105,361.1777365063261,949.9025719242582,433413283.8075913,False,1.0,0.6258884599415983,-44.79529525307894,-7.827426189789327
839,2879,solar,6.029587268829346,7.565104007720947,602.4977544351948,335.2801282531204,722997305.3222338,False,1.0,0.6257055393784776,-33.09447375239626,-5.737516642175239
840,977,solar,5.299592018127441,5.558858871459961,28.337453481466518,152.43914307978991,34004944.17775982,False,1.0,0.6255984109655928,-46.42301644435293,-24.90348295030351
841,2565,solar,6.012592792510986,7.5807695388793945,548.2016273526106,439.239795765553,657841952.8231326,False,1.0,0.6252940471355759,-35.0354916785789,-11.81540607224645
842,1173,solar,5.651188850402832,6.109313488006592,266.94938040564995,340.6529217659791,320339256.4867799,False,1.0,0.6252815015783693,-45.371593981994366,-17.6815774910107
843,996,solar,5.557319641113281,6.6917314529418945,268.15130123170496,130.32748493841146,321781561.47804594,False,1.0,0.6250898978663119,-46.836181543831636,-16.393338411635064
844,2751,solar,5.8126630783081055,8.149410247802734,478.40515303603206,174.8171845876303,574086183.6432384,False,1.0,0.6247853873165837,-33.83473790757788,-9.17410511664376
845,599,solar,6.591875076293945,6.188355922698975,800.6026904918501,1105.7431479820818,960723228.5902201,False,1.0,0.6246227219981902,-50.24994496213934,-6.106306785638684
846,2804,solar,6.227912902832031,7.174411773681641,713.76435734228,512.3137166136323,856517228.8107361,False,1.0,0.6245567864069467,-33.171359726991824,-12.118525701504314
847,2869,solar,6.021293640136719,7.763057708740234,608.8931381435983,315.6990495245255,730671765.772318,False,1.0,0.6244982392607392,-32.87189201633796,-9.971758272455936
848,1182,solar,5.553407192230225,6.898294448852539,181.96224576137982,346.238435624354,218354694.9136558,False,1.0,0.624487628160252,-45.54011318195176,-13.659875315846653
849,1500,solar,6.225833892822266,7.696386337280273,521.9262429556834,992.3023527297785,626311491.54682,False,1.0,0.624450286974017,-43.48380923930261,-5.573331193525819
850,2567,solar,5.8721418380737305,8.44603443145752,467.9482474764374,339.8249153465836,561537896.9717249,False,1.0,0.6243204820411237,-35.09423568835588,-10.95855522523025
851,732,solar,5.450244426727295,4.423861503601074,62.442650442420394,422.80820947048346,74931180.53090447,False,1.0,0.624014002218415,-48.29265863248765,-27.236068494441863
852,1482,solar,5.765914440155029,7.330528736114502,289.887991881532,558.669062382672,347865590.2578384,False,1.0,0.623715629039397,-43.231590389637844,-13.571832218828579
853,1099,solar,5.276627063751221,5.626950263977051,28.892950970712214,124.2845070911896,34671541.16485465,False,1.0,0.6236304557385489,-45.495590337392336,-23.957602380305783
854,1354,solar,5.8458781242370605,6.583975315093994,407.96782635800315,443.63131849529054,489561391.6296038,False,1.0,0.6234093196040424,-43.984204211506494,-17.170550331521614
855,1967,solar,5.740018367767334,7.97069787979126,237.0652315523267,638.1299940778969,284478277.8627921,False,1.0,0.6233764785870016,-39.663673578154636,-11.200369883853137
856,1408,solar,5.687170505523682,6.000046253204346,229.79172760964113,538.7144248714408,275750073.1315693,False,1.0,0.6233514029322303,-43.34975061743802,-19.811810906871095
857,223,solar,5.693570137023926,5.921151161193848,208.79484469611907,608.4169076365506,250553813.6353429,False,1.0,0.6231502605462157,-52.93752787217129,-13.349933704829173
858,939,solar,5.490373134613037,6.593247890472412,230.9240213381274,99.08642862177943,277108825.6057529,False,1.0,0.6231241033321043,-47.34810924923152,-15.062299386637328
859,463,solar,5.518411159515381,6.253589630126953,122.16033575127511,440.4034367099899,146592402.90153015,False,1.0,0.6227494357094523,-51.09143963896806,-13.335486637602957
860,157,solar,5.661971569061279,5.191795349121094,190.05573903233392,590.9038494617956,228066886.8388007,False,1.0,0.6226802160664479,-53.3916116518007,-16.062644809935435
861,1177,solar,5.759161472320557,7.091381549835205,407.4661998828285,260.28750829139585,488959439.8593942,False,1.0,0.6226795306476094,-45.4525186054647,-15.894554427769833
862,1525,solar,5.647902965545654,6.070253372192383,204.51118511059514,525.2303249265794,245413422.13271415,False,1.0,0.622506119574007,-42.29621410594038,-21.080711010504523
863,1217,solar,5.4910125732421875,5.094066619873047,170.31321621773913,261.5556501038169,204375859.46128696,False,1.0,0.6224552568005981,-44.44813816441745,-24.79120005232943
864,1493,solar,5.829578399658203,7.986423492431641,206.22070718565524,931.0211326236682,247464848.62278628,False,1.0,0.6221639857484684,-43.41177552604016,-8.685025149587348
865,711,solar,5.937800407409668,6.0624589920043945,396.62606544947135,693.6494708162096,475951278.53936565,False,1.0,0.6221179173812464,-49.30592436403317,-9.70399258626442
866,1415,solar,5.9324564933776855,6.542346477508545,478.67736947185574,475.0590001337391,574412843.3662269,False,1.0,0.6221129770473467,-43.53974622929093,-16.702734168093734
867,1705,solar,5.86537504196167,6.567046642303467,345.38160378735535,661.2466586238659,414457924.5448264,False,1.0,0.6220954209770052,-40.857517710618616,-20.97753641587365
868,454,solar,5.484504699707031,5.374697685241699,119.34894493075305,380.94428184456103,143218733.91690364,False,1.0,0.6220118674006032,-51.034508195538976,-17.39690283062489
869,1049,solar,5.442117691040039,5.781770706176758,54.42011078874072,449.9413433536415,65304132.946488865,False,1.0,0.6220034812713946,-46.23203318552987,-19.510824216182982
870,1422,solar,5.710137367248535,8.022566795349121,268.30284265750157,513.4833082696525,321963411.18900186,False,1.0,0.621708738879275,-43.693157587986406,-13.591035617900761
871,1528,solar,5.78844690322876,6.0093994140625,300.100630448142,610.5735536720633,360120756.5377704,False,1.0,0.6215267338263681,-42.397497343905144,-19.753463684187093
872,952,solar,5.904755592346191,6.719911575317383,355.3862593776394,731.6829473192374,426463511.25316733,False,1.0,0.621480267339667,-47.49218918610521,-9.225221450901321
873,1218,solar,5.433121204376221,5.678522109985352,135.0970242782938,236.05595701368676,162116429.13395256,False,1.0,0.6212447178385498,-44.4821341120042,-24.34600536800104
874,477,solar,6.488975524902344,6.483813285827637,753.5714072913315,1036.7850768567844,904285688.7495978,False,1.0,0.6212220317889104,-51.14820219874928,-7.01496402201858
875,1052,solar,5.496840000152588,6.674890995025635,161.085385872547,314.20708594414845,193302463.0470564,False,1.0,0.6211414402545479,-46.293909700631936,-18.168008363291133
876,2205,solar,5.888719081878662,7.809675216674805,413.6074100970279,554.9495003467352,496328892.1164335,False,1.0,0.6210178056408974,-37.78386582498912,-11.979447614610267
877,1166,solar,5.34593391418457,5.978699684143066,18.063738543435324,339.73144147311865,21676486.252122387,False,1.0,0.6209568516620152,-45.205364000020325,-20.807075082187342
878,1075,solar,6.0781402587890625,6.848105430603027,447.51833340244775,893.6055296272361,537022000.0829374,False,1.0,0.6209411663927505,-46.608436329088505,-7.862802662374108
879,1244,solar,5.502931594848633,6.971844673156738,113.34581333683076,451.8624288741091,136014976.0041969,False,1.0,0.6208386979052194,-45.110882613913965,-12.750835989428204
880,528,solar,5.8102498054504395,5.920976161956787,326.0791406486935,603.7654079102357,391294968.7784322,False,1.0,0.6207300229728288,-50.65838631836543,-11.073770310477265
881,1966,solar,5.788333415985107,8.655659675598145,282.16602237661635,665.9093045518906,338599226.8519396,False,1.0,0.6206923914168614,-39.64118966061754,-11.63853912998835
882,167,solar,5.974090576171875,5.0122389793396,410.48924516858625,760.5460498686988,492587094.2023035,False,1.0,0.6204536537423919,-53.403220885697294,-11.54365390541268
883,1494,solar,5.875499248504639,8.113542556762695,251.32149800994497,941.8151806562739,301585797.61193395,False,1.0,0.6204129475885737,-43.42404803429383,-8.24057039184568
884,282,solar,5.572198867797852,5.70342493057251,141.81499259907667,541.4710088488565,170177991.118892,False,1.0,0.6203094160554768,-52.473100503417015,-13.799352686740198
885,226,solar,5.866504669189453,5.50783634185791,343.80330512026603,690.2535866597557,412563966.14431924,False,1.0,0.620290805677302,-52.94313039090993,-11.994268800020855
886,1228,solar,5.510584831237793,6.0132060050964355,124.32837335188994,451.4786620049943,149194048.02226794,False,1.0,0.6200217508792609,-44.77934261381963,-19.89049562644255
887,2813,solar,5.808929443359375,7.814227104187012,504.9623542317012,162.59622169084747,605954825.0780414,False,1.0,0.6197320297011355,-33.42906225444405,-8.301098054342498
888,172,solar,6.299186706542969,6.022233009338379,635.993199290035,938.3825239751313,763191839.1480421,False,1.0,0.6188701404979202,-53.40750438405264,-9.283597128840976
889,1843,solar,5.957658290863037,8.131538391113281,374.2980964014248,836.9330455776432,449157715.68170977,False,1.0,0.6186964338691453,-40.488514459868966,-13.000800716382797
890,2623,solar,6.144887924194336,7.803747177124023,659.3477358749374,537.3167889177317,791217283.0499249,False,1.0,0.6186738490886852,-34.51293560221932,-12.640360527106756
891,592,solar,6.051334857940674,6.029232025146484,484.89715472182195,767.9087543750529,581876585.6661863,False,1.0,0.6186679667347105,-50.222087350157366,-9.264168653223981
892,1784,solar,5.877335548400879,8.23524284362793,307.61215635310464,827.7643234374688,369134587.6237256,False,1.0,0.6185157307909415,-40.97184461407331,-12.58331568177208
893,834,solar,6.080938816070557,6.716989040374756,488.75813947427963,830.2532719274371,586509767.3691355,False,1.0,0.6181915689393981,-48.415620471189946,-8.340616943512838
894,1845,solar,5.826066970825195,8.317374229431152,284.0965147528453,776.5348013360491,340915817.7034143,False,1.0,0.6181908797436927,-40.5352010127122,-12.121403391347952
895,689,solar,5.53308629989624,5.912745952606201,156.5065977267618,443.5889224349036,187807917.2721142,False,1.0,0.6181845474167293,-49.089043571209295,-19.610623700003384
896,275,solar,5.597476005554199,5.651852607727051,189.2572074939022,505.17996710115034,227108648.99268264,False,1.0,0.6181632456613062,-52.449879326142884,-16.961257382552798
897,1664,solar,5.785950660705566,8.229907035827637,264.4418579050438,737.090054451908,317330229.4860525,False,1.0,0.6181386610782809,-41.8911594368984,-12.625593602112216
898,350,solar,6.041280746459961,6.0353569984436035,481.0361699693642,768.1453082233046,577243403.963237,False,1.0,0.6176281603113302,-52.03701511029404,-10.18230859271142
899,468,solar,5.827635765075684,6.339304447174072,347.6642898727238,629.3541565740442,417197147.8472686,False,1.0,0.6174321056822873,-51.11598791210146,-11.078481279564498
900,517,solar,5.308697700500488,5.241033554077148,22.470781572303625,291.2789722254063,26964937.88676435,False,1.0,0.617282286340855,-50.58819311933777,-16.036371971314388
901,160,solar,5.596831321716309,5.018527030944824,153.64971706905794,604.5214964808137,184379660.48286954,False,1.0,0.6172753064169256,-53.395535157288904,-14.70712616872082
902,46,solar,5.98502779006958,5.25456428527832,416.63213844823764,813.0879249630366,499958566.13788515,False,1.0,0.6169589561124742,-54.32048303653507,-11.996079602841798
903,475,solar,6.320037841796875,6.033233642578125,663.3698256427522,942.9054611468245,796043790.7713026,False,1.0,0.6167120284349052,-51.142338953245364,-7.918051754751981
904,333,solar,5.624264240264893,5.599545955657959,225.21293946385597,492.747628730858,270255527.35662717,False,1.0,0.6166949997715849,-51.97050638549507,-17.860143733998708
905,1357,solar,5.864299297332764,6.706681251525879,472.2216475549198,409.9849108790515,566665977.0659038,False,1.0,0.616427245128183,-44.05338550204012,-15.83548758675172
906,189,solar,5.447495460510254,4.233672142028809,180.86906622419775,213.59538752015024,217042879.4690373,False,1.0,0.6163742317264067,-52.82212429541421,-28.70075409672104
907,720,solar,6.561811923980713,6.172481536865234,802.5331828680792,1137.9746172738253,963039819.441695,False,1.0,0.6162639814599978,-49.35031845478004,-5.648633669521106
908,1010,solar,5.707847595214844,7.552383899688721,243.5995285050294,638.7122684412208,292319434.2060353,False,1.0,0.6162478968458216,-47.01870096641534,-10.114189731247036
909,1057,solar,5.6013336181640625,6.893749237060547,338.86084434555744,160.80286125741026,406633013.2146689,False,1.0,0.6162463716234127,-46.38569652320353,-15.929167084722142
910,893,solar,5.971817970275879,6.625063419342041,422.07219942595947,779.3203548425963,506486639.3111514,False,1.0,0.6162015714378856,-47.95463159673006,-8.783570228645209
911,1080,solar,6.414951324462891,6.6562910079956055,673.0222875238966,1140.4658302252767,807626745.0286759,False,1.0,0.615921594299478,-46.64251519603983,-5.620883333860527
912,1240,solar,5.62677526473999,7.0103840827941895,293.74897663398974,335.37215263519437,352498771.9607877,False,1.0,0.6159188178886981,-45.043245944474,-14.53676722128284
913,1189,solar,5.579524040222168,7.3218913078308105,133.74329000864842,634.7165576594635,160491948.0103781,False,1.0,0.6157755160143024,-45.63867112649577,-10.529910204046733
914,769,solar,5.727409362792969,6.096198081970215,284.8393345768614,586.2960129688515,341807201.4922337,False,1.0,0.6156238514663402,-48.83589141308155,-10.597890030706798
915,536,solar,6.353545188903809,5.7414703369140625,686.8854672430115,973.6236518895295,824262560.6916138,False,1.0,0.6155003180899004,-50.692401351069755,-7.463358972960506
916,2687,solar,5.899682998657227,8.276511192321777,537.8712333146453,342.2501860335564,645445479.9775743,False,1.0,0.6149344930828812,-34.18124181836619,-10.903701480845639
917,870,solar,5.323170185089111,5.936845779418945,15.488151774408452,370.8577432778377,18585782.12929014,False,1.0,0.6149043132481415,-47.677481431829754,-19.11729285453688
918,329,solar,5.826605796813965,5.623988628387451,367.4333062422643,609.1757150076145,440919967.4907171,False,1.0,0.6148722166167788,-51.94878234502274,-19.66585170469874
919,2085,solar,5.835201740264893,8.288055419921875,370.437111648967,621.5422199540429,444524533.9787604,False,1.0,0.6148135020924939,-38.70066566303859,-12.02931124982115
920,1219,solar,5.348251819610596,5.229459285736084,99.88083233884852,219.16539777543528,119856998.80661823,False,1.0,0.6145119805417715,-44.51531830742821,-23.900741411545457
921,1380,solar,6.261552333831787,7.523721218109131,565.0965414037444,1087.6625131369394,678115849.6844932,False,1.0,0.6144814501536245,-44.38624412512692,-5.588544624971086
922,487,solar,5.295042514801025,4.369585037231445,96.54784740337433,109.96255335224798,115857416.8840492,False,1.0,0.614410926195466,-50.23210806786407,-29.55466991694438
923,638,solar,5.367340087890625,6.211123943328857,128.33477610540658,192.77385691756507,154001731.3264879,False,1.0,0.6142992098692565,-49.66356104444393,-15.56897002447379
924,2570,solar,5.635014533996582,7.82330322265625,366.26680090147005,191.84638503118782,439520161.08176404,False,1.0,0.6142538267563655,-35.17359328096287,-9.672682556542599
925,572,solar,5.432165145874023,5.403953552246094,120.15022548145635,362.15740462072466,144180270.5777476,False,1.0,0.6139819976274123,-50.07387432010109,-18.28213764682897
926,2267,solar,5.723053932189941,8.863879203796387,344.9909776724789,445.92087999563864,413989173.2069747,False,1.0,0.6139484053544909,-37.37805923074643,-11.086466061670784
927,1227,solar,5.417119026184082,5.594707012176514,88.77328165728785,408.07098096458986,106527937.98874542,False,1.0,0.6139439213894213,-44.752957959629434,-20.336316160857496
928,1665,solar,5.720499038696289,8.313044548034668,219.34106708075404,760.7417707988222,263209280.49690485,False,1.0,0.6136297868740039,-41.9118642659146,-12.183542293947982
929,1304,solar,5.502826690673828,7.325157642364502,134.9309625608612,487.4686328575369,161917155.07303342,False,1.0,0.6136048702397843,-44.65073891014721,-12.735162230562553
930,630,solar,5.49313497543335,5.588484764099121,156.10595745141012,416.8349939498643,187327148.94169214,False,1.0,0.613255061653501,-49.57772599787973,-19.172620958544993
931,809,solar,5.416858673095703,5.434879302978516,86.19769488826093,422.68565020702147,103437233.86591311,False,1.0,0.6132457622973527,-48.13632782272874,-19.5822533538803
932,709,solar,5.742763519287109,5.987546920776367,306.42448380089184,596.067950347261,367709380.5610702,False,1.0,0.6132302050702461,-49.292740042902125,-10.605027915395963
933,272,solar,5.714835166931152,4.766256332397461,295.9224825777085,560.2927081103996,355106979.09325016,False,1.0,0.6132178847242546,-52.43824886595756,-18.316058255049672
934,1599,solar,5.930455684661865,7.503347873687744,468.3606628024621,614.5927656984529,562032795.3629545,False,1.0,0.6126508729832069,-42.239417989479065,-14.858817997517837
935,2561,solar,6.228941440582275,7.835300445556641,723.5214687383697,638.6179204907022,868225762.4860436,False,1.0,0.6126431160289623,-34.90368732414712,-13.528030156622375
936,281,solar,5.470097541809082,5.228823661804199,97.14552362732178,522.2686664520352,116574628.35278614,False,1.0,0.6125852366416862,-52.47010849983458,-14.251109052452673
937,450,solar,5.64637565612793,5.2727274894714355,261.5693117091614,503.4017997635916,313883174.0509937,False,1.0,0.6124571213094281,-51.003617910700726,-19.201394962062647
938,119,solar,6.785209655761719,5.063952922821045,973.2838842840937,1255.0298013088893,1167940661.1409125,False,1.0,0.6123991283238682,-53.8635998454187,-6.119356207911141
939,771,solar,5.854179382324219,6.16303825378418,375.0409162254409,685.2704588376724,450049099.4705291,False,1.0,0.6121728731954291,-48.85034208445765,-9.697472975685407
940,970,solar,5.656285285949707,4.972414493560791,274.8507970575836,502.0560677454063,329820956.4691003,False,1.0,0.6116570586288953,-46.21384992410876,-28.03417843864705
941,810,solar,5.344900608062744,5.676702976226807,50.64260319365884,372.9469833061313,60771123.832390614,False,1.0,0.6115277117626526,-48.1524210237623,-19.132927607416857
942,386,solar,5.868745803833008,5.326810359954834,438.94412990682014,571.0543219439213,526732955.8881842,False,1.0,0.6110312269648244,-51.4499194466294,-21.013355848309505
943,476,solar,6.36001443862915,6.403255939483643,708.4706164670419,989.6954087630784,850164739.7604502,False,1.0,0.6110102170250596,-51.145361725619935,-7.466513064575522
944,879,solar,5.389429569244385,6.330625534057617,209.338872114097,79.82547804449543,251206646.5369164,False,1.0,0.61094899292832,-47.81295988335748,-15.0753828232865
945,609,solar,5.337584972381592,4.186271667480469,97.10334489262,248.35312071260776,116524013.871144,False,1.0,0.6108222837211085,-49.242699756747115,-28.622412694214344
946,1592,solar,5.9516825675964355,6.957343101501465,477.47544864580084,666.8884564793384,572970538.374961,False,1.0,0.6104185387756826,-42.04920720181834,-17.95485256962377
947,2699,solar,5.763973236083984,7.353121280670166,469.0508417354451,269.13089617673415,562861010.0825341,False,1.0,0.6103923013687211,-34.44792257316623,-5.782757777585071
948,1299,solar,5.685705661773682,6.758847236633301,360.43491668231,368.09536901316704,432521900.018772,False,1.0,0.6103794429876926,-44.5603627569955,-14.964623378590955
949,2934,solar,5.9082794189453125,7.446594715118408,601.699384696777,258.5854510812711,722039261.6361324,False,1.0,0.610289159608798,-32.545824337222214,-7.834082913708518
950,1012,solar,5.819603443145752,7.116933345794678,333.80111015360893,737.4319960442133,400561332.1843307,False,1.0,0.6101282131977377,-47.03727081260235,-9.216763732645466
951,668,solar,5.4213385581970215,4.662824630737305,167.81347751613347,267.3443982612385,201376173.01936015,False,1.0,0.6100170271555772,-48.70916829830744,-29.05278575672049
952,391,solar,5.632950305938721,5.030440330505371,261.16867143380966,505.36487024668395,313402405.7205716,False,1.0,0.6099760915418394,-51.48579803809997,-18.757274885945698
953,2562,solar,6.140862941741943,8.093460083007812,678.4903957358,588.733841243174,814188474.88296,False,1.0,0.6099635894183432,-34.93845081272368,-13.100017560136385
954,290,solar,6.035420894622803,5.373692035675049,502.6213191933947,797.8729229354063,603145583.0320736,False,1.0,0.6098349273949039,-52.49330755789126,-10.18472740885473
955,1042,solar,5.288496017456055,4.999858379364014,112.24956553169181,116.56068155501349,134699478.63803017,False,1.0,0.6095376570953646,-46.06654726657871,-22.642442230993336
956,1476,solar,5.959437370300293,7.123727798461914,549.3869125857082,514.3475094391592,659264295.1028498,False,1.0,0.6095120902426812,-43.09674827039121,-16.235196524817397
957,56,solar,6.597231388092041,5.4195556640625,859.5666610352549,1157.7456147111116,1031479993.2423059,False,1.0,0.6095019357195183,-54.31619940054284,-7.475622998983515
958,1343,solar,5.302472114562988,6.06242561340332,34.44299350899896,346.2145742496964,41331592.210798755,False,1.0,0.6093441887772644,-43.67315627008845,-22.061452492959667
959,2923,solar,6.300616264343262,7.276360034942627,820.4048939891067,596.1081055707014,984485872.7869279,False,1.0,0.6093186289219346,-32.21924035721444,-12.473972842305855
960,552,solar,5.307543754577637,4.657614231109619,44.03917160978402,334.49292646290525,52847005.93174083,False,1.0,0.609253971085771,-49.8062812765927,-27.28947116625681
961,871,solar,5.273791313171387,5.496119022369385,20.066939920193636,320.87654824767395,24080327.904232364,False,1.0,0.6091428045472542,-47.6943812319746,-18.668326458452626
962,1260,solar,6.316654205322266,7.242298126220703,608.2668398518052,1170.897241472278,729920207.8221663,False,1.0,0.6089565096501827,-45.2887228941144,-5.602466252274877
963,2321,solar,6.13002872467041,7.437021732330322,637.1808718422479,681.5602797056812,764617046.2106975,False,1.0,0.6089248188911643,-36.746772541934945,-13.656509884095183
964,1796,solar,5.683422088623047,8.55016040802002,233.59733353837237,700.8571547005752,280316800.24604684,False,1.0,0.6089108410261828,-41.18321747916762,-7.294022982698027
965,832,solar,5.881519794464111,6.888899326324463,398.5565578257003,730.388874924716,478267869.39084035,False,1.0,0.608702029335505,-48.40208695983706,-9.240461960621028
966,1316,solar,6.008764266967773,8.033793449401855,406.2785273306158,996.3639845029184,487534232.796739,False,1.0,0.6086067878626554,-44.804882046537344,-7.381112938321352
967,928,solar,5.341139793395996,6.200805187225342,51.44388374436219,399.83233992250786,61732660.49323463,False,1.0,0.6085366239400392,-47.164789478490405,-19.9974336464324
968,1711,solar,6.029887676239014,6.556286811828613,512.2292597896997,778.5922852836115,614675111.7476395,False,1.0,0.6084490134046557,-41.074608765607074,-18.336354870147545
969,715,solar,6.1526103019714355,6.605072498321533,577.0292287466303,890.4239227628898,692435074.4959564,False,1.0,0.6083733245300011,-49.32863811528223,-7.901737632488914
970,1960,solar,6.118364334106445,8.338789939880371,552.7707673223549,875.0926106249204,663324920.7868259,False,1.0,0.608369084343367,-39.48663151568378,-14.26628022552717
971,1046,solar,5.298356533050537,6.124823093414307,52.24516429506555,304.6811767179558,62694197.15407866,False,1.0,0.6083411701605298,-46.16482382301023,-20.853237233526503
972,1345,solar,5.38083553314209,5.612529277801514,87.97200110658444,399.35779058850596,105566401.32790133,False,1.0,0.6083058032315317,-43.736750725160014,-21.172759336658153
973,773,solar,5.978605270385742,6.172065258026123,465.2424978740204,784.5050596956128,558290997.4488244,False,1.0,0.6082811878572332,-48.86345203161014,-8.796989398064653
974,1466,solar,5.549104690551758,6.402976036071777,193.83599563968738,509.2980802273999,232603194.76762486,False,1.0,0.6082445579500502,-42.80950584297948,-20.669575406089038
975,1604,solar,5.686498641967773,8.361454010009766,242.85670868101332,692.7162008932157,291428050.417216,False,1.0,0.6082442277824367,-42.350924719965946,-12.645670989286472
976,1467,solar,5.602638244628906,5.937376976013184,229.3910873342895,540.0885031767777,275269304.8011474,False,1.0,0.6081819224893152,-42.84194917629882,-20.226432514249673
977,1356,solar,5.827503204345703,6.953623294830322,479.0780097472074,415.52537068426096,574893611.6966488,False,1.0,0.6080076407767915,-44.03103382187548,-16.2805581499477
978,91,solar,5.9134202003479,5.038790702819824,436.9409285300618,716.3543711875526,524329114.23607415,False,1.0,0.6077872836224845,-53.85679991641232,-18.774117327010188
979,1224,solar,5.249584674835205,6.181473255157471,17.891993426518468,290.8414607378923,21470392.11182216,False,1.0,0.6076547742127555,-44.669477747311944,-21.6734355682109
980,739,solar,5.393286228179932,5.325407028198242,184.07069313369666,194.1291839611075,220884831.760436,False,1.0,0.6075790933684512,-48.44089610279551,-24.09200513778581
981,309,solar,5.264984607696533,4.842591762542725,85.3004277558421,158.77814395510578,102360513.30701052,False,1.0,0.6073853388316074,-51.7989352167894,-28.687984910765504
982,420,solar,6.659372329711914,5.839561462402344,910.4589289882314,1194.8875104375202,1092550714.7858777,False,1.0,0.6073735965784338,-51.60697829942695,-5.662297361291773
983,2207,solar,5.677297115325928,8.493334770202637,323.40582844844846,480.1232371394235,388086994.1381382,False,1.0,0.6073709291715622,-37.83504409629374,-11.11039961186987
984,1048,solar,5.298859596252441,6.085883617401123,18.865019094138628,403.0542555625392,22638022.912966352,False,1.0,0.6072865290707543,-46.210232606889384,-19.9583414624782
985,1175,solar,5.60620641708374,6.712708950042725,338.0595637948541,286.17651902299895,405671476.55382496,False,1.0,0.6072286186104835,-45.41329115584231,-16.78815163393633
986,688,solar,5.520729064941406,5.1122050285339355,192.06168942136387,463.34893362300755,230474027.30563664,False,1.0,0.6072048845879537,-49.07515902463644,-20.060618750264037
987,2679,solar,6.394697666168213,6.9845452308654785,857.6148968450484,739.5523579946263,1029137876.214058,False,1.0,0.6071515754389609,-33.90665382977303,-14.311127210422255
988,1678,solar,5.8759446144104,7.873636245727539,366.9692136350127,819.8145579650576,440363056.36201525,False,1.0,0.6069139905649242,-42.11083990169691,-6.4332539870054966
989,579,solar,5.320384979248047,6.240316867828369,101.4131259939448,253.26278839398884,121695751.19273376,False,1.0,0.6064774400783232,-50.13795112430826,-15.126802690563487
990,1300,solar,5.618927955627441,6.8466362953186035,315.3341258580202,381.9954111702795,378400951.0296242,False,1.0,0.6064149404381551,-44.579722604934176,-14.518810656789016
991,982,solar,5.301852703094482,5.828319072723389,147.74350621575996,98.9594666769524,177292207.45891196,False,1.0,0.6061714572852159,-46.55236751055302,-22.6655957397154
992,660,solar,6.532989978790283,5.855242729187012,824.1183320921097,1145.2249631262507,988941998.5105315,False,1.0,0.6061603085823032,-49.801641438429556,-5.652060717619581
993,1903,solar,5.894622325897217,7.739568710327148,395.88324562545523,799.2396581468635,475059894.7505463,False,1.0,0.6060683761406167,-40.02829805850542,-12.977100623284693
994,1964,solar,5.836085796356201,8.371097564697266,372.36760402519593,728.6191233989365,446841124.8302351,False,1.0,0.6059965467808196,-39.593443682046306,-12.51470486006664
995,1718,solar,6.035539627075195,7.575334072113037,556.6317520748128,710.0633781336957,667958102.4897753,False,1.0,0.6059866783890134,-41.285181382556615,-15.251473739532871
996,1411,solar,5.718655586242676,6.541784763336182,336.45700269344746,560.3355064095285,403748403.23213696,False,1.0,0.6057108114172343,-43.43583986691498,-18.479705413651722
997,2688,solar,5.78941011428833,8.037839889526367,505.99479510122137,293.1038677552345,607193754.1214657,False,1.0,0.6055634522758767,-34.20999230501354,-10.47734618848447
998,550,solar,5.228026866912842,4.565908432006836,26.393212269106552,248.76800005973146,31671854.72292786,False,1.0,0.6054498256670696,-49.77161605623297,-28.18943204185599
999,88,solar,6.055468559265137,4.537800312042236,543.606203613868,794.9117590782514,652327444.3366417,False,1.0,0.605384133816543,-53.85560595948074,-20.129156414239034
1000,206,solar,6.014245510101318,5.345720291137695,544.4074841645714,703.3653313123164,653288980.9974858,False,1.0,0.6051790984932197,-52.89275106367814,-21.02885842522613
1001,598,solar,6.410102367401123,5.734743595123291,755.5018996675605,1056.9965070155686,906602279.6010725,False,1.0,0.6050848825693135,-50.246683902137114,-6.557462728267709
1002,1837,solar,6.174601078033447,8.063684463500977,644.9028413471632,809.7257154644392,773883409.6165959,False,1.0,0.6050719709408094,-40.32682722149161,-15.637524412083211
1003,1701,solar,5.754765033721924,5.87110710144043,350.62614986127124,614.8194178615039,420751379.8335255,False,1.0,0.6049476122121197,-40.69268574195826,-22.736530272134164
1004,279,solar,5.364634990692139,5.187623977661133,52.71829236590061,496.9023777616329,63261950.83908073,False,1.0,0.6047043301887759,-52.46380350550436,-15.154568134104476
1005,1234,solar,5.619745254516602,6.452341556549072,337.65892351950237,353.4355952162945,405190708.22340286,False,1.0,0.6043416564835324,-44.9231320093357,-17.214471263979227
1006,1679,solar,5.918705463409424,7.662076950073242,412.0700044593025,834.1885859351689,494484005.35116297,False,1.0,0.6043099375382627,-42.120908355670174,-5.990706619154114
1007,593,solar,6.042298793792725,6.037323474884033,529.9979455461117,815.542855104535,635997534.6553341,False,1.0,0.6041200093026516,-50.226791830806015,-8.813081682277117
1008,574,solar,5.266352653503418,5.335829257965088,49.0400420922522,294.9755458576895,58848050.51070264,False,1.0,0.6040347013937717,-50.09360408664761,-17.380737322228512
1009,53,solar,6.361733913421631,5.855753421783447,724.2642885623856,1041.1993219284075,869117146.2748626,False,1.0,0.6039983494286622,-54.31726663634509,-8.831881742558013
1010,210,solar,5.8242292404174805,5.388041973114014,402.18711738616304,655.4611494492074,482624540.86339563,False,1.0,0.6037152237823344,-52.90539711974668,-19.222605629633797
1011,250,solar,5.349484920501709,4.214657783508301,153.70658026174172,224.5367325937022,184447896.31409007,False,1.0,0.6034294605432139,-52.317659194213,-28.24437755411359
1012,1855,solar,5.551692008972168,8.157084465026855,166.91139349005218,644.789246356325,200293672.1880626,False,1.0,0.6032831131130355,-40.71702841738764,-7.721504240404448
1013,1226,solar,5.297750473022461,6.364522457122803,53.218189962685756,366.3480159151752,63861827.955222905,False,1.0,0.6030916746876087,-44.72585860317338,-20.782080599193602
1014,411,solar,5.992665767669678,5.76458215713501,504.5518115696235,783.5301662371868,605462173.8835483,False,1.0,0.6029372613760537,-51.58405504820115,-9.727610775285857
1015,2200,solar,6.134962558746338,8.096907615661621,639.1113642184766,767.5255765573685,766933637.0621719,False,1.0,0.602525914627645,-37.637635561492154,-14.150795347664621
1016,1198,solar,6.153395175933838,7.515353202819824,539.6504074272561,1061.4620811705809,647580488.9127073,False,1.0,0.6023506560307531,-45.72627353139994,-6.503827740805573
1017,168,solar,5.93800687789917,5.696905612945557,455.5900359928761,793.0047839938247,546708043.1914513,False,1.0,0.6022780508298459,-53.4041563391665,-11.091668684566867
1018,867,solar,5.365586280822754,5.154871463775635,122.15342685821471,358.83342495914206,146584112.22985765,False,1.0,0.6019191930881259,-47.62387767299336,-20.46396883315356
1019,532,solar,5.9892144203186035,5.710599899291992,506.4823039458524,785.0081793547495,607778764.7350229,False,1.0,0.6018106423388618,-50.67712179006122,-9.268670846303232
1020,2081,solar,6.032893180847168,8.39922046661377,550.840274946126,775.381184562215,661008329.9353511,False,1.0,0.6014454235699255,-38.59167637069593,-13.774034132512194
1021,1160,solar,5.169624328613281,5.6863789558410645,29.17069971533508,162.9451192362005,35004839.65840209,False,1.0,0.6013097408038197,-45.03611565152419,-23.48397404966245
1022,153,solar,5.718265533447266,5.131499767303467,330.67629372160724,630.4460210390127,396811552.4659287,False,1.0,0.6011872396463108,-53.38576476277417,-17.869732743681716
1023,2445,solar,5.832640647888184,7.759726524353027,499.94800699314965,459.6491938799344,599937608.3917795,False,1.0,0.6011742727972679,-35.951267117775146,-11.87242378062242
1024,1378,solar,6.073306083679199,7.926885604858398,474.89495975516473,1063.2310979167298,569873951.7061977,False,1.0,0.6009448660359452,-44.370371909226364,-6.480157587014836
1025,735,solar,5.2479424476623535,4.450021266937256,43.20592537591551,313.75454276191215,51847110.45109861,False,1.0,0.6004101193794535,-48.359221415848495,-25.888876776535916
1026,1396,solar,5.596564292907715,4.858424186706543,312.01123020938877,415.307778255549,374413476.25126654,False,1.0,0.6004097344647633,-42.929527995793585,-25.13392606500399
1027,296,solar,6.397129535675049,5.333766460418701,773.2260641391332,1050.7896849278436,927871276.9669598,False,1.0,0.5996787781998189,-52.50427511696478,-7.473201953115673
1028,935,solar,5.336860656738281,5.800416946411133,197.44175811785237,134.5843470548258,236930109.74142286,False,1.0,0.5995462589279053,-47.28833472851164,-16.8573841937337
1029,1355,solar,5.745231628417969,6.464104652404785,443.5229180526053,426.88996265557853,532227501.66312635,False,1.0,0.599543168792589,-44.00797590953564,-16.72557955607722
1030,133,solar,5.604154109954834,4.499895095825195,327.7129483377063,404.1401178501221,393255538.00524753,False,1.0,0.5994928108143984,-53.34471074088629,-26.89957249130755
1031,1197,solar,6.062571048736572,7.586235523223877,494.54961660296647,1013.0525436998663,593459539.9235598,False,1.0,0.5990752261771881,-45.71864592936214,-6.951249797214297
1032,449,solar,5.6281023025512695,5.13563871383667,297.1244034037635,541.2828082795646,356549284.08451617,False,1.0,0.5989649192117373,-50.99532892671863,-19.652455574029926
1033,794,solar,5.229063987731934,5.355692386627197,27.50420724759795,331.5482963353933,33005048.69711754,False,1.0,0.5987739044009629,-47.83726594168695,-26.3174274080872
1034,109,solar,6.024874210357666,5.587635040283203,522.2759760411963,863.6184733499608,626731171.2494355,False,1.0,0.5987043218737528,-53.86201485887458,-10.640203674214536
1035,1836,solar,6.189807891845703,7.382040977478027,690.0036321714531,812.5450392551705,828004358.6057438,False,1.0,0.5984592711884827,-40.29663844101343,-16.076741238848584
1036,354,solar,6.2133684158325195,6.104259490966797,661.4393332665232,939.0167135947692,793727199.9198279,False,1.0,0.5983086450518544,-52.04704371998388,-8.375105026025539
1037,1473,solar,5.794713973999023,7.204431056976318,442.7216375019021,555.2247113265332,531265965.0022825,False,1.0,0.5982778361621408,-43.01904902631835,-17.566161877825017
1038,274,solar,5.532805442810059,5.282232761383057,224.8122991885043,519.4039908338287,269774759.0262052,False,1.0,0.5982578220036315,-52.44611769412682,-17.412879071787284
1039,392,solar,5.513452529907227,5.407991886138916,225.6135797392076,475.20516153095286,270736295.68704915,False,1.0,0.5981735677606117,-51.49239187497852,-18.305984503479014
1040,1397,solar,5.532418251037598,5.192061901092529,276.7950382699436,393.43564584310036,332154045.9239323,False,1.0,0.5977880910665253,-42.969491841443876,-24.69084785081988
1041,1019,solar,6.26222562789917,6.820095539093018,649.5066459236372,1084.7995220561409,779407975.1083646,False,1.0,0.5977809006267548,-47.088260742785046,-6.075208467083109
1042,731,solar,5.326602458953857,4.534539699554443,97.65884238186568,388.9303048049049,117190610.85823882,False,1.0,0.5974716757051324,-48.26941463096362,-27.68504015911262
1043,657,solar,6.265200138092041,6.004539966583252,688.8159596192403,997.6278543469446,826579151.5430883,False,1.0,0.5973625943844422,-49.79068678618532,-7.0047840742847605
1044,797,solar,5.220662593841553,5.149150371551514,78.1443685707379,204.59091627966632,93773242.28488548,False,1.0,0.5972192800153161,-47.90628305902145,-24.971165009074507
1045,1101,solar,5.141914367675781,5.878662586212158,41.53943290817837,122.75484586660697,49847319.48981404,False,1.0,0.5970706811012978,-45.553161772053386,-23.064509751476475
1046,2932,solar,5.850780963897705,7.45199728012085,611.2214095238005,272.6115562568037,733465691.4285606,False,1.0,0.5969428063248059,-32.498040256446544,-8.67848303003655
1047,955,solar,5.987290382385254,6.979817867279053,490.6886318505086,881.2711363685977,588826358.2206104,False,1.0,0.5969380440069468,-47.51511276696475,-7.877686746971155
1048,1412,solar,5.696762561798096,6.824912071228027,372.0120943880495,533.2937025780766,446414513.2656594,False,1.0,0.5967757627635921,-43.46296399495176,-18.035548346004443
1049,718,solar,6.305261135101318,5.927440643310547,712.3316012194996,1038.8135745296586,854797921.4633995,False,1.0,0.5964854041782492,-49.342530804965676,-6.549908162288301
1050,1709,solar,5.8732686042785645,6.9700608253479,442.31008071590776,759.2702881733859,530772096.8590893,False,1.0,0.5960703685355927,-41.00613096843067,-19.217082883415966
1051,171,solar,6.103110313415527,5.419977188110352,590.8924084657452,900.0752567623035,709070890.1588943,False,1.0,0.59593340465618,-53.40672588988237,-9.735633556754749
1052,2925,solar,6.11361026763916,7.890828609466553,755.9859311954793,507.8328942016639,907183117.4345752,False,1.0,0.5959150815767038,-32.29038237221169,-11.631225771424342
1053,833,solar,5.882015228271484,7.254298210144043,443.65734864999007,780.3167318980181,532388818.3799881,False,1.0,0.5956773090328672,-48.40903368358368,-8.790547384949939
1054,1199,solar,6.188638687133789,7.754583358764648,584.751198251546,1110.0126320133443,701701437.9018552,False,1.0,0.5956599567686908,-45.733383360989656,-6.056389544837653
1055,2878,solar,5.823996067047119,7.414100646972656,584.1902729910375,297.7214754571038,701028327.5892451,False,1.0,0.595592419326221,-33.07774702769038,-6.161223069306477
1056,998,solar,5.417983531951904,6.602303981781006,297.6099613864476,113.3041934916553,357131953.6637371,False,1.0,0.5955482783227184,-46.868109840817866,-15.496675253064275
1057,1602,solar,5.698565483093262,8.194401741027832,333.0582903295928,651.1552411272655,399669948.3955114,False,1.0,0.5955172345341376,-42.30868147447752,-13.531081171533643
1058,650,solar,5.745932102203369,6.5899763107299805,373.11042384921205,657.4779703574937,447732508.61905444,False,1.0,0.5954034691396185,-49.75570520334036,-10.160722730654351
1059,1252,solar,5.664174556732178,7.6761155128479,247.46051325748726,792.2057828353057,296952615.9089847,False,1.0,0.5953388956025009,-45.217832459045106,-9.177424680427434
1060,152,solar,5.73421573638916,5.325640678405762,366.23138541620926,649.6428957340424,439477662.4994511,False,1.0,0.5953227611090542,-53.38418984903296,-18.32145331068247
1061,1780,solar,5.92378568649292,7.786693096160889,488.01531965026356,770.3821138182304,585618383.5803163,False,1.0,0.5949949668225408,-40.87451785669703,-14.344865744459682
1062,330,solar,5.660547256469727,5.1024489402771,331.87821454766225,575.7789030706575,398253857.4571947,False,1.0,0.5949899280733166,-51.95444658104795,-19.21445988262484
1063,2569,solar,5.583437919616699,8.138242721557617,396.7695809918999,240.89488993430467,476123497.19027984,False,1.0,0.5949219675424999,-35.148298275927125,-10.101381807738656
1064,97,solar,5.5760722160339355,4.894425868988037,231.5624838766561,640.8754527338223,277874980.6519873,False,1.0,0.5949041529983663,-53.85889741230794,-16.063462493253976
1065,1831,solar,6.075163841247559,6.599018573760986,583.4856496977997,870.6882183004029,700182779.6373596,False,1.0,0.5947804044221351,-40.1312391095226,-18.271673109101883
1066,107,solar,5.872196197509766,5.32761287689209,432.3324600274381,799.9901753014813,518798952.0329257,False,1.0,0.5946288684596757,-53.861590111500085,-11.544234221920519
1067,2019,solar,6.121465682983398,7.929802894592285,619.4567073706752,886.1938264804772,743348048.8448102,False,1.0,0.5945640253813451,-38.994259887747596,-14.675371445217769
1068,654,solar,6.0312275886535645,6.431785583496094,553.513587146371,850.871585710943,664216304.5756452,False,1.0,0.5945543426661014,-49.77732662927347,-8.357408870477657
1069,881,solar,5.2404937744140625,6.849895000457764,119.13729046551747,179.51237806194538,142964748.55862096,False,1.0,0.5945014423648582,-47.83816937143389,-14.176842122150749
1070,1043,solar,5.2639923095703125,5.356691837310791,147.4657574711371,160.9268443268136,176958908.96536452,False,1.0,0.5944780438129809,-46.09207021452877,-22.19521715910837
1071,1902,solar,5.896087646484375,7.752997875213623,440.984036449745,833.672203987659,529180843.739694,False,1.0,0.5944597698372468,-40.00284611016983,-13.41588305400784
1072,1094,solar,5.399667263031006,4.7412919998168945,204.97391066793867,322.3218189958815,245968692.8015264,False,1.0,0.594221180694521,-45.3388521736157,-26.189262274502994
1073,1542,solar,5.646117687225342,7.587420463562012,311.47314110556243,604.613210784813,373767769.32667494,False,1.0,0.5942153830500616,-42.77009745359576,-13.551844993256337
1074,708,solar,5.563380718231201,6.851672172546387,261.3236929766021,547.6045178456561,313588431.57192254,False,1.0,0.59409770509177,-49.28568397969807,-11.055519995236267
1075,1297,solar,5.692422389984131,7.1802897453308105,450.63649833088937,360.0577922452408,540763797.9970672,False,1.0,0.5940063347456718,-44.51967326803138,-15.856120155691002
1076,2149,solar,5.466191291809082,8.727046012878418,211.6190975758385,457.97444183332055,253942917.09100622,False,1.0,0.5939172015281156,-38.3379901849887,-10.262590790273949
1077,419,solar,6.511416435241699,6.013825416564941,865.3581381639416,1147.7499157627344,1038429765.7967299,False,1.0,0.5937635400806478,-51.60504344456763,-6.114037362563629
1078,2806,solar,5.937283039093018,7.444835662841797,646.4596630080308,418.34760563031926,775751595.609637,False,1.0,0.5936327853289226,-33.23743963853736,-11.270835040669793
1079,1601,solar,5.731611251831055,8.150996208190918,378.1590811538826,635.2769904390493,453790897.3846591,False,1.0,0.593598755264593,-42.28638711808834,-13.97371233889003
1080,873,solar,5.221965789794922,6.081141471862793,91.17712330939779,220.9396889374212,109412547.97127734,False,1.0,0.593509265396524,-47.72676399543561,-17.770287366663382
1081,1168,solar,5.311982154846191,6.349887371063232,89.1739219326395,430.1622552087032,107008706.3191674,False,1.0,0.593261086048978,-45.25617066260814,-19.91432748002415
1082,866,solar,5.333559513092041,5.727165699005127,157.70851855281683,310.56459896049165,189250222.2633802,False,1.0,0.5928710954013792,-47.60502079325009,-20.91278345800068
1083,2266,solar,5.673394680023193,8.717204093933105,390.0917684967686,484.8409468712504,468110122.19612235,False,1.0,0.5928232746459581,-37.35235119474697,-11.520063292487508
1084,1116,solar,5.49650764465332,6.141128063201904,338.46020407020575,221.08206646932132,406152244.8842469,False,1.0,0.5927191999802266,-45.900784910265244,-16.359688089921733
1085,855,solar,5.1649556159973145,4.934843063354492,27.781955992220812,266.51218730651203,33338347.190664973,False,1.0,0.5924501468098389,-47.362594739479576,-25.846892503535095
1086,1401,solar,5.331399440765381,5.326876163482666,135.93027051216237,366.10904711799526,163116324.61459485,False,1.0,0.5924298726325369,-43.120051869428856,-22.917707509090334
1087,874,solar,5.231546878814697,6.574258327484131,126.73221500399988,170.9989462364483,152078658.00479987,False,1.0,0.5920474381476417,-47.74225804525289,-17.32121643005803
1088,489,solar,5.120804786682129,4.18379545211792,26.11546352448372,179.14174036149694,31338556.229380462,False,1.0,0.5918843875136415,-50.264803600137526,-28.654386359441993
1089,1774,solar,6.096355438232422,7.039721965789795,654.0489862927561,778.4155962554818,784858783.5513073,False,1.0,0.5917206206872913,-40.70177577276106,-16.98529304936583
1090,500,solar,5.589374542236328,4.819555282592773,361.2626478094145,387.07044713784745,433515177.37129736,False,1.0,0.5914373532507217,-50.419742807931314,-23.70021618389785
1091,1904,solar,5.745189189910889,7.7026472091674805,350.7824548011655,766.5237886770306,420938945.7613986,False,1.0,0.591037414603591,-40.05283173749027,-12.538257193067722
1092,1137,solar,6.036177158355713,6.781600475311279,516.1347658269968,1001.4137221472365,619361718.9923962,False,1.0,0.5909209506022793,-46.17104589781326,-6.958871531802204
1093,1342,solar,5.225054740905762,5.745045185089111,65.22013788864892,327.9534642025928,78264165.4663787,False,1.0,0.5907255031457219,-43.64012280550666,-22.505695749610027
1094,1409,solar,5.562036991119385,6.055766582489014,265.34681930424324,576.6491899803418,318416183.1650919,False,1.0,0.5907155928457506,-43.37924270099517,-19.367838342351412
1095,687,solar,5.449277400970459,5.460056304931641,227.61678111596598,421.16644874581476,273140137.3391592,False,1.0,0.5906075528678854,-49.060891494976445,-20.510581465573935
1096,315,solar,5.535416126251221,5.01395320892334,291.66351016439245,453.0016545199678,349996212.19727093,False,1.0,0.5905456692342699,-51.85176868227009,-25.98257815624344
1097,1162,solar,5.133391380310059,5.336925506591797,41.261684163555515,190.19260070710973,49514020.99626662,False,1.0,0.5901931632152858,-45.09541465052859,-22.591909070393278
1098,156,solar,5.520125389099121,5.3916754722595215,224.01101863780096,594.7613520081454,268813222.36536115,False,1.0,0.590106513432462,-53.390216827068635,-16.514446706093203
1099,1256,solar,5.919797420501709,7.474849224090576,427.86367655464625,979.4361521929568,513436411.8655755,False,1.0,0.5896693879036171,-45.257681325089266,-7.390100534971994
1100,854,solar,5.210435390472412,4.621283054351807,62.998147931666104,314.19371292641125,75597777.51799932,False,1.0,0.5896591732437019,-47.33716165886184,-26.295164567456386
1101,1913,solar,5.325046062469482,8.817503929138184,55.124662617442226,592.9004180176087,66149595.140930675,False,1.0,0.5894305875853351,-40.23344542613462,-8.58628390011277
1102,1161,solar,5.0799946784973145,5.372649669647217,6.0454922241102205,169.8886948072674,7254590.668932265,False,1.0,0.5893710521788502,-45.0661341267613,-23.03797202954009
1103,220,solar,5.364452362060547,5.885892391204834,105.39561449795507,555.780759921922,126474737.39754608,False,1.0,0.5893100729795728,-52.93126798041318,-14.705451292168714
1104,1400,solar,5.352022647857666,5.112872123718262,171.14646245160762,362.93908254861344,205375754.94192913,False,1.0,0.5892641693896083,-43.08377844414059,-23.361112915788745
1105,1460,solar,5.414246082305908,5.092167377471924,206.6404031356758,412.93848704233375,247968483.76281095,False,1.0,0.5892301356776604,-42.59627306071722,-23.32685334594152
1106,33,solar,5.772751808166504,5.519288539886475,400.9851965601081,724.9621773995865,481182235.8721297,False,1.0,0.5891655559192137,-54.32931956378787,-17.870422070642114
1107,2805,solar,5.969501495361328,8.120922088623047,679.1059025324015,465.0161628196886,814927083.0388818,False,1.0,0.5890669747310084,-33.205040344838245,-11.694730294171498
1108,134,solar,5.605106353759766,4.2176127433776855,362.9291402771516,448.1397492478329,435514968.3325819,False,1.0,0.5890218998468837,-53.34728460626506,-26.448332023666566
1109,130,solar,5.395383834838867,4.766313552856445,243.0291524843117,284.3048273524573,291634982.98117405,False,1.0,0.5888150723916249,-53.336618080697264,-28.253118166475947
1110,1077,solar,6.044337272644043,7.086591720581055,537.7199150510273,992.160989715276,645263898.0612328,False,1.0,0.5887641905057426,-46.6234599128915,-6.966080510306453
1111,1341,solar,5.248182773590088,6.061525821685791,100.43632982809422,316.6108304244567,120523595.79371306,False,1.0,0.5886637072074494,-43.606249679960875,-22.94986788973564
1112,1727,solar,5.524605751037598,8.614202499389648,150.724634656205,814.8014824743965,180869561.587446,False,1.0,0.5880700553957839,-41.493336077715234,-11.280755525179638
1113,1069,solar,5.458039283752441,6.953929901123047,176.91358845670928,600.810354257569,212296306.14805114,False,1.0,0.5880151124531883,-46.5520157620271,-10.552515719578501
1114,899,solar,6.25364875793457,6.992459774017334,692.676944371698,1079.304394630754,831212333.2460376,False,1.0,0.5879650019965507,-47.99156063757027,-6.085939875824527
1115,197,solar,5.732723236083984,5.155942440032959,433.0837754114193,570.6338489520957,519700530.4937032,False,1.0,0.5878862610696766,-52.85899231697676,-25.091455960957273
1116,213,solar,5.58315372467041,4.865379333496094,295.5218423023568,583.87344419481,354626210.7628282,False,1.0,0.5878231904262547,-52.91399611274766,-17.86767627575789
1117,328,solar,5.731229782104492,5.431294918060303,402.98839793686636,644.7237844913332,483586077.52423966,False,1.0,0.5877575171032182,-51.9429593507473,-20.117219266992695
1118,734,solar,5.156082630157471,4.658908367156982,7.989733436470226,355.14906217434856,9587680.12376427,False,1.0,0.5877521033247513,-48.337553129771564,-26.337986003249444
1119,877,solar,5.2611284255981445,6.64811897277832,233.39749008780612,22.79298165246546,280076988.10536736,False,1.0,0.5876825066498066,-47.78601342364927,-15.973808564224903
1120,676,solar,5.253227710723877,4.605414390563965,113.91605799942892,311.383290182006,136699269.5993147,False,1.0,0.5872635443169671,-48.87709489210254,-25.457834674622877
1121,1535,solar,5.859983444213867,7.488310813903809,548.9862723103566,572.340004186359,658783526.7724279,False,1.0,0.5871304312039295,-42.60362628032406,-16.654111575578227
1122,994,solar,5.29705286026001,6.480463981628418,197.04111784250077,202.8118990541464,236449341.4110009,False,1.0,0.5870269420550223,-46.802198901546355,-17.289861182973418
1123,1471,solar,5.671494483947754,6.289374351501465,371.6114541126978,602.014861224546,445933744.93523735,False,1.0,0.5868210200094577,-42.963292901187906,-18.45317617019506
1124,2078,solar,6.1603264808654785,8.052087783813477,686.1426474189954,902.7136417568319,823371176.9027945,False,1.0,0.5867292400231117,-38.49928505587219,-15.081800981756698
1125,509,solar,5.506131172180176,5.7098069190979,261.96995198451305,511.3052825181827,314363942.38141567,False,1.0,0.5866238668720832,-50.518668913444124,-19.64387233012217
1126,117,solar,6.501563549041748,5.044943809509277,883.0823026355141,1170.148373173679,1059698763.162617,False,1.0,0.5866226886898923,-53.86335326770915,-7.023603981447893
1127,1302,solar,5.426151275634766,6.988311767578125,225.1325442094407,426.3485441368054,270159053.05132884,False,1.0,0.5865518399589011,-44.616503713857455,-13.627063284889413
1128,748,solar,5.355227947235107,5.208743095397949,156.90723800211344,439.8700384535876,188288685.60253614,False,1.0,0.5865462946633898,-48.597427950921144,-20.046713627336583
1129,429,solar,5.0619587898254395,4.390016078948975,9.37847715958446,157.47383409879058,11254172.591501351,False,1.0,0.5864628723172505,-50.776069089067356,-28.667506341257752
1130,346,solar,5.594839572906494,5.708380222320557,300.63300667220517,615.0951476646767,360759608.0066462,False,1.0,0.5863804191550344,-52.024920342320215,-11.989301145443232
1131,675,solar,5.223407745361328,4.567956924438477,78.69986605998365,345.9024380720005,94439839.27198038,False,1.0,0.5862685007974608,-48.8577838244596,-25.907354093606337
1132,375,solar,5.46990442276001,4.34254789352417,256.1695694803244,450.00472632162524,307403483.37638927,False,1.0,0.5862221338620123,-51.35253120811113,-25.974311135750177
1133,1320,solar,6.149527072906494,7.806187152862549,586.6816906277749,1135.6419480225786,704018028.7533299,False,1.0,0.5862099375322785,-44.83747825273049,-5.59566820309738
1134,957,solar,6.073622703552246,7.0946197509765625,580.8902134990881,981.066461932535,697068256.1989057,False,1.0,0.5861786131614011,-47.52832705671878,-6.979249842970025
1135,1532,solar,5.755317687988281,6.886078357696533,442.32099722655033,621.5257034052635,530785196.6718604,False,1.0,0.5859866932973592,-42.5203186597273,-17.98279784596929
1136,2802,solar,6.138896942138672,7.102139472961426,788.0412550926629,608.2071763176797,945649506.1111956,False,1.0,0.5859210297374887,-33.10011682073811,-12.965801098978694
1137,237,solar,6.425732135772705,5.784830093383789,839.9120041874532,1118.543357239665,1007894405.024944,False,1.0,0.5858987989132493,-52.95829290516692,-7.0224671872548265
1138,2506,solar,5.695990085601807,8.449785232543945,479.1506471023342,397.96881443448945,574980776.522801,False,1.0,0.5858458476166342,-35.522669190648344,-11.414744627112857
1139,1887,solar,5.938732147216797,6.040955066680908,519.5449521150263,838.5997295139138,623453942.5380315,False,1.0,0.5858334045737389,-39.504802597984956,-19.98871545678497
1140,2744,solar,5.96705961227417,7.279204368591309,679.5547124085476,499.13749193546613,815465654.8902571,False,1.0,0.5858031395596635,-33.629454457797145,-12.150655672464055
1141,1045,solar,5.190073490142822,5.121226787567139,87.80025598966763,255.96789389652167,105360307.18760116,False,1.0,0.5856707509084492,-46.14119970706062,-21.300613509790903
1142,2617,solar,6.394577503204346,7.00701904296875,925.5097812595587,837.2939787998109,1110611737.5114706,False,1.0,0.5855785624979305,-34.288693443070166,-15.200819238276164
1143,2080,solar,6.013713359832764,7.496587753295898,595.9410657704158,816.9708035909422,715129278.9244989,False,1.0,0.5855652998690561,-38.561908235190295,-14.210034614098872
1144,129,solar,5.346334934234619,4.360557556152344,230.07030922645154,251.65300486167573,276084371.0717419,False,1.0,0.5852657792838749,-53.33379317385228,-28.70424039705518
1145,472,solar,5.929873943328857,6.1945343017578125,528.0674531698829,804.855159803223,633680943.8038595,False,1.0,0.5852309288582306,-51.13216706499238,-9.272599567108044
1146,2929,solar,5.868910789489746,7.501064300537109,654.5347999410981,350.7035760375625,785441759.9293177,False,1.0,0.5851793837856085,-32.41681642787793,-9.94449065992746
1147,997,solar,5.365994930267334,6.522331714630127,303.706392926307,111.40712183959859,364447671.51156837,False,1.0,0.5851574441221322,-46.8523997670123,-15.945023882661484
1148,1020,solar,6.264672756195068,7.188085079193115,694.607436747927,1134.5555502131408,833528924.0975124,False,1.0,0.5851195176459216,-47.093797151607625,-5.626355931029925
1149,2745,solar,5.899464130401611,7.466768741607666,643.0551113231068,450.45857002470444,771666133.5877281,False,1.0,0.5849722736672591,-33.662512826798604,-11.725705466150217
1150,249,solar,5.202845573425293,4.372870922088623,132.2682541128877,181.42972271338488,158721904.93546522,False,1.0,0.5849522602961724,-52.31049872445759,-28.69533483537319
1151,1908,solar,5.4588189125061035,8.120569229125977,170.37929150400652,657.767032025842,204455149.8048078,False,1.0,0.5849079250731534,-40.14192840124024,-10.782317839323715
1152,2140,solar,6.022570610046387,8.064726829528809,617.5262149944463,791.0552460447218,741031457.9933355,False,1.0,0.58486941277374,-38.099714389283555,-14.180784185356906
1153,187,solar,5.255874156951904,4.43236780166626,188.28695009861306,160.0718262839628,225944340.11833566,False,1.0,0.5848467792737522,-52.81178715218015,-29.60277639277914
1154,507,solar,5.580371379852295,5.522091388702393,333.0801353737172,520.5774949327082,399696162.44846064,False,1.0,0.584813164218685,-50.49866294175058,-20.54548700580468
1155,1661,solar,5.727012634277344,7.352016448974609,399.7442303779131,683.3907139940392,479693076.4534957,False,1.0,0.5845572337482821,-41.82422197703529,-13.951447871167396
1156,163,solar,5.5281829833984375,5.52738618850708,236.8444366491991,653.2420073035997,284213323.97903895,False,1.0,0.5842684177958539,-53.39907625048105,-13.351448391155461
1157,322,solar,5.819596290588379,4.985696792602539,538.1768537405095,545.953656650068,645812224.4886115,False,1.0,0.5841959684055118,-51.90456655389315,-22.824888623474745
1158,1463,solar,5.314753532409668,5.636294841766357,133.52429766944303,438.69279034657427,160229157.20333165,False,1.0,0.5841147870849219,-42.706941692116175,-21.998564113155993
1159,916,solar,5.091245651245117,4.981138706207275,28.05970473684365,205.2637794714426,33671645.68421238,False,1.0,0.5841029913319228,-46.89122198580108,-25.375544940962737
1160,1359,solar,5.585233211517334,7.54085636138916,382.02006590634045,417.0614032500807,458424079.0876085,False,1.0,0.5840980035421454,-44.095999041543294,-14.94520482649145
1161,1587,solar,5.583393096923828,6.386448860168457,301.3650802640581,619.9051735087369,361638096.31686974,False,1.0,0.5837967448893291,-41.88749129095316,-20.164295286247427
1162,374,solar,5.391935348510742,5.0520853996276855,220.95337754087913,400.0053171044115,265144053.04905495,False,1.0,0.5833799243573389,-51.34230955402625,-26.42512575706194
1163,1257,solar,5.956254482269287,7.114564418792725,472.96446737893604,1026.9963338243988,567557360.8547232,False,1.0,0.5832754498483582,-45.26626075099206,-6.943218072858062
1164,1111,solar,5.31451416015625,5.735744476318359,160.68474559719533,383.07416094444284,192821694.7166344,False,1.0,0.5830450077597674,-45.80056218454585,-18.59580656896228
1165,1034,solar,5.290577411651611,4.624522686004639,169.47996998387052,308.3795365474683,203375963.9806446,False,1.0,0.5829701264060182,-45.83808601789105,-26.218244694702033
1166,1291,solar,5.475344657897949,6.785962104797363,266.1480998549467,481.7508204032964,319377719.825936,False,1.0,0.5826354911065164,-44.38134796217576,-18.529482280824514
1167,913,solar,5.268253326416016,4.544706344604492,133.70828055517958,353.8361894177153,160449936.6662155,False,1.0,0.5825528893889489,-46.8093016849394,-26.71895569486755
1168,1791,solar,5.281481742858887,8.422136306762695,8.093379416923577,705.2143745199866,9712055.300308293,False,1.0,0.5821229507285125,-41.109461482762796,-9.498614987617298
1169,549,solar,5.119587421417236,4.213420391082764,61.60940420855184,210.67870764203616,73931285.0502622,False,1.0,0.5819680280179147,-49.75367440048911,-28.63935303125647
1170,1706,solar,5.668424606323242,6.0805253982543945,361.76773080496343,681.5850645969618,434121276.96595615,False,1.0,0.5818797270971672,-40.8961585880405,-20.53755401392829
1171,551,solar,5.095142364501953,4.847290992736816,8.82297967033873,290.4918550557288,10587575.604406476,False,1.0,0.5818531830323032,-49.789149295796776,-27.739471225552
1172,900,solar,6.2923150062561035,7.159282207489014,737.7777351959878,1129.3025589873907,885333282.2351854,False,1.0,0.5817712670752092,-47.99638488719252,-5.636289346610174
1173,306,solar,5.132546901702881,4.319942474365234,137.41796704312796,52.062452860274355,164901560.45175356,False,1.0,0.581693674659717,-51.76964600535089,-30.04024961847999
1174,1152,solar,5.4972758293151855,4.67101526260376,310.90023523089735,433.6619166580825,373080282.27707684,False,1.0,0.5813793723214808,-44.768011089799366,-27.049626270506852
1175,2738,solar,6.3512701988220215,7.336094379425049,925.4420526991455,794.6635207036896,1110530463.2389746,False,1.0,0.5812537201833371,-33.40413907590042,-14.698108524363132
1176,355,solar,6.188168048858643,5.490429878234863,706.5401240908129,983.4524299001614,847848148.9089755,False,1.0,0.581122007577096,-52.04923424313703,-7.923275418932329
1177,1825,solar,5.786653995513916,6.228618144989014,442.64079172731334,754.8734837178959,531168950.072776,False,1.0,0.5808429000685185,-39.89949933008251,-20.902741676842105
1178,369,solar,5.067074775695801,5.048637390136719,44.872417843652634,150.01417836924898,53846901.41238316,False,1.0,0.5808075716286093,-51.28745246679917,-28.6787074370147
1179,414,solar,6.0801849365234375,6.272324085235596,639.8541840424928,916.6233696575206,767825020.8509914,False,1.0,0.5806103248108918,-51.59308512977154,-8.372601887678302
1180,178,solar,6.501425266265869,5.895554065704346,906.5979442357735,1186.6421204808153,1087917533.0829282,False,1.0,0.5805253478750114,-53.41137276867744,-6.571156755108823
1181,1635,solar,5.774842739105225,4.867778301239014,489.2031848851067,616.7196767555521,587043821.862128,False,1.0,0.5803989711945446,-40.90746129389806,-25.41595350302055
1182,568,solar,5.475753307342529,5.247692584991455,262.37059225986474,521.637231618309,314844710.7118377,False,1.0,0.5802736725772479,-50.03085370028048,-20.08461341034831
1183,584,solar,5.266216278076172,6.197973728179932,124.090828127504,407.7664862591761,148908993.7530048,False,1.0,0.57980666294315,-50.175478682874335,-12.872311520838641
1184,914,solar,5.190696716308594,5.215804576873779,98.49208861573423,304.15638359578537,118190506.33888108,False,1.0,0.5797589291538303,-46.837254351191916,-26.27120656247726
1185,1238,solar,5.515493869781494,7.092960834503174,383.9505582825693,310.84062448583126,460740669.93908316,False,1.0,0.5797340073439334,-45.005744495044944,-15.42950445319102
1186,840,solar,6.3055739402771,6.392014503479004,759.3628844200183,1129.990378872087,911235461.304022,False,1.0,0.579730710876782,-48.44768965977248,-5.640746530936102
1187,1420,solar,5.5609893798828125,7.773441314697266,358.50442430608103,477.2970992360256,430205309.16729724,False,1.0,0.5796762566063246,-43.65290546102275,-14.480328733608829
1188,1351,solar,5.514680862426758,6.077945709228516,301.302551274197,520.1248565020096,361563061.5290364,False,1.0,0.5795029056089881,-43.90852670364442,-18.505143953007504
1189,933,solar,5.184525012969971,5.954785346984863,126.33157472864822,228.60524827691776,151597889.67437786,False,1.0,0.5790876412220346,-47.25555169764303,-17.75472576169048
1190,1337,solar,5.36738395690918,5.0185041427612305,241.3010975858754,347.84794232594663,289561317.1030505,False,1.0,0.5790543545562428,-43.462112472279955,-24.72581087729492
1191,289,solar,5.794644832611084,5.309967517852783,457.52052836910497,759.061860250716,549024634.042926,False,1.0,0.5789326057894705,-52.4911364048144,-10.636606413257253
1192,1178,solar,5.464067459106445,6.40359354019165,362.3654090585389,261.10511377365776,434838490.87024665,False,1.0,0.5788711427520917,-45.471222521282286,-15.447694612998125
1193,627,solar,5.435860633850098,4.883547782897949,262.77123253521637,451.2070047213126,315325479.04225963,False,1.0,0.5786947643668972,-49.54007504862194,-20.523524368339352
1194,1722,solar,5.69473934173584,8.22862434387207,376.2285887776537,745.5837812288308,451474306.53318447,False,1.0,0.5785404216128557,-41.386090874688456,-13.487253886102668
1195,60,solar,6.701228141784668,4.875730991363525,1039.969824332414,1323.6616192394695,1247963789.1988966,False,1.0,0.5783842477369809,-54.315059221056636,-5.6671509952778445
1196,2382,solar,5.904167175292969,7.773496150970459,613.6652302419885,617.7590231638918,736398276.2903862,False,1.0,0.5783373074313842,-36.31839149031933,-13.194189542120991
1197,1406,solar,5.3241119384765625,5.844448089599609,158.68154422043696,469.6712872677365,190417853.06452435,False,1.0,0.5782253836307343,-43.28832936814158,-20.6995598632086
1198,1293,solar,5.503606796264648,6.7553229331970215,337.2582832441508,421.8251295165709,404709939.89298093,False,1.0,0.5781380711626457,-44.430224873249756,-17.638560734799988
1199,1659,solar,5.7839250564575195,7.915729522705078,489.94581202649266,664.2065048167326,587934974.4317912,False,1.0,0.5780682042643595,-41.775507782646805,-14.835082498912437
1200,895,solar,5.904330730438232,7.016368389129639,512.2737810745391,879.3138247545145,614728537.289447,False,1.0,0.5778762445637114,-47.96847405108404,-7.88441777946427
1201,959,solar,6.172857761383057,6.646061897277832,671.0917951476675,1080.899620529698,805310154.177201,False,1.0,0.577727106671971,-47.53990624703621,-6.0807570201031975
1202,1410,solar,5.535241603851318,6.840981960296631,300.9019109988453,590.3808823776491,361082293.19861436,False,1.0,0.5776333157534055,-43.40793588949632,-18.923802625697228
1203,728,solar,5.300374507904053,4.76843786239624,203.3074182002016,314.27182819278636,243968901.8402419,False,1.0,0.5774193210279345,-48.19638262323596,-29.031667128954624
1204,1123,solar,5.215817928314209,7.366764068603516,115.27630571305964,349.0864282349351,138331566.85567158,False,1.0,0.5772654525908394,-46.01694053536698,-13.227501626044226
1205,749,solar,5.258188724517822,5.800111770629883,121.35214630751136,430.36861583873156,145622575.56901363,False,1.0,0.5771098683502238,-48.61264415021373,-19.597055623318564
1206,729,solar,5.266786098480225,4.352646350860596,168.09122626075626,333.56675792955787,201709471.5129075,False,1.0,0.5769699919268991,-48.22128642940874,-28.582840291380638
1207,116,solar,6.377598285675049,5.119997501373291,837.9815118112244,1128.6367536877383,1005577814.1734693,False,1.0,0.576858412471177,-53.863216937510614,-7.475715095270547
1208,1950,solar,6.067780017852783,6.754183769226074,632.8589754854345,953.402377279207,759430770.5825214,False,1.0,0.5768526381616941,-39.15027945087831,-18.639905810067553
1209,431,solar,5.131113529205322,5.01918363571167,79.81086103847504,254.55452937587543,95773033.24617004,False,1.0,0.5768378332802249,-50.803044018688695,-27.7665867259255
1210,570,solar,5.338467597961426,5.349799633026123,191.2604088706605,441.9337040656627,229512490.64479262,False,1.0,0.5764396720521024,-50.05296722346653,-19.183431323605145
1211,385,solar,5.704718589782715,4.726698398590088,474.4992216014222,546.6186804989512,569399065.9217067,False,1.0,0.5764301296887869,-51.44214401935944,-21.46449431143326
1212,1580,solar,5.4713616371154785,5.448915958404541,282.3275400722268,512.9376443194401,338793048.0866721,False,1.0,0.5761533554427383,-41.62202133928802,-23.254171530366246
1213,1395,solar,5.512347221374512,5.531351566314697,347.2274221488341,441.77991572630714,416672906.5786009,False,1.0,0.5760898268228904,-42.88860576712396,-25.576917657736796
1214,559,solar,5.401576042175293,4.977382659912109,290.55251518590114,341.0364947430968,348663018.22308135,False,1.0,0.5757757992600274,-49.9155248362339,-24.138421145993068
1215,1349,solar,5.424984455108643,6.303564071655273,230.1923678849928,546.5627794365456,276230841.46199137,False,1.0,0.5756821002978461,-43.85435494147752,-19.394592294255535
1216,1646,solar,5.562540054321289,5.691714763641357,316.3142139054835,636.996690605267,379577056.6865802,False,1.0,0.5756717568043412,-41.37419023244262,-20.57234767928979
1217,612,solar,5.091160774230957,4.854603290557861,8.545230925715838,359.4151813261247,10254277.110859007,False,1.0,0.5756699447848455,-49.301582881883355,-27.273463421430716
1218,918,solar,5.016083240509033,4.87762975692749,42.37267914204692,108.42201180450164,50847214.9704563,False,1.0,0.5755144497437774,-46.94267492804337,-24.479672518206367
1219,989,solar,5.135972499847412,6.302830696105957,19.265659369490333,434.7426814414393,23118791.2433884,False,1.0,0.5754907891016885,-46.70794747204567,-19.53050118003943
1220,2208,solar,5.4320268630981445,7.974431037902832,278.3050376241587,446.4224572020466,333966045.1489904,False,1.0,0.5752539327415752,-37.85909736389589,-10.675777539202478
1221,149,solar,5.775773048400879,4.859278678894043,472.89666050001557,725.0910367526811,567475992.6000187,False,1.0,0.5751703569881784,-53.37918478165039,-19.676484260272343
1222,2684,solar,5.866093158721924,7.894677639007568,647.4022370219998,490.725103780907,776882684.4263997,False,1.0,0.5748886821576821,-34.087650800116236,-12.182235045398214
1223,1947,solar,5.948904991149902,6.832709789276123,566.3463307917987,884.3319075892216,679615596.9501584,False,1.0,0.574534857019593,-39.02890396136265,-19.950232637417898
1224,751,solar,5.1197686195373535,5.608105182647705,50.24196291830718,333.2712595339843,60290355.501968615,False,1.0,0.5744673137860925,-48.641839018135805,-18.697640102579843
1225,2683,solar,5.930099010467529,7.973081588745117,687.3168028347484,540.4039600407347,824780163.4016981,False,1.0,0.5743066328950022,-34.0539781629197,-12.608223204928878
1226,229,solar,5.807583332061768,5.981307506561279,479.10567759313534,792.2934395129691,574926813.1117624,False,1.0,0.5742253256795927,-52.94809199042133,-10.6384706293669
1227,1458,solar,5.415280818939209,5.8328166007995605,277.07278701456636,425.3187987850727,332487344.41747963,False,1.0,0.5741956020865058,-42.51781856308527,-24.211965043792258
1228,1035,solar,5.179840087890625,5.0994367599487305,134.26377804442524,259.6324234406184,161116533.6533103,False,1.0,0.5741585181494466,-45.869102179197206,-25.771474955535883
1229,1098,solar,5.052488327026367,5.146255016326904,64.10914291015753,152.10385255634625,76930971.49218903,False,1.0,0.5741417178495392,-45.465729205504154,-24.40405947873927
1230,1595,solar,5.847494125366211,6.770498752593994,584.1407237296071,621.3043487567331,700968868.4755285,False,1.0,0.5738664602948967,-42.13574447561535,-16.6283522499731
1231,1644,solar,5.499639987945557,5.842931747436523,286.14647347914394,596.7769016652938,343375768.1749727,False,1.0,0.5737245969510817,-41.298564794396114,-21.453852613332117
1232,1334,solar,5.494533061981201,4.691310405731201,346.9496734042113,434.8160769326997,416339608.08505356,False,1.0,0.5735136633676442,-43.34455918019406,-26.05693557943497
1233,2201,solar,5.902106761932373,8.413783073425293,594.010573394187,723.0976407946544,712812688.0730244,False,1.0,0.5734925164927807,-37.66900502158547,-13.716682356003536
1234,1833,solar,6.019907474517822,7.232960224151611,653.6483460174045,839.0176162748628,784378015.2208854,False,1.0,0.5732502383329378,-40.200331119993045,-17.39394012461314
1235,112,solar,6.080813407897949,5.836558818817139,657.5783485140654,970.6264718778028,789094018.2168785,False,1.0,0.5728127129230438,-53.86258364312069,-9.284061655598183
1236,177,solar,6.387133598327637,5.304413795471191,861.4971534114839,1143.5441524632943,1033796584.0937806,False,1.0,0.5726208629425473,-53.410822537056646,-7.023253830029857
1237,2928,solar,5.83849573135376,7.6355390548706055,675.7888244798252,386.28786001175393,810946589.3757902,False,1.0,0.5725854692894736,-32.38716702834789,-10.366319190938452
1238,1335,solar,5.434455394744873,5.604703903198242,311.733481464766,401.71641427698796,374080177.75771916,False,1.0,0.5725209045885423,-43.38467184301051,-25.61331027405949
1239,2621,solar,6.027578830718994,7.872927665710449,745.8477718135165,637.3067995453322,895017326.1762198,False,1.0,0.5721731115219894,-34.44321396970425,-13.494277134386312
1240,1405,solar,5.236428737640381,5.6585798263549805,123.12645252583488,439.6362830150799,147751743.03100187,False,1.0,0.5721110430069046,-43.25637914722026,-21.14333284982919
1241,214,solar,5.446726322174072,4.7590532302856445,259.96675060775476,566.8637334511013,311960100.7293057,False,1.0,0.571934112532615,-52.916699244115954,-17.41598993158794
1242,712,solar,5.7303009033203125,6.206539630889893,441.7268562737611,742.6815480606872,530072227.5285133,False,1.0,0.5719118749940373,-49.312056799875016,-9.253450791400214
1243,148,solar,5.810079574584961,4.852259635925293,508.45175219461765,755.2024351873256,610142102.6335412,False,1.0,0.5717184887674844,-53.37742103107957,-20.128116168212017
1244,456,solar,5.1084089279174805,6.092219352722168,48.23876154154887,347.8090464644227,57886513.84985864,False,1.0,0.5716717398908441,-51.048631109997686,-16.49451465142468
1245,789,solar,5.2966437339782715,4.361979961395264,203.5851669448244,378.89383303190465,244302200.3337893,False,1.0,0.5715136724332393,-47.71088345369528,-28.5602248248376
1246,483,solar,5.28516960144043,4.8902764320373535,273.5599534745124,179.14174036149694,328271944.1694149,False,1.0,0.5713397625736041,-50.16209856878962,-31.35476340616079
1247,1583,solar,5.398556709289551,5.7751970291137695,233.39056607835528,533.8896863409409,280068679.2940263,False,1.0,0.5713188198715446,-41.741596856770755,-21.930454062010213
1248,230,solar,5.858661651611328,5.258762359619141,524.2064684174251,829.551196588554,629047762.1009101,False,1.0,0.5712761828952397,-52.94960597630608,-10.186510762106773
1249,719,solar,6.2372660636901855,6.600155830383301,757.4323920437893,1088.3749060380333,908918870.4525471,False,1.0,0.57122300996703,-49.34657117851663,-6.099275911016168
1250,897,solar,6.013660907745361,6.458747863769531,602.4753627231186,979.3086282356729,722970435.2677423,False,1.0,0.5712198741639752,-47.980778647748906,-6.985205380628871
1251,1295,solar,5.526073932647705,6.932995796203613,408.368466633355,379.195235761335,490042159.960026,False,1.0,0.5712159685489949,-44.476312936872255,-16.747436288764288
1252,92,solar,5.659699440002441,5.315645694732666,401.3858368354597,695.406268727659,481663004.20255166,False,1.0,0.5712060365760743,-53.857175959462495,-18.32239341061519
1253,365,solar,5.104247093200684,4.10479736328125,165.9341671441918,50.04251903932149,199121000.57303017,False,1.0,0.5710267429850606,-51.23879377408292,-30.480957600182048
1254,297,solar,6.307531356811523,5.917157173156738,818.326854963423,1095.2557945142164,981992225.9561076,False,1.0,0.5709556681970728,-52.50576521505413,-7.021244347113038
1255,619,solar,5.3118815422058105,5.305093765258789,255.0585745018329,291.7178554463897,306070289.4021995,False,1.0,0.5708350166319396,-49.423866099262,-24.124508246779833
1256,1648,solar,5.620193958282471,6.518324375152588,371.79236080470713,689.4830652908719,446150832.96564853,False,1.0,0.5705831148865111,-41.44594835890887,-19.690504819374702
1257,1212,solar,5.485199928283691,4.778042793273926,346.39417591496556,454.8143295886181,415673011.0979587,False,1.0,0.5703508088490442,-44.26552556924612,-27.016079249957503
1258,2920,solar,6.2664642333984375,7.355024337768555,928.9178558704475,734.1803669180131,1114701427.044537,False,1.0,0.57021184539191,-32.10240438625393,-13.73722279703711
1259,990,solar,5.124575138092041,6.3087873458862305,54.82075106409242,386.5585240724929,65784901.2769109,False,1.0,0.5701307534995012,-46.727885122634376,-19.08245345562575
1260,2807,solar,5.751136779785156,7.52226448059082,616.1455712236891,372.5445028311318,739374685.468427,False,1.0,0.5700887189751778,-33.26856655351516,-10.846843865154108
1261,892,solar,5.640655517578125,6.518759727478027,376.97140860166985,729.3242913860604,452365690.32200384,False,1.0,0.5700073076284482,-47.947128363277855,-9.233121832532992
1262,2747,solar,5.697267532348633,8.097471237182617,576.1687376828006,354.20657562339176,691402485.2193607,False,1.0,0.5699859828429873,-33.72486388525966,-10.875518713368987
1263,155,solar,5.4507036209106445,4.944945335388184,259.5661103324031,602.7559807885325,311479332.39888376,False,1.0,0.5698495881091128,-53.38877773396387,-16.96622897534163
1264,1591,solar,5.694505214691162,6.7366862297058105,441.9203569511987,688.7045229408494,530304428.3414384,False,1.0,0.5697893989275968,-42.018639819599265,-18.396885414135163
1265,410,solar,5.736206531524658,5.908838272094727,459.45102074533384,740.6032864749268,551341224.8944006,False,1.0,0.5695559917757343,-51.58073043393057,-10.179255223976513
1266,1278,solar,5.204054832458496,5.018259525299072,170.59096496236197,281.98551608412436,204709157.95483437,False,1.0,0.5693652438824641,-43.99068010552522,-24.314718197606005
1267,212,solar,5.529327869415283,5.363142013549805,331.07693399695887,604.5509948463393,397292320.79635066,False,1.0,0.5693426805990014,-52.911212030719966,-18.319341317326483
1268,610,solar,5.080607891082764,4.73174524307251,61.88715295317473,281.38811731786245,74264583.54380967,False,1.0,0.5692610318755771,-49.26278170969765,-28.17280508519411
1269,232,solar,5.983699798583984,6.03202486038208,614.4080500660046,907.7487398470595,737289660.0792056,False,1.0,0.5691808909763973,-52.952427070113366,-9.282553533766244
1270,1298,solar,5.502939701080322,7.464976787567139,405.5357075065998,360.64928562625533,486642849.0079198,False,1.0,0.5691317000283305,-44.54034847196011,-15.410393663668602
1271,2257,solar,6.178719997406006,7.515143871307373,795.9988859153763,886.621991992836,955198663.0984515,False,1.0,0.5691230776973507,-37.072517789459454,-15.418945994534742
1272,1097,solar,5.07991886138916,4.661391735076904,99.32533484960283,189.2736781014874,119190401.8195234,False,1.0,0.5689608363295152,-45.43513646236367,-24.850455353762293
1273,984,solar,5.150186538696289,6.012412071228027,158.50979910352018,198.53233874062266,190211758.92422423,False,1.0,0.5688486904706921,-46.59975597643418,-21.770086261371116
1274,314,solar,5.3514533042907715,4.902475833892822,256.4473182249472,403.3738947897202,307736781.86993665,False,1.0,0.5686895431499239,-51.843470470305,-26.43355793050075
1275,2142,solar,5.7910966873168945,7.62806510925293,527.3246333458668,705.916267839907,632789560.0150402,False,1.0,0.5684579753905346,-38.159815547518235,-13.310569553307703
1276,1823,solar,5.6947550773620605,5.918295860290527,433.30819616860384,728.1564824538458,519969835.4023246,False,1.0,0.5684105661672203,-39.81375860189914,-21.778987341347552
1277,451,solar,5.344285488128662,5.368793487548828,226.0142200145593,467.8030199468944,271217064.01747113,False,1.0,0.5683873016839507,-51.01167755778028,-18.750308836485175
1278,1573,solar,5.749194145202637,4.79141092300415,524.1416280799291,622.0350711793152,628969953.6959149,False,1.0,0.568321465533138,-41.30681903057757,-26.33947579388175
1279,127,solar,5.23864221572876,4.3956756591796875,235.9463999474868,208.15675548948826,283135679.9369842,False,1.0,0.5682778992503466,-53.32794534321331,-29.606393489441803
1280,974,solar,5.165043830871582,4.9412922859191895,133.98602929980234,302.1663815212555,160783235.1597628,False,1.0,0.5681541860838275,-46.33755790635711,-26.24556313840408
1281,175,solar,6.221211910247803,5.869732856750488,771.2955717629043,1059.1697888915505,925554686.1154851,False,1.0,0.5678889190625279,-53.40960926491363,-7.927421208009314
1282,113,solar,6.118707656860352,5.962681293487549,702.6791393383551,1008.732889012826,843214967.2060261,False,1.0,0.56743417888901,-53.86275525978953,-8.831990784613067
1283,2800,solar,6.168486595153809,7.574843406677246,867.5012862490757,705.2422239331513,1041001543.4988909,False,1.0,0.567389736751899,-33.02363160635826,-13.812629088270059
1284,1157,solar,5.125223636627197,4.689952373504639,134.81927553367098,222.75085109073746,161783130.64040518,False,1.0,0.567221308026763,-44.9415213435494,-24.821600514518735
1285,1538,solar,5.678554058074951,7.782241344451904,491.87630440272153,560.2249198229898,590251565.2832658,False,1.0,0.5671428272144633,-42.67965904295289,-15.324890497330806
1286,1095,solar,5.187994480133057,5.0990095138549805,169.75771872849342,276.04784321061265,203709262.4741921,False,1.0,0.5671331301949054,-45.371709963728385,-25.743058104253567
1287,1478,solar,5.6310834884643555,7.130434513092041,470.2911551786911,510.2998602769636,564349386.2144293,False,1.0,0.5670036754325992,-43.144689910209586,-15.347609900373808
1288,872,solar,5.056128025054932,5.752931118011475,55.62203161479573,270.90229360703677,66746437.93775488,False,1.0,0.5669828288837903,-47.71080687320067,-18.21932433556875
1289,677,solar,5.164429187774658,4.956171035766602,149.13224993887422,281.5503687530681,178958699.92664906,False,1.0,0.5666375649748455,-48.8959496898254,-25.008274404368127
1290,1956,solar,6.1049299240112305,7.379748821258545,733.173930619514,912.2069214833662,879808716.7434168,False,1.0,0.5665459833063539,-39.364283425687816,-16.016720509323804
1291,1289,solar,5.32106876373291,6.576618194580078,195.03791646574248,519.5550552403658,234045499.758891,False,1.0,0.5663367694563045,-44.32961666050247,-19.420189527332504
1292,293,solar,5.999919414520264,5.425765514373779,637.9236916662638,920.8040407991934,765508429.9995166,False,1.0,0.5662890400850278,-52.499228963809465,-8.829015226049911
1293,288,solar,5.6557722091674805,5.641992092132568,412.41973754481523,721.6291389772631,494903685.0537783,False,1.0,0.5661712889364384,-52.48886544714081,-11.08847197299792
1294,2926,solar,5.893812656402588,7.442512512207031,726.8012088649862,465.4771056521603,872161450.6379834,False,1.0,0.565839322099582,-32.32395856656162,-11.209690866588241
1295,979,solar,4.937028408050537,5.420374870300293,42.094930397424086,53.477152352524726,50513916.4769089,False,1.0,0.5658167924330437,-46.47666846078311,-24.00848550549179
1296,1159,solar,5.014721393585205,5.208359718322754,64.38689165478036,170.99723723640204,77264269.98573643,False,1.0,0.565806471838022,-45.005348287689266,-23.929913742728708
1297,447,solar,5.530655860900879,4.680394172668457,368.2345867929676,558.7553237248226,441881504.15156114,False,1.0,0.5657466109246152,-50.97805117277957,-20.5544981018619
1298,57,solar,6.421353340148926,5.837385654449463,904.6674518595447,1198.249223596252,1085600942.2314537,False,1.0,0.5656432920632591,-54.31588425324878,-7.02351751061579
1299,1738,solar,5.5980753898620605,8.23482894897461,345.38406441098226,771.6365840382947,414460877.29317874,False,1.0,0.565368973369835,-41.658984422178285,-6.4227846364992125
1300,1176,solar,5.404845714569092,6.253045558929443,373.61465548945614,268.92990444785454,448337586.5873474,False,1.0,0.5653644585724653,-45.433210269522796,-16.34137383876152
1301,292,solar,5.923305034637451,5.842892646789551,592.8229008419742,878.8935021297582,711387481.010369,False,1.0,0.5650375770450071,-52.4973531936651,-9.280931262512647
1302,1165,solar,5.013301849365234,5.570064067840576,17.491353151166763,296.82721503424483,20989623.781400114,False,1.0,0.5649360940751708,-45.17893272392628,-21.25336821336971
1303,1294,solar,5.459219455718994,6.864717483520508,372.8133749387529,397.9481541078977,447376049.9265034,False,1.0,0.5649204017688205,-44.45361358998954,-17.19302316930145
1304,1901,solar,5.797880172729492,8.026726722717285,486.08482727403475,869.6175344647594,583301792.7288417,False,1.0,0.5648778724506477,-39.97646812501769,-13.854602234561437
1305,616,solar,5.185148239135742,4.673734664916992,149.409998683497,350.9503340431363,179291998.4201964,False,1.0,0.5647279342324353,-49.373949373934096,-25.47429254703385
1306,238,solar,6.376348495483398,6.023958683013916,885.012795011743,1162.568507870049,1062015354.0140916,False,1.0,0.5644137104881028,-52.959265606752616,-6.57042119353857
1307,540,solar,6.357643127441406,6.4572553634643555,867.2886305401705,1166.0395316555732,1040746356.6482046,False,1.0,0.5643654127396798,-50.70430194846958,-5.657875439732252
1308,39,solar,5.451013565063477,5.1988325119018555,250.55781438617433,695.0740388312726,300669377.2634092,False,1.0,0.5643227741387151,-54.32475907415441,-15.159563509770845
1309,868,solar,5.136374473571777,5.769615650177002,86.59833516361262,407.5199180510389,103918002.19633514,False,1.0,0.5641444018002899,-47.64223579843502,-20.015114929720546
1310,1037,solar,5.001861095428467,5.018067836761475,63.83139416553466,164.41140101125308,76597672.9986416,False,1.0,0.5641433715599188,-45.92897205111351,-24.877753122062973
1311,1650,solar,5.690040111541748,6.4460368156433105,441.51971667584706,751.6708127922298,529823660.0110165,False,1.0,0.5640220148213204,-41.51393580968682,-18.80834136050414
1312,111,solar,5.964308261871338,5.447525501251221,612.4775576897757,933.643108711107,734973069.2277309,False,1.0,0.5640215167029264,-53.86240307619918,-9.736121116458808
1313,2021,solar,5.812020778656006,8.34282112121582,529.2551257220956,804.9154446264888,635106150.8665147,False,1.0,0.5638779765334897,-39.0531712639369,-13.801627634010476
1314,2379,solar,6.040402889251709,8.196316719055176,748.9676027148577,761.7756548624955,898761123.2578292,False,1.0,0.5638599656505776,-36.217238061605535,-14.487517838200047
1315,1156,solar,5.162466526031494,4.9140167236328125,170.03546747311623,259.4357047925953,204042560.96773946,False,1.0,0.5638367629877934,-44.90843805406285,-25.267344733810784
1316,831,solar,5.556537628173828,6.900338649749756,353.4557670014105,680.471612301043,424146920.40169257,False,1.0,0.5636083738244795,-48.39477812354747,-9.690359859851826
1317,1660,solar,5.654550552368164,7.670065879821777,444.8450212022027,672.0093559669177,533814025.4426432,False,1.0,0.5633811063454108,-41.800278710149826,-14.393293252936386
1318,384,solar,5.662455081939697,5.525538444519043,510.0543132960244,525.8145349170155,612065175.9552293,False,1.0,0.563346474516359,-51.43416233172232,-21.915605705415768
1319,1886,solar,5.7857584953308105,6.519009590148926,503.32843993873234,819.1083259254492,603994127.9264789,False,1.0,0.5632734148683932,-39.46337177337471,-20.426199829752893
1320,51,solar,5.9994215965271,5.029763698577881,634.0627069138061,968.629671779547,760875248.2965673,False,1.0,0.5631451698401762,-54.31808076027616,-9.736000712251405
1321,1344,solar,5.0743184089660645,5.540445804595947,52.416909411982296,370.37222920099686,62900291.29437876,False,1.0,0.5629128466422213,-43.70536179429802,-21.617139801569927
1322,208,solar,5.7036237716674805,5.356075763702393,473.2973007753672,716.7822064650137,567956760.9304407,False,1.0,0.5628332539923862,-52.89924637116171,-20.125779194819945
1323,190,solar,5.183341979980469,4.861337661743164,197.08993096173393,251.24288959069702,236507917.15408072,False,1.0,0.5627676215627758,-52.827117869567296,-28.249696442749897
1324,2077,solar,6.095666408538818,7.330618381500244,731.2434382432849,946.6346874908016,877492125.8919419,False,1.0,0.5625163977409553,-38.46641092366855,-15.51756153208666
1325,95,solar,5.471243858337402,5.448312282562256,294.7205617516536,651.8195754841665,353664674.10198426,False,1.0,0.5624934516879199,-53.85824009869595,-16.96709528368339
1326,1340,solar,5.140008449554443,5.724175930023193,135.6525217675395,312.93986834797323,162783026.1210474,False,1.0,0.5624697606805603,-43.57152478864237,-23.393967210072045
1327,441,solar,5.530506134033203,5.1856536865234375,431.97278043292795,439.70577816117896,518367336.51951355,False,1.0,0.5623900864997863,-50.92038868572253,-23.25995799719637
1328,775,solar,5.868129253387451,6.72947359085083,555.4440795226,883.9121990449274,666532895.42712,False,1.0,0.5623033238186889,-48.87523774262576,-7.8964454430807285
1329,1346,solar,5.1783061027526855,5.556170463562012,123.52709280118651,432.20099681068564,148232511.36142382,False,1.0,0.5622161559162158,-43.767334046349504,-20.72831273974806
1330,393,solar,5.259492874145508,5.356412887573242,190.05848804460558,448.60476927008955,228070185.6535267,False,1.0,0.5620027291055698,-51.498797298709164,-17.854670590794665
1331,1640,solar,5.462642669677734,5.195538520812988,324.8538887197802,562.9373352332912,389824666.46373624,False,1.0,0.5619925536406114,-41.13529255346161,-23.21577702273127
1332,154,solar,5.451925277709961,4.8924880027771,295.1212020270051,614.7263447340895,354145442.4324061,False,1.0,0.56192655408251,-53.38729388204883,-17.417991144072534
1333,915,solar,5.029008865356445,5.2802605628967285,63.27589667628894,254.60196861470607,75931076.01154673,False,1.0,0.5618865036930655,-46.86455758954053,-25.82340262497311
1334,1480,solar,5.507237911224365,7.581644535064697,380.08957353011147,525.6030197127021,456107488.23613375,False,1.0,0.5618157534899695,-43.18961813627892,-14.459817497724254
1335,1056,solar,5.26279878616333,6.452173709869385,303.3057526509553,174.445598174212,363966903.1811464,False,1.0,0.5617009486192139,-46.36844349610934,-16.377011786948465
1336,2921,solar,6.1555891036987305,6.780980587005615,891.4110454762488,687.6012642665387,1069693254.5714985,False,1.0,0.5616644268521456,-32.14271333920837,-13.316261307229844
1337,415,solar,6.0444016456604,5.933449745178223,684.9549748667825,962.0939118758204,821945969.840139,False,1.0,0.561445250485629,-51.59578374403429,-7.92090903878798
1338,216,solar,5.296641826629639,5.659396171569824,188.85656721855057,545.1486762659741,226627880.66226068,False,1.0,0.5611583040107184,-52.92186634809467,-16.512555228892335
1339,247,solar,5.050600528717041,4.845368385314941,142.2436202671171,113.65185561114136,170692344.32054052,False,1.0,0.5611036244678163,-52.29567600051855,-29.597153833524658
1340,1392,solar,5.592167377471924,5.326056480407715,452.87599796716995,541.5129949667795,543451197.560604,False,1.0,0.5610487531976776,-42.759933909363156,-26.905352653932116
1341,55,solar,6.25797700881958,5.193889617919922,814.4658702109651,1118.0110084058197,977359044.2531582,False,1.0,0.5610356038814344,-54.31653477541764,-7.92771923046052
1342,44,solar,5.566783905029297,5.192910671234131,341.94196053877545,765.0224746948771,410330352.6465305,False,1.0,0.5609900929839668,-54.32159397631409,-12.90001271580454
1343,1756,solar,5.740437984466553,5.480768203735352,525.188263401262,692.9942635527763,630225916.0815145,False,1.0,0.5608523156418116,-39.97000620923202,-24.888389286301962
1344,1053,solar,5.181170463562012,6.1184844970703125,196.64047756714905,272.30935776011216,235968573.08057886,False,1.0,0.5607803864217605,-46.31338369397582,-17.72031870217863
1345,2384,solar,5.6615495681762695,8.292121887207031,523.4636485934091,523.6177858004385,628156378.3120909,False,1.0,0.5606517629337425,-36.38011347150999,-12.33152571309844
1346,1274,solar,5.366937637329102,5.2247314453125,311.4557327201431,400.3393614417161,373746879.2641717,False,1.0,0.5605945836858784,-43.84271046650378,-26.092451003131423
1347,286,solar,5.488767147064209,5.511167049407959,322.2181558962357,651.8404922131208,386661787.07548285,False,1.0,0.5600758353419031,-52.4840211677746,-11.99216058047627
1348,756,solar,5.028533935546875,5.73239278793335,127.53349555470324,114.89647410788893,153040194.66564387,False,1.0,0.5600229917007733,-48.70783652053172,-16.44855639408738
1349,351,solar,5.788334369659424,6.020936012268066,526.1369607936539,809.6131841884043,631364352.9523847,False,1.0,0.5598888010526003,-52.03971378735698,-9.73052607172741
1350,1011,solar,5.4656219482421875,7.50253963470459,288.7003193293192,688.0259118111333,346440383.19518304,False,1.0,0.5597996175628349,-47.02821166271598,-9.665486964659856
1351,1171,solar,5.237448215484619,6.236006259918213,195.83919701644578,412.5431203829191,235007036.41973493,False,1.0,0.5597780986995314,-45.327371413307525,-18.57482214652912
1352,614,solar,5.107229232788086,4.48159122467041,78.97761480460647,416.58615373552027,94773137.76552777,False,1.0,0.5597367625208735,-49.33861910503411,-26.373957508400082
1353,1766,solar,5.617396354675293,6.213415145874023,408.28556205785804,726.8779930092994,489942674.4694297,False,1.0,0.5597121898126882,-40.4183409387754,-20.501589272394725
1354,1531,solar,5.578968524932861,6.3798065185546875,406.76590553194825,644.8782106159242,488119086.6383379,False,1.0,0.5597111780608807,-42.490891144365854,-18.425566094556032
1355,43,solar,5.514413833618164,5.367526054382324,309.992398570798,744.8711924366942,371990878.2849576,False,1.0,0.559679766874518,-54.32218228803719,-13.351956111497742
1356,1230,solar,5.266671180725098,6.3542256355285645,195.4385567410941,482.91981332417,234526268.0893129,False,1.0,0.5594502902666421,-44.830004001683704,-18.99869180839296
1357,1417,solar,5.591915130615234,7.351110935211182,493.8067967789503,459.92786449669535,592568156.1347404,False,1.0,0.5592770541946971,-43.58719296323342,-15.813921468808942
1358,428,solar,4.907605171203613,4.870084762573242,25.837714779860885,110.89638599058772,31005257.735833064,False,1.0,0.5592270152180651,-50.76210975543527,-29.117912293039243
1359,2505,solar,5.617173671722412,7.669516086578369,522.3600995256779,446.77118283224036,626832119.4308136,False,1.0,0.5590881859320789,-35.4933346013488,-11.844199461912535
1360,1704,solar,5.494981288909912,6.322189807891846,335.70971600130815,644.1553281630217,402851659.2015698,False,1.0,0.5590797442986704,-40.81786369996255,-21.417427629094632
1361,2502,solar,5.832894802093506,8.327024459838867,656.8355286900493,594.3739794524126,788202634.4280591,False,1.0,0.5587266658392633,-35.398320227468446,-13.132043847672175
1362,234,solar,6.062820911407471,5.897530555725098,704.6096317145841,989.8789631194044,845531558.057501,False,1.0,0.558546262854239,-52.95497528200927,-8.3785499339288
1363,442,solar,5.551900863647461,5.342875003814697,467.18897237237326,447.9422151223807,560626766.8468479,False,1.0,0.5584480115878113,-50.93062631476462,-22.809120609650115
1364,1440,solar,5.900557518005371,7.576075077056885,543.5113921797139,1039.8734782934932,652213670.6156566,False,1.0,0.5580169545380355,-43.93502097032924,-5.581098069518508
1365,2918,solar,6.328711986541748,7.414781093597412,1007.1930524337083,828.53571815687,1208631662.92045,False,1.0,0.557984005039513,-32.01763985443998,-14.578758367002147
1366,389,solar,5.45248556137085,4.774384498596191,332.27885482301383,574.056674159464,398734625.7876166,False,1.0,0.5577819847633655,-51.47203586383936,-19.659782990735966
1367,439,solar,5.422829627990723,4.914320945739746,361.54039655403733,440.13527223740374,433848475.8648448,False,1.0,0.5572973576697837,-50.89913097565516,-24.161541559700396
1368,1018,solar,5.963046550750732,6.6339311599731445,604.4058550993474,1035.0670072932576,725287026.1192168,False,1.0,0.5572939207164093,-47.08229137612112,-6.52404817646006
1369,779,solar,6.132330417633057,6.092336654663086,735.847242819759,1083.0539919529795,883016691.3837109,False,1.0,0.5572151931044603,-48.89489370430318,-6.095201025060419
1370,366,solar,4.950196743011475,4.611626625061035,116.8972608555239,2.062452860274352,140276713.02662867,False,1.0,0.5571877698845975,-51.25137588352188,-30.030447981680588
1371,1822,solar,5.630318641662598,5.64341926574707,437.22826309588277,719.653254143369,524673915.71505934,False,1.0,0.5567595480858853,-39.76923295668745,-22.216952696621654
1372,1118,solar,5.293032646179199,7.190256595611572,340.78025983450846,211.494366465795,408936311.80141014,False,1.0,0.5565756901521657,-45.93677870349573,-15.464957375173212
1373,1407,solar,5.256378650665283,6.180149078369141,194.23663591503905,502.89380074141883,233083963.09804687,False,1.0,0.5562481240320927,-43.3194496243441,-20.255718644804887
1374,985,solar,5.062001705169678,5.8971171379089355,122.95470740891801,248.44747184513383,147545648.89070162,False,1.0,0.5562341674416466,-46.622553055167266,-21.32225986101189
1375,1597,solar,5.715022563934326,7.550240993499756,558.5622444510415,609.812824329278,670274693.3412497,False,1.0,0.5562281954667689,-42.189225090871396,-15.743702815981772
1376,1113,solar,5.208001136779785,6.298342704772949,231.7949289863995,304.2998516524638,278153914.7836794,False,1.0,0.5559198122360651,-45.84243887662849,-17.701486346076283
1377,1723,solar,5.523919105529785,8.418807029724121,331.12779795336394,762.4444034142372,397353357.54403675,False,1.0,0.5557038989616994,-41.409195321958244,-13.046056491810846
1378,2866,solar,5.778884410858154,7.187829971313477,685.9847276375992,439.706524299409,823181673.165119,False,1.0,0.555566103507844,-32.780654517738604,-11.240509334293565
1379,1150,solar,5.474576950073242,4.709639072418213,381.33261910978797,527.6746577946749,457599142.9317456,False,1.0,0.5555487835327173,-44.69275108009693,-27.940328652666576
1380,2865,solar,5.833100318908691,7.14047908782959,716.8331587684276,484.3213190211564,860199790.5221131,False,1.0,0.5554679920338886,-32.74766320126078,-11.663233790422707
1381,1119,solar,5.24129581451416,7.1410417556762695,295.67946901021867,223.95571105238483,354815362.8122624,False,1.0,0.5554204523305672,-45.95392265323745,-15.017535862853906
1382,2316,solar,6.192124366760254,7.886927604675293,862.6848259636964,919.5928325118222,1035221791.1564357,False,1.0,0.5554098629866115,-36.57063753796199,-15.816238579972104
1383,143,solar,5.888129234313965,5.231254577636719,679.8748677321594,702.8486342245037,815849841.2785913,False,1.0,0.5552681694306242,-53.36785807920516,-22.385918145675102
1384,2317,solar,6.1185173988342285,7.782413959503174,817.5840351394066,871.4503227724401,981100842.167288,False,1.0,0.5551967198954946,-36.608171964964754,-15.384487143441984
1385,535,solar,5.94437313079834,5.6616692543029785,641.7846764187217,926.0219878882425,770141611.702466,False,1.0,0.5551420835333575,-50.688900937097436,-7.914704633745426
1386,2022,solar,5.694394588470459,7.804379940032959,484.1543348978059,765.9396584923202,580985201.877367,False,1.0,0.5550457454113352,-39.081138239867784,-13.364647119762573
1387,987,solar,5.01901912689209,6.0364251136779785,51.84452401971384,348.35077113029774,62213428.8236566,False,1.0,0.554889695899525,-46.66639365863111,-20.426469040374126
1388,379,solar,5.470729351043701,5.078018665313721,397.03433723810554,489.822050777536,476441204.68572664,False,1.0,0.5547229271494909,-51.39105458629754,-24.1707397191291
1389,436,solar,5.30618143081665,4.5384521484375,255.89182073570151,481.4414685569179,307070184.8828418,False,1.0,0.5544338931522771,-50.86522715828374,-25.513681344329893
1390,858,solar,4.948008060455322,4.718655586242676,77.86661982611503,134.02207357056182,93439943.79133803,False,1.0,0.5540994695607702,-47.43535914967438,-24.501778002599462
1391,511,solar,5.208791732788086,5.486537933349609,190.85976859530888,432.7651544006533,229031722.31437066,False,1.0,0.5540299997679037,-50.53759924914148,-18.74214885627354
1392,1719,solar,5.695798873901367,7.820168495178223,511.530961250523,713.8741446731678,613837153.5006275,False,1.0,0.5539418014890507,-41.31169799132386,-14.810508188330026
1393,242,solar,5.281344413757324,5.037064075469971,338.49540419074634,224.5367325937022,406194485.0288956,False,1.0,0.5538980679128799,-52.25554144089991,-31.851128344644877
1394,49,solar,5.815401077270508,5.03854513168335,544.1225876622163,901.3272735911914,652947105.1946596,False,1.0,0.553749985146881,-54.31897818133878,-10.640071849084084
1395,1953,solar,6.033851623535156,6.797821998596191,724.7570622654283,935.8646201259701,869708474.718514,False,1.0,0.553618769573406,-39.2619654875917,-17.328711223481378
1396,246,solar,5.035550594329834,4.54521369934082,170.5943309052443,102.06245286027435,204713197.08629316,False,1.0,0.5536105257920987,-52.28800750287598,-30.048014872209947
1397,2026,solar,5.417776107788086,8.323668479919434,303.75117160064684,625.9091869142267,364501405.9207762,False,1.0,0.553170362375611,-39.18327552311607,-11.616058842196518
1398,1530,solar,5.512659072875977,6.438497543334961,371.2108138373462,671.1494714748608,445452976.6048155,False,1.0,0.5529104139286269,-42.460618524746515,-18.868267720779222
1399,305,solar,5.022605895996094,4.709499835968018,180.97755633386808,72.18378625306579,217173067.6006417,False,1.0,0.5515903063102572,-51.75943092586553,-30.490937029427176
1400,1078,solar,5.909453392028809,6.857095718383789,582.820705875317,1041.541992902354,699384847.0503803,False,1.0,0.5515360666447322,-46.63027359655826,-6.517695639160612
1401,240,solar,6.442232131958008,6.052874565124512,975.2143766603225,1251.9657033735448,1170257251.992387,False,1.0,0.5508255107745073,-52.96101310878763,-5.666304937428741
1402,792,solar,5.079473495483398,4.36158561706543,97.93659112648858,424.62001757108345,117523909.3517863,False,1.0,0.550291714370085,-47.788464288891895,-27.214696788300813
1403,307,solar,4.923943996429443,4.1185126304626465,100.07257084713079,72.18378625306579,120087085.01655695,False,1.0,0.5502620313595918,-51.77963225920297,-29.58952821874057
1404,835,solar,5.7731404304504395,6.380107402801514,533.8589302985695,880.1970171571966,640630716.3582834,False,1.0,0.5499482965300725,-48.42184938042293,-7.890671447126486
1405,1465,solar,5.174172878265381,5.5202765464782715,161.2563663928081,481.74005208504076,193507639.67136973,False,1.0,0.5498826223967314,-42.77619786707441,-21.112646204422422
1406,1464,solar,5.138815879821777,5.45056676864624,139.34194230440738,457.9982762440057,167210330.76528886,False,1.0,0.5498802426610874,-42.74201376979384,-21.555643063218522
1407,96,solar,5.358739852905273,5.4962849617004395,260.3692891523531,644.4339007614127,312443146.98282367,False,1.0,0.54987438144467,-53.858573889501685,-16.515288647482414
1408,1534,solar,5.6166887283325195,7.3102216720581055,513.4311806157546,584.9331473987692,616117416.7389054,False,1.0,0.5497272416678014,-42.57667698365816,-17.09706878426584
1409,29,solar,5.749678611755371,4.456282615661621,543.2055633385164,808.6191840385093,651846676.0062197,False,1.0,0.5495971925945972,-54.33284758894913,-19.677248609675665
1410,1038,solar,4.859496593475342,5.408504486083984,28.61520222608938,119.75878056702277,34338242.67130726,False,1.0,0.5493388522837547,-45.95784853093024,-24.430803515813825
1411,1818,solar,5.664485931396484,6.0272650718688965,504.7957990927177,720.1781579841696,605754958.9112612,False,1.0,0.5491885053290133,-39.57973511286367,-23.96770031402574
1412,1457,solar,5.32144021987915,5.617605209350586,312.28897895401167,439.98298132945996,374746774.744814,False,1.0,0.5490988149754907,-42.477146898575796,-24.65439054917525
1413,796,solar,4.928643703460693,5.317009449005127,42.92817663129262,244.02128244015154,51513811.957551144,False,1.0,0.5488690537730465,-47.88382324871145,-25.419965753616985
1414,1519,solar,5.291192531585693,5.616505146026611,277.3505357591892,465.8331823517694,332820642.911027,False,1.0,0.5486661280541709,-42.06870365596019,-23.733043292692418
1415,2375,solar,6.2462477684021,6.8306145668029785,929.3707660120167,956.6626356918555,1115244919.21442,False,1.0,0.5486610204913878,-36.0659438006138,-16.21057338394054
1416,857,solar,4.89627742767334,5.319506645202637,42.650427886669746,175.07386859190566,51180513.4640037,False,1.0,0.5486563113277876,-47.41168406024735,-24.950198268613544
1417,981,solar,4.916354179382324,5.094729423522949,112.52731427631466,49.81886494662054,135032777.13157758,False,1.0,0.5481800143559062,-46.52775899959825,-23.11327667340324
1418,444,solar,5.516273498535156,5.480822563171387,474.8998618767739,479.8690879495987,569879834.2521287,False,1.0,0.5479494792854387,-50.95033819794867,-21.907357169257136
1419,799,solar,4.996246337890625,4.616518497467041,148.5767524496285,146.55905466735214,178292102.93955418,False,1.0,0.5474507077918725,-47.94960805738021,-24.07342800840217
1420,1211,solar,5.416984558105469,4.951653003692627,381.6103678544109,499.54481046121066,457932441.4252931,False,1.0,0.5474329630888062,-44.2263791287759,-27.46082489865094
1421,604,solar,5.170766830444336,4.939205646514893,274.8243325711564,221.76400196535758,329789199.08538765,False,1.0,0.5471767172586632,-49.13513749355468,-30.86979228540185
1422,1702,solar,5.420483112335205,5.444551467895508,338.41710326693806,620.7366376491528,406100523.9203257,False,1.0,0.5470674766675172,-40.73546187336651,-22.296926978364297
1423,259,solar,5.551182270050049,4.870334148406982,468.0222186062418,589.3545694645511,561626662.3274901,False,1.0,0.5468126653462401,-52.37508287026669,-24.18439329893667
1424,2258,solar,5.980985164642334,7.604242324829102,750.8980950910867,839.5672957770679,901077714.1093041,False,1.0,0.5465906670783979,-37.108026602284355,-14.986082520752603
1425,484,solar,5.073001861572266,4.510014057159424,225.75621788704996,139.97057955065407,270907461.46445996,False,1.0,0.5461362260820422,-50.180196693364564,-30.904800524735148
1426,209,solar,5.555142402648926,5.351442337036133,437.7422090807652,684.9839596450889,525290650.89691824,False,1.0,0.5459709709523284,-52.90236425625112,-19.674203981899286
1427,1767,solar,5.5725812911987305,5.992002964019775,428.1174359938495,748.7741137764075,513740923.1926194,False,1.0,0.5459239254228115,-40.457255863516004,-20.0623539096014
1428,479,solar,6.211871147155762,6.112926959991455,843.772988939911,1131.713692824007,1012527586.7278932,False,1.0,0.5457591100254663,-51.15333974124304,-6.1118373498812675
1429,180,solar,6.448210716247559,5.630889892578125,996.7995258843531,1274.3516426134618,1196159431.0612237,False,1.0,0.5457412625721797,-53.41236128388984,-5.66693859500677
1430,416,solar,6.027571201324463,5.604197025299072,730.0557656910723,1007.9935459787082,876066918.8292868,False,1.0,0.5456403407827692,-51.59832810935285,-7.469205566095926
1431,174,solar,6.025613784790039,5.7613043785095215,726.1947809386146,1018.0443743935527,871433737.1263375,False,1.0,0.5452638005950643,-53.40894584344209,-8.37949041309464
1432,778,solar,5.9920806884765625,6.587826728820801,690.7464519954693,1033.2374635189499,828895742.3945632,False,1.0,0.5452001519151888,-48.89046513888214,-6.545529767052478
1433,567,solar,5.301863193511963,4.9351701736450195,297.92568395446676,484.5558220370448,357510820.74536014,False,1.0,0.5449199980026619,-50.019334872432125,-20.535161072934663
1434,2082,solar,5.647249698638916,8.195917129516602,505.7394841218363,734.8405737479237,606887380.9462036,False,1.0,0.5447351490381962,-38.62042767533071,-13.337958964833017
1435,1883,solar,5.63972806930542,6.010446548461914,483.2982536695304,777.1777656232455,579957904.4034365,False,1.0,0.5445265074934281,-39.33243472522599,-21.738025881873327
1436,736,solar,4.957810878753662,5.151832103729248,78.4221173153608,275.23257409716933,94106540.77843295,False,1.0,0.5444208607349492,-48.380381783246705,-25.43972328853661
1437,58,solar,6.371938705444336,5.365718364715576,949.7682426838344,1239.446447134862,1139721891.2206013,False,1.0,0.5443793932454559,-54.31558923470013,-6.5714033133763055
1438,446,solar,5.438115119934082,5.055196285247803,403.7896784875698,529.0524123850246,484547614.18508375,False,1.0,0.544371496558546,-50.969056258826676,-21.005478949414805
1439,1900,solar,5.732205867767334,7.816227912902832,531.1856180983245,869.1263590957408,637422741.7179894,False,1.0,0.5440443107579482,-39.949156020679425,-14.293255894256193
1440,1232,solar,5.228489398956299,6.485264301300049,266.5487401302983,411.1740909073355,319858488.156358,False,1.0,0.5440000849163467,-44.877912182987124,-18.106680098613
1441,2860,solar,6.075706481933594,7.659046173095703,897.3424275600564,718.1181677085066,1076810913.0720677,False,1.0,0.5437120193512833,-32.562949594756844,-13.775228737713611
1442,1838,solar,5.780804634094238,7.644086837768555,599.8020505228736,809.9889059429205,719762460.6274483,False,1.0,0.5436298363103846,-40.35607530171907,-15.198236125396503
1443,1897,solar,5.877711296081543,7.671487808227539,666.4879905711938,859.7102696120273,799785588.6854326,False,1.0,0.5435293413611149,-39.861529317560844,-15.608800721697989
1444,326,solar,5.550788402557373,4.645056247711182,474.0985813260706,614.2553395545287,568918297.5912848,False,1.0,0.5435181832239183,-51.930828744942396,-21.019879695218876
1445,496,solar,5.18400239944458,4.482210159301758,220.39788005163334,436.5538959691279,264477456.06196,False,1.0,0.5433196561523126,-50.368029010635475,-25.502221588335104
1446,1375,solar,5.556578159332275,7.9257097244262695,339.5925872822956,969.9283012369043,407511104.7387547,False,1.0,0.5432075693121486,-44.342059635077426,-7.817432167393477
1447,1526,solar,5.246415138244629,5.9861531257629395,231.11093364959365,550.6159741261575,277333120.37951237,False,1.0,0.5431887305934746,-42.33087035208181,-20.63837067933047
1448,772,solar,5.54080867767334,6.375809192657471,420.1417070497307,734.8618204953947,504170048.45967686,False,1.0,0.5429598187447282,-48.85706357647126,-9.247239118329105
1449,2023,solar,5.558886528015137,8.528489112854004,439.05354407351615,728.311916629411,526864252.88821936,False,1.0,0.5429026786277708,-39.10812416253282,-12.92759752731131
1450,443,solar,5.509342670440674,5.31732702255249,502.40516431181857,461.47945222854986,602886197.1741823,False,1.0,0.5426265695223859,-50.9406082551382,-22.35825349591117
1451,231,solar,5.766721725463867,5.802247047424316,569.3072592417149,868.0907102530896,683168711.0900578,False,1.0,0.5426088415021911,-52.95105084929508,-9.734538216621466
1452,795,solar,4.8721842765808105,4.568504333496094,7.711984691847333,286.76703008421134,9254381.6302168,False,1.0,0.5424431203186768,-47.86082050762462,-25.86872017657614
1453,602,solar,5.263367176055908,4.977871417999268,358.1435050839341,281.38811731786245,429772206.1007209,False,1.0,0.5421510568191178,-49.088603118116765,-31.768424499447164
1454,423,solar,5.102236747741699,4.158145904541016,264.67673909076177,157.47383409879058,317612086.90891415,False,1.0,0.5421070964869441,-50.68735520037784,-31.369385081525504
1455,1778,solar,5.725417613983154,7.96564245223999,578.2169012988433,760.0236932876647,693860281.5586119,False,1.0,0.5420760200507448,-40.82057162400454,-15.225278088494251
1456,499,solar,5.275235176086426,4.7135796546936035,326.0464558699692,390.5284551823028,391255747.043963,False,1.0,0.5420094510988768,-50.40728374690629,-24.150767247643937
1457,2129,solar,6.045395851135254,6.81013822555542,742.5541538735156,1062.0947629943257,891064984.6482188,False,1.0,0.5419703987963835,-37.69162512116775,-18.96059106559723
1458,312,solar,5.078566074371338,4.367321491241455,186.01493434605655,304.48398808119333,223217921.21526787,False,1.0,0.5419699282838882,-51.826275728491204,-27.33542428969707
1459,1889,solar,5.763526916503906,6.216950416564941,564.0051727620045,884.8003276568356,676806207.3144053,False,1.0,0.5417678806186254,-39.58442481917262,-19.113449430639672
1460,255,solar,5.306723117828369,4.652000427246094,327.15745084846066,461.4290241021426,392588941.0181528,False,1.0,0.5417399619709867,-52.351068695083384,-25.989127462222626
1461,1577,solar,5.400887966156006,5.744544506072998,383.276860322148,534.9503310950697,459932232.3865776,False,1.0,0.5413745522180572,-41.493325290101566,-24.57705027863876
1462,383,solar,5.562967300415039,4.568103790283203,537.8991049958868,509.0872895580679,645478925.9950641,False,1.0,0.5412441920959958,-51.425971472284274,-22.366689542306926
1463,2260,solar,5.806875228881836,7.6201300621032715,660.6965134425071,746.6074062347404,792835816.1310085,False,1.0,0.5410805392542539,-37.1756740185251,-14.120078341373713
1464,82,solar,5.827200412750244,4.535715579986572,680.152616476782,743.5668964197173,816183139.7721384,False,1.0,0.5410345889570016,-53.85290859415165,-22.838598871983287
1465,898,solar,5.91638708114624,6.703186988830566,647.5761535474082,1029.3064086087518,777091384.2568899,False,1.0,0.5406784846005073,-47.98635909190508,-6.535578838852629
1466,1576,solar,5.44361686706543,5.320719242095947,418.4930522615933,551.2357027609039,502191662.71391195,False,1.0,0.5406081987255521,-41.44832915507004,-25.017812796527625
1467,2064,solar,5.858628749847412,6.218911647796631,634.5299584861618,934.1823084592775,761435950.1833942,False,1.0,0.540595901357599,-37.93883761642167,-21.1736494824023
1468,86,solar,5.771243572235107,4.664308071136475,614.7163870030723,795.0697808450021,737659664.4036868,False,1.0,0.5401009261404836,-53.85475371273209,-21.032400891167736
1469,2742,solar,5.842701435089111,7.826437950134277,757.1948686252736,597.150618311226,908633842.3503283,False,1.0,0.5399880537950835,-33.55952593756998,-13.0002505684129
1470,838,solar,5.936427116394043,6.511147499084473,669.1613027714387,1030.0610027620014,802993563.3257265,False,1.0,0.539847110530145,-48.438407668583835,-6.540752738835802
1471,358,solar,6.170866012573242,6.198954105377197,841.8424965636822,1119.579189818731,1010210995.8764186,False,1.0,0.5397777343239817,-52.055057106355626,-6.567726878534499
1472,298,solar,6.201433181762695,6.124747276306152,863.4276457877127,1140.1804896081933,1036113174.9452552,False,1.0,0.5392405405768634,-52.507160140963954,-6.5692777590916736
1473,211,solar,5.411942481994629,5.309717178344727,366.63202569156107,628.5344953966229,439958430.82987326,False,1.0,0.5392132077217852,-52.90834603291622,-18.770984589243536
1474,2680,solar,5.942811489105225,7.783957004547119,813.7742809481339,689.7190570576442,976529137.1377606,False,1.0,0.5390673628597061,-33.94540051358534,-13.885566146626447
1475,1231,solar,5.17561149597168,6.119351863861084,230.9936484356962,445.68805185607397,277192378.12283546,False,1.0,0.5389440990589316,-44.85429808564116,-18.55271126286663
1476,1782,solar,5.5189313888549805,7.933078289031982,397.81373800168427,793.310272354687,477376485.6020211,False,1.0,0.5388653258785905,-40.924921347865975,-13.464206088329144
1477,2320,solar,5.809621810913086,8.06499195098877,682.2816626665375,728.5257218653383,818737995.199845,False,1.0,0.538662081138631,-36.7138319464102,-14.088643585356799
1478,452,solar,5.122661590576172,4.98405122756958,190.4591283199572,435.0470766912999,228550953.98394862,False,1.0,0.5385015389737454,-51.01951068762974,-18.299197740730577
1479,554,solar,5.033108234405518,5.035725116729736,114.47155548867464,426.4803839026111,137365866.58640957,False,1.0,0.5384982206953246,-49.83936895341653,-26.389355657066446
1480,1768,solar,5.567748546600342,6.808992385864258,452.62785797937204,773.2876115663961,543153429.5752465,False,1.0,0.5381418172869996,-40.49515073563006,-19.62302763121488
1481,847,solar,5.239289283752441,4.538051128387451,309.5114915077832,401.06644265455736,371413789.8093398,False,1.0,0.5380664319734862,-47.14158380264671,-29.43157700520495
1482,1899,solar,5.746557235717773,7.8510284423828125,576.2864089226143,863.1073714253674,691543690.7071372,False,1.0,0.5379870441269345,-39.92090139389007,-14.73184174147509
1483,975,solar,4.934523105621338,5.41694974899292,98.7698373603571,252.22128947031055,118523804.83242851,False,1.0,0.5379847028081771,-46.3667223626877,-25.798260057180944
1484,658,solar,6.005706310272217,5.874577522277832,733.9167504435302,1046.750987214772,880700100.5322362,False,1.0,0.5378367549785471,-49.79460396269225,-6.5538863068931645
1485,1880,solar,5.621933460235596,5.559728622436523,508.7385237515216,762.9365040145141,610486228.5018259,False,1.0,0.537342348831981,-39.19121902529109,-23.048852538417442
1486,313,solar,5.113717555999756,4.413532257080078,221.23112628550183,353.8509559091628,265477351.54260218,False,1.0,0.5371939579339294,-51.83497395004873,-26.88450677559306
1487,478,solar,6.091522693634033,6.19940185546875,798.6721981156213,1084.1354108501112,958406637.7387456,False,1.0,0.5371290462768226,-51.150861260783586,-6.563405244192197
1488,2559,solar,5.951310157775879,7.844013690948486,813.7230503869491,738.4331205097186,976467660.4643389,False,1.0,0.5366940200647738,-34.83047614651926,-14.383747151699477
1489,1657,solar,5.652159214019775,7.236109733581543,580.147393675072,659.7860972379136,696176872.4100864,False,1.0,0.5366020126256806,-41.72345144785129,-15.718484995288488
1490,2441,solar,5.761930465698242,7.3222222328186035,680.3511702903088,652.8235838434282,816421404.3483706,False,1.0,0.5365799661407578,-35.8249950203348,-13.593597915931769
1491,1103,solar,4.9106364250183105,5.567192554473877,111.97181678706895,186.25484064734778,134366180.14448273,False,1.0,0.5363288141226003,-45.60793532187753,-22.1711878032431
1492,2010,solar,5.908524990081787,6.729323387145996,675.5232727194543,996.3781959884639,810627927.2633452,False,1.0,0.5362652250991933,-38.678110156038656,-18.6031236261531
1493,2498,solar,5.998322486877441,7.066917896270752,837.2386919872084,792.5791302058117,1004686430.3846501,False,1.0,0.5360227097958815,-35.2549260008927,-14.84782915719842
1494,493,solar,4.9909348487854,4.977488040924072,114.74930423329741,363.44430541658784,137699165.0799569,False,1.0,0.5359427902879336,-50.32585057721873,-26.85336635382419
1495,652,solar,5.55804443359375,6.3217291831970215,463.3120054977915,753.7439010949489,555974406.5973498,False,1.0,0.5358125720285152,-49.76706520380517,-9.259094670474367
1496,1893,solar,5.871514797210693,7.537436485290527,688.8027974366549,887.3536914959782,826563356.923986,False,1.0,0.5356955322587365,-39.73106800767342,-17.361801551723104
1497,798,solar,4.901538848876953,4.866578578948975,113.36056051018319,170.7878794428067,136032672.61221984,False,1.0,0.5356589880655133,-47.92820854963678,-24.52231880748082
1498,2020,solar,5.723288059234619,7.912165641784668,574.3559165463854,845.0527708641539,689227099.8556625,False,1.0,0.5356569538520048,-39.0242147525673,-14.23853658033757
1499,1174,solar,5.1772236824035645,6.909395694732666,302.504472100252,310.5973383239296,363005366.52030236,False,1.0,0.5356192540942007,-45.39275467134245,-17.234886593798304
1500,267,solar,5.534646511077881,5.299671649932861,473.6979410507189,682.5153935788439,568437529.2608627,False,1.0,0.5352349663585715,-52.41649525616721,-20.573609425826266
1501,264,solar,5.626739501953125,4.893289089202881,580.3632161345253,619.5918755526354,696435859.3614303,False,1.0,0.5352283334709294,-52.40195372134609,-21.927849474923615
1502,433,solar,5.021816730499268,4.989117622375488,150.24324491736562,353.26761587467,180291893.90083873,False,1.0,0.535120166150312,-50.828797346496074,-26.86552661705667
1503,733,solar,4.9032206535339355,5.254378318786621,27.226458502975117,398.5220189938093,32671750.20357014,False,1.0,0.5350996086638085,-48.3153684523982,-26.78705017510954
1504,1593,solar,5.561391830444336,7.252779960632324,513.0305403404028,648.2025199361736,615636648.4084834,False,1.0,0.5348312763233057,-42.07890734304776,-17.512751485462456
1505,380,solar,5.397395610809326,4.990441799163818,432.25052917755085,487.06950034705346,518700635.013061,False,1.0,0.5346955013339278,-51.40011325711119,-23.71977089905956
1506,1537,solar,5.547924041748047,7.110492706298828,536.9770952270111,559.8443241870584,644372514.2724133,False,1.0,0.5346664405561634,-42.65510899739127,-15.768020681265787
1507,1140,solar,5.939931392669678,6.876019477844238,651.4371382998661,1148.5244112788446,781724565.9598393,False,1.0,0.5345566978657148,-46.19124184359439,-5.615076096485496
1508,1288,solar,5.084332466125488,5.889715671539307,159.48282477114034,477.1020841344149,191379389.7253684,False,1.0,0.5345217847625525,-44.30265886602167,-19.865459170530727
1509,430,solar,4.832834720611572,5.0804362297058105,44.594669099029744,205.6647962724137,53513602.91883569,False,1.0,0.5344478517256629,-50.78971196273019,-28.21706433028191
1510,115,solar,6.071223735809326,5.39832878112793,792.8807209869346,1087.8394313080332,951456865.1843215,False,1.0,0.5343662636425601,-53.863071857015086,-7.927816963298163
1511,672,solar,4.89426326751709,4.489683628082275,26.948709758352283,389.19535876171966,32338451.71002274,False,1.0,0.5342991957161167,-48.79703672204555,-27.255660072008634
1512,1590,solar,5.466997146606445,6.22351598739624,406.3652652565966,713.3636004541946,487638318.3079159,False,1.0,0.5342462562107582,-41.987195130469125,-18.83884808015169
1513,852,solar,5.022963523864746,4.661219120025635,133.43053181055672,411.2123244282078,160116638.17266807,False,1.0,0.5340757426655431,-47.28446919297034,-27.19155376785276
1514,34,solar,5.417495250701904,4.706418514251709,365.430104865506,711.3342759393512,438516125.8386072,False,1.0,0.5338117088621552,-54.32849968826896,-17.418661949176034
1515,1296,solar,5.351022720336914,6.757257461547852,443.923558327957,366.3540914065322,532708269.9935484,False,1.0,0.533710769503978,-44.4983304166177,-16.301801489120937
1516,730,solar,4.996636390686035,4.44112491607666,132.87503432131095,358.8408867390061,159450041.18557313,False,1.0,0.5336717034767542,-48.24562711128915,-28.13396436215598
1517,15,solar,5.457833766937256,4.292222499847412,469.13321358473326,541.9794511122774,562959856.3016798,False,1.0,0.5336674661341544,-54.34860394086494,-25.998104128139154
1518,1523,solar,5.109796047210693,5.983207702636719,183.4392193650163,486.0501833572803,220127063.23801956,False,1.0,0.5335258644172045,-42.2241566563776,-21.965155522072596
1519,501,solar,5.306998252868652,4.920764923095703,396.4788397488598,390.04434079718476,475774607.69863176,False,1.0,0.5335100073557483,-50.43189692352449,-23.249632884187214
1520,556,solar,5.067145347595215,4.864571571350098,184.90393936756521,392.90294033693175,221884727.24107826,False,1.0,0.5330594667680804,-49.87093189691115,-25.48909019893027
1521,738,solar,4.945372581481934,5.179393768310547,148.85450119425136,213.01427962694962,178625401.43310162,False,1.0,0.5329544812565026,-48.421211311902816,-24.541286684403065
1522,1952,solar,5.886406421661377,6.567232608795166,691.8709131670207,948.9026787491513,830245095.8004248,False,1.0,0.5328080100928324,-39.22579290995437,-17.76586802642558
1523,2063,solar,5.808559417724609,5.958836078643799,633.2778453407346,924.8705469944902,759933414.4088815,False,1.0,0.5326277168000274,-37.890094941982035,-21.6079528736457
1524,1578,solar,5.304493427276611,5.285550117492676,348.0606683827028,522.9559383725765,417672802.0592433,False,1.0,0.5321850198194956,-41.53726220251032,-24.136187672211538
1525,136,solar,5.407585144042969,4.313051700592041,433.3615241560422,539.2858563469939,520033828.9872506,False,1.0,0.532109424072125,-53.352253036705335,-25.54576525293056
1526,674,solar,4.896121501922607,5.2663445472717285,43.483674120538346,383.8455938573959,52180408.944646016,False,1.0,0.5317209227213171,-48.8380089832797,-26.35683194524018
1527,1891,solar,5.785478591918945,6.4861273765563965,621.5116350772461,917.3570661847637,745813962.0926952,False,1.0,0.5314729805948174,-39.659814057044,-18.23780459596771
1528,2922,solar,5.925384998321533,7.681910514831543,855.1835598508475,641.5373614015136,1026220271.821017,False,1.0,0.5314447410576837,-32.181655085565346,-12.895176542728354
1529,1814,solar,5.7303338050842285,5.70131778717041,630.9011988767563,774.2172513421556,757081438.6521076,False,1.0,0.5311763759542514,-39.37119681426774,-25.716528286699496
1530,1645,solar,5.282618045806885,5.810463905334473,297.4344349627279,615.185928887881,356921321.95527345,False,1.0,0.5310984919792067,-41.33686721727035,-21.013143487763028
1531,1477,solar,5.478121757507324,7.4596381187438965,515.3919460029807,509.88200000831296,618470335.2035768,False,1.0,0.5305305321522128,-43.121099528383155,-15.791429749295856
1532,2500,solar,5.8204121589660645,7.728017330169678,747.0371103386288,693.3477140251845,896444532.4063547,False,1.0,0.5303347547726925,-35.329043192512984,-13.990139510132538
1533,490,solar,4.776097297668457,4.66246223449707,9.100728414961566,222.69208144823196,10920874.097953878,False,1.0,0.530090317660151,-50.280598648428494,-28.20418718739976
1534,1172,solar,5.093751430511475,6.196583271026611,231.39428871104784,374.9908260764348,277673146.4532574,False,1.0,0.5298699861640641,-45.349802007097914,-18.128223089997757
1535,72,solar,5.216492652893066,4.663873672485352,333.9813476339064,391.83603731910364,400777617.1606877,False,1.0,0.5297806366451245,-53.84740770074462,-27.352250211791592
1536,1633,solar,5.592158794403076,5.3627214431762695,559.6355687639973,663.8682446213542,671562682.5167967,False,1.0,0.5296716257688772,-40.8085286455173,-26.295267167697105
1537,42,solar,5.308395862579346,5.227146625518799,283.31302470280383,727.6034633341511,339975629.6433646,False,1.0,0.5295544076896721,-54.322792748635806,-13.80388338946044
1538,2682,solar,5.747657299041748,7.655325889587402,728.4772600547467,590.1370625326238,874172712.065696,False,1.0,0.5293283247902162,-34.01905221611959,-13.034110303016558
1539,1663,solar,5.3302483558654785,7.805331230163574,309.54264872933356,716.1532342353174,371451178.4752003,False,1.0,0.529088052807944,-41.86965526393524,-13.067596191773072
1540,613,solar,4.88785982131958,4.779348373413086,43.76142286516113,402.0936116971906,52513707.43819336,False,1.0,0.5287219900274459,-49.320317835192824,-26.823730670734477
1541,2079,solar,5.765524387359619,7.606659889221191,641.0418565947056,859.4571580171729,769250227.9136467,False,1.0,0.5285963595783052,-38.53111425226011,-14.645957781880561
1542,2265,solar,5.382888317108154,8.065595626831055,435.19255932105835,525.6387127199981,522231071.18527,False,1.0,0.5284104247431128,-37.325588724284735,-11.953590625937482
1543,1275,solar,5.131063461303711,5.19721794128418,276.2395407806978,364.1190204589404,331487448.9368373,False,1.0,0.5283658257871177,-43.88102721681239,-25.64813409587199
1544,488,solar,4.787125110626221,4.190311431884766,61.33165546392906,139.97057955065407,73597986.55671488,False,1.0,0.5281474525290623,-50.24864231940511,-29.104547442296305
1545,566,solar,5.231386661529541,5.729058742523193,333.4807756490689,449.98143064973135,400176930.7788827,False,1.0,0.5278873075428975,-50.007502581622546,-20.985679001047057
1546,912,solar,5.024298667907715,5.208380222320557,168.92447249462484,403.5950844611863,202709366.9935498,False,1.0,0.5277559054305874,-46.78068865855945,-27.166648952927314
1547,325,solar,5.491029739379883,4.559934616088867,509.65367302067267,591.6067658764833,611584407.6248072,False,1.0,0.527448925199285,-51.92451678163802,-21.471171614881975
1548,1944,solar,5.626991271972656,5.579753875732422,534.7764485747227,836.7256136626511,641731738.2896672,False,1.0,0.5270722674898077,-38.897483939852656,-21.25961720966989
1549,1200,solar,5.876997947692871,6.9429545402526855,629.8519890758357,1158.6864704031902,755822386.8910029,False,1.0,0.5268303157662464,-45.739977582486695,-5.608936328287423
1550,71,solar,5.1546711921691895,4.774600982666016,308.88949285735254,355.01476045643227,370667391.42882305,False,1.0,0.5267288516358183,-53.846782089897296,-27.80346049464779
1551,2503,solar,5.581080913543701,8.141647338867188,611.7347378657595,545.0276276512697,734081685.4389114,False,1.0,0.5266921139920231,-35.43116903630257,-12.702852430797824
1552,1588,solar,5.315892696380615,6.418712615966797,335.25508186739245,649.3023031557137,402306098.24087095,False,1.0,0.5266830547504454,-41.92163181936891,-19.722555011420706
1553,1469,solar,5.258126258850098,6.454843521118164,300.50127072349363,609.3584370012175,360601524.8681924,False,1.0,0.5265596136794388,-42.90428598888095,-19.339937723467003
1554,2808,solar,5.456699848175049,7.934291362762451,588.5241150375025,327.96965414923557,706228938.0450029,False,1.0,0.5265067535024529,-33.29842965872191,-10.422760657305298
1555,2443,solar,5.56034517288208,8.03504753112793,590.1495886417292,555.6329782584232,708179506.3700751,False,1.0,0.5264880519071212,-35.89044218261117,-12.733186749484814
1556,1510,solar,5.621132850646973,5.15756893157959,594.2962632141968,682.7891644689608,713155515.8570361,False,1.0,0.5263425902357496,-41.65939775782852,-27.705281801982288
1557,2740,solar,5.902322769165039,7.811590671539307,839.5793774195663,695.7294632566105,1007495252.9034796,False,1.0,0.5261210958415141,-33.484449060386076,-13.84941210700123
1558,357,solar,6.022812843322754,6.074117660522461,796.7417057393924,1073.7929357231565,956090046.8872708,False,1.0,0.5260419059394126,-52.053240308210704,-7.019585766417278
1559,1347,solar,5.031935214996338,6.092250823974609,159.0821844957886,468.09054507068123,190898621.3949463,False,1.0,0.52594058829086,-43.79712238799471,-20.283801633509132
1560,2076,solar,5.962181091308594,7.074268341064453,776.3442290675748,991.1319509065047,931613074.8810898,False,1.0,0.5259303392797938,-38.432481769821294,-15.953236722503224
1561,316,solar,5.236574172973633,4.271064281463623,326.87970210383776,502.70319175217924,392255642.52460533,False,1.0,0.5259226394043374,-51.85987187018993,-25.531567860151895
1562,960,solar,5.956525802612305,6.60344123840332,716.1925859719574,1130.8272560950484,859431103.1663489,False,1.0,0.5258673133649443,-47.54508721560177,-5.63149189412949
1563,438,solar,5.211001396179199,4.963719844818115,326.3242046145921,448.78502774388124,391589045.5375105,False,1.0,0.5257777252412309,-50.88810287948022,-24.612286727180745
1564,371,solar,4.883415222167969,4.573566436767578,115.30480172254322,250.00850727885413,138365762.06705186,False,1.0,0.5256683586624806,-51.31016246722241,-27.77737477565029
1565,1841,solar,5.536376953125,8.292826652526855,464.4996780500043,829.072317804209,557399613.6600052,False,1.0,0.5256521169543027,-40.43826532978952,-13.879964876186069
1566,1821,solar,5.4649505615234375,5.378383636474609,446.74502261669994,714.5556307655293,536094027.1400399,False,1.0,0.525627484429306,-39.723583706713534,-22.654809455452977
1567,243,solar,5.052152156829834,4.298672199249268,292.76263495867187,181.42972271338488,351315161.95040625,False,1.0,0.5255425795824377,-52.26393377594707,-31.400400212123326
1568,909,solar,5.158175945281982,4.725520610809326,274.57304831296074,472.3854846812653,329487657.97555286,False,1.0,0.5248777463427697,-46.690772658389065,-28.509382617030372
1569,1945,solar,5.6274800300598145,6.501678943634033,540.9004425652098,849.9534159585202,649080531.0782517,False,1.0,0.5248621765484491,-38.94243005410976,-20.823265107561106
1570,2864,solar,5.718796253204346,7.085699558258057,749.749630521958,529.8985304804295,899699556.6263496,False,1.0,0.524692032837289,-32.71336771783883,-12.085855245581453
1571,2199,solar,5.7676239013671875,7.925077438354492,684.2121550427664,812.601269514543,821054586.0513197,False,1.0,0.5240089377371585,-37.60518613715752,-14.584824379488454
1572,1280,solar,4.862207889556885,5.59120512008667,100.15858108347136,262.9409529952769,120190297.30016564,False,1.0,0.5238925947651478,-44.05950279819667,-23.425403541280502
1573,1350,solar,5.175413131713867,6.2493367195129395,265.7474595795949,552.3618133841483,318896951.49551386,False,1.0,0.5233353466053204,-43.88181872858452,-18.949897219403972
1574,1536,solar,5.53710412979126,7.023990154266357,582.0778860513009,563.9143320206118,698493463.261561,False,1.0,0.5232919187752347,-42.62976746403354,-16.211094954959464
1575,195,solar,5.249271392822266,5.153457164764404,362.6513915325288,474.9978837530575,435181669.83903456,False,1.0,0.5231923585109173,-52.85041676688676,-25.993956351029027
1576,785,solar,5.172245502471924,4.252211093902588,344.4499347026057,351.5117874404909,413339921.6431268,False,1.0,0.5229742351013826,-47.59882266357317,-30.353522173692742
1577,491,solar,4.796505928039551,4.551398277282715,44.316920354406854,268.4990933685736,53180304.42528822,False,1.0,0.5229592483043322,-50.29603398607391,-27.75395044696371
1578,185,solar,4.96773624420166,4.32209587097168,241.22672330830594,160.0718262839628,289472067.9699671,False,1.0,0.5225458040509491,-52.800968703693385,-30.50467258291986
1579,132,solar,5.116464614868164,4.185190677642822,293.8108447566537,361.7032414230077,352573013.70798445,False,1.0,0.5223954072025333,-53.34207574668584,-27.350783891635697
1580,1096,solar,4.878332138061523,5.2774176597595215,134.54152678904808,231.32978295422367,161449832.14685768,False,1.0,0.5223698079596202,-45.403800656684545,-25.2967886770221
1581,787,solar,5.089260578155518,4.900853157043457,274.01755082371506,351.5117874404909,328821060.98845804,False,1.0,0.5223383536242737,-47.656121947975635,-29.45698229091753
1582,1776,solar,5.718127250671387,7.533572673797607,668.4184829474226,762.747289360113,802102179.5369071,False,1.0,0.522331335346402,-40.7630151554653,-16.105426255465247
1583,270,solar,5.311059951782227,5.516478061676025,367.03266596691265,614.8783065202925,440439199.1602952,False,1.0,0.5221585529886832,-52.429910142636956,-19.219148632024694
1584,378,solar,5.250868797302246,5.059135913848877,361.8181452986603,497.60886717128926,434181774.35839236,False,1.0,0.5218338472853024,-51.38177065242103,-24.62167861087897
1585,1223,solar,4.782323837280273,5.333838939666748,40.98393541893267,259.37944896181295,49180722.5027192,False,1.0,0.5218236132813039,-44.64017642952848,-22.119023253460252
1586,1720,solar,5.46872091293335,7.290497303009033,466.43017042623325,721.1397838831653,559716204.5114799,False,1.0,0.5217984997347136,-41.33734979943827,-14.369481702556714
1587,555,solar,4.9770188331604,5.106390953063965,149.68774742811993,420.7869577173101,179625296.9137439,False,1.0,0.5217951567850668,-49.855337848464714,-25.93924137825121
1588,972,solar,5.030169486999512,4.508088111877441,204.41841317869302,402.09751135864354,245302095.8144316,False,1.0,0.5217577649793436,-46.27713779807834,-27.139992559087144
1589,1206,solar,5.5606889724731445,4.977639675140381,557.6913275516373,697.9375471397257,669229593.0619648,False,1.0,0.5216962756434884,-44.01668517153635,-29.68330882997658
1590,1170,solar,5.0017828941345215,6.5445451736450195,160.2841053218437,452.51025702083746,192340926.38621244,False,1.0,0.5215465551099654,-45.30429460839778,-19.021373407286106
1591,367,solar,4.717772483825684,5.0193352699279785,69.2516524366907,50.04251903932149,83101982.92402884,False,1.0,0.5213365130002475,-51.26367623137177,-29.57990281064174
1592,2801,solar,5.843909740447998,7.133631229400635,827.2144526577798,656.6134950419852,992657343.1893358,False,1.0,0.5212929504931147,-33.06253470712403,-13.389273053767289
1593,2184,solar,5.906843662261963,6.357603549957275,734.350520175963,1032.1256795165352,881220624.2111555,False,1.0,0.5212148843689719,-36.981283233254665,-21.08313672653226
1594,2202,solar,5.5386271476745605,7.915717124938965,548.9097825698973,679.4445419428056,658691739.0838767,False,1.0,0.5210014808394968,-37.699303913032466,-13.282488266490645
1595,849,solar,5.074158668518066,4.599140644073486,239.0791076288926,425.26966906138665,286894929.15467113,False,1.0,0.5207771679427976,-47.200706416284525,-28.535735530366367
1596,437,solar,5.148692607879639,4.9762492179870605,291.1080126751468,462.70611016784613,349329615.21017617,False,1.0,0.5206152741661565,-50.8768030563569,-25.063000153485472
1597,269,solar,5.356546401977539,5.137537479400635,402.58775766151473,646.2577182231959,483105309.1938177,False,1.0,0.5206074081606415,-52.425560956375826,-19.670659331842185
1598,2084,solar,5.376228332519531,8.058860778808594,415.5379024732568,657.6777658795573,498645482.96790814,False,1.0,0.5206010037207115,-38.67491414985166,-12.465594956788417
1599,1582,solar,5.117840766906738,5.858232498168945,240.590352086962,522.2328412124336,288708422.5043544,False,1.0,0.5205211976316539,-41.7027276818928,-22.371782681204596
1600,118,solar,6.201973915100098,5.597755432128906,928.183093459804,1212.3009150814078,1113819712.1517649,False,1.0,0.5204743454458729,-53.863480890367356,-6.571484169149285
1601,271,solar,5.2482428550720215,5.374923229217529,331.4775742723106,586.0901170429972,397773089.12677276,False,1.0,0.5203979126497479,-52.43413895136786,-18.767614782833633
1602,1139,solar,5.785857200622559,7.190707206726074,606.3363474755763,1099.4007594308844,727603616.9706916,False,1.0,0.5200100579038498,-46.184998725773205,-6.06302251133913
1603,1149,solar,5.337106704711914,4.669771671295166,416.5488110492333,575.4385177743231,499858573.25907993,False,1.0,0.519983759021015,-44.65380875059031,-28.38556479487213
1604,1651,solar,5.475967884063721,7.228953838348389,477.07480837044915,733.3211665506252,572489770.044539,False,1.0,0.519969584353187,-41.54654403201152,-18.367144702554164
1605,1716,solar,5.657135963439941,7.453652381896973,646.8333337233922,712.977849609799,776200000.4680706,False,1.0,0.5197580642099089,-41.22952004980244,-16.133213969553392
1606,853,solar,4.878857612609863,4.918868541717529,98.21433987111145,362.5005275886739,117857207.84533374,False,1.0,0.5192847879657387,-47.31112321503626,-26.743385312986423
1607,1643,solar,5.185218811035156,6.0081467628479,283.35907514583624,582.0924442224023,340030890.17500347,False,1.0,0.5191503095743565,-41.25926986513881,-21.894472816912035
1608,2556,solar,6.072139739990234,6.932358741760254,949.0254228598183,888.2338718527337,1138830507.431782,False,1.0,0.5189935813755058,-34.711287112590284,-15.666497503035712
1609,1336,solar,5.081806182861328,4.903643608093262,276.5172895253207,372.4072156121278,331820747.4303848,False,1.0,0.5188229053120844,-43.42385138689501,-25.169601422163083
1610,558,solar,5.048111915588379,5.062644958496094,255.33632324645578,352.12900193855245,306403587.89574695,False,1.0,0.5186924679484367,-49.901019595536006,-24.588679492649632
1611,1193,solar,5.323190689086914,7.377971172332764,314.1464533058074,821.3222768389545,376975743.9669689,False,1.0,0.5184616535029725,-45.682908787843495,-8.740754173720159
1612,2917,solar,6.174311637878418,6.582407474517822,1047.7177939830083,876.1830566774539,1257261352.77961,False,1.0,0.518323722049922,-31.97316071203949,-14.9993235333366
1613,1539,solar,5.355482578277588,7.945367336273193,446.7755135784318,565.0471256956242,536130616.29411817,False,1.0,0.5180024210996866,-42.70342546973554,-14.881706130659435
1614,440,solar,5.241459846496582,5.046482563018799,396.7565884934827,437.06991958714195,476107906.19217926,False,1.0,0.5179451069916444,-50.909891553343186,-23.710765149093437
1615,1594,solar,5.500343322753906,7.304908752441406,548.5856320350049,632.9240083278695,658302758.4420059,False,1.0,0.5179400738038243,-42.10774996950321,-17.070584079603165
1616,37,solar,5.218358993530273,5.096927642822266,275.9006776706549,690.8511652481993,331080813.2047859,False,1.0,0.5178723130933284,-54.326184609889296,-16.063260563921954
1617,2376,solar,6.001271724700928,7.016150951385498,884.2699751877269,907.732386764933,1061123970.2252723,False,1.0,0.5178178050129181,-36.10555964443867,-15.779967534504715
1618,548,solar,4.7855753898620605,5.100302219390869,96.82559614799717,178.56516416624646,116190715.37759662,False,1.0,0.5176056921471148,-49.73531693413297,-29.089233610155794
1619,553,solar,4.855014801025391,4.4436445236206055,79.25536354922932,379.9809440665657,95106436.25907518,False,1.0,0.5174425112802626,-49.82301892690124,-26.839432448391385
1620,600,solar,6.065926551818848,6.511500835418701,845.70348131614,1154.5969871671825,1014844177.579368,False,1.0,0.5173948347944286,-50.25296944628107,-5.655141687904239
1621,1882,solar,5.488025188446045,6.395952224731445,486.81594384630733,769.2166292005934,584179132.6155688,False,1.0,0.5172833588735448,-39.286525490559605,-22.1750829488187
1622,531,solar,5.445518970489502,6.421931266784668,461.38151312156265,738.7905983346344,553657815.7458751,False,1.0,0.5172474841906534,-50.67276531890078,-9.719967207371768
1623,1708,solar,5.385272026062012,6.435977935791016,411.1578391395037,730.8764011530809,493389406.9674045,False,1.0,0.5172365417263635,-40.97045277567154,-19.657324957950348
1624,1237,solar,5.215640068054199,6.561983108520508,429.05134910685894,310.154155807286,514861618.9282307,False,1.0,0.5169731470780674,-44.98605231010189,-15.87581154099445
1625,485,solar,4.844123840332031,4.518409729003906,179.15549582514345,109.96255335224798,214986594.99017215,False,1.0,0.5169620783458395,-50.19789256987988,-30.454796973476725
1626,320,solar,5.360609531402588,4.839235782623291,467.7444698616189,537.0691591673701,561293363.8339427,False,1.0,0.5169282475149843,-51.89039645062717,-23.727229795550006
1627,1282,solar,4.751700401306152,5.335239887237549,29.72619720458077,280.642224625766,35671436.64549693,False,1.0,0.5169079829131121,-44.12502052651596,-22.53580767056808
1628,311,solar,4.876489639282227,4.439382076263428,150.79874240661127,255.3634644929229,180958490.88793352,False,1.0,0.5168288753093936,-51.81737230021559,-27.786310076513182
1629,2014,solar,5.924583911895752,7.421570777893066,795.4127527603448,974.5331672455916,954495303.3124138,False,1.0,0.5166755268876271,-38.829177283623864,-16.8583447716706
1630,104,solar,5.258993148803711,5.55952262878418,307.2853793741275,720.212052232022,368742455.248953,False,1.0,0.5164563481689037,-53.86088328613688,-12.90017338983613
1631,2130,solar,5.9355854988098145,6.658356189727783,763.5274129013702,1084.1385254294723,916232895.4816443,False,1.0,0.5162986914959051,-37.73436978697494,-18.52656705187592
1632,1540,solar,5.298577308654785,7.632115364074707,401.6747227541419,574.1990488699001,482009667.30497026,False,1.0,0.5161868316556246,-42.72641585945326,-14.438469294097867
1633,1717,solar,5.582379341125488,7.130307674407959,601.7325428991023,709.7631347854187,722079051.4789228,False,1.0,0.5157367370534736,-41.257791623598344,-15.692376343778745
1634,538,solar,5.940933704376221,5.911711692810059,777.087048891591,1069.4838018647717,932504458.6699092,False,1.0,0.5156925684570752,-50.6987699081272,-6.560636100220304
1635,746,solar,4.997904300689697,4.940176963806152,228.0174213913176,351.9425198073205,273620905.6695811,False,1.0,0.5152333041717583,-48.565731276147964,-20.94592630311488
1636,387,solar,5.306037425994873,4.668771743774414,403.3890382122181,598.6769540839608,484066845.85466176,False,1.0,0.5152140763241533,-51.457491429460966,-20.562190808487294
1637,321,solar,5.391520023345947,4.6064581871032715,502.9606618010642,539.2164115354457,603552794.161277,False,1.0,0.5151787287636556,-51.897570211035784,-23.27607319133264
1638,1763,solar,5.31895637512207,6.306428909301758,383.3207321992391,679.2778860672378,459984878.6390869,False,1.0,0.5151191832597787,-40.295343645904964,-21.818725363324646
1639,2620,solar,5.7809271812438965,7.233108997344971,790.2933820278886,687.302894867787,948352058.4334663,False,1.0,0.5150097354475847,-34.40648443987814,-13.921079662643546
1640,1699,solar,5.300697326660156,5.608464241027832,393.4003296038847,615.126656143858,472080395.52466166,False,1.0,0.514956410263781,-40.60390878694355,-23.615431716886146
1641,364,solar,4.86929178237915,4.877906322479248,215.41431256104772,100.02126629772717,258497175.07325727,False,1.0,0.5149426752317573,-51.225924478678586,-30.931431265051767
1642,448,solar,5.215615272521973,5.0016679763793945,332.6794950983656,580.9998150368041,399215394.1180387,False,1.0,0.5147194666586429,-50.986807687376526,-20.10349013263945
1643,1169,solar,4.934019088745117,5.802423477172852,124.72901362724159,476.8129848763084,149674816.3526899,False,1.0,0.5146431429191385,-45.2805637347584,-19.467875609408928
1644,969,solar,5.160092353820801,5.1760783195495605,310.06698899702883,520.0401915732346,372080386.7964346,False,1.0,0.5142303573427344,-46.18109928751138,-28.48117703914774
1645,186,solar,4.882885932922363,4.32987117767334,210.52589818772842,152.06245286027436,252631077.8252741,False,1.0,0.5141923005109085,-52.80643922604012,-30.05374040431527
1646,1762,solar,5.314647674560547,5.70279598236084,387.7464956859236,670.154750605827,465295794.8231083,False,1.0,0.5141849581910617,-40.2522141193048,-22.257572384689528
1647,252,solar,4.968738079071045,4.951915264129639,221.50887503012473,316.88601149917577,265810650.03614968,False,1.0,0.5141349756229392,-52.33149321015821,-27.34236917055025
1648,324,solar,5.448177814483643,5.029457092285156,545.2087647152748,572.4399607735426,654250517.6583297,False,1.0,0.5141286003642727,-51.9180373524757,-21.922437382359075
1649,1470,solar,5.237629413604736,6.488356113433838,336.0563624180958,630.0758681849339,403267634.9017149,False,1.0,0.5140453325116456,-42.934200612716424,-18.89658940861708
1650,1455,solar,5.223926544189453,4.881506443023682,382.72136283290223,483.69712670091957,459265635.39948267,False,1.0,0.5139013464385942,-42.39284053026636,-25.538970557595082
1651,2497,solar,5.9422526359558105,7.565572738647461,882.3394828114979,842.2630172248613,1058807379.3737974,False,1.0,0.5128863679324943,-35.21602552557252,-15.276512915380685
1652,1527,solar,5.12736177444458,5.814552307128906,264.5455387535399,579.2141294057964,317454646.5042479,False,1.0,0.5128188484142502,-42.36462759586343,-20.19595425761275
1653,32,solar,5.393980503082275,4.697226047515869,436.54028825471016,741.7168362614796,523848345.90565217,False,1.0,0.5127998949599444,-54.330163993503426,-18.322161250024944
1654,1949,solar,5.670019149780273,6.597878932952881,607.3903555666874,928.2591428374008,728868426.6800249,False,1.0,0.5127718537568111,-39.110914377865576,-19.07678145346014
1655,1214,solar,5.045409679412842,4.879964351654053,275.961792036075,369.42954386456233,331154150.44329,False,1.0,0.5126550293460332,-44.34115147368119,-26.126352828018103
1656,1827,solar,5.456393718719482,6.7796549797058105,473.3980863238426,793.3826881784269,568077703.5886111,False,1.0,0.512390741006155,-39.98092172082848,-20.02609373291976
1657,432,solar,4.8323774337768555,4.316871166229248,115.02705297792032,303.8058729283774,138032463.5735044,False,1.0,0.5122698593910582,-50.81607071798615,-27.31607399733215
1658,2259,solar,5.717443466186523,8.090744018554688,705.7973042667968,792.8732128098998,846956765.1201562,False,1.0,0.5122429371481729,-37.142408571371035,-14.553125621306581
1659,2176,solar,5.947951793670654,5.623437881469727,816.4381029486149,1032.857668991295,979725723.5383378,False,1.0,0.5119373602211201,-36.53320444469373,-24.537202623591547
1660,1769,solar,5.4652605056762695,6.7841715812683105,481.1022933182104,800.1779720427692,577322751.9818525,False,1.0,0.511877759293415,-40.53203814222102,-19.183612837937538
1661,1584,solar,5.077300071716309,5.834892749786377,236.76696380918915,549.8629410331682,284120356.571027,False,1.0,0.5118170739620878,-41.77949490025519,-21.48903888594783
1662,2557,solar,5.958639621734619,7.046627998352051,903.9246320355286,838.2923705722083,1084709558.4426343,False,1.0,0.5117795766839398,-34.7522814795288,-15.239028996152076
1663,1518,solar,5.126399993896484,5.761829853057861,312.56672769863457,474.0142371696862,375080073.2383615,False,1.0,0.5113812336925166,-42.027398708842284,-24.174794503400943
1664,1777,solar,5.603953838348389,7.839461803436279,623.3176921231329,759.7431940415203,747981230.5477595,False,1.0,0.5112333366106138,-40.792249087570106,-15.665386260767077
1665,363,solar,4.926845073699951,4.224119663238525,265.0896155764329,150.01417836924898,318107538.6917195,False,1.0,0.5112081010599966,-51.21276239068961,-31.38186857944687
1666,2558,solar,5.881708145141602,7.140659332275391,858.8238412112389,788.3582853072876,1030588609.4534867,False,1.0,0.5111146411536762,-34.79200729157383,-14.811444304104908
1667,608,solar,4.807762622833252,4.684534549713135,132.31953683206535,221.76400196535758,158783444.19847843,False,1.0,0.5109461977403014,-49.222152634996476,-29.07197728299621
1668,425,solar,4.7734150886535645,4.855655670166016,165.27377213307255,69.26765786262315,198328526.55968708,False,1.0,0.5103646828502467,-50.71827371877389,-30.468909183074388
1669,142,solar,5.593268871307373,4.8598480224609375,644.6586757927138,694.0354067991294,773590410.9512565,False,1.0,0.5102771504290095,-53.365791786015315,-22.83740409874432
1670,426,solar,4.7073974609375,4.375823497772217,115.95792997799934,47.937547139725645,139149515.97359923,False,1.0,0.5102124728833954,-50.733218194827046,-30.018614171864495
1671,851,solar,4.951038360595703,4.460397243499756,168.64672375000202,460.2005204486762,202376068.50000244,False,1.0,0.5101520705024833,-47.25718904273677,-27.639668950974787
1672,1839,solar,5.543961524963379,8.012153625488281,554.7012596985838,813.3316182325758,665641511.6383007,False,1.0,0.5100520748479551,-40.38439184607994,-14.758878626856115
1673,1522,solar,4.982443809509277,5.288118362426758,192.51625485708942,473.21636066521256,231019505.8285073,False,1.0,0.5099117725481221,-42.186730484664274,-22.40725569781712
1674,1414,solar,5.272176742553711,6.957939624786377,443.1222777772536,490.15789307309603,531746733.3327043,False,1.0,0.5098243495956983,-43.514908585382805,-17.14706112262191
1675,502,solar,5.217974662780762,4.575104713439941,431.6950316883051,399.3064544035416,518034038.0259661,False,1.0,0.5097091090304439,-50.443750651514215,-22.799017896211733
1676,196,solar,5.234569072723389,4.611570358276367,397.8675834719741,522.6117005673362,477441100.16636896,False,1.0,0.5096278385013537,-52.85475592300939,-25.54272039283179
1677,93,solar,5.267246723175049,4.965044975280762,365.8307451408577,677.5073225079833,438996894.16902924,False,1.0,0.5095325824456677,-53.857541253801415,-17.870648127484564
1678,1832,solar,5.629877090454102,6.958197593688965,618.0932543228025,853.5363301894896,741711905.187363,False,1.0,0.5094114169597762,-40.166280996368336,-17.832848151406086
1679,2563,solar,5.506606101989746,7.978824615478516,634.0934364491023,538.871249259057,760912123.7389228,False,1.0,0.5093304226666362,-34.971999690241624,-12.671906998886284
1680,964,solar,5.325614929199219,4.645554542541504,486.1479486942553,507.8797110059886,583377538.4331064,False,1.0,0.5092834194922633,-46.00573622902435,-30.7151768444356
1681,54,solar,5.899344444274902,5.122438430786133,769.3650793866755,1079.1303542438172,923238095.2640105,False,1.0,0.5090300532658806,-54.31689048331099,-8.379805659378517
1682,1483,solar,5.084299564361572,7.615690231323242,244.7872010572423,580.9797025109785,293744641.26869076,False,1.0,0.5089557347567996,-43.25148480712212,-13.127771229304392
1683,90,solar,5.410649299621582,4.883901596069336,472.49602022466394,740.0927588169625,566995224.2695967,False,1.0,0.5086525992323778,-53.85641299343387,-19.22581942774155
1684,241,solar,5.101809501647949,4.634660720825195,385.28991277811696,270.03100615273,462347895.33374035,False,1.0,0.508642182432937,-52.24695908755247,-32.301822475191024
1685,2013,solar,5.84625768661499,7.14243221282959,762.2952239367255,984.5245556081945,914754268.7240705,False,1.0,0.5085354098752085,-38.79302746120201,-17.294680892903955
1686,30,solar,5.468768119812012,5.28265380859375,507.65047164391433,783.7673623348422,609180565.9726971,False,1.0,0.5084590980395983,-54.331927697400886,-19.225574966701622
1687,1158,solar,4.742693901062012,4.847042560577393,99.60308359422568,192.16919212523408,119523700.31307082,False,1.0,0.5082735519863733,-44.97382073984882,-24.375789704650135
1688,16,solar,5.374370098114014,5.084190368652344,504.3494055241785,584.1589898546162,605219286.6290143,False,1.0,0.5082230907956091,-54.34728779858004,-25.546785897474997
1689,183,solar,4.994728088378906,4.586137771606445,317.69275802052266,213.59538752015024,381231309.6246272,False,1.0,0.5076427254731088,-52.78965032987542,-31.406440258233644
1690,1055,solar,4.931617259979248,6.663796901702881,267.7506609563532,200.01243275393495,321300793.14762384,False,1.0,0.507516482484804,-46.35064433643314,-16.82481933725714
1691,299,solar,6.0945916175842285,6.088844299316406,908.5284366120025,1185.5116373740877,1090234123.934403,False,1.0,0.5073596784456612,-52.50846033081086,-6.117302757527456
1692,1,solar,5.266238689422607,4.184948921203613,489.20673459339883,392.0991270431056,587048081.5120786,False,1.0,0.5073141013082669,-54.37062674974462,-32.31344969433947
1693,26,solar,5.648263454437256,4.549529552459717,649.8708384223227,841.630881071588,779845006.1067872,False,1.0,0.507240078444035,-54.33576335768425,-21.032131429149945
1694,2017,solar,5.768454551696777,7.535213947296143,709.6582890192547,959.6842055907549,851589946.8231056,False,1.0,0.5072246476851348,-38.931318107437434,-15.548808751100765
1695,1418,solar,5.2497100830078125,7.158409595489502,448.70600595466067,460.3910663845486,538447207.1455928,False,1.0,0.5070592123433696,-43.60981749878464,-15.369438841819436
1696,983,solar,4.809311866760254,5.474104881286621,182.95969815520522,148.67425057959463,219551637.78624627,False,1.0,0.5068547298210565,-46.576363602155496,-22.21786524363632
1697,170,solar,5.537136077880859,6.024768352508545,545.7916176414556,862.9653378725679,654949941.1697466,False,1.0,0.5066497369865371,-53.4059085603726,-10.187657980901141
1698,790,solar,4.904801368713379,5.07757568359375,168.36897500537916,401.32348138329615,202042770.00645497,False,1.0,0.5066475648808223,-47.737341121154586,-28.111766813457212
1699,203,solar,5.5545477867126465,5.269086837768555,644.3809270480912,654.0562812715989,773257112.4577094,False,1.0,0.5066035696955543,-52.88234145892797,-22.38329276527204
1700,1781,solar,5.38369607925415,8.081852912902832,442.914528825974,780.3299909379725,531497434.5911688,False,1.0,0.506574336038588,-40.900158423315744,-13.904565788506707
1701,147,solar,5.49315071105957,5.138835906982422,544.0068438892198,770.221026454692,652808212.6670637,False,1.0,0.5065683777120157,-53.37560855509881,-20.579724806739566
1702,184,solar,4.928883075714111,4.4934773445129395,277.59594786014827,181.99722407191587,333115137.4321779,False,1.0,0.5064824877456904,-52.79537321991659,-30.955572631028396
1703,1524,solar,4.970422267913818,6.045685768127441,187.71623802509293,503.543282630265,225259485.63011152,False,1.0,0.5062966491465768,-42.260646968135084,-21.52297328774667
1704,1636,solar,5.312971115112305,4.981255054473877,453.98699294566137,598.0419855143031,544784391.5347936,False,1.0,0.5062861550536983,-40.95522184059178,-24.976129363786846
1705,2437,solar,5.8832316398620605,7.379174709320068,860.7543335874677,849.1642254651814,1032905200.3049613,False,1.0,0.5061221813420056,-35.67992345602845,-15.313258670577163
1706,18,solar,5.481193542480469,5.127687931060791,574.7817894030691,671.7452831453046,689738147.283683,False,1.0,0.5061059969182038,-54.34474853241761,-24.644066162167597
1707,1881,solar,5.432455539703369,5.705438137054443,495.3809891042694,764.4495836209906,594457186.9251233,False,1.0,0.5059825941360392,-39.23945894436891,-22.612026137323458
1708,150,solar,5.336481094360352,4.923440456390381,437.3415688054135,697.268459809627,524809882.5664962,False,1.0,0.5059033822588445,-53.38090043412005,-19.22482951917032
1709,1771,solar,5.51686429977417,7.274540901184082,547.3837112089499,824.410067924418,656860453.4507399,False,1.0,0.5057886696181267,-40.60283888036533,-18.304527154222423
1710,300,solar,6.155477046966553,5.581583499908447,953.6292274362922,1231.2043436471467,1144355072.9235506,False,1.0,0.5054907406814506,-52.5096661902172,-5.665319912835175
1711,1517,solar,5.137633323669434,5.686199188232422,347.7829196380798,487.2149836562319,417339503.56569576,False,1.0,0.5052211566241942,-41.98508800795921,-24.616453135885635
1712,669,solar,4.806025505065918,4.363725662231445,132.59728557668817,289.78099882784534,159116742.6920258,False,1.0,0.5051254172617707,-48.73189778416405,-28.603572476898062
1713,1951,solar,5.70298433303833,7.2341508865356445,661.1338152518903,964.3598914674458,793360578.3022683,False,1.0,0.5049255033352992,-39.18856819528681,-18.20293377251854
1714,1093,solar,4.960864543914795,4.9471821784973145,240.19010260738403,369.5677180983162,288228123.12886083,False,1.0,0.5047272265648168,-45.30521467912841,-26.635399809316024
1715,1112,solar,4.8984880447387695,5.8342204093933105,196.23983729179741,342.3041136905898,235487804.7501569,False,1.0,0.5046190702297445,-45.82180302882981,-18.148668425135604
1716,205,solar,5.48293924331665,4.81373405456543,579.9625758591735,683.6751659609024,695955091.0310082,False,1.0,0.5044156243799556,-52.889371308186874,-21.480361568039488
1717,1459,solar,4.981542587280273,5.832697868347168,241.85659507512108,416.1816158126094,290227914.0901453,False,1.0,0.5043566956121499,-42.55752249192699,-23.769451965524244
1718,971,solar,4.994758129119873,5.210693836212158,239.63460511813827,452.0744981752424,287561526.1417659,False,1.0,0.5042946546395539,-46.24585848850565,-27.587116540008235
1719,1948,solar,5.584495544433594,6.618342399597168,585.0945267376718,905.181738393351,702113432.0852062,False,1.0,0.5038081071797654,-39.070460261557514,-19.513557981787127
1720,1386,solar,5.622062683105469,4.521200656890869,664.1731496038418,790.1708570147268,797007779.5246102,False,1.0,0.5037843437659633,-42.474494649890346,-29.559604541392975
1721,2499,solar,5.7452192306518555,7.340911388397217,792.1379011629186,742.9376589532093,950565481.3955023,False,1.0,0.5037808868767462,-35.29259488096414,-14.419036837896694
1722,28,solar,5.544530868530273,4.675472736358643,578.7606550331185,835.7264452731487,694512786.0397422,False,1.0,0.5034984930976295,-54.333793269983786,-20.128899522147535
1723,2,solar,5.189944267272949,4.5927414894104,453.27039495341404,362.2729984803801,543924473.9440968,False,1.0,0.5032998234108823,-54.368811196560905,-31.862555132178723
1724,678,solar,4.839099884033203,5.181685447692871,184.34844187831948,258.0342358785087,221218130.25398338,False,1.0,0.5031410245154889,-48.91435548185918,-24.558673997196006
1725,265,solar,5.414962291717529,4.549087047576904,544.8081244399231,637.3422542019708,653769749.3279077,False,1.0,0.5030566159088838,-52.406928917419656,-21.476461402124624
1726,1468,solar,5.070443630218506,6.257423400878906,264.94617902889155,573.5910110907854,317935414.8346699,False,1.0,0.5029943947018828,-42.87353897560784,-19.78321935260824
1727,1639,solar,5.162995338439941,5.325472831726074,352.054839761246,565.3206051959734,422465807.7134952,False,1.0,0.5026382805288803,-41.091887862388496,-23.65601849528466
1728,75,solar,5.2317962646484375,4.874050140380859,433.63927290066505,515.7862737044657,520367127.48079807,False,1.0,0.5024526506336586,-53.84919895551924,-25.998445611430782
1729,27,solar,5.5885162353515625,5.0177083015441895,614.3157467277206,860.6123382300271,737178896.0732647,False,1.0,0.5021991402550328,-54.33476507689117,-20.580527271050894
1730,353,solar,5.603098392486572,5.892306327819824,616.3385424422333,895.168193662012,739606250.93068,False,1.0,0.5016316307875445,-52.04472729743713,-8.826923718912475
1731,1416,solar,5.293768405914307,7.0523247718811035,514.2324611664578,464.87347426399714,617078953.3997494,False,1.0,0.5013546984254245,-43.563838401070434,-16.258353761697027
1732,673,solar,4.7047038078308105,4.428641319274902,8.267482181093003,424.29516045239035,9920978.617311604,False,1.0,0.5013072574344486,-48.817762617806515,-26.806267511471763
1733,68,solar,4.938712120056152,4.769033908843994,277.525230364032,271.17426157719694,333030276.4368384,False,1.0,0.5011070712236649,-53.844816107319744,-29.15691312099101
1734,2319,solar,5.671359539031982,7.682070732116699,727.3824534908274,775.8705046374287,872858944.1889929,False,1.0,0.5009921295689909,-36.67975846593109,-14.520686458597732
1735,1033,solar,4.8936848640441895,4.8824663162231445,204.69616192331588,357.47291061115965,245635394.30797905,False,1.0,0.5008344071460804,-45.80633323927139,-26.664951965779416
1736,546,solar,4.757486820220947,4.404644012451172,167.25798002688776,147.93754713972564,200709576.0322653,False,1.0,0.5008033398951157,-49.69732375688165,-29.988871202375012
1737,7,solar,5.015005588531494,4.752464771270752,333.32890632176355,306.172705230178,399994687.58611625,False,1.0,0.5006932992581024,-54.360321143123016,-29.607605957277553
1738,1579,solar,5.085814952850342,5.807657718658447,313.24335757712095,515.5521023325957,375892029.09254515,False,1.0,0.5006450583395197,-41.58015576042748,-23.69522732069835
1739,670,solar,4.753669261932373,4.59531307220459,97.38109363724284,318.5483123195973,116857312.3646914,False,1.0,0.5005551681855528,-48.75411298834669,-28.15431328192341
1740,204,solar,5.493722915649414,4.904224872589111,615.5176675537757,667.1586586496873,738621201.0645308,False,1.0,0.5004892590368231,-52.885901862727735,-21.931839822351275
1741,1894,solar,5.709712982177734,7.436203956604004,724.3578891312569,876.2550241098481,869229466.9575083,False,1.0,0.5004236696078418,-39.765173033161126,-16.923671997725528
1742,1506,solar,5.705015659332275,4.525774955749512,735.1610309719781,840.8072407838511,882193237.1663737,False,1.0,0.5002423095743019,-41.44852510242255,-29.467930930031375
1743,89,solar,5.415289878845215,5.234455585479736,508.05111191926613,766.3621847319264,609661334.3031193,False,1.0,0.5001954276290786,-53.856015054666074,-19.67749926940675
1744,128,solar,4.856466293334961,4.3844828605651855,227.59948466081204,225.45339841286622,273119381.5929744,False,1.0,0.500127123296418,-53.33090266559215,-29.15533227259459
1745,1697,solar,5.293491363525391,5.694081783294678,454.5205624593364,631.4734274836032,545424674.9512037,False,1.0,0.5000089284019535,-40.51072759654876,-24.49390933988684
1746,263,solar,5.455715656280518,4.454641342163086,608.8869863640231,605.4610107268801,730664383.6368277,False,1.0,0.49996818334840243,-52.396848103568146,-22.37921168377854
1747,14,solar,5.212450981140137,4.423433780670166,434.76880313274285,501.24018736326946,521722563.7592914,False,1.0,0.4999259241946592,-54.349951773560804,-26.449394132361604
1748,482,solar,4.960423469543457,4.303146839141846,322.03140588347827,222.69208144823196,386437687.0601739,False,1.0,0.49989279704769246,-50.1435902530897,-31.804685105020567
1749,494,solar,4.850697994232178,5.26043176651001,149.96549617274277,411.8152050856621,179958595.40729132,False,1.0,0.4998335774736006,-50.34024385554585,-26.403020052838095
1750,179,solar,6.119983673095703,5.263308525085449,951.6987350600633,1230.2624986422277,1142038482.072076,False,1.0,0.49959913627716396,-53.41188563091839,-6.119051491966087
1751,390,solar,5.071530818939209,5.229474067687988,296.7237631284118,538.4861730938284,356068515.7540942,False,1.0,0.49958477792690303,-51.4790134930932,-19.208541219773288
1752,1399,solar,4.8925371170043945,5.24329137802124,206.36265439105293,366.62476853154914,247635185.2692635,False,1.0,0.4995584216707788,-43.04660298496253,-23.804439361656353
1753,1155,solar,4.860535144805908,5.37306547164917,205.25165941256154,299.9930468874461,246301991.29507384,False,1.0,0.49939357214900226,-44.87455843467365,-25.71302090555441
1754,47,solar,5.386934757232666,5.55106782913208,457.6148555208587,840.558306833564,549137826.6250305,False,1.0,0.4993559052115026,-54.31996004680318,-11.544090911134573
1755,603,solar,4.961263179779053,4.533679962158203,315.27383653499345,248.35312071260776,378328603.84199214,False,1.0,0.499350730089805,-49.112130716956834,-31.319131888870697
1756,791,solar,4.83334493637085,4.595789432525635,133.15278306593387,428.4396535214835,159783339.67912066,False,1.0,0.49878874415350427,-47.763197914825454,-27.66325716702377
1757,1761,solar,5.236752033233643,6.123263835906982,398.44686734829173,664.6776158553415,478136240.81795007,False,1.0,0.49851107602557154,-40.207995114865305,-22.69631597075701
1758,2501,solar,5.569289207458496,8.029694557189941,701.9363195143391,643.8212018852929,842323583.4172069,False,1.0,0.49843839901678527,-35.36428156291928,-13.561140687813582
1759,137,solar,5.278675079345703,4.704408168792725,468.5777160954874,585.9430303842777,562293259.3145849,False,1.0,0.4981663126062766,-53.35464956328858,-25.094439650567235
1760,65,solar,4.965883255004883,4.768834590911865,321.9127027309509,256.97369542803017,386295243.2771411,False,1.0,0.4981459833861399,-53.84271058349566,-30.510092100311024
1761,191,solar,4.870683670043945,4.575865745544434,223.55147652428704,292.6140624950947,268261771.82914445,False,1.0,0.4981063441410307,-52.83199756664558,-27.798608216855794
1762,360,solar,6.0787224769592285,5.247593402862549,932.0440782122616,1212.1510422416789,1118452893.854714,False,1.0,0.49763137576105476,-52.05832107271823,-5.663983888276855
1763,207,solar,5.383712291717529,4.951346397399902,508.85239246996935,725.9709677614538,610622870.9639633,False,1.0,0.49761636941191456,-52.89604235592455,-20.577330822652268
1764,1461,solar,4.864058971405029,5.444382190704346,172.2029629072174,415.72737559755296,206643555.48866087,False,1.0,0.4974210050162377,-42.634084195255966,-22.88417118667159
1765,1995,solar,5.6881184577941895,5.309557914733887,712.4044565623525,898.9458595126667,854885347.874823,False,1.0,0.4971512000059529,-37.94626023346952,-25.13011267813303
1766,1779,solar,5.4246745109558105,7.630917549133301,533.1161104745536,763.5851673682731,639739332.5694643,False,1.0,0.4970358450246068,-40.84799168244101,-14.785103877124406
1767,1333,solar,5.123351097106934,5.35910701751709,382.1658653436566,470.9075960512063,458599038.4123879,False,1.0,0.4970253423392822,-43.30349826545383,-26.500475455703175
1768,505,solar,5.142480373382568,5.057994365692139,404.1903187629214,459.75951838931985,485028382.5155057,False,1.0,0.496896453723803,-50.47755290751448,-21.44698832319227
1769,1462,solar,4.834808826446533,5.491580486297607,145.74395099307296,424.4293905488239,174892741.19168755,False,1.0,0.49682908149348964,-42.67096938434965,-22.44140746062222
1770,59,solar,6.175468921661377,5.416772365570068,994.8690335081242,1281.2703808257816,1193842840.209749,False,1.0,0.49672678322192426,-54.31531425258757,-6.119280957495898
1771,382,solar,5.268780708312988,4.773352146148682,502.68291305644146,496.8488821051757,603219495.6677297,False,1.0,0.4966484776658956,-51.41756843133117,-22.817745338685835
1772,1028,solar,5.1559529304504395,4.282536506652832,380.7771216205423,556.987931256593,456932545.94465077,False,1.0,0.4962431994151445,-45.636074045415484,-28.897505849574422
1773,381,solar,5.220800876617432,4.565183639526367,467.46672111699615,489.43616019736993,560960065.3403953,False,1.0,0.49576295601796916,-51.40895009797135,-23.2687726156932
1774,31,solar,5.344664096832275,4.813081741333008,472.0953799493122,761.3918647631633,566514455.9391747,False,1.0,0.495207435995248,-54.331033270269174,-18.773879032015838
1775,2624,solar,5.385676383972168,8.02338695526123,617.6282910015663,487.32332091326833,741153949.2018795,False,1.0,0.4951301838998818,-34.54594758159499,-12.213253797592742
1776,919,solar,4.586940765380859,4.718188762664795,77.58887108149223,63.76824746025825,93106645.29779068,False,1.0,0.49511914369470184,-46.96748300917413,-24.031659848633037
1777,973,solar,4.818958759307861,4.957775592803955,169.2022212392477,352.1270585757813,203042665.48709723,False,1.0,0.4950488518660542,-46.30770026440136,-26.692807696504154
1778,317,solar,5.125408172607422,5.209443092346191,362.09589404328307,552.4585948266424,434515072.8519397,False,1.0,0.4949091831503215,-51.867783213031615,-25.080527455043892
1779,1233,solar,4.980156421661377,6.557787895202637,302.10383182490034,380.1189636149255,362524598.18988043,False,1.0,0.49483006312839983,-44.90085425941103,-17.660599655799118
1780,492,solar,4.699276924133301,4.779409885406494,79.53311229385214,315.5816267461494,95439734.75262257,False,1.0,0.4946563004991923,-50.31111592559555,-27.303676660848673
1781,1529,solar,5.134111404418945,6.293991565704346,335.65572214274414,644.2911773291243,402786866.571293,False,1.0,0.4944457908622075,-42.429490730028824,-19.310900874340817
1782,1533,solar,5.274715900421143,6.741902828216553,477.8760889211524,601.4320356113556,573451306.705383,False,1.0,0.49433704902072617,-42.54891080458697,-17.539964805424454
1783,1826,solar,5.325692653656006,6.4169111251831055,455.5417756013487,772.7515986142051,546650130.7216184,False,1.0,0.4942425211449891,-39.94074336435593,-20.464466684582383
1784,2197,solar,5.7438063621521,7.083800315856934,774.4137366913458,904.3071648010421,929296484.0296149,False,1.0,0.49416960801562637,-37.5370079912707,-15.45261896712771
1785,1279,solar,4.737355709075928,5.318745136260986,135.37477302291666,268.00538804592566,162449727.6275,False,1.0,0.4940111467557083,-44.02551071379283,-23.87009683335128
1786,1647,solar,5.143401622772217,6.236595630645752,341.52909207809915,661.8729791904784,409834910.493719,False,1.0,0.49351361989260417,-41.41054652133134,-20.1314673966363
1787,2005,solar,5.5291242599487305,6.4071044921875,590.2495217281996,897.8943288266942,708299426.0738395,False,1.0,0.4934337755726437,-38.46426623939582,-20.78180704418383
1788,2143,solar,5.301980972290039,8.1029634475708,482.223842521577,664.9003418965111,578668611.0258924,False,1.0,0.49325331170334885,-38.18830922042713,-12.87534815893955
1789,2381,solar,5.50051736831665,8.200194358825684,658.7660210662782,665.4709033814565,790519225.2795339,False,1.0,0.4931054177979267,-36.28582595337944,-13.625391161169405
1790,1830,solar,5.470262050628662,7.095493793487549,551.2422920878048,869.7064218013332,661490750.5053657,False,1.0,0.4930306750060928,-40.09519414293802,-18.71041259459454
1791,2798,solar,5.890328884124756,7.168095588684082,950.8459094719723,803.0051179861988,1141015091.3663666,False,1.0,0.49289600010535783,-32.94181835880178,-14.658976865956689
1792,131,solar,4.9008612632751465,4.257336616516113,264.9414854773232,321.4486504185553,317929782.5727879,False,1.0,0.49283868977411543,-53.3393785597114,-27.80196589188809
1793,2862,solar,5.659770488739014,7.828782558441162,820.7764436090949,623.0915484093575,984931732.3309139,False,1.0,0.4923007313941521,-32.64082613692619,-12.930772769290302
1794,319,solar,5.184474468231201,4.881284713745117,432.52827792217363,539.56670114855,519033933.50660837,False,1.0,0.4922947558468776,-51.88304257282472,-24.178357996330472
1795,1890,solar,5.5295515060424805,6.632777214050293,591.3453083599677,911.1436091868619,709614370.0319612,False,1.0,0.4922266344235107,-39.62264230242327,-18.675673064507208
1796,2856,solar,6.060694694519043,6.978525638580322,1062.2251908757096,911.3698222899015,1274670229.0508516,False,1.0,0.4922225288803684,-32.39083833649149,-15.46261987720141
1797,1842,solar,5.300989627838135,8.054000854492188,419.3988872257146,841.300898380273,503278664.6708575,False,1.0,0.49162263344810236,-40.46383896280633,-13.440413012685054
1798,248,solar,4.659010887145996,5.040764808654785,127.92212191948515,142.88717326567743,153506546.3033822,False,1.0,0.49151641681881847,-52.30317201672103,-29.146260375943633
1799,418,solar,5.867798805236816,5.355555534362793,820.2573473396519,1100.8649216262424,984308816.8075823,False,1.0,0.491357230827886,-51.60295723607132,-6.565769130348687
1800,1541,solar,5.115013599395752,7.627796173095703,356.5739319298522,587.4783750822742,427888718.31582266,False,1.0,0.49135502169522943,-42.74863751248671,-13.995181686480725
1801,686,solar,4.917080402374268,5.298943042755127,263.17187281056806,380.88071729708736,315806247.3726817,False,1.0,0.49133587906191417,-49.04623592395971,-20.960511137857093
1802,2243,solar,5.813241004943848,6.3004841804504395,783.2652531542486,1073.2035119289515,939918303.7850983,False,1.0,0.4912758078699673,-36.450330254444076,-21.467430102239007
1803,904,solar,5.16291618347168,4.918909549713135,450.65400801018717,458.96410114251194,540784809.6122246,False,1.0,0.49123482257811324,-46.52657582605304,-30.746051231305042
1804,1327,solar,5.442080020904541,4.494908809661865,593.4630169803283,723.1096898647,712155620.376394,False,1.0,0.49120859834025515,-43.03630861240844,-29.159811285610456
1805,334,solar,4.8736467361450195,4.9802680015563965,189.6578477692539,472.4685376679539,227589417.32310468,False,1.0,0.49106291507898236,-51.97555490283884,-17.40865977240341
1806,377,solar,5.042284965515137,4.915327548980713,326.601953359215,510.1994981838738,391922344.03105795,False,1.0,0.49057933023203004,-51.372257908273596,-25.072587113933945
1807,257,solar,5.142868995666504,4.647663593292236,397.5898347273513,559.3896176046313,477107801.6728215,False,1.0,0.4903110841909563,-52.36336576791768,-25.08681792911268
1808,1598,solar,5.294857025146484,7.1418776512146,513.4614536267518,610.162252341672,616153744.3521022,False,1.0,0.4900562828191794,-42.21472839676343,-15.301288914744338
1809,1581,solar,4.96355676651001,5.384793281555176,257.48063752500224,515.1854847532039,308976765.0300027,False,1.0,0.4900412480838068,-41.66287383589031,-22.813022571776163
1810,261,solar,5.313453197479248,4.492053985595703,538.4546024851323,589.0338886936648,646145522.9821588,False,1.0,0.4900324520267506,-52.38623802261735,-23.28185678207677
1811,1596,solar,5.396814346313477,7.049770355224609,603.6630352753313,613.5514544439118,724395642.3303975,False,1.0,0.4898251480464537,-42.16289993162599,-16.186057875312255
1812,544,solar,4.798452854156494,5.0351786613464355,246.46935274780793,178.56516416624646,295763223.29736954,False,1.0,0.48968434751673195,-49.657572305527125,-30.888340147783932
1813,1210,solar,5.154392719268799,4.682500839233398,416.8265597938562,545.1916735592259,500191871.75262743,False,1.0,0.4896276473616513,-44.18632346965798,-27.9054899203112
1814,1658,solar,5.338635444641113,7.140401363372803,535.0466028507824,660.1090724832138,642055923.4209388,False,1.0,0.48953240355113414,-41.749901394993316,-15.27681371625762
1815,135,solar,5.108921527862549,4.7109246253967285,398.1453322165969,493.28413197254844,477774398.6599163,False,1.0,0.4894189629728102,-53.349798372620405,-25.99706282857722
1816,1885,solar,5.351419925689697,6.7176127433776855,491.6829055744275,802.2639172117707,590019486.6893129,False,1.0,0.48918371191193744,-39.42084302570265,-20.863581523383854
1817,2195,solar,5.854021072387695,6.977566242218018,864.6153183399254,997.6081762918501,1037538382.0079104,False,1.0,0.4882083655822182,-37.464388030520205,-16.320042610725576
1818,788,solar,4.8632707595825195,4.554251670837402,238.80135888426977,362.0228400385932,286561630.66112375,False,1.0,0.48813305850363997,-47.68381411409529,-29.008630290413564
1819,2622,solar,5.4864702224731445,8.14273452758789,702.1496761811521,587.3113690367217,842579611.4173826,False,1.0,0.48809283520126673,-34.47869431301989,-13.067369524792854
1820,244,solar,4.775967121124268,4.812961101531982,248.6780693942117,142.88717326567743,298413683.273054,False,1.0,0.4880714928267165,-52.27213983673604,-30.949638381352237
1821,323,solar,5.326359748840332,4.8899617195129395,573.393045679955,557.1143975432673,688071654.815946,False,1.0,0.48784586771916805,-51.911388091758155,-22.373676537049594
1822,595,solar,5.535947322845459,5.9888739585876465,620.1995271946912,911.5715745044264,744239432.6336294,False,1.0,0.4875093482679291,-50.235470756612344,-7.910868924123335
1823,2007,solar,5.536397933959961,6.4432501792907715,613.6524875973877,930.5032720092789,736382985.1168652,False,1.0,0.48739461782392923,-38.55323110983316,-19.910659148238377
1824,74,solar,5.0880560874938965,4.693297386169434,398.42308096121974,472.7953892985189,478107697.15346366,False,1.0,0.4872685030071922,-53.8486158906897,-26.44974243987066
1825,1029,solar,5.063447952270508,4.78326940536499,345.56092968109704,555.4661599585929,414673115.6173164,False,1.0,0.48691062447698696,-45.6717031622434,-28.451130484844555
1826,372,solar,4.728355884552002,4.5937180519104,150.52099366198848,300.00708943590126,180625192.39438617,False,1.0,0.4867738436804745,-51.321129427630005,-27.32665801179176
1827,2678,solar,5.794550895690918,7.776020050048828,902.0964705886137,789.4067410165294,1082515764.7063365,False,1.0,0.48667919386441494,-33.86661196648398,-14.736571845958759
1828,1884,solar,5.323545455932617,5.691391944885254,484.9377700458736,788.2362184774039,581925324.0550483,False,1.0,0.486678461646639,-39.37720221115848,-21.300857800079807
1829,422,solar,4.868852138519287,4.946452617645264,314.52019719889427,205.6647962724137,377424236.6386731,False,1.0,0.4863743054698787,-50.671367635378786,-31.81956507000896
1830,1998,solar,5.529102325439453,5.887722015380859,638.186827019362,868.928552043388,765824192.4232343,False,1.0,0.4860690479240758,-38.115003421179544,-23.827023638045524
1831,1695,solar,5.308656215667725,5.275702953338623,524.6971255691748,662.6738082473571,629636550.6830097,False,1.0,0.48604788104808444,-40.41300947772066,-25.371942194820384
1832,667,solar,4.762063026428223,4.54759407043457,203.02966945557876,252.92889768008652,243635603.3466945,False,1.0,0.4859790264612429,-48.68591511379569,-29.50195238532506
1833,1585,solar,4.95581579208374,5.92866849899292,250.2918975286029,569.7897074027072,300350277.03432345,False,1.0,0.48572878368492134,-41.816434924274716,-21.047539294432173
1834,2188,solar,5.774149417877197,6.348617076873779,771.7644988925665,1088.3600715200548,926117398.6710798,False,1.0,0.48538216093635367,-37.173899335392434,-19.352751698766856
1835,2436,solar,5.839850902557373,7.038003921508789,905.8551244117573,898.5016384830957,1087026149.2941086,False,1.0,0.48528631608694595,-35.64064031757125,-15.742912049335025
1836,2315,solar,5.872284889221191,7.300113677978516,907.7856167879862,967.9237005849387,1089342740.1455834,False,1.0,0.48513927773635024,-36.53192739778676,-16.247886435423943
1837,1834,solar,5.562581539154053,7.66290283203125,689.2034377120065,827.2707258725912,827044125.2544078,False,1.0,0.485100201426042,-40.233400417769815,-16.954951403249332
1838,1816,solar,5.381275177001953,5.066396236419678,562.7112235841417,740.9685997102962,675253468.3009701,False,1.0,0.4850979802936781,-39.4779171107945,-24.842366059800472
1839,1696,solar,5.254858016967773,5.686985015869141,489.4809336297295,645.3275392213417,587377120.3556755,False,1.0,0.4849167185847363,-40.46244427535409,-24.932982700063075
1840,304,solar,4.719188690185547,4.398416519165039,227.2048725861542,112.74084884294729,272645847.10338503,False,1.0,0.4846567899884284,-51.74898261151511,-30.94159009398827
1841,1209,solar,5.1866135597229,4.594339370727539,452.04275173330143,591.5428168593482,542451302.0799617,False,1.0,0.4845685878996058,-44.145342807014025,-28.350072591630887
1842,12,solar,5.026684284210205,4.678962707519531,376.5133047291982,425.72494104523105,451815965.6750378,False,1.0,0.48447625029886365,-54.35274466595294,-27.351888098463746
1843,1472,solar,5.128921031951904,6.999405384063721,407.1665458072999,576.9299668082955,488599854.96875983,False,1.0,0.4844720702129215,-42.99157257433667,-18.009699751507608
1844,2125,solar,5.631565093994141,6.187673568725586,689.2292188863046,994.3847638707585,827075062.6635655,False,1.0,0.4840512958352769,-37.50870842858161,-20.6955260232982
1845,9,solar,4.9292168617248535,4.949627876281738,329.1956915408199,337.2561718159735,395034829.8489839,False,1.0,0.48367067712032136,-54.357185634052584,-28.705409019415647
1846,11,solar,4.981783390045166,4.210259914398193,354.4452663930134,392.0991270431056,425334319.6716161,False,1.0,0.48358802535674283,-54.35419084843265,-27.803091396754137
1847,120,solar,6.1333465576171875,5.247164726257324,1018.3846751083834,1298.2781272283846,1222061610.13006,False,1.0,0.48306862878585055,-53.86371017000426,-5.667220649347418
1848,1515,solar,5.110378265380859,5.040041923522949,418.2153035169704,527.0259261348609,501858364.22036445,False,1.0,0.48292038487348754,-41.89738741186214,-25.499483826207573
1849,607,solar,4.68062686920166,4.654391765594482,167.53572877151066,204.1550209220707,201042874.5258128,False,1.0,0.48247368409532493,-49.20113181156632,-29.521498195659312
1850,2440,solar,5.5316667556762695,7.645216464996338,725.4519611145984,701.7150020977914,870542353.337518,False,1.0,0.4823079954121574,-35.79051455170279,-14.023663342180885
1851,1394,solar,5.041995048522949,5.076517105102539,382.4436140882794,472.07884637921006,458932336.9059353,False,1.0,0.4823039698257118,-42.846709914581744,-26.019820639908012
1852,848,solar,4.892140865325928,4.601308345794678,274.29529956833784,410.3099943013591,329154359.4820054,False,1.0,0.4822625297495405,-47.17148106302172,-28.983684915451718
1853,6,solar,4.921918869018555,4.323459625244141,346.37745021865265,302.06245286027433,415652940.26238316,False,1.0,0.48171468139413404,-54.36194330862348,-30.058658427734375
1854,1656,solar,5.397756099700928,7.475793361663818,625.2481844993617,663.2430931734053,750297821.399234,False,1.0,0.48164942434954033,-41.69614953578512,-16.160094408714432
1855,539,solar,5.821847438812256,6.460951805114746,822.1878397158807,1117.6859558558199,986625407.6590569,False,1.0,0.48138841168247126,-50.701640038241166,-6.109260171691267
1856,1770,solar,5.343130588531494,6.915578365325928,512.8809369172227,829.2139914900713,615457124.3006673,False,1.0,0.481256241619624,-40.56793026301984,-18.744111899164835
1857,671,solar,4.620232105255127,4.938000679016113,62.16490169779756,352.0980364638003,74597882.03735708,False,1.0,0.4810793897985765,-48.77582302630328,-27.70500890403704
1858,76,solar,5.171839237213135,4.692052364349365,468.85546484011036,559.9423900205611,562626557.8081324,False,1.0,0.48105997583564425,-53.84976831112484,-25.547120607095053
1859,1390,solar,5.258031845092773,5.266449928283691,523.3083818460606,619.3659743940224,627970058.2152727,False,1.0,0.480733662327954,-42.66906797360216,-27.7905055255891
1860,370,solar,4.570374965667725,4.931305885314941,80.08860978309792,200.01063399679742,96106331.73971751,False,1.0,0.4807233627397489,-51.298938348228695,-28.22805805848712
1861,424,solar,4.682127475738525,4.938732147216797,214.90602128699643,110.89638599058772,257887225.54439571,False,1.0,0.48065113735705167,-50.70298827041832,-30.9191663031953
1862,1216,solar,4.7528181076049805,5.006850719451904,205.5294081571844,293.4285285394265,246635289.78862128,False,1.0,0.4805710355876517,-44.41331783746135,-25.236323910717207
1863,1090,solar,5.008782386779785,5.167912483215332,345.8386784257198,514.4386533291845,415006414.1108638,False,1.0,0.4803531400968931,-45.19949166591298,-27.973398535962797
1864,268,solar,5.186122417449951,4.943922519683838,438.14284935611687,679.8696528724018,525771419.2273402,False,1.0,0.4802064033718916,-52.42108985716777,-20.12214641660636
1865,2924,solar,5.521992206573486,7.25407600402832,787.2670824589243,551.4703627396167,944720498.9507091,False,1.0,0.480135172478133,-32.25547947841615,-12.05265450089663
1866,1215,solar,4.806314468383789,5.338280200958252,240.7456000966297,329.832146129506,288894720.11595565,False,1.0,0.4801201343588055,-44.37766009388776,-25.681375368264547
1867,2799,solar,5.747869968414307,7.084582328796387,908.7536589206624,754.0503345036743,1090504390.704795,False,1.0,0.47980846645100417,-32.98339660087383,-14.2358650810522
1868,2504,solar,5.246171474456787,8.029389381408691,566.6875722427367,495.81226523377285,680025086.6912841,False,1.0,0.4797533142023691,-35.46283746107967,-12.273569844129934
1869,1653,solar,5.314246654510498,7.071593284606934,548.1849917596534,695.4225479833052,657821990.1115841,False,1.0,0.4796788872622429,-41.609043224206076,-17.484531901621125
1870,2061,solar,5.51843786239624,5.464686393737793,642.5464588380437,914.2009709123333,771055750.6056525,False,1.0,0.4796484347362048,-37.788875382784866,-22.476175092856476
1871,2322,solar,5.333954811096191,8.204766273498535,592.0800810179582,635.0583456073624,710496097.2215497,False,1.0,0.4791819584122719,-36.77859000266547,-13.224288458176227
1872,1815,solar,5.392125129699707,5.012005805969238,595.8661614242876,756.1239376029698,715039393.7091452,False,1.0,0.47912889024274763,-39.42517912660401,-25.27951163388553
1873,67,solar,4.815716743469238,4.370943546295166,284.4106744110024,256.97369542803017,341292809.2932029,False,1.0,0.47882560139810065,-53.84413015525872,-29.608003574220263
1874,1330,solar,5.1948394775390625,4.711483955383301,487.8144411619925,591.4565020333063,585377329.394391,False,1.0,0.47882300150251594,-43.17446727469049,-27.83056322130685
1875,8,solar,4.8909077644348145,4.761336803436279,327.4736349072255,318.1850490327373,392968361.8886706,False,1.0,0.47868624679796123,-54.35873547561605,-29.15652272417305
1876,547,solar,4.596690654754639,5.0186591148376465,132.04178808744248,156.15863041701712,158450145.704931,False,1.0,0.47845822822201944,-49.71653601746324,-29.539073195063573
1877,1516,solar,5.033514976501465,5.241512775421143,382.99911157752507,505.04196217613946,459598933.8930301,False,1.0,0.47802997257301183,-41.94175619317951,-25.058016989053026
1878,2255,solar,5.813853740692139,7.125638961791992,886.2004675639558,981.6054104268153,1063440561.0767471,False,1.0,0.47793708129177037,-36.99807641852374,-16.28438031445249
1879,1828,solar,5.2988176345825195,6.8153815269470215,495.6744768011796,816.5581097764225,594809372.1614155,False,1.0,0.47780993793596843,-40.020047754400586,-19.587625386496367
1880,503,solar,5.085621356964111,5.453230381011963,466.9112236277504,414.4354005979036,560293468.3533005,False,1.0,0.47767720002003994,-50.45530840263977,-22.34837177055562
1881,251,solar,4.703845977783203,4.597639560699463,186.29268309067947,270.03100615273,223551219.70881537,False,1.0,0.4775616114331392,-52.32465639748943,-27.79338888083511
1882,2495,solar,5.889146327972412,7.640974998474121,972.5410644600776,941.7311799439259,1167049277.352093,False,1.0,0.47717887119319136,-35.13448363987125,-16.13354033426053
1883,435,solar,4.822112083435059,5.193297386169434,220.6756287962562,452.5461395546021,264810754.55550745,False,1.0,0.47716457306241017,-50.853370693273575,-25.964329809164308
1884,545,solar,4.66876745223999,4.6048760414123535,204.64106042925792,156.15863041701712,245569272.5151095,False,1.0,0.47670269088144046,-49.67767199586652,-30.43862704813452
1885,1892,solar,5.507900238037109,7.110863208770752,654.1132557542605,901.0939353615295,784935906.9051126,False,1.0,0.4764755215922099,-39.695952089185305,-17.79984658299286
1886,504,solar,5.054450988769531,4.765392780303955,439.7454104575235,434.8192245165364,527694492.5490282,False,1.0,0.475947487633517,-50.466574444865685,-21.89769506072725
1887,182,solar,4.879513263702393,4.608955383300781,360.2747100880084,251.24288959069702,432329652.10561013,False,1.0,0.4753870314665016,-52.78379750618129,-31.857275181321175
1888,1521,solar,4.809220314025879,5.359747409820557,213.24884423403805,465.4274027824439,255898613.08084565,False,1.0,0.47532296781537203,-42.14835535209652,-22.84927177150625
1889,146,solar,5.348123550415039,4.435924053192139,579.5619355838219,748.9521832884272,695474322.7005862,False,1.0,0.4751163930229278,-53.3737467047185,-21.031309745371136
1890,786,solar,4.863473892211914,4.943511009216309,309.23374276316036,347.93754713972567,371080491.31579244,False,1.0,0.4750715702809756,-47.62779543253264,-29.905279898009677
1891,200,solar,5.2515974044799805,4.371118068695068,538.7323512297553,637.0686374713333,646478821.4757063,False,1.0,0.47504621544899384,-52.87110116315585,-23.737495586414266
1892,64,solar,4.873443126678467,4.784526348114014,349.99566627296656,271.17426157719694,419994799.5275599,False,1.0,0.47477810100251017,-53.841976352755104,-30.96108961775282
1893,2736,solar,5.898217678070068,7.396707057952881,1013.8996275863747,893.834848409389,1216679553.1036496,False,1.0,0.47428953637683435,-33.31850466489673,-15.546307364421168
1894,495,solar,4.768932819366455,4.649174690246582,185.18168811218808,460.5342149501446,222218025.7346257,False,1.0,0.47416908314888717,-50.35430148594045,-25.95263828712998
1895,911,solar,4.787013053894043,4.552063465118408,204.14066443407015,453.40703066981087,244968797.32088417,False,1.0,0.4741491338725292,-46.75140398207023,-27.61428525623181
1896,2057,solar,5.5589447021484375,5.138239860534668,704.6390540532952,925.4832187864803,845566864.8639543,False,1.0,0.47345625686307546,-37.57101493523129,-24.210986586363116
1897,2183,solar,5.634799480438232,5.796706676483154,733.268878151569,1023.7052122447419,879922653.7818828,False,1.0,0.473383770399181,-36.9299561249244,-21.515404882955217
1898,1634,solar,5.226768970489502,5.603931903839111,524.419376824552,638.7739059769548,629303252.1894624,False,1.0,0.47335376216442077,-40.85856955377313,-25.855666977858025
1899,1690,solar,5.4923272132873535,4.718747615814209,700.7780852664013,792.2002855559754,840933702.3196815,False,1.0,0.47299108981154636,-40.14791557976046,-27.564934326992365
1900,1758,solar,5.168376922607422,5.573823928833008,462.598735026942,670.7183930666351,555118482.0323304,False,1.0,0.4728217730823049,-40.068646120118295,-24.01189973660711
1901,1760,solar,5.11069917678833,5.998330116271973,414.9367027422622,662.9368569318827,497924043.2907146,False,1.0,0.47274290577077716,-40.16267136739404,-23.13495350431596
1902,2008,solar,5.481223106384277,6.494185447692871,630.9966833126056,950.3406736325617,757196019.9751266,False,1.0,0.47241843040160575,-38.595986003948475,-19.474919531663495
1903,1036,solar,4.550415992736816,5.123255729675293,99.04758610497996,211.47116125388308,118857103.32597595,False,1.0,0.4724000149194115,-45.89939366780492,-25.32464401428477
1904,1715,solar,5.402789115905762,6.939581394195557,654.449626568108,719.6604203150274,785339551.8817296,False,1.0,0.4721287324406309,-41.200357674688746,-16.573984565367116
1905,2138,solar,5.533189296722412,7.349346160888672,707.7277966430258,879.3287368150362,849273355.971631,False,1.0,0.4719200170087069,-38.0354006634121,-15.050676359188085
1906,1154,solar,4.7635498046875,4.6711578369140625,240.46785135200682,343.05214099375064,288561421.6224082,False,1.0,0.47145686208209675,-44.839869644460066,-26.1586275534596
1907,2252,solar,5.8562726974487305,7.119541168212891,898.7721658753179,1125.710939548859,1078526599.0503814,False,1.0,0.47144084663300884,-36.87768249795087,-17.581752957473803
1908,1772,solar,5.35544490814209,7.349238395690918,582.938802903552,806.2743041678525,699526563.4842623,False,1.0,0.471149529961663,-40.636775388787,-17.864860913559873
1909,1750,solar,5.539317607879639,4.6141533851623535,736.2720259504696,831.4894520524907,883526431.1405635,False,1.0,0.47108746516704714,-39.644945780020414,-27.5148883365118
1910,967,solar,4.986745357513428,4.846166133880615,380.49937287591945,500.4416058358123,456599247.4511033,False,1.0,0.47052704803449263,-46.1133184164198,-29.374979401314807
1911,2435,solar,5.829010009765625,6.828474998474121,950.9559152360471,947.908490785758,1141147098.2832565,False,1.0,0.4702729652053749,-35.60012834615661,-16.172453758184712
1912,1338,solar,4.711597919464111,5.537500858306885,206.0849056464301,329.1037035963168,247301886.7757161,False,1.0,0.47021563582113174,-43.49946930129263,-24.28194046518744
1913,665,solar,4.752460479736328,4.183568954467773,273.4620533344694,252.92889768008652,328154464.0013633,False,1.0,0.4700319347411578,-48.63779840937723,-30.400142723223187
1914,2919,solar,5.7690205574035645,7.490235805511475,967.5552252522024,781.1825162628733,1161066270.3026428,False,1.0,0.46954341484018575,-32.06071708049596,-14.158056627665799
1915,1775,solar,5.447865962982178,7.092097759246826,689.6040779873583,768.9974863157802,827524893.58483,False,1.0,0.4691453237485144,-40.73286057929282,-16.545395912526683
1916,1456,solar,4.923274993896484,5.61927604675293,347.5051708934569,459.6454798202009,417006205.0721483,False,1.0,0.46909489502094903,-42.435492659603185,-25.09672641888634
1917,80,solar,5.34316349029541,4.412909030914307,609.7202325978915,737.0682573347033,731664279.1174698,False,1.0,0.46908893690174946,-53.85191301119416,-23.741545899363466
1918,2132,solar,5.731912136077881,7.320485591888428,813.1106861221004,1093.5055253236148,975732823.3465205,False,1.0,0.4690527941124522,-37.81637426373717,-17.658192722061433
1919,2732,solar,6.160703182220459,6.278738498687744,1194.1840338290685,1092.6307639906263,1433020840.5948822,False,1.0,0.4689458414947521,-33.13086298958475,-17.24107867290051
1920,1031,solar,4.83901309967041,5.115060329437256,275.1285458022064,456.2507735226097,330154254.9626477,False,1.0,0.4688952186479083,-45.74056809222308,-27.558173960654806
1921,2166,solar,6.14537239074707,5.2592854499816895,1125.5943784967276,1232.3491376188647,1350713254.196073,False,1.0,0.46885248885197434,-35.84228934321897,-28.83964432508628
1922,1959,solar,5.404649257659912,8.275140762329102,597.8715581466447,912.9076338824176,717445869.7759737,False,1.0,0.4683961610881633,-39.45752315761756,-14.704002759358813
1923,2377,solar,5.652565002441406,7.48999547958374,839.1691843634371,858.9253596413578,1007003021.2361245,False,1.0,0.46838592098750287,-36.143973044769055,-15.349254085704946
1924,1713,solar,5.30903959274292,6.704874515533447,583.3394431789037,743.0064156086266,700007331.8146844,False,1.0,0.4678298979352026,-41.13932292300075,-17.455316355987154
1925,2439,solar,5.5236029624938965,7.751695156097412,770.5527519388883,750.7524603463045,924663302.3266659,False,1.0,0.4678216574964075,-35.7548495115725,-14.453630873936188
1926,2861,solar,5.586505889892578,7.686019420623779,858.4571633701268,670.42403764043,1030148596.0441521,False,1.0,0.46777208119175206,-32.60255999751848,-13.353060546792221
1927,2560,solar,5.493078708648682,8.103646278381348,768.6222595626592,688.5188166773619,922346711.4751911,False,1.0,0.4677343789445313,-34.867699230214065,-13.955941221723053
1928,445,solar,5.037989616394043,5.253328323364258,439.34477018217177,502.57874836685727,527213724.2186061,False,1.0,0.4676471819193967,-50.95981971432013,-21.456432146786753
1929,1824,solar,5.1387410163879395,6.5170979499816895,435.13610707907935,739.9479168698125,522163328.4948952,False,1.0,0.4675104396532491,-39.857175824074695,-21.340916108702515
1930,2187,solar,5.650529861450195,6.859670639038086,757.6496571198642,1071.081970970813,909179588.543837,False,1.0,0.4674776717973169,-37.12761769387382,-19.785537900542636
1931,21,solar,5.435956001281738,5.223459720611572,680.4303652214049,788.5348795527381,816516438.2656859,False,1.0,0.4672987595094524,-54.341164906277506,-23.28978382552184
1932,927,solar,4.5699028968811035,5.6192779541015625,86.9989754389643,350.0783388150296,104398770.52675715,False,1.0,0.46721062416699977,-47.14507802908773,-20.445856875379114
1933,1936,solar,5.41212272644043,5.799535274505615,642.8735018756171,837.6283774059962,771448202.2507405,False,1.0,0.466680220275958,-38.494822254494274,-24.746100105316156
1934,2204,solar,5.094523906707764,8.276705741882324,458.7082009213176,595.1422187024015,550449841.1055812,False,1.0,0.46643977076129056,-37.756725797220135,-12.413868101963113
1935,1958,solar,5.443076133728027,7.986283302307129,642.9723489709345,909.9307965634436,771566818.7651213,False,1.0,0.4664070456936574,-39.42743527462838,-15.141651954984896
1936,1269,solar,5.133810997009277,5.161816596984863,487.5366924173695,611.3234173638981,585044030.9008434,False,1.0,0.46635562505394323,-43.637218767898126,-28.312793249153533
1937,2438,solar,5.588153839111328,7.401241302490234,815.653542763178,799.9091006251618,978784251.3158137,False,1.0,0.4663314879780298,-35.717989433258964,-14.883497124638277
1938,1942,solar,5.281463623046875,5.860707759857178,536.4801695459951,818.8330959837331,643776203.4551941,False,1.0,0.4662766452430618,-38.804098610815934,-22.13197854727942
1939,2015,solar,5.644797325134277,7.276129722595215,799.8598706678342,967.0269838675317,959831844.801401,False,1.0,0.46626759527057743,-38.86426840918174,-16.421918926208644
1940,1820,solar,5.148813724517822,5.808327674865723,461.51237948266237,712.9366680977394,553814855.3791949,False,1.0,0.4661523015494238,-39.676795182464204,-23.092554856217056
1941,256,solar,4.944931983947754,4.549037933349609,362.3736427879059,510.3104391288265,434848371.3454871,False,1.0,0.4659081118333455,-52.35729090066807,-25.537987279692675
1942,2139,solar,5.428755283355713,7.735837936401367,662.6270058187359,834.8614944059891,795152406.9824831,False,1.0,0.46589088463462813,-38.06808883549941,-14.615771961970864
1943,727,solar,4.711430549621582,4.590476036071777,238.52361013964685,302.10392581963623,286228332.1675762,False,1.0,0.4657979177652287,-48.170905401664015,-29.48044405096731
1944,1898,solar,5.392045021057129,8.057262420654297,621.3871997469041,859.9581624373338,745664639.6962849,False,1.0,0.4656339937154646,-39.891695514225944,-15.170357462731436
1945,1957,solar,5.4891157150268555,8.103614807128906,688.073139795224,909.6965214116032,825687767.7542689,False,1.0,0.4655615152115575,-39.39635857678344,-15.579225363195004
1946,2004,solar,5.359583377838135,5.78807258605957,584.6426764129708,885.3830634243701,701571211.695565,False,1.0,0.4652036993710865,-38.41802710861953,-21.217209330161843
1947,1654,solar,5.26527738571167,7.4425950050354,583.7400834542553,681.203944285266,700488100.1451064,False,1.0,0.46486616656036706,-41.63895462493652,-17.043119836801257
1948,1091,solar,4.860383033752441,5.060427665710449,310.62248648627457,465.787703551266,372746983.78352946,False,1.0,0.46478832547221044,-45.235548084530585,-27.527469366174756
1949,194,solar,4.861944198608398,4.639176368713379,327.43519959308355,427.9287201975151,392922239.5117003,False,1.0,0.46470730346314865,-52.84597314384329,-26.445163469043766
1950,1955,solar,5.588667392730713,7.27457857131958,778.2747214438036,917.4394661970614,933929665.7325643,False,1.0,0.4645504356723083,-39.33119982723561,-16.454134892154954
1951,1153,solar,4.7845587730407715,4.585561275482178,275.68404329145216,387.78049809135445,330820851.9497426,False,1.0,0.46451980253755787,-44.804358425546084,-26.604163181008943
1952,85,solar,5.380861282348633,5.300765037536621,650.2714786976744,777.7048924061764,780325774.4372092,False,1.0,0.46439134548016736,-53.854310254891324,-21.483987376880425
1953,1454,solar,4.999136447906494,4.809926986694336,417.9375547723475,511.51916253285,501525065.72681695,False,1.0,0.46429573042179106,-42.34917470304303,-25.98112083604477
1954,963,solar,5.1187920570373535,4.6279988288879395,521.3641406337007,520.0401915732346,625636968.7604408,False,1.0,0.4641515721922985,-45.968239463926174,-31.161769164524163
1955,626,solar,4.819065570831299,5.539122581481934,298.3263242298184,413.85589807221714,357991589.07578206,False,1.0,0.46403577232996696,-49.526829148540855,-20.973763775442745
1956,2196,solar,5.6460862159729,7.211881637573242,819.5145275156357,950.7874425219472,983417433.0187628,False,1.0,0.4638303104307378,-37.501258635099745,-15.88637864655941
1957,2198,solar,5.50223445892334,7.291255950927734,729.3129458670562,858.2226609473634,875175535.0404675,False,1.0,0.4637079250550926,-37.57164698996456,-15.018766560033319
1958,601,solar,4.892305850982666,4.875218868255615,402.6610838709375,318.87187484582444,483193300.645125,False,1.0,0.46369385075725295,-49.064544304531076,-32.21766944384081
1959,235,solar,5.600916862487793,5.216311454772949,749.7104225388738,1032.1272475293724,899652507.0466485,False,1.0,0.463318754614363,-52.956148079423826,-7.926532112827948
1960,1272,solar,4.937834739685059,4.505342483520508,381.8881165990337,480.2598159733193,458265739.91884047,False,1.0,0.46310449776480916,-43.76334181785435,-26.98084177407204
1961,1963,solar,5.102165222167969,8.428048133850098,417.46839484948566,762.9620826289865,500962073.8193828,False,1.0,0.4626830845638028,-39.56816725656657,-12.952696727176168
1962,2137,solar,5.551135063171387,7.542064666748047,752.8285874673154,924.3615850605506,903394304.9607785,False,1.0,0.4624132341060994,-38.00163994421629,-15.48549457605576
1963,497,solar,4.762640953063965,5.163114547729492,255.61407199107862,415.80086679351865,306736886.3892943,False,1.0,0.4624016376718417,-50.38143179457873,-25.05177049057908
1964,726,solar,4.730069160461426,4.5941853523254395,273.7398020790922,297.93754713972567,328487762.49491066,False,1.0,0.4623566530640717,-48.14484413307491,-29.929170226967475
1965,2133,solar,5.720670223236084,7.288215637207031,841.2707214107713,1082.210990232259,1009524865.6929256,False,1.0,0.46225660884666125,-37.85565989047983,-17.22384853039074
1966,359,solar,5.80935525894165,5.572880268096924,886.943287387972,1165.7117378414687,1064331944.8655664,False,1.0,0.4622198322843694,-52.056750518527544,-6.115859391281755
1967,1631,solar,5.3208794593811035,5.057407379150391,630.0679526428879,721.8718256974736,756081543.1714655,False,1.0,0.4622059666910579,-40.704924556398936,-27.17411697171586
1968,188,solar,4.568185806274414,4.985011100769043,177.7154955177669,181.99722407191587,213258594.62132028,False,1.0,0.4620551122417777,-52.8170147705362,-29.15178085299451
1969,2854,solar,6.0332746505737305,6.594197750091553,1148.85674391837,1008.9824468614796,1378628092.702044,False,1.0,0.46198551164241797,-32.2964100142387,-16.30548507207667
1970,362,solar,4.730121612548828,4.648294925689697,314.8677222529695,200.01063399679742,377841266.7035634,False,1.0,0.46190998014684814,-51.19930171453542,-31.832269150695094
1971,1757,solar,5.142908096313477,4.945625305175781,492.3516536292735,680.1118334931924,590821984.3551283,False,1.0,0.4614969573294347,-40.01991158556972,-24.450202987405195
1972,1896,solar,5.471678733825684,7.806358814239502,711.5887813954836,862.3661949602231,853906537.6745803,False,1.0,0.4614832357262569,-39.83039339923282,-16.04716915820561
1973,2859,solar,5.682791709899902,7.59583044052124,937.2823284673973,766.1063994902722,1124738794.1608768,False,1.0,0.46142317212769657,-32.52198389360431,-14.197273089350762
1974,782,solar,4.968529224395752,4.128812789916992,450.09851052094155,401.32348138329615,540118212.6251298,False,1.0,0.4611527360128717,-47.50790178362827,-31.697907474294322
1975,1213,solar,4.815321922302246,5.146478176116943,311.1779839755203,411.2993206164597,373413580.77062434,False,1.0,0.46097423395787485,-44.30377808078383,-26.571254669960954
1976,2180,solar,5.579721927642822,5.4015889167785645,750.2805683306215,1012.935926579663,900336681.9967457,False,1.0,0.4609461902970467,-36.76809331491885,-22.811365057330317
1977,1691,solar,5.369831085205078,5.316530227661133,665.5618933269561,761.5066310777511,798674271.9923474,False,1.0,0.46062589731723275,-40.20338831665971,-27.126586141645106
1978,1022,solar,5.206254482269287,4.326794147491455,592.074273257214,583.2971417429535,710489127.9086568,False,1.0,0.46046140546448255,-45.40460290275202,-31.574229622797287
1979,679,solar,4.633214473724365,5.053723335266113,219.5646338177648,242.67823063847962,263477560.58131775,False,1.0,0.4603833317211843,-48.93231930047304,-24.10903416597118
1980,2739,solar,5.604146957397461,7.641600131988525,882.1384596230442,745.1609212715449,1058566151.5476531,False,1.0,0.4601557797613105,-33.44495375734682,-14.273820467445677
1981,1575,solar,5.041231155395508,5.531932830810547,453.70924420103853,571.4453108197583,544451093.0412463,False,1.0,0.4598044975878171,-41.402257421941286,-25.458472843700687
1982,5,solar,4.823028564453125,4.519464015960693,365.8504014625205,306.172705230178,439020481.7550246,False,1.0,0.4597397741428583,-54.36360266667052,-30.509679852195788
1983,1817,solar,5.19838809967041,5.084082126617432,532.1948515014108,728.9345118027094,638633821.801693,False,1.0,0.45947094116673204,-39.529429665676496,-24.405094619442274
1984,2018,solar,5.433091163635254,7.377359867095947,664.557498194965,928.2051554688953,797468997.833958,False,1.0,0.4587932920080569,-38.96329750916211,-15.112129690256776
1985,2066,solar,5.42776346206665,6.037872314453125,648.693414372725,960.3742494044387,778432097.24727,False,1.0,0.4584642938824955,-38.032669358991036,-20.304674442755662
1986,139,solar,5.178153038024902,5.097382068634033,539.010099974378,680.6829179992037,646812119.9692537,False,1.0,0.4583388251798537,-53.359271909151374,-24.191705815323974
1987,605,solar,4.623570442199707,4.16866397857666,237.9681126504012,204.1550209220707,285561735.18048143,False,1.0,0.45802731686080206,-49.157633502068165,-30.42040635851615
1988,81,solar,5.318643093109131,4.9193596839904785,644.9364245373368,738.6343294965606,773923709.4448042,False,1.0,0.4574580109113489,-53.852417037541855,-23.29008537735666
1989,2615,solar,5.825567245483398,6.772345542907715,1015.7113629081384,937.2896201432459,1218853635.4897661,False,1.0,0.45742727113227283,-34.20371632289684,-16.053384026008462
1990,17,solar,5.146702289581299,5.016968250274658,539.5655974636238,627.4884265290998,647478716.9563485,False,1.0,0.45685868841452365,-54.34600282934763,-25.095439789962658
1991,239,solar,5.845627307891846,5.115931034088135,930.1135858360328,1207.059165475083,1116136303.0032394,False,1.0,0.45668084695049715,-52.960172246970735,-6.118366923371847
1992,1642,solar,4.838233470916748,5.431141376495361,289.31803720206744,571.4197729168927,347181644.6424809,False,1.0,0.45665517343017636,-41.218968902289454,-22.335001827800667
1993,1773,solar,5.30679178237915,7.115656852722168,618.493894598154,790.8884542257308,742192673.5177848,False,1.0,0.45648702123415263,-40.66975080420504,-17.425115459902862
1994,1710,solar,5.145016193389893,6.973971843719482,476.67416809509746,789.8116403569358,572009001.7141169,False,1.0,0.4562457134698911,-41.040845813856244,-18.776758781602496
1995,1655,solar,5.251552104949951,7.182918071746826,619.2951751488575,670.4215891332967,743154210.178629,False,1.0,0.4560903405815945,-41.66798694069074,-16.601640010850172
1996,73,solar,4.8566179275512695,5.112510681152344,364.24492081159906,431.31830490014914,437093904.97391886,False,1.0,0.4560460630947055,-53.84801888539941,-26.90101075130384
1997,254,solar,4.765364646911621,4.4166741371154785,291.94125890901535,412.8156298928805,350329510.6908184,False,1.0,0.45579079354921753,-52.34469670808911,-26.44023809052809
1998,1638,solar,4.940216064453125,5.322171211242676,383.868690286496,572.0807022778555,460642428.34379524,False,1.0,0.4557688109891227,-41.04741850155922,-24.096159349296062
1999,13,solar,4.912276744842529,4.5544233322143555,403.6001615557034,462.3221013838355,484320193.86684406,False,1.0,0.45557934351505824,-54.351331831179024,-26.9006555676039
2000,498,solar,4.757124423980713,4.626785755157471,290.83026393052387,400.2516927717591,348996316.7166287,False,1.0,0.4555467053286527,-50.39451503102786,-24.601285530563622
2001,537,solar,5.530665874481201,5.845904350280762,731.9862580673012,1021.4545065664524,878383509.6807613,False,1.0,0.4551723617087893,-50.695690665605134,-7.01200258146255
2002,1940,solar,5.238193988800049,5.943819999694824,556.4495436982638,812.9363601152743,667739452.4379166,False,1.0,0.4549658103604386,-38.705950415652744,-23.003862732661215
2003,1938,solar,5.281324863433838,5.504591464996338,592.8416458447505,819.2944599572467,711409975.0137006,False,1.0,0.4548298815633026,-38.60290571081032,-23.87524508894847
2004,2071,solar,5.558459758758545,7.342216491699219,744.1373125544624,1059.1893254065003,892964775.0653548,False,1.0,0.45467037489220735,-38.24663126265389,-18.130235244838158
2005,615,solar,4.544452667236328,4.37451171875,114.19380674405174,381.9097802159192,137032568.0928621,False,1.0,0.4546068076622751,-49.3564939441895,-25.924144584114533
2006,1937,solar,5.309762954711914,5.015762805938721,616.3390124200039,827.0020286409334,739606814.9040047,False,1.0,0.45455890147531564,-38.54950306568258,-24.310740143410666
2007,2431,solar,5.896919250488281,6.43315315246582,1011.7645945251044,1146.0505037263574,1214117513.4301252,False,1.0,0.454265807052363,-35.42554389938769,-17.889432335473785
2008,784,solar,4.832209587097168,4.330979824066162,379.6661266420509,362.0228400385932,455599351.97046113,False,1.0,0.454115379953128,-47.56919134195393,-30.80170816969617
2009,1398,solar,4.677374362945557,4.930432319641113,241.57884633049824,376.9650702126057,289894615.5965979,False,1.0,0.4530787918006548,-43.0085120696797,-24.247684973463183
2010,557,solar,4.649901866912842,4.725318908691406,220.12013130701047,369.7076916508822,264144157.56841257,False,1.0,0.4530748158973177,-49.88615718277084,-25.038902707249267
2011,1208,solar,5.071045875549316,4.537240982055664,487.2589436727468,638.4448664038854,584710732.4072962,False,1.0,0.4529955431535719,-44.103420844371534,-28.794571160466578
2012,2246,solar,5.626772880554199,6.632998943328857,795.7806062288332,1103.9469861537223,954936727.4745998,False,1.0,0.45288517864108424,-36.60419649805549,-20.173370487718554
2013,2371,solar,5.840254783630371,6.93728494644165,965.8397308049717,1153.3016295473583,1159007676.965966,False,1.0,0.4528122124953745,-35.89521164200795,-17.93185191376431
2014,2249,solar,5.68535852432251,6.231939792633057,835.4813520965442,1153.5302850203534,1002577622.515853,False,1.0,0.4513831904812493,-36.746511924025924,-18.878113243255655
2015,2312,solar,5.786688804626465,6.816203594207764,942.662513991799,1113.8008025651716,1131195016.7901587,False,1.0,0.4510671245822599,-36.408623598692984,-17.542175509534072
2016,192,solar,4.664920806884766,4.76461935043335,257.0028157141929,336.3376124816895,308403378.85703146,False,1.0,0.4509901467586462,-52.83676539353774,-27.34748975174591
2017,1999,solar,5.309815406799316,5.7142558097839355,619.5723242673836,864.4928486093081,743486789.1208603,False,1.0,0.4509091892008101,-38.16863775786296,-23.392380106668327
2018,2182,solar,5.5077338218688965,6.189563751220703,735.5921484413858,1017.6744591649311,882710578.129663,False,1.0,0.45063979069754817,-36.877327048635415,-21.947534749191142
2019,2794,solar,5.937903881072998,7.013149261474609,1125.702832629973,999.8592249410578,1350843399.1559677,False,1.0,0.4503125748575177,-32.761831469449376,-16.350096932883012
2020,2194,solar,5.712896823883057,7.351771354675293,909.7161091642153,1044.7235930863612,1091659330.9970584,False,1.0,0.45004420715501575,-37.42638489369984,-16.753607837241805
2021,373,solar,4.584925174713135,5.162980556488037,185.7371856014338,350.0060766783927,222884622.72172055,False,1.0,0.44996205342850243,-51.33184368551137,-26.875908194773608
2022,1698,solar,4.972320556640625,5.925511360168457,422.10944139571,621.3451105129152,506531329.674852,False,1.0,0.4498443740004692,-40.55787681945004,-24.054724798978253
2023,1829,solar,5.18259859085083,6.186315536499023,521.805160734512,842.0678140043481,626166192.8814144,False,1.0,0.44967070827581884,-40.05813439195499,-19.149064175013393
2024,2412,solar,6.012851715087891,5.0970377922058105,1087.8907377171017,1277.7810466550177,1305468885.2605221,False,1.0,0.44909061410839163,-34.29545919417732,-26.012283740807327
2025,2618,solar,5.557999610900879,6.937192916870117,880.4089904352692,787.2965733365618,1056490788.522323,False,1.0,0.448861459748728,-34.32923531010302,-14.77435450760792
2026,123,solar,4.7176690101623535,4.861782550811768,348.0623745385705,251.65300486167573,417674849.4462846,False,1.0,0.44883373938979376,-53.31542220973134,-31.41032595861838
2027,2737,solar,5.682055950164795,6.840090274810791,969.3903877498987,844.2247471403036,1163268465.2998784,False,1.0,0.4485421559931179,-33.36199339415419,-15.122272198678678
2028,2256,solar,5.577436447143555,7.900240421295166,841.099676739666,933.9827992164902,1009319612.0875993,False,1.0,0.44852194413908,-37.03587142725925,-15.851712963769298
2029,303,solar,4.588505268096924,5.0413007736206055,274.7566784578725,158.77814395510578,329708014.149447,False,1.0,0.4479539885845737,-51.73829650481589,-31.392208460040553
2030,2318,solar,5.445300579071045,7.748054027557373,772.4832443151171,823.5292056225232,926979893.1781405,False,1.0,0.44757209314595864,-36.64454197486215,-14.952635367909165
2031,124,solar,4.657538414001465,4.174267292022705,311.8945949180844,225.45339841286622,374273513.9017013,False,1.0,0.4474704788685584,-53.3186597479478,-30.95939026330908
2032,2000,solar,5.2720723152160645,5.823581218719482,604.5306475400024,862.9362328915464,725436777.0480028,False,1.0,0.4473123748406614,-38.22099663137457,-22.957601995027378
2033,2364,solar,5.7269511222839355,5.802309513092041,884.1574033406567,1179.6879535013557,1060988884.0087881,False,1.0,0.44690289762935875,-35.54709245921042,-20.93912823711842
2034,70,solar,4.670615196228027,4.83256721496582,290.31344617152104,321.7692964562312,348376135.40582526,False,1.0,0.44644943304264534,-53.84614179783612,-28.25464128051747
2035,2314,solar,5.726589202880859,7.066492080688477,952.8864076122761,1016.4160578724483,1143463689.1347313,False,1.0,0.4460459453158673,-36.492029842503584,-16.679427429350145
2036,84,solar,5.306491374969482,4.513161659240723,685.8265703922765,763.2259448761456,822991884.4707317,False,1.0,0.4450500917183746,-53.85385502779168,-21.935549473202233
2037,2306,solar,5.658385276794434,6.5308732986450195,845.0372668604965,1152.1685487277757,1014044720.2325958,False,1.0,0.4447310244504088,-36.12855729289028,-20.127500763341708
2038,1025,solar,4.98413610458374,4.5722551345825195,486.4256974388781,550.2140997516321,583710836.9266537,False,1.0,0.4446720655670379,-45.52422482948644,-30.23620381896628
2039,1939,solar,5.191546440124512,5.602853775024414,572.7553193685409,814.588527329629,687306383.242249,False,1.0,0.44318474622731063,-38.65504880998575,-23.439618213566725
2040,1810,solar,5.441245079040527,4.792707443237305,771.7659666345376,871.8762098567282,926119159.9614451,False,1.0,0.4431141940503246,-39.14242512584391,-27.463242580764664
2041,1509,solar,5.2107462882995605,5.339377403259277,629.5124551536422,720.3401879499744,755414946.1843706,False,1.0,0.4427154680161689,-41.60844473223559,-28.14611738265902
2042,2073,solar,5.541898250579834,6.947053909301758,801.1961167965501,1033.3124474172853,961435340.1558601,False,1.0,0.4422531179155051,-38.32425770930898,-17.25972257375371
2043,2065,solar,5.320003986358643,5.780143737792969,639.6997006670372,946.0484354295619,767639640.8004446,False,1.0,0.44212926982758527,-37.98635721643854,-20.739222268499987
2044,907,solar,4.764555931091309,4.673862934112549,345.00543219185136,450.71947610188084,414006518.6302216,False,1.0,0.44188797833339405,-46.627309774978876,-29.40423888500944
2045,2001,solar,5.225673198699951,5.53536319732666,593.3335846150809,864.2742613184028,712000301.538097,False,1.0,0.4411565188804717,-38.27209792852521,-22.522692623086563
2046,1235,solar,4.73883581161499,6.5262770652771,373.21401521410456,332.1791887402154,447856818.25692546,False,1.0,0.44108772975057486,-44.94475286242434,-16.76829624258516
2047,2134,solar,5.627365589141846,7.6066789627075195,871.3919127006209,1062.130066223733,1045670295.2407451,False,1.0,0.44107083184508417,-37.89381761215955,-16.789403671579162
2048,2062,solar,5.295821666717529,5.635391712188721,635.9665011479431,918.1908690231406,763159801.3775316,False,1.0,0.44078576762108074,-37.840113074934656,-22.042129181395687
2049,1835,solar,5.346263885498047,7.429704666137695,724.7585294066088,818.4150214603684,869710235.2879305,False,1.0,0.4398843850853985,-40.26549945656268,-16.515884334406405
2050,725,solar,4.645068168640137,4.863925933837891,308.95599401853747,302.10392581963623,370747192.82224494,False,1.0,0.43968479817495343,-48.11818783332174,-30.377844819476138
2051,1574,solar,4.978430271148682,5.300930976867676,488.9254361404839,595.1795414137428,586710523.3685807,False,1.0,0.4395398811055917,-41.35509319263751,-25.899027997652734
2052,965,solar,4.88947057723999,4.9780402183532715,450.93175675481007,500.4416058358123,541118108.1057721,False,1.0,0.43887733171749493,-46.04240468419795,-30.268513563695507
2053,2009,solar,5.326759338378906,6.318922519683838,651.724062137156,972.3468787941927,782068874.5645872,False,1.0,0.43880170633437554,-38.637607872103466,-19.039073393597928
2054,2735,solar,5.772969722747803,7.136568546295166,1058.8816613561994,943.4861147775104,1270657993.6274393,False,1.0,0.43878958395381074,-33.27366040767501,-15.970209846821623
2055,78,solar,5.055341720581055,4.406066417694092,539.287848719001,650.7960357454078,647145418.4628012,False,1.0,0.43868278036268676,-53.850866782743175,-24.644387470543325
2056,2003,solar,5.201403617858887,6.156391620635986,583.2834819076184,875.5524611685498,699940178.289142,False,1.0,0.4379355171154921,-38.370596619508525,-21.65249310447323
2057,201,solar,5.084249019622803,4.724048614501953,573.9485431692005,638.8798835383678,688738251.8030406,False,1.0,0.43781427956354113,-52.874942487233675,-23.286121055170497
2058,145,solar,5.171083450317383,4.58648157119751,615.1170272784237,730.4918316532259,738140432.7341084,False,1.0,0.43770551567564253,-53.371834808664445,-21.482870559491023
2059,2012,solar,5.4204325675964355,7.347411155700684,731.099562043157,996.9264301488358,877319474.4517884,False,1.0,0.4375746653756398,-38.755807575227834,-17.73092457816794
2060,506,solar,4.7825093269348145,5.302120208740234,368.63522706831935,488.55897442376045,442362272.48198324,False,1.0,0.4372964223125221,-50.488247785226015,-20.99625211740014
2061,2734,solar,5.837349891662598,6.8810954093933105,1103.982452180489,993.1723724132117,1324778942.6165867,False,1.0,0.4372263753698529,-33.227447700549014,-16.39397542035942
2062,966,solar,4.837619781494141,4.729770183563232,415.71556481536476,497.93754713972567,498858677.77843773,False,1.0,0.43690492449187224,-46.078260391812975,-29.82178064772634
2063,2239,solar,5.535961627960205,5.939817905426025,810.6507888916176,1064.1999582103758,972780946.6699411,False,1.0,0.4368034704379431,-36.226429321837244,-23.19080819785959
2064,846,solar,4.71105432510376,4.290563106536865,344.72768344722846,397.93754713972567,413673220.13667417,False,1.0,0.43659363564155496,-47.1110022334203,-29.879410765861333
2065,1512,solar,5.009088039398193,4.911687850952148,523.8638793353063,613.0441718155847,628636655.2023675,False,1.0,0.43654099619421827,-41.75789303729128,-26.823279308839375
2066,1388,solar,5.127638816833496,4.642537593841553,593.7407657249513,702.8457133370185,712488918.8699416,False,1.0,0.4364589309540565,-42.573971487733345,-28.675262088810136
2067,845,solar,4.751332759857178,4.253295421600342,379.94387538667377,401.06644265455736,455932650.4640085,False,1.0,0.436443264469632,-47.079723543925326,-30.327185151177943
2068,1568,solar,5.286310195922852,4.811509609222412,700.2225877771557,790.8048723136255,840267105.3325869,False,1.0,0.43631629492202867,-41.04814910593034,-28.540014986592904
2069,2614,solar,5.780213832855225,6.759494304656982,1060.812153732428,987.2877719161705,1272974584.4789135,False,1.0,0.43618511036047136,-34.159256278123436,-16.47947622963429
2070,842,solar,4.887595176696777,4.194756507873535,485.59245120500964,445.36983667911477,582710941.4460115,False,1.0,0.43595564644844115,-46.981570184856416,-31.670141390000122
2071,2795,solar,5.784821033477783,6.4503703117370605,1081.1716498471712,950.5225705646379,1297405979.8166056,False,1.0,0.4358455091979642,-32.80890452445487,-15.927524601614106
2072,1888,solar,5.133917808532715,6.410454750061035,539.9207312978931,860.5582856966903,647904877.5574718,False,1.0,0.4358098228183957,-39.545149194287276,-19.551131103260527
2073,1707,solar,4.8879923820495605,6.861263275146484,384.0095439814215,704.8895353330633,460811452.7777058,False,1.0,0.43573827882779803,-40.933799394781296,-20.097482759659204
2074,19,solar,5.1454572677612305,4.8114166259765625,609.9979813425143,716.75778714149,731997577.6110172,False,1.0,0.4352509349788998,-54.343524423127114,-24.192665377542276
2075,2547,solar,5.919456481933594,6.000019073486328,1050.6951307266152,1337.9040414128483,1260834156.8719382,False,1.0,0.43505580031785557,-34.283124543308055,-19.507848034236947
2076,2127,solar,5.393095016479492,6.823662757873535,709.3742269075746,1023.9253742822955,851249072.2890894,False,1.0,0.4349020716277446,-37.60258310603382,-19.82829716784307
2077,1450,solar,5.055591583251953,5.341987609863281,558.8023225301288,649.9289397131346,670562787.0361545,False,1.0,0.4348551658935418,-42.16404019254908,-27.748739492272332
2078,262,solar,5.045344829559326,4.83152961730957,573.6707944245777,595.2075090000108,688404953.3094933,False,1.0,0.4344040252399421,-52.39161018482267,-22.830547595378135
2079,2058,solar,5.314564228057861,5.6677446365356445,684.1809960194521,918.6023323483352,821017195.2233425,False,1.0,0.43437043907232437,-37.62745302661841,-23.77749649930971
2080,1323,solar,5.323164463043213,4.504972457885742,734.3277847381096,811.9139912178888,881193341.6857315,False,1.0,0.4343354140724327,-42.837036334402256,-30.930737960743173
2081,2496,solar,5.5760416984558105,7.564473628997803,927.4402736357878,891.9822322959427,1112928328.3629453,False,1.0,0.434199058632882,-35.17588202137104,-15.705084519419474
2082,2135,solar,5.53547477722168,6.936704635620117,843.0301691158949,1015.8223097715,1011636202.9390738,False,1.0,0.434054575107479,-37.930859289006065,-16.354861111746047
2083,1877,solar,5.124990940093994,5.113898277282715,573.6310391686777,777.9067675092157,688357247.0024133,False,1.0,0.43402847547755397,-39.03929064776876,-24.35860120867066
2084,1752,solar,5.226629734039307,5.059711933135986,665.839642071579,775.2398482762517,799007570.4858948,False,1.0,0.43382045067663433,-39.7583105684348,-26.639907369288988
2085,1874,solar,5.247367858886719,5.618892669677734,666.551012786416,820.491175281846,799861215.3436992,False,1.0,0.43376286340621273,-38.8761728624791,-25.667189322134146
2086,1765,solar,4.888997554779053,6.556581974029541,393.83963915260523,707.8421857877713,472607566.9831263,False,1.0,0.43369590824339044,-40.37839295653941,-20.94073128630326
2087,2916,solar,5.76942253112793,7.062463283538818,1089.0304434617576,924.0790341499868,1306836532.1541092,False,1.0,0.43362030349906316,-31.927267221133274,-15.419747593347145
2088,1989,solar,5.615879535675049,5.403658390045166,913.4639806261874,1024.3228582299937,1096156776.751425,False,1.0,0.4335464779134993,-37.571655775387946,-27.732181311978415
2089,2797,solar,5.627998352050781,7.053650856018066,993.6713111071855,852.0812942782837,1192405573.3286226,False,1.0,0.4333254794572231,-32.89888512667342,-15.081960230245075
2090,69,solar,4.5717692375183105,4.280839920043945,279.55513813610514,293.3180528742444,335466165.76332617,False,1.0,0.43319988392817665,-53.84548656106515,-28.705792257453474
2091,2612,solar,5.909896373748779,6.82793664932251,1151.0137353810076,1087.2845854094724,1381216482.457209,False,1.0,0.43317380958706453,-34.06632794190534,-17.33126025686175
2092,114,solar,5.437248706817627,5.964461803436279,747.779930162645,1047.839842171681,897335916.195174,False,1.0,0.43313493608358034,-53.86291798060961,-8.379909040568176
2093,2238,solar,5.528997898101807,5.319850921630859,824.965006963056,1067.806393647532,989958008.3556672,False,1.0,0.4323756165504049,-36.16698556612525,-23.621263735168323
2094,421,solar,4.645092010498047,4.736342430114746,364.4065486189066,254.55452937587543,437287858.3426879,False,1.0,0.4323006256923456,-50.655018469930326,-32.26970582308454
2095,2733,solar,5.881089210510254,6.769373416900635,1149.083243004779,1042.888620070146,1378899891.6057348,False,1.0,0.4319638617582763,-33.17985317151451,-16.81759980675414
2096,2616,solar,5.609557151794434,7.580479621887207,970.6105720838486,887.2916766663285,1164732686.5006185,False,1.0,0.4318576384822951,-34.24685784046471,-15.627163712103279
2097,2857,solar,5.6532979011535645,6.857889175415039,1019.8272526134252,862.7685903148079,1223792703.1361103,False,1.0,0.43171642799847176,-32.43594035905001,-15.040973031114646
2098,2726,solar,6.081937313079834,5.784878253936768,1191.5689012033495,1391.4718328806716,1429882681.4440193,False,1.0,0.4314058187707372,-32.8067784069427,-19.778645834097215
2099,543,solar,4.535220146179199,4.146615982055664,290.88884487761914,210.67870764203616,349066613.853143,False,1.0,0.4309902883554045,-49.637015974717045,-31.338009915894396
2100,1712,solar,5.070356845855713,6.948890686035156,547.7843514843016,759.3630489886692,657341221.7811619,False,1.0,0.4309509862182293,-41.10743089959515,-17.895873339897733
2101,2299,solar,5.579824924468994,6.051122188568115,859.0552430802867,1114.1431539504015,1030866291.696344,False,1.0,0.4308776312623085,-35.74176954863951,-23.13735121252306
2102,1693,solar,5.098095893859863,4.933101654052734,595.1295094480654,706.7633710487695,714155411.3376784,False,1.0,0.4305729772758242,-40.3106131681928,-26.24950861260174
2103,2787,solar,6.115704536437988,5.973187446594238,1247.8962674297622,1346.586669148412,1497475520.9157147,False,1.0,0.429674558543942,-32.39212496059312,-19.303766650772918
2104,1092,solar,4.600191116333008,5.071595191955566,275.40629454682926,417.4556761142185,330487553.4561951,False,1.0,0.42917521892594873,-45.27078446298035,-27.08146931188795
2105,2190,solar,5.51965856552124,6.372358798980713,808.5761061180251,1128.7824231267834,970291327.3416301,False,1.0,0.4291244066308654,-37.262807122444464,-18.486819620212017
2106,2136,solar,5.436363220214844,7.997401237487793,797.9293782916052,969.881256898276,957515253.9499263,False,1.0,0.42909689561905195,-37.966796378560836,-15.920223781241322
2107,968,solar,4.7169623374938965,4.356420040130615,345.2831809364742,507.8797110059886,414339817.12376904,False,1.0,0.42872451343664597,-46.14759334184088,-28.928111109622204
2108,258,solar,4.854609966278076,4.643322944641113,432.80602666679647,595.8420527357306,519367232.00015575,False,1.0,0.428645821939672,-52.36929566152678,-24.635619802754864
2109,2253,solar,5.623226642608643,7.4619340896606445,924.3261572460539,1077.4970101457586,1109191388.6952646,False,1.0,0.4284047881368671,-36.918994066756305,-17.14940351977101
2110,83,solar,5.241487979888916,4.526495456695557,715.3688084162275,751.7996981854063,858442570.099473,False,1.0,0.42835625948137757,-53.85338786492423,-22.387086772144666
2111,1086,solar,4.914684772491455,5.006250858306885,486.7034461835011,597.9375471397257,584044135.4202013,False,1.0,0.42835038212418075,-45.04677190035045,-29.756376884103926
2112,25,solar,5.237975120544434,4.76481294631958,685.4259301169247,825.2463167036373,822511116.1403097,False,1.0,0.4278866039322605,-54.33678847232647,-21.483711575144167
2113,1759,solar,4.883947372436523,5.4882283210754395,436.56045224639126,664.961818105601,523872542.69566953,False,1.0,0.427599973989887,-40.11622712196002,-23.573482326796604
2114,2119,solar,5.331349849700928,5.4427876472473145,714.5014228567672,964.3312284561778,857401707.4281207,False,1.0,0.42758566626529704,-37.19683263021529,-23.294082185783477
2115,1688,solar,5.345917224884033,5.1708502769470215,771.210469145292,859.0455045887467,925452562.9743505,False,1.0,0.4271813667685387,-40.033144724689784,-28.441234553940095
2116,1271,solar,4.793159008026123,4.850942134857178,417.10430853847896,522.8177828826305,500525170.24617475,False,1.0,0.426666331569872,-43.722259455144716,-27.424912057503708
2117,2485,solar,5.778238296508789,6.012325763702393,987.4027400029821,1287.0748063946394,1184883288.0035784,False,1.0,0.42662317199838495,-34.64856087478335,-20.41089673080082
2118,1088,solar,4.827778339385986,4.745331287384033,416.2710623046105,606.2419568781688,499525274.7655326,False,1.0,0.42634629400852603,-45.12486092304972,-28.86503837045259
2119,2131,solar,5.47002649307251,7.165227890014648,787.1223215415163,1106.9453647073392,944546785.8498195,False,1.0,0.42631950817590525,-37.77594846012001,-18.092433243247022
2120,2245,solar,5.4643754959106445,5.991152763366699,788.4664447095277,1091.507165115039,946159733.6514332,False,1.0,0.42627369234471063,-36.55421236188454,-20.604861554864343
2121,198,solar,4.891500949859619,4.371597766876221,468.2999673508647,618.9692961447145,561959960.8210377,False,1.0,0.42622918185556313,-52.86312759884317,-24.640163428478314
2122,2363,solar,5.606317520141602,5.786515235900879,883.2592343502819,1172.3278598138832,1059911081.2203382,False,1.0,0.4260682484627357,-35.49199212646255,-21.36816354294288
2123,2378,solar,5.338608741760254,7.855740547180176,794.0683935391476,810.263821781591,952882072.2469771,False,1.0,0.42516638852879896,-36.181195489208804,-14.918436409233392
2124,1878,solar,5.041500091552734,5.829282760620117,548.3064908559664,769.7077339335068,657967789.0271597,False,1.0,0.4248476682196426,-39.091152247648964,-23.92214310475966
2125,2727,solar,6.030082702636719,5.741133689880371,1198.5090258867494,1341.6290654101713,1438210831.0640993,False,1.0,0.424712805560455,-32.864459874452415,-19.35613443052815
2126,2676,solar,5.593365669250488,6.898742198944092,992.1957213078791,889.1645673643266,1190634865.569455,False,1.0,0.42444731744722913,-33.78259634658536,-15.58709600250496
2127,2367,solar,5.637059688568115,6.8446044921875,903.6020309479352,1213.9179699870451,1084322437.1375222,False,1.0,0.42413048543865284,-35.704210572898674,-19.651127967075315
2128,2743,solar,5.128435134887695,7.939266204833984,717.6833132479497,548.0543297909009,861219975.8975397,False,1.0,0.42397642662823865,-33.595128695870066,-12.575505330367204
2129,1268,solar,4.95659065246582,4.417638301849365,522.7528843568149,656.8144820853585,627303461.2281779,False,1.0,0.4238533494596852,-43.5932269310926,-28.756600395145693
2130,2544,solar,5.832499027252197,6.092187881469727,1034.0202808849924,1327.7966399095021,1240824337.061991,False,1.0,0.42365989053063724,-34.115586276314254,-20.785636010968123
2131,1641,solar,4.666267395019531,5.614068031311035,303.5086289274329,564.986283143207,364210354.7129195,False,1.0,0.4235043718156878,-41.17764793837923,-22.77543734237414
2132,2308,solar,5.576674461364746,6.387380123138428,867.3308826607937,1181.9959721413197,1040797059.1929524,False,1.0,0.423201315941466,-36.22700015088273,-19.266240356060734
2133,908,solar,4.623920440673828,4.856180191040039,309.78924025240605,458.96410114251194,371747088.30288726,False,1.0,0.42315187731777487,-46.65940153308214,-28.956841451816068
2134,2434,solar,5.638427734375,7.554912090301514,996.056706060337,997.3744630030686,1195268047.2724044,False,1.0,0.42306211093059015,-35.55837545246036,-16.60188025244181
2135,1507,solar,5.215641021728516,4.680304527282715,699.9448390325327,799.5422896226128,839933806.8390393,False,1.0,0.4230145663230742,-41.50302911607901,-29.02744455329728
2136,1023,solar,4.949946880340576,4.4541215896606445,556.8580813177688,568.0981918343862,668229697.5813226,False,1.0,0.4228874199946199,-45.445367993891445,-31.128298145329953
2137,1941,solar,5.045709609985352,5.884086608886719,544.264212950891,814.3565449714813,653117055.5410691,False,1.0,0.4228382459916977,-38.75562802817491,-22.567981807503365
2138,1993,solar,5.355294227600098,5.166152477264404,774.1739030061703,931.9235724318453,929008683.6074045,False,1.0,0.42241893175460876,-37.82703348663331,-25.99810225480019
2139,1714,solar,5.089388847351074,6.9154205322265625,618.8945348735058,729.7155795937144,742673441.848207,False,1.0,0.4223727100517993,-41.17029518292441,-17.01468605887832
2140,2141,solar,5.038848876953125,7.552853584289551,572.4254241701565,748.0261290542928,686910509.0041878,False,1.0,0.4212392510088935,-38.13028689025502,-13.745715801168016
2141,63,solar,4.617658615112305,4.7293620109558105,382.5782856359858,293.3180528742444,459093942.763183,False,1.0,0.42060845276325126,-53.84122540089972,-31.412055614177827
2142,266,solar,4.923241138458252,5.1370697021484375,509.253032745321,658.4194755106101,611103639.2943852,False,1.0,0.42047851006729603,-52.41177550963669,-21.02504790428534
2143,1996,solar,5.2210001945495605,5.222679138183594,684.9142636468797,886.236263687841,821897116.3762556,False,1.0,0.4200595239368351,-38.00383398351255,-24.69589339146396
2144,1085,solar,4.907620906829834,4.462753772735596,521.9196381229464,600.0244247357532,626303565.7475356,False,1.0,0.41980426821746497,-45.006390759463386,-30.201929311494318
2145,1511,solar,4.968005657196045,5.338221073150635,559.0800712747517,646.9251114747664,670896085.5297021,False,1.0,0.41935273923975064,-41.70920747830853,-27.264334949401082
2146,1754,solar,5.044865131378174,5.69679594039917,595.4072581926883,728.435951773538,714488709.831226,False,1.0,0.41924523275255765,-39.86661093705072,-25.764399612824807
2147,2553,solar,5.734043598175049,7.136910438537598,1084.3277953326874,1038.0921677516292,1301193354.399225,False,1.0,0.4190921700785841,-34.580570357058356,-16.948167997832613
2148,2075,solar,5.427709102630615,7.004875183105469,821.4450198918645,1016.6549074882403,985734023.8702374,False,1.0,0.41904649953472445,-38.39748713757846,-16.388823812689683
2149,2250,solar,5.534473896026611,6.325866222381592,854.1759353424308,1173.8582432302273,1025011122.4109169,False,1.0,0.4189526934847036,-36.79145483092708,-18.446111153851774
2150,24,solar,5.221735000610352,5.051651477813721,720.981021811527,811.6159353367224,865177226.1738323,False,1.0,0.4188887075497944,-54.337840793069866,-21.935267293771364
2151,1997,solar,5.181765556335449,5.794445514678955,660.071956201742,876.1996187032962,792086347.4420904,False,1.0,0.4188551966372848,-38.06007517215622,-24.261529211901955
2152,2489,solar,5.754728317260742,6.115925312042236,1025.3360065040065,1240.6488183850154,1230403207.804808,False,1.0,0.41847233799389827,-34.85902301363747,-18.701634349458832
2153,2494,solar,5.633188724517822,6.8415350914001465,1017.6418552843672,991.5053846679326,1221170226.3412406,False,1.0,0.418234188438365,-35.09181810966638,-16.56187668110858
2154,1391,solar,4.8503265380859375,5.207486152648926,488.0921899066153,579.5906029064602,585710627.8879384,False,1.0,0.4180139543405572,-42.71502076321969,-27.34797754115211
2155,87,solar,5.057673931121826,4.903686046600342,579.1612953084701,815.1361930090804,694993554.3701642,False,1.0,0.41786946701903654,-53.85518556235399,-20.580790430216204
2156,481,solar,4.575835227966309,4.55169153213501,370.9088898983169,268.4990933685736,445090667.8779803,False,1.0,0.41746479387897417,-50.12466353514702,-32.25456510922801
2157,22,solar,5.197260856628418,4.851008415222168,715.6465571608502,793.1571805207769,858775868.5930202,False,1.0,0.4170628015245238,-54.34002860544447,-22.838303818674486
2158,722,solar,4.663034439086914,4.331727981567383,415.7274516944032,358.8408867390061,498872942.0332838,False,1.0,0.41678589505336083,-48.03453334955901,-31.723550604870876
2159,122,solar,4.596836566925049,4.084586143493652,387.31975782257786,284.3048273524573,464783709.3870934,False,1.0,0.4166440026743127,-53.312111156194,-31.861229589800754
2160,2128,solar,5.314764976501465,6.94025182723999,724.4302814058548,1041.985714316447,869316337.6870257,False,1.0,0.416383330188141,-37.647700899052396,-19.394502160177414
2161,2619,solar,5.303004741668701,7.535472393035889,835.3081996109795,737.2995197615188,1002369839.5331753,False,1.0,0.41630934785878115,-34.368495196343176,-14.347773377736948
2162,1572,solar,4.953091144561768,4.978047847747803,559.3578200193745,651.6260991064113,671229384.0232494,False,1.0,0.4162484341572947,-41.257416944108506,-26.77981372415076
2163,1328,solar,4.963509559631348,5.308379650115967,558.246825040883,678.3794515731148,669896190.0490596,False,1.0,0.4161937919863326,-43.0834052511051,-28.71682531207893
2164,1692,solar,5.066810131072998,5.570562839508057,630.3457013875109,732.9416115324626,756414841.6650131,False,1.0,0.41575694996275697,-40.25761407727575,-26.68810992373928
2165,79,solar,4.983047962188721,4.613142013549805,574.5040406584461,697.1624488897392,689404848.7901354,False,1.0,0.4149033030131674,-53.85139632505795,-24.19298005565791
2166,4,solar,4.6041178703308105,4.714642524719238,390.78855469499047,318.1850490327373,468946265.63398856,False,1.0,0.414530948442121,-54.3652999351356,-30.960669955025786
2167,140,solar,4.9760518074035645,4.438366413116455,574.2262919138234,687.0684335712118,689071550.2965881,False,1.0,0.41451568428723123,-53.36149950696816,-23.74029832415032
2168,1267,solar,4.964223384857178,4.345502853393555,557.9690762962601,702.91835026313,669562891.5555122,False,1.0,0.4144102382042677,-43.5482308512858,-29.20031601105828
2169,1393,solar,4.714209079742432,4.626235485076904,417.65980602772476,505.5169437895317,501191767.2332697,False,1.0,0.4138008820245051,-42.803824707359716,-26.46263299024621
2170,2251,solar,5.528478145599365,6.422730922698975,875.3307759556744,1174.074287243742,1050396931.1468093,False,1.0,0.4135882556267417,-36.835173813308224,-18.0139899396193
2171,2110,solar,5.57167911529541,5.27451229095459,949.3288860615819,1085.8799231554315,1139194663.2738984,False,1.0,0.4134496733635441,-36.636952698044965,-27.181732090624877
2172,2016,solar,5.295380592346191,7.524887561798096,754.7590798435444,962.064177170186,905710895.8122534,False,1.0,0.4131931501616702,-38.8983118170924,-15.985406036311836
2173,1151,solar,4.618561267852783,5.080264091491699,346.1164271703427,480.3661116472981,415339712.60441124,False,1.0,0.41313799347929914,-44.730813504949175,-27.49501528208572
2174,1331,solar,4.769093036651611,4.793292999267578,452.59824922254717,549.6652167800794,543117899.0670567,False,1.0,0.4130336522013829,-43.21846869560288,-27.387291237689585
2175,1332,solar,4.706970691680908,5.237980365753174,417.3820572831019,509.35538406726295,500858468.7397223,False,1.0,0.4122527849058484,-43.26147347837275,-26.94392798996702
2176,2674,solar,5.670035362243652,6.4174580574035645,1082.3973029564586,988.9713104787428,1298876763.5477502,False,1.0,0.4119563363015508,-33.69325668474012,-16.43710649280522
2177,2126,solar,5.244357585906982,6.2597479820251465,697.584657933123,1008.023866462854,837101589.5197476,False,1.0,0.41191874497798464,-37.55625726571058,-20.261972875567434
2178,1387,solar,5.049697399139404,4.979198932647705,628.9569576643964,746.1106084326942,754748349.1972758,False,1.0,0.4119166010331149,-42.52479035069041,-29.117486217920664
2179,1326,solar,5.05581521987915,5.244117736816406,628.6792089197737,768.4897961819698,754415050.7037284,False,1.0,0.4112740992320627,-42.98814322595883,-29.60269772455999
2180,1325,solar,5.109289169311523,5.133710861206055,663.8954008592189,799.50255104994,796674481.0310626,False,1.0,0.41125141898366496,-42.93888958542121,-30.045482463171066
2181,2189,solar,5.386246681213379,6.547176837921143,788.8015470116303,1107.627510501412,946561856.4139564,False,1.0,0.4109201452417652,-37.21895771621477,-18.919844502440025
2182,2069,solar,5.24138069152832,7.104759693145752,696.8252738683378,1016.9817447429383,836190328.6420054,False,1.0,0.41082072413563,-38.16450995387839,-19.000338691326537
2183,1451,solar,4.86433219909668,5.280829906463623,523.5861305906835,612.1426985736713,628303356.7088202,False,1.0,0.41074273828624247,-42.211929262241775,-27.30698667768828
2184,1273,solar,4.5866379737854,5.202176094055176,346.67192465958846,439.2727485050077,416006309.5915061,False,1.0,0.41060296232448834,-43.803486996921485,-26.536687487843107
2185,1946,solar,5.008484840393066,5.872248649597168,551.5076858796137,865.8705827316079,661809223.0555365,False,1.0,0.4105775433122548,-38.986231900304524,-20.38680262452577
2186,1448,solar,5.035004138946533,4.416337490081787,629.2347064090193,729.9215801685855,755081647.6908232,False,1.0,0.4105268680742472,-42.064940967082315,-28.631927551906205
2187,663,solar,4.51532506942749,5.046541213989258,345.2229191880979,289.78099882784534,414267503.02571744,False,1.0,0.4101092154665472,-48.5874658908199,-31.298137510785732
2188,2055,solar,5.269200801849365,5.542670726776123,753.8841548029972,947.0465008512251,904660985.7635965,False,1.0,0.4098850305396767,-37.45407713530198,-25.0775196524098
2189,1024,solar,4.8308210372924805,4.398340225219727,521.6418893783234,556.987931256593,625970267.2539881,False,1.0,0.4095556852390734,-45.48523629417866,-30.68228904798104
2190,1452,solar,4.801715850830078,5.189445972442627,488.36993865123816,576.2202184559943,586043926.3814858,False,1.0,0.4095216176659224,-42.25873617531541,-26.865131116802257
2191,2721,solar,5.9870429039001465,5.1913323402404785,1188.2336690355662,1463.7250411373234,1425880402.8426795,False,1.0,0.40929016664635587,-32.49541307394372,-21.888441009556278
2192,2011,solar,5.23567533493042,6.564460277557373,702.0819972073413,1011.6501439050412,842498396.6488096,False,1.0,0.40916449497436286,-38.71750586285619,-18.167073082459307
2193,2307,solar,5.473479270935059,6.034894943237305,854.7955435073961,1166.106093551477,1025754652.2088754,False,1.0,0.408524590392999,-36.17842708564257,-19.696937902200304
2194,1083,solar,4.929279804229736,5.025461196899414,592.3520220018369,616.4651736144318,710822426.4022043,False,1.0,0.40813808337798113,-44.92287105515407,-31.0927926093757
2195,2054,solar,5.297087669372559,4.759748935699463,782.1469683160464,961.5539600220741,938576361.9792557,False,1.0,0.408007501362218,-37.39353675752076,-25.510555224554075
2196,1504,solar,5.306301593780518,4.266910552978516,805.5934148508686,925.923702404101,966712097.8210423,False,1.0,0.40777843472267006,-41.335816086604325,-30.348535833576893
2197,2002,solar,5.032711505889893,5.520793437957764,586.2014853693464,868.4935552540893,703441782.4432157,False,1.0,0.4076982905270816,-38.321958988917,-22.087655255659236
2198,144,solar,5.034715175628662,4.904344081878662,650.672118973026,715.0575217223211,780806542.7676313,False,1.0,0.4073365814373031,-53.36987217274743,-21.934406830452225
2199,661,solar,4.618580341339111,4.669641017913818,426.51754992423974,352.0980364638003,511821059.9090877,False,1.0,0.40718495400745164,-48.53483022498135,-32.19593068070891
2200,2613,solar,5.691238880157471,7.329724311828613,1105.912944556718,1037.2861018649205,1327095533.4680617,False,1.0,0.40713005498618887,-34.11346465246967,-16.905436323460258
2201,1812,solar,5.136731147766113,5.055530071258545,701.3335827556472,818.4071351075626,841600299.3067766,False,1.0,0.4070882413043224,-39.259420620329976,-26.590162326697623
2202,2310,solar,5.535676956176758,6.57069730758667,900.2431547372327,1211.6116757809293,1080291785.6846793,False,1.0,0.4068356318905008,-36.320316745140744,-18.40445574879214
2203,1447,solar,5.071688652038574,4.399113178253174,664.4508983484645,771.6699141831225,797341078.0181575,False,1.0,0.40663632874555666,-42.01369200209684,-29.073358020912394
2204,724,solar,4.504693508148193,4.871997833251953,344.1721859579827,314.27182819278636,413006623.1495793,False,1.0,0.4064536303588791,-48.09092515315696,-30.82646698347325
2205,2006,solar,5.060859680175781,6.615716457366943,599.9849470756873,912.9760579990894,719981936.4908247,False,1.0,0.406388991986011,-38.509329302755106,-20.34628931067558
2206,1082,solar,4.9631195068359375,4.36414098739624,627.5682139412821,630.4992547810597,753081856.7295386,False,1.0,0.4059601276198899,-44.87969715449513,-31.538100235756794
2207,2915,solar,5.682353496551514,6.688695907592773,1131.0446665558363,972.1869027622714,1357253599.8670037,False,1.0,0.4056816664408411,-31.879946505575735,-15.840025960030117
2208,906,solar,4.599155902862549,4.782597541809082,380.22162413129666,447.93754713972567,456265948.957556,False,1.0,0.4053732818813864,-46.594484116518245,-29.851573770062686
2209,2186,solar,5.281991958618164,6.507986545562744,746.6227722999083,1055.8908711596591,895947326.75989,False,1.0,0.4049157371339132,-37.080098036084784,-20.21819975149422
2210,2067,solar,5.15018367767334,6.189094066619873,661.3551123772996,977.0515624364747,793626134.8527596,False,1.0,0.4048532700304112,-38.07778917239195,-19.870009167844827
2211,3,solar,4.590649604797363,4.112618923187256,420.2200289264087,337.2561718159735,504264034.7116904,False,1.0,0.4046444878340895,-54.367035856062365,-31.411628468362572
2212,2178,solar,5.297989368438721,5.384754657745361,777.6541992302406,1018.0457150221526,933185039.0762887,False,1.0,0.4045470695959835,-36.6534371413813,-23.674597932095192
2213,1869,solar,5.332901954650879,4.997817516326904,842.4760992580511,941.6212003843684,1010971319.1096613,False,1.0,0.40383386933930704,-38.57800074031602,-27.845351836931904
2214,2056,solar,5.194828510284424,4.924236297607422,727.9620578574655,934.9909793762541,873554469.4289587,False,1.0,0.4027673255432097,-37.51322964604979,-24.64432886058304
2215,318,solar,4.646639347076416,5.153225421905518,397.31208598272826,546.6453770479646,476774503.1792739,False,1.0,0.4025112956946343,-51.87550578781892,-24.6294573591992
2216,2373,solar,5.5650787353515625,6.938182830810547,1010.4559679845104,1054.8241671590292,1212547161.5814126,False,1.0,0.4024099676743146,-35.983056764165624,-17.071448595487468
2217,2123,solar,5.159842491149902,6.2808332443237305,683.2730336640924,974.2581511783567,819927640.3969109,False,1.0,0.40237981348778074,-37.409879529468995,-21.56225135237616
2218,2492,solar,5.655864715576172,7.078888416290283,1077.5324787145507,1091.1157376371018,1293038974.4574609,False,1.0,0.40221111709143725,-35.00263435096407,-17.418176026323803
2219,2427,solar,5.590302467346191,6.031238079071045,952.5323298798639,1261.899462832539,1143038795.8558366,False,1.0,0.40202503426159214,-35.230252078941035,-19.604332331242944
2220,2605,solar,5.795843124389648,6.407833576202393,1087.0172902174345,1385.33331373174,1304420748.2609215,False,1.0,0.40177605126101085,-33.69747521715997,-20.30786336307502
2221,1686,solar,5.314729690551758,4.524747848510742,841.6428530241825,931.8460524535691,1009971423.629019,False,1.0,0.4015311851729874,-39.91312586454213,-29.31698590163534
2222,199,solar,4.800159931182861,4.396149158477783,503.51615929031,639.1755565642071,604219391.1483719,False,1.0,0.40113572533687,-52.86716336566754,-24.188843174965445
2223,1089,solar,4.627106666564941,5.066876411437988,381.0548703651652,563.3259014981714,457265844.4381982,False,1.0,0.4009593731958699,-45.1626008775541,-28.41925536389514
2224,2113,solar,5.36484432220459,5.139533996582031,852.0490891738951,1025.2162590074824,1022458907.0086741,False,1.0,0.400918628638327,-36.83658597336574,-25.887344710456023
2225,121,solar,4.571733474731445,4.278755187988281,428.81904462144934,321.4486504185553,514582853.5457392,False,1.0,0.4007869432527069,-53.308725108395166,-32.312100898730044
2226,2430,solar,5.59820032119751,7.130063056945801,993.5190767758322,1195.6826793252312,1192222892.1309986,False,1.0,0.4004695443665011,-35.37869776623094,-18.31836162491832
2227,2060,solar,5.082006454467773,5.794602394104004,652.9000788392227,912.936119603467,783480094.6070672,False,1.0,0.3994909450716162,-37.73636470512365,-22.910087241256832
2228,2114,solar,5.314231872558594,4.765166759490967,823.1494938218154,1009.1478754244665,987779392.5861785,False,1.0,0.39897965177020517,-36.900166571420456,-25.455536394670247
2229,2609,solar,5.752525806427002,6.6888298988342285,1121.5865300991454,1237.2807714135972,1345903836.1189744,False,1.0,0.3989054656198956,-33.91670530767603,-18.607873779336348
2230,2059,solar,5.093246936798096,5.6778693199157715,666.8516132778088,914.407623402287,800221935.9333706,False,1.0,0.3985680136685442,-37.682563339481334,-23.34386220376218
2231,1871,solar,5.195847034454346,4.766295909881592,772.0437153791605,886.720135383275,926452458.4549927,False,1.0,0.39791564896544507,-38.70134248514004,-26.974529838676975
2232,2241,solar,5.291125297546387,5.926450252532959,790.7778317357509,1064.0223985122682,948933398.082901,False,1.0,0.3969803494023364,-36.34111689230458,-22.32942248615285
2233,2675,solar,5.510533809661865,6.784277439117432,1037.2965121321688,939.0627989666697,1244755814.5586026,False,1.0,0.39650055281847235,-33.738598351731746,-16.012167493584197
2234,2122,solar,5.126889228820801,5.457828998565674,685.7657032219424,967.9193604826038,822918843.8663309,False,1.0,0.39648241011939533,-37.35856709492616,-21.995416761665002
2235,2360,solar,5.451601505279541,5.5009846687316895,897.4322027952339,1162.935699286314,1076918643.3542807,False,1.0,0.3962478202666404,-35.31826159961448,-22.654318574565515
2236,843,solar,4.616583824157715,4.759660720825195,450.37625926556433,425.26966906138665,540451511.1186771,False,1.0,0.39614110641397315,-47.015021422283816,-31.22255154404182
2237,1265,solar,4.961092948913574,5.220781326293945,628.4014601751508,749.6069466202866,754081752.2101809,False,1.0,0.39587888679119454,-43.455152803391165,-30.087464750117597
2238,2298,solar,5.400930404663086,5.530515193939209,872.5757685420124,1117.5884353169242,1047090922.2504148,False,1.0,0.3958291840271283,-35.68091371269952,-23.566698281431595
2239,1992,solar,5.252089977264404,4.67022180557251,807.9342753459347,951.9298756283025,969521130.4151217,False,1.0,0.39551080446888176,-37.7653381169521,-26.43186521643827
2240,2254,solar,5.425808906555176,6.973906517028809,931.3012583882455,1029.4534930370203,1117561510.0658946,False,1.0,0.3954892155988009,-36.95912126655325,-16.716944896004815
2241,2068,solar,5.123069763183594,6.225809097290039,677.4791683030832,995.9622545056483,812975001.9636998,False,1.0,0.39522372990902016,-38.12173130840554,-19.435229560113214
2242,2661,solar,5.829481601715088,5.79863977432251,1138.4542340808414,1413.7530122383037,1366145080.8970096,False,1.0,0.39513206435311304,-32.974876556934476,-21.94729487235695
2243,2796,solar,5.485246658325195,7.443568229675293,1037.1390482839624,901.259033023182,1244566857.940755,False,1.0,0.39503435446990437,-32.85458472181906,-15.504810912689521
2244,2124,solar,5.120001792907715,6.196300029754639,684.4336909807836,983.1022336857378,821320429.1769403,False,1.0,0.3943005426138081,-37.45992116030177,-21.1289533021239
2245,1146,solar,4.784512042999268,4.3610711097717285,522.1973868675692,647.9375471397257,626636864.241083,False,1.0,0.3938569899708038,-44.53154424473073,-29.720793588745508
2246,2428,solar,5.562131404876709,6.706233501434326,963.7973222018251,1276.597552495487,1156556786.64219,False,1.0,0.3935254379223107,-35.28106688459915,-19.175815484197894
2247,2244,solar,5.270834922790527,5.956214427947998,784.2779453840557,1081.238565145108,941133534.4608668,False,1.0,0.3932788085782087,-36.502929122390015,-21.036215980771615
2248,2070,solar,5.171891212463379,6.697556972503662,719.1334376308272,1039.9821757514924,862960125.1569927,False,1.0,0.3920243745450695,-38.20613884192066,-18.565339590361177
2249,1927,solar,5.425812721252441,4.728289604187012,948.4024238210098,1042.0277289842372,1138082908.5852118,False,1.0,0.3910273014470591,-37.94180213204249,-28.65768995541396
2250,2193,solar,5.372308731079102,7.045639991760254,882.3591308736643,1092.0955537397829,1058830957.0483972,False,1.0,0.390770646558831,-37.38723753962631,-17.187071267508525
2251,23,solar,5.090707302093506,4.5219407081604,750.8627491002957,800.8803716861123,901035298.9203548,False,1.0,0.39024557063060616,-54.33892070480801,-22.38679817590914
2252,1087,solar,4.660446643829346,4.407907485961914,451.48725424405575,600.0244247357532,541784705.0928669,False,1.0,0.3897610881824436,-45.08625652336857,-29.310746052886888
2253,2120,solar,5.1044487953186035,5.876163005828857,701.4981982025269,962.9360180802348,841797837.8430322,False,1.0,0.38968481743391814,-37.25206142157085,-22.861335731903193
2254,1755,solar,4.825838088989258,5.518932819366455,560.1910662532429,709.1755724618816,672229279.5038915,False,1.0,0.388674061935288,-39.9189121336974,-25.326455791994608
2255,1637,solar,4.609102725982666,5.583079814910889,418.7708010062162,583.0654107201929,502524961.2074594,False,1.0,0.38853350956992644,-41.00186861512018,-24.53619713535343
2256,1872,solar,5.092809677124023,5.455879211425781,736.8275234397152,862.312968263003,884193028.1276581,False,1.0,0.38853159396266124,-38.76095500779053,-26.538893861306896
2257,1751,solar,5.02525520324707,5.39132833480835,701.0558340110241,802.30029640713,841267000.813229,False,1.0,0.3884697668232936,-39.70227157494946,-27.077465251242728
2258,1819,solar,4.735769271850586,5.668262004852295,481.04702223244476,714.8200025026503,577256426.6789337,False,1.0,0.3880765868641361,-39.628851213182735,-23.530186093038196
2259,2913,solar,5.720869064331055,6.399847507476807,1216.8859846592795,1068.9237573355501,1460263181.5911355,False,1.0,0.38748395862206814,-31.780969626569703,-16.680126984188938
2260,903,solar,4.628509521484375,4.4785895347595215,485.87019994963254,472.3854846812653,583044239.9395591,False,1.0,0.3873296491299354,-46.49146440964888,-31.193191433580743
2261,1569,solar,4.9555439949035645,4.70875883102417,665.0063958377103,753.4476775565686,798007675.0052524,False,1.0,0.387182956350499,-41.10225452789685,-28.100142542238032
2262,2725,solar,5.850986480712891,6.04981803894043,1186.6966788096743,1441.3254921242535,1424036014.571609,False,1.0,0.38702808948514894,-32.747590792498116,-20.200979664003427
2263,2673,solar,5.6038103103637695,6.582773208618164,1127.4980937807484,1038.8886203520412,1352997712.5368981,False,1.0,0.3869824211836638,-33.646558128722965,-16.861908861644647
2264,1943,solar,4.837180137634277,6.1211442947387695,533.2901753577937,826.3163412511716,639948210.4293524,False,1.0,0.38674717226104877,-38.851378604139704,-21.69585601105525
2265,902,solar,4.6706624031066895,4.4493088722229,521.0863918890777,490.5589119948326,625303670.2668933,False,1.0,0.3863087443510934,-46.45556149103047,-31.640264338079653
2266,1895,solar,5.103972434997559,7.628580093383789,756.6895722197734,867.8992802992534,908027486.663728,False,1.0,0.3860709061498981,-39.79827800691225,-16.48546038721007
2267,2175,solar,5.273147106170654,5.606175899505615,839.6330967329042,1043.7834582200057,1007559716.0794849,False,1.0,0.38551441119977153,-36.47094611164004,-24.968259489818063
2268,1700,solar,4.549681186676025,5.240470886230469,369.2577123764538,612.9370765740488,443109254.8517446,False,1.0,0.3854972253782164,-40.64883982192405,-23.176032689778886
2269,1932,solar,5.128935813903809,4.634565353393555,772.3214641237831,906.8500822485121,926785756.9485397,False,1.0,0.38426133920858924,-38.2629241522632,-26.486121500653812
2270,2731,solar,5.757596492767334,6.8551154136657715,1239.284824653358,1142.3954214568903,1487141789.5840297,False,1.0,0.38364663746806205,-33.080462855520885,-17.664407628744144
2271,1384,solar,5.057161331176758,4.514801025390625,734.6055334827323,853.8138461335319,881526640.1792787,False,1.0,0.3832770514580406,-42.370477856091725,-30.443514388812414
2272,1868,solar,5.269326210021973,4.817843914031982,877.6922911974965,971.7712839309884,1053230749.4369957,False,1.0,0.382916052829693,-38.51422565133364,-28.280530698947054
2273,1570,solar,4.875168323516846,5.322630882263184,629.790203898265,717.6311444995988,755748244.677918,False,1.0,0.382772539344557,-41.15515415164198,-27.66014972424435
2274,2487,solar,5.5580973625183105,5.837665557861328,1001.5682945258851,1310.0319350064078,1201881953.4310622,False,1.0,0.3824925050088385,-34.75655549777629,-19.556566962618707
2275,2429,solar,5.501238822937012,6.977090835571289,977.4930777762344,1245.3442825922837,1172991693.3314812,False,1.0,0.38235855326630863,-35.33054369002071,-18.74715728579501
2276,2370,solar,5.445940017700195,6.725429534912109,946.7095366501668,1202.6345917457713,1136051443.9802,False,1.0,0.3820968539920877,-35.84939654688989,-18.36186772701802
2277,1934,solar,5.020873069763184,5.175018310546875,703.6415719524575,867.1788657220421,844369886.342949,False,1.0,0.3819606749176431,-38.38154871725055,-25.616401370425812
2278,141,solar,4.834505081176758,4.406821250915527,609.4424838532685,688.7482044625713,731330980.6239222,False,1.0,0.3819155222950536,-53.363672526178235,-23.288864289503877
2279,2858,solar,5.305341720581055,6.678521633148193,978.1476852782286,814.336741088645,1173777222.3338742,False,1.0,0.3816978079117308,-32.47965144109502,-14.619189302814075
2280,1954,solar,5.106584548950195,7.599689960479736,759.5123405505075,925.3479781518612,911414808.660609,False,1.0,0.38136236737477386,-39.29709742404861,-16.89146598279011
2281,1441,solar,5.239102363586426,4.405557632446289,875.7480499851363,932.0900377985525,1050897659.9821635,False,1.0,0.38107712340579536,-41.68108307522216,-31.719492880641706
2282,1866,solar,5.364354610443115,4.359548568725586,948.1246750763871,1036.6857357907686,1137749610.0916646,False,1.0,0.38050420540751295,-38.382346955436105,-29.150405692825473
2283,2483,solar,5.506977081298828,6.315377235412598,983.2544397719764,1271.5893377089021,1179905327.7263718,False,1.0,0.38011821769735166,-34.5349049638054,-21.264590125813072
2284,2554,solar,5.4420857429504395,7.467167854309082,1039.2270045083978,988.1346245326852,1247072405.4100773,False,1.0,0.37991659706661063,-34.62544421539269,-16.521070841607937
2285,1745,solar,5.302547454833984,4.529539108276367,912.352985647696,1002.4068162041124,1094823582.7772353,False,1.0,0.37940844623217873,-39.33823773749881,-29.69986838623395
2286,2247,solar,5.232242584228516,6.94502067565918,806.1353559216815,1118.4855855031408,967362427.1060178,False,1.0,0.3789650941890018,-36.65289754351232,-19.74174638653907
2287,2909,solar,5.92715311050415,6.147068500518799,1364.5740691386027,1263.9221689582212,1637488882.9663231,False,1.0,0.37896312494414724,-31.565271356757336,-18.358372416575147
2288,1389,solar,4.746263027191162,5.037989616394043,558.5245737855059,660.532477245926,670229488.5426071,False,1.0,0.3786584818822422,-42.62205768983257,-28.23293444284765
2289,2677,solar,5.2642340660095215,7.3358964920043945,947.0949304835895,839.2784492105488,1136513916.5803072,False,1.0,0.37860797567108645,-33.82526344028306,-15.161896107119993
2290,1027,solar,4.5315961837768555,4.6769795417785645,415.9933135599876,550.2140997516321,499191976.2719851,False,1.0,0.3778466604432429,-45.59962800384177,-29.34381079278509
2291,2491,solar,5.5196099281311035,6.271924018859863,1058.058979389938,1140.946477914842,1269670775.2679257,False,1.0,0.37774528919524575,-34.95608938607551,-17.84613143228754
2292,2551,solar,5.570866584777832,6.473226547241211,1104.6764290962335,1138.0184417842836,1325611714.9154801,False,1.0,0.3777437894351634,-34.4868511720943,-17.801963729136858
2293,2302,solar,5.256926536560059,5.997541904449463,835.3072650916373,1117.250257424808,1002368718.1099647,False,1.0,0.3775925117760319,-35.915787613098196,-21.848330448642272
2294,1205,solar,4.795409202575684,4.256321907043457,592.9075194910826,699.7262462616483,711489023.389299,False,1.0,0.3773730384764427,-43.97183615219119,-30.127544270036907
2295,2361,solar,5.338054656982422,5.559417247772217,889.9280855389118,1163.928905653161,1067913702.6466942,False,1.0,0.3773470805010592,-35.37759514334556,-22.22576284867515
2296,1443,solar,5.12835168838501,4.888729572296143,805.3156661062459,910.3800517164834,966378799.3274951,False,1.0,0.37720891788885536,-41.79688462558652,-30.837931541289667
2297,1935,solar,4.951083660125732,5.368748664855957,672.0854860780526,851.0641820070828,806502583.293663,False,1.0,0.37712730784497095,-38.43884407326009,-25.181321644587946
2298,2730,solar,5.733648777008057,6.186164855957031,1231.3351296796275,1192.1797731519316,1477602155.615553,False,1.0,0.37697161307412963,-33.02863799220071,-18.087582225095318
2299,1026,solar,4.564300060272217,4.8698272705078125,451.2095054994329,547.9375471397257,541451406.5993195,False,1.0,0.376773044741179,-45.56235008096382,-29.79004392105824
2300,260,solar,4.639565944671631,4.608452320098877,503.2384105456871,587.0688761032759,603886092.6548245,False,1.0,0.3766063519957043,-52.380729609337045,-23.733138821964882
2301,2304,solar,5.256086826324463,5.890305042266846,834.214064104031,1130.4292331661607,1001056876.9248371,False,1.0,0.37660625974564566,-36.024863907382965,-20.988207564289258
2302,1811,solar,5.017739295959473,5.339251518249512,736.5497746950923,844.0848192300053,883859729.6341108,False,1.0,0.37660365988346195,-39.201585897407284,-27.02677331530372
2303,327,solar,4.590206146240234,5.39874267578125,438.5434896314685,640.0161551958407,526252187.5577622,False,1.0,0.3765887056974584,-51.93697553044958,-20.56856208903381
2304,1933,solar,5.03709602355957,4.902918815612793,737.2408174827807,885.8262405317141,884688980.9793369,False,1.0,0.37658418364308666,-38.32291576344315,-26.05133582893365
2305,1207,solar,4.703629970550537,4.884225368499756,522.475135612192,685.7847991148958,626970162.7346305,False,1.0,0.3762798574599767,-44.060540756508146,-29.23898384452292
2306,1382,solar,5.102056503295898,4.243619441986084,805.0379173616229,871.2049608727756,966045500.8339475,False,1.0,0.3756964236821222,-42.26175102492891,-31.3269723829214
2307,2294,solar,5.391962051391602,5.536702632904053,951.3352282862738,1153.1520644704503,1141602273.9435287,False,1.0,0.3754621626134577,-35.42269790741582,-25.28234091068762
2308,2852,solar,5.693772792816162,6.898532390594482,1237.5060726972213,1107.0213201056386,1485007287.2366655,False,1.0,0.375411000190745,-32.19625902249711,-17.14774863186355
2309,2793,solar,5.592083930969238,6.617602348327637,1170.6683922288091,1049.2586822355388,1404802070.674571,False,1.0,0.37533036849052415,-32.71335203776056,-16.772523487833254
2310,2358,solar,5.360730171203613,5.464023113250732,920.4399388226329,1167.3891070220388,1104527926.5871596,False,1.0,0.37496762464843625,-35.19522783641606,-23.510920958983764
2311,2672,solar,5.608810901641846,6.881656646728516,1172.5988846050382,1088.8135184887694,1407118661.5260458,False,1.0,0.37476483893065593,-33.598489011961625,-17.286570408604533
2312,1514,solar,4.5545735359191895,5.074758052825928,453.4314954564157,552.6710324215397,544117794.5476989,False,1.0,0.3742026006334334,-41.851965303955865,-25.940851373559823
2313,2290,solar,5.537269592285156,4.951160907745361,1062.3977415781294,1220.8666826606388,1274877289.8937552,False,1.0,0.37362388197111285,-35.139743020018784,-26.994975482557514
2314,2233,solar,5.341787815093994,4.805020809173584,934.1467061593278,1119.667455368987,1120976047.3911934,False,1.0,0.3726324749662073,-35.84795266189031,-25.771004110915026
2315,2242,solar,5.150589942932129,5.782465934753418,785.4406521066645,1067.4524445033687,942528782.5279974,False,1.0,0.37261270434063537,-36.39639870751956,-21.89850019792887
2316,1748,solar,5.0957231521606445,5.081627368927002,806.7044098293601,895.4063856114255,968045291.795232,False,1.0,0.3722850032849787,-39.52634706290484,-28.38931735156034
2317,2311,solar,5.342170238494873,6.987576961517334,920.3397071018352,1162.6596838033674,1104407648.5222023,False,1.0,0.3720428769547125,-36.365089399471124,-17.973375828703745
2318,2543,solar,5.533962726593018,5.6298604011535645,1033.252390495387,1321.2618439259293,1239902868.5944645,False,1.0,0.37086930979371446,-34.05684196977368,-21.211232665482502
2319,2181,solar,5.065995216369629,6.284266471862793,741.2883177492864,1014.0760563666897,889545981.2991437,False,1.0,0.3706596491312468,-36.823378721307535,-22.37952270173591
2320,2541,solar,5.53583288192749,5.765958786010742,1038.9589139279467,1313.815339662965,1246750696.713536,False,1.0,0.3706486128120249,-33.93489669652031,-22.061899953795322
2321,1264,solar,4.861218452453613,5.191079139709473,663.617652114596,754.5929859343971,796341182.5375152,False,1.0,0.37047737799802416,-43.40703276367965,-30.530893828112507
2322,1143,solar,4.780401229858398,4.889785289764404,627.8459626859052,665.0737289905866,753415155.2230862,False,1.0,0.3704059267434019,-44.40076933137839,-31.05526759968599
2323,1270,solar,4.537178039550781,4.455877780914307,452.3205004779243,566.5927791261481,542784600.5735092,False,1.0,0.3701951472665327,-43.68022393504578,-27.868896504175797
2324,2486,solar,5.470371246337891,5.729578971862793,993.2530441848359,1297.6411730506304,1191903653.0218031,False,1.0,0.3694533768902981,-34.70325726390255,-19.983809273844816
2325,2850,solar,5.805840015411377,6.6943135261535645,1327.555913925709,1205.3824406644899,1593067096.710851,False,1.0,0.3694064897380975,-32.09027044549779,-17.989373365228012
2326,2433,solar,5.4118218421936035,7.567104816436768,1041.1574968846267,1046.8911748589658,1249388996.261552,False,1.0,0.36939514185566,-35.51536912105513,-17.03118794376827
2327,2611,solar,5.5760111808776855,6.55076789855957,1151.5777099848426,1137.2832022921882,1381893251.981811,False,1.0,0.3692501921037138,-34.01783218276561,-17.756943926112125
2328,2296,solar,5.297573566436768,4.935828685760498,907.3111892909676,1131.0976073148136,1088773427.149161,False,1.0,0.36921770395999515,-35.554806931726205,-24.424877433783493
2329,2910,solar,5.833629131317139,6.0810866355896,1349.3093390819824,1215.020138366903,1619171206.8983788,False,1.0,0.36921679118454204,-31.62145175522353,-17.93906781816
2330,1994,solar,5.013512134552002,4.886451244354248,742.2483889594197,914.2169335527262,890698066.7513037,False,1.0,0.36907230389513007,-37.88733368870636,-25.564183509088874
2331,2424,solar,5.367846488952637,6.047688007354736,934.1068049292979,1229.006543544744,1120928165.9151576,False,1.0,0.36854108109940353,-35.06961943916901,-20.888995006099627
2332,1694,solar,4.7014055252075195,5.059536933898926,559.9133175086201,683.246309464338,671895981.0103441,False,1.0,0.3685225329679724,-40.362405274342485,-25.810785092506542
2333,2488,solar,5.483262062072754,6.62268590927124,1012.2877493166344,1290.5172618400193,1214745299.1799612,False,1.0,0.3684884119624954,-34.80847208320388,-19.12917395556439
2334,2548,solar,5.536000728607178,6.82424783706665,1060.9183269930186,1287.9293115236978,1273101992.3916223,False,1.0,0.36831843297351124,-34.33612995554656,-19.081600637242826
2335,2185,solar,5.0623860359191895,5.803018093109131,738.8221202019834,1042.87797707013,886586544.24238,False,1.0,0.36820207619617257,-37.03132512559084,-20.650733845871873
2336,2236,solar,5.217156887054443,5.148876667022705,861.62195020755,1081.937327590519,1033946340.2490599,False,1.0,0.36798537005412824,-36.04379865219733,-24.481679935807914
2337,2356,solar,5.364230155944824,5.21978235244751,953.4331666906279,1180.3284346794662,1144119800.0287535,False,1.0,0.36789245413669547,-35.06623604499978,-24.366815430709895
2338,1148,solar,4.5460309982299805,5.0308637619018555,451.76500298867865,623.5530699129729,542118003.5864143,False,1.0,0.3673259451785597,-44.6139709622302,-28.83072209588991
2339,2191,solar,5.209547996520996,6.919233322143555,830.8927477129853,1151.7208062288316,997071297.2555823,False,1.0,0.3672346343531742,-37.30546138166741,-18.05368031490196
2340,2552,solar,5.507423400878906,7.342176914215088,1123.3420902903322,1088.053611406259,1348010508.3483987,False,1.0,0.3666164421114668,-34.534377270203144,-17.375133614264648
2341,77,solar,4.589461803436279,4.477097511291504,504.0716567795556,605.0086612123317,604885988.1354667,False,1.0,0.3660256871505948,-53.85032418132253,-25.095767775063983
2342,2301,solar,5.19184684753418,5.352257251739502,840.3277862226288,1113.9735548815252,1008393343.4671545,False,1.0,0.3651849347529601,-35.85918718693777,-22.27816318582399
2343,1879,solar,4.679145812988281,5.495595455169678,526.5239279765268,764.6967061636079,631828713.5718322,False,1.0,0.36474965605265475,-39.14178915973123,-23.48555919595679
2344,2177,solar,5.09674596786499,5.556291580200195,795.7126458486002,1024.2587666866948,954855175.0183203,False,1.0,0.3643572336588722,-36.59402786131197,-24.105980765038762
2345,2117,solar,5.022597789764404,5.896785259246826,749.8915959192044,974.8397841158138,899869915.1030453,False,1.0,0.36429499419603056,-37.08233003508798,-24.15913080686443
2346,2111,solar,5.247383117675781,5.266395568847656,915.3211309305443,1063.6946292298665,1098385357.1166532,False,1.0,0.36401461437641214,-36.70500243603439,-26.75044674426125
2347,2432,solar,5.393398284912109,6.471715927124023,1032.1119287904755,1096.451752036774,1238534314.5485706,False,1.0,0.3639488339904973,-35.4710964015527,-17.460373198425376
2348,2050,solar,5.234081268310547,4.5261969566345215,913.7417293708102,1041.7973848462393,1096490075.2449722,False,1.0,0.36370691269347305,-37.137060885995886,-27.24106805123301
2349,2540,solar,5.502415657043457,6.087215423583984,1045.393794707665,1312.935523928458,1254472553.6491978,False,1.0,0.36343409504472124,-33.87165729011723,-22.486961323325527
2350,1873,solar,4.900824069976807,4.802018642425537,701.6113315002699,840.175405480884,841933597.8003238,False,1.0,0.3630343971474096,-38.81922472201328,-26.10311255343651
2351,2121,solar,4.943253517150879,5.481956481933594,691.8722142841395,964.1352766373791,830246657.1409675,False,1.0,0.3626620493984762,-37.30596689255894,-22.428446062844156
2352,2365,solar,5.264975070953369,6.699147701263428,887.874851935305,1189.1066917550477,1065449822.3223659,False,1.0,0.36265410206561177,-35.60081768454708,-20.509941233822634
2353,1802,solar,5.426351070404053,5.0289740562438965,1053.4955021501,1149.6432800616008,1264194602.58012,False,1.0,0.3612665784620625,-38.61860365893778,-30.94947675980464
2354,2115,solar,5.059916973114014,4.952193260192871,796.3432224839726,995.3343615158335,955611866.9807671,False,1.0,0.35995269898584037,-36.9623030957591,-25.023561992506718
2355,1084,solar,4.615530490875244,5.134782314300537,557.1358300623917,606.2419568781688,668562996.0748701,False,1.0,0.35987699150180524,-44.965096271782876,-30.64740175570885
2356,2555,solar,5.249207019805908,7.278505802154541,994.1262136841079,938.1816048364116,1192951456.4209294,False,1.0,0.3584863301206039,-34.66901217311725,-16.093846056208474
2357,961,solar,4.624246597290039,4.160740852355957,591.7965245125912,557.1730439024545,710155829.4151094,False,1.0,0.35837100473758066,-45.89069615734646,-32.0547355114671
2358,1627,solar,4.961077690124512,4.828578472137451,770.9327204006692,861.3098779034958,925119264.480803,False,1.0,0.3581288394923463,-40.483069932038354,-28.930336362028633
2359,2179,solar,5.017630577087402,5.7472710609436035,762.4522886039974,1014.2623598533977,914942746.3247969,False,1.0,0.3577072286055918,-36.71145244213616,-23.243058070680355
2360,2716,solar,5.757743835449219,5.635481834411621,1236.5120533761449,1476.799144213719,1483814464.051374,False,1.0,0.357420903911814,-32.143987546729434,-23.993165908736035
2361,2374,solar,5.245003700256348,7.254488468170166,974.4715568363064,1005.6981212450453,1169365868.2035677,False,1.0,0.356290277095489,-36.025113613804116,-16.641068222153695
2362,2908,solar,5.811111927032471,6.447972774505615,1354.7970148138195,1312.9069128201666,1625756417.7765834,False,1.0,0.3562268416005536,-31.507560439612394,-18.77749752359929
2363,2174,solar,5.1421589851379395,5.573448181152344,865.099010698914,1056.9639780585226,1038118812.8386967,False,1.0,0.35585277726288933,-36.40723144219478,-25.399147271036256
2364,202,solar,4.665653228759766,4.869649887084961,609.1647351086458,644.5762657206792,730997682.1303749,False,1.0,0.3552709143430312,-52.878688785551795,-22.834719979852597
2365,1876,solar,4.72059440612793,5.721686840057373,602.0507705174792,789.194451447943,722460924.6209751,False,1.0,0.3549528496852322,-38.98618616219041,-24.794930398550807
2366,2415,solar,5.3905816078186035,4.965611457824707,1018.9546474999761,1238.8129695042928,1222745576.9999714,False,1.0,0.354687691280935,-34.50983733548265,-24.734008725898054
2367,2545,solar,5.452277660369873,6.441234588623047,1037.2007424305698,1336.1717605515323,1244640890.9166837,False,1.0,0.354245997757284,-34.172869696807,-20.359870067022133
2368,2369,solar,5.287008762359619,7.100804328918457,929.877146706664,1246.282051278242,1115852576.0479968,False,1.0,0.35353180520569416,-35.80230112427356,-18.791754808385633
2369,2300,solar,5.132673740386963,5.252943992614746,848.2707996157698,1112.9357682431478,1017924959.5389237,False,1.0,0.3530654093276019,-35.80118750449736,-22.707838132128213
2370,2534,solar,5.552358150482178,5.490265846252441,1130.629715296308,1347.1946220018813,1356755658.3555696,False,1.0,0.35241472329583107,-33.45917947031632,-25.033213033451098
2371,1685,solar,5.096375465393066,4.9823899269104,876.8590449636279,970.0649507805562,1052230853.9563534,False,1.0,0.3522446604252729,-39.85109047766308,-29.75464774567778
2372,2116,solar,4.983636856079102,5.826364517211914,771.8484092185489,983.8706967658653,926218091.0622587,False,1.0,0.352157527580483,-37.023017236633336,-24.59142549191
2373,2416,solar,5.349669456481934,5.492335796356201,999.9280036476862,1229.6213360837803,1199913604.3772235,False,1.0,0.35194040511684144,-34.57809244183163,-24.307514530606582
2374,1624,solar,5.092135906219482,4.612782955169678,876.5812962190048,979.7558550745604,1051897555.4628057,False,1.0,0.3507644258020253,-40.30318507696197,-30.246113645980262
2375,1632,solar,4.641181945800781,5.319372653961182,594.8517607034427,691.671879923003,713822112.8441312,False,1.0,0.35000306796558,-40.757320024074225,-26.734751404671552
2376,2855,solar,5.334003448486328,6.9411396980285645,1105.2588326219468,960.1147147750901,1326310599.146336,False,1.0,0.3494667080286966,-32.34433262174751,-15.884125391946505
2377,2490,solar,5.3630757331848145,6.937056064605713,1040.62546819239,1190.7914082714944,1248750561.830868,False,1.0,0.34923408561816727,-34.90822378083437,-18.273952181660817
2378,1566,solar,4.914477348327637,4.384584903717041,770.6549716560463,869.338963002427,924785965.9872556,False,1.0,0.34919477710890234,-40.93623603255431,-29.419387675957683
2379,2232,solar,5.247899532318115,5.442374229431152,962.3110878563515,1136.3732458448876,1154773305.4276218,False,1.0,0.34878790623374634,-35.779630679216446,-26.200414795289237
2380,2362,solar,5.174269199371338,5.39686918258667,885.1889268670272,1167.065359847246,1062226712.2404327,False,1.0,0.3487179428550582,-35.43549907562159,-21.797043114399695
2381,2671,solar,5.51508903503418,6.976107120513916,1198.7295071312221,1138.7450068346382,1438475408.5574665,False,1.0,0.34869688269015187,-33.54903519862685,-17.711086887150707
2382,1628,solar,4.849000453948975,5.04315710067749,735.7165284612237,824.115139112583,882859834.1534684,False,1.0,0.3481509848849857,-40.54041653441793,-28.491473701698034
2383,1201,solar,4.809657096862793,4.711986064910889,733.7722872488637,741.3614635974928,880526744.6986364,False,1.0,0.34813220857482335,-43.78212607789717,-31.90355240038996
2384,2234,solar,5.167353630065918,5.146157264709473,907.8642560677055,1104.9734238219849,1089437107.2812467,False,1.0,0.34787742702760066,-35.91473934320912,-25.341408461190856
2385,2072,solar,4.9860711097717285,7.553882598876953,771.5748691817433,1045.1355512665755,925889843.018092,False,1.0,0.3477366054784146,-38.2860000735404,-17.695028602703
2386,2911,solar,5.640023708343506,6.299923896789551,1304.7455543422884,1166.211226189408,1565694665.210746,False,1.0,0.3474561600303703,-31.67611786698477,-17.519588753986177
2387,2728,solar,5.582081317901611,6.1001482009887695,1207.4813969370507,1291.7984504582917,1448977676.3244607,False,1.0,0.34665603670938444,-32.92065251947945,-18.933450233313273
2388,2425,solar,5.253483772277832,6.39036750793457,937.6262378113511,1238.0501366326876,1125151485.3736212,False,1.0,0.3466220031754152,-35.12454489088438,-20.460926128153808
2389,20,solar,4.7100300788879395,4.661107540130615,645.2141732819597,762.3921074014115,774257007.9383516,False,1.0,0.34649077370828746,-54.342330032401655,-23.741237806339143
2390,2776,solar,5.771603107452393,5.4608845710754395,1284.4388919982214,1526.3450228535996,1541326670.3978658,False,1.0,0.3462494974671416,-31.65852559871691,-23.92687843326849
2391,2718,solar,5.660887718200684,5.038125514984131,1211.254282047574,1466.4780345546292,1453505138.4570887,False,1.0,0.3460029541042228,-32.28953265520853,-23.151926711616376
2392,2788,solar,5.635744571685791,6.238119602203369,1256.516029775259,1296.9465466939218,1507819235.730311,False,1.0,0.34594976850847564,-32.44935313762358,-18.882310874770145
2393,2229,solar,5.365761756896973,5.186762809753418,1056.541676111328,1197.6689791636056,1267850011.3335934,False,1.0,0.34594868454710553,-35.56521088615763,-27.487491339339233
2394,2792,solar,5.498807907104492,6.357717514038086,1215.769183053099,1098.7124713925773,1458923019.6637187,False,1.0,0.3455486262264746,-32.66345224753435,-17.19479979114958
2395,2608,solar,5.46342658996582,5.9470343589782715,1109.6706293683699,1287.2796976014001,1331604755.2420437,False,1.0,0.3455241741046215,-33.864043877511655,-19.033111471517355
2396,1931,solar,4.955124378204346,4.790935516357422,807.5376560632287,930.0892510580454,969045187.2758745,False,1.0,0.34415375861292863,-38.201552168584456,-26.920754798003973
2397,2297,solar,5.13282585144043,5.670003414154053,888.7075070177123,1123.2510200368008,1066449008.4212548,False,1.0,0.3440974409698223,-35.61859978482753,-23.995875120085522
2398,1262,solar,4.8016815185546875,4.794559478759766,734.0500359934866,774.2161031788148,880860043.192184,False,1.0,0.3440133714752011,-43.30753077868109,-31.417450988607534
2399,2419,solar,5.248744487762451,5.34256649017334,956.3568000124156,1214.043574330721,1147628160.0148988,False,1.0,0.3439144547725117,-34.77356381633104,-23.02689191952631
2400,1749,solar,4.881170272827148,4.494021892547607,771.4882178899147,862.5912427877611,925785861.4678977,False,1.0,0.34360199190519103,-39.58631167208297,-27.95217344968077
2401,2417,solar,5.2806267738342285,5.67066764831543,983.0785580490981,1222.4073326403432,1179694269.6589177,False,1.0,0.3435564165355629,-34.644783933550954,-23.880827189045313
2402,1870,solar,4.942879676818848,5.310474395751953,807.2599073186057,913.2149482754409,968711888.7823268,False,1.0,0.3433697315409862,-38.640365256351245,-27.410017011663864
2403,2914,solar,5.403196811676025,7.037487983703613,1173.6851233198338,1020.4766956914913,1408422147.9838006,False,1.0,0.3431978906929904,-31.831185237052015,-16.26015399057616
2404,2535,solar,5.472756862640381,5.306010723114014,1111.2654911982363,1336.878605667399,1333518589.4378836,False,1.0,0.34289632269808396,-33.531969332474375,-24.60935285786785
2405,2666,solar,5.529710292816162,6.570057392120361,1141.9348655601286,1388.476414392931,1370321838.6721544,False,1.0,0.3427647946804749,-33.28046719452865,-19.831340499589952
2406,2493,solar,5.279669284820557,7.292501926422119,1062.742646108657,1041.3012246091096,1275291175.3303885,False,1.0,0.34181385904580874,-35.047872727817555,-16.990089835666723
2407,1925,solar,5.259188175201416,5.113369464874268,1018.8348076999004,1107.3390061273976,1222601769.2398803,False,1.0,0.3417200197022556,-37.80302864182874,-29.525144537354546
2408,2477,solar,5.3392415046691895,4.9552903175354,1030.6622436225277,1272.035024412638,1236794692.3470333,False,1.0,0.3404637386836365,-34.158495926848865,-23.82150035940028
2409,2546,solar,5.386026382446289,6.576226234436035,1042.7717002851448,1346.3528625274275,1251326040.3421738,False,1.0,0.3404383590432987,-34.228710032983514,-19.933939281728023
2410,2372,solar,5.210476875305176,6.984034538269043,987.1341471241217,1104.0286844868053,1184560976.548946,False,1.0,0.3396644294217845,-35.939760502685495,-17.50171100680644
2411,1081,solar,4.637495040893555,4.206738471984863,662.7844058807276,648.0966828178274,795341287.0568731,False,1.0,0.3391142699672898,-44.83555602119788,-31.983322967339877
2412,2426,solar,5.220991134643555,6.517949104309082,943.7851453849626,1249.0313036736243,1132542174.461955,False,1.0,0.3386778267013397,-35.178083505960885,-20.032703880966263
2413,2592,solar,5.606629848480225,5.411166191101074,1219.0036442152443,1420.952023296191,1462804373.058293,False,1.0,0.33836992414425854,-32.81589374296628,-25.812360848347364
2414,2074,solar,4.992090702056885,7.570415496826172,832.7680687844113,1023.7972980300891,999321682.5412935,False,1.0,0.3381647156343125,-38.3614161914908,-16.82432003111909
2415,1508,solar,4.683597564697266,5.181307315826416,664.7286470930876,759.3279460387239,797674376.5117052,False,1.0,0.3380603438944406,-41.55632864686904,-28.58683916004526
2416,2912,solar,5.515654563903809,6.516696453094482,1260.5896360902207,1117.50763377405,1512707563.3082647,False,1.0,0.338005330219914,-31.72928541561791,-17.099940179844133
2417,1142,solar,4.643344879150391,4.328342914581299,663.0621546253503,678.1025475497377,795674585.5504204,False,1.0,0.33770006061794616,-44.35520256347845,-31.49991640311943
2418,2720,solar,5.591601848602295,5.801469802856445,1193.8642357540816,1462.935384530719,1432637082.904898,False,1.0,0.33739024353704905,-32.42841537417367,-22.309812594759453
2419,1813,solar,4.693883419036865,5.313777446746826,666.1173908162017,795.0479831654095,799340868.979442,False,1.0,0.33675807499087007,-39.315950680615025,-26.153412907323993
2420,1446,solar,4.739959716796875,4.577424049377441,699.66709028791,814.3484510422859,839600508.345492,False,1.0,0.33668614100691163,-41.96128322230773,-29.514676187738328
2421,2285,solar,5.57589864730835,4.956777095794678,1231.7984518043093,1343.1158450143855,1478158142.1651711,False,1.0,0.33652209388596915,-34.74884193794061,-29.13107085823986
2422,2849,solar,5.630768299102783,6.488748550415039,1315.7663854318348,1254.660169451955,1578919662.5182018,False,1.0,0.3364805077048343,-32.03504903685175,-18.40993427598158
2423,1204,solar,4.60452938079834,4.395069122314453,628.1237114305278,705.0651173525866,753748453.7166333,False,1.0,0.335643638534961,-43.92597517628148,-30.571688283440565
2424,2248,solar,5.009632110595703,6.655784606933594,819.4154324175393,1135.0423171488899,983298518.9010471,False,1.0,0.33508416141712155,-36.700331010740435,-19.30999280460227
2425,1875,solar,4.648633003234863,5.101475238800049,633.1490278470336,803.44061725544,759778833.4164404,False,1.0,0.33464009006418327,-38.931820020374836,-25.231127510189367
2426,2309,solar,5.105644226074219,6.135951042175293,882.5249564936951,1199.7606156641084,1059029947.7924341,False,1.0,0.3343434355138633,-36.2742917710838,-18.835411773015338
2427,2610,solar,5.380829334259033,6.498367786407471,1135.5808132039251,1187.281935667725,1362696975.84471,False,1.0,0.3335144361625755,-33.96796294210545,-18.182483172325306
2428,1753,solar,4.61375093460083,5.19679069519043,630.6234501321336,750.5383928193168,756748140.1585603,False,1.0,0.33314432125110727,-39.813083616020606,-26.202217804759304
2429,2481,solar,5.243414878845215,5.9800262451171875,989.2494203673863,1263.850200891755,1187099304.4408636,False,1.0,0.33232218341229536,-34.41544497194024,-22.11761255671915
2430,2292,solar,5.217928409576416,4.707972049713135,1003.4260505609784,1183.2740892589625,1204111260.6731741,False,1.0,0.33135427608592594,-35.2844068861192,-26.13905272525352
2431,1990,solar,4.992863655090332,4.51725435256958,878.247788686742,998.2726955260677,1053897346.4240904,False,1.0,0.3311628745052528,-37.63767247916623,-27.2989086294613
2432,2052,solar,4.952060699462891,4.7261433601379395,844.7360548786165,997.478773986343,1013683265.8543398,False,1.0,0.3306877869700587,-37.26820660253041,-26.37614540625725
2433,1867,solar,5.031576633453369,5.30273962020874,912.9084831369415,1003.5080326198015,1095490179.76433,False,1.0,0.3306754374186824,-38.44901597704198,-28.715549907119012
2434,2353,solar,5.2452073097229,5.610602855682373,1019.44714767102,1215.0070137623188,1223336577.205224,False,1.0,0.3304595377059831,-34.861198358148926,-25.649250452938492
2435,2606,solar,5.404433727264404,5.781685829162598,1092.3342107838153,1387.2777821873326,1310801052.9405782,False,1.0,0.3304423584392681,-33.754445508224286,-19.883110697982147
2436,2313,solar,5.115785121917725,7.184908390045166,967.057420271612,1065.0478464594416,1160468904.3259344,False,1.0,0.3298854820274424,-36.4509327558937,-17.11085824136568
2437,2173,solar,5.029257297515869,4.872349262237549,892.6415067064677,1072.316088741039,1071169808.0477612,False,1.0,0.32883695007191477,-36.34203835823176,-25.8298617969841
2438,2287,solar,5.429748058319092,4.5528154373168945,1161.4330135049415,1289.799320285734,1393719616.2059298,False,1.0,0.32883421445923344,-34.9103516072676,-28.277294577488036
2439,2237,solar,4.970287322998047,5.511098861694336,842.0093965606967,1073.7315481879684,1010411275.872836,False,1.0,0.3283891797116068,-36.106115510589674,-24.051555687656027
2440,1202,solar,4.652669429779053,4.447166442871094,698.5560953094184,726.0281122018739,838267314.3713021,False,1.0,0.3283577972893964,-43.83114021789026,-31.459694323335942
2441,1571,solar,4.515408515930176,4.788778781890869,594.5740119588197,683.5974811950533,713488814.3505837,False,1.0,0.3281797933214192,-41.206868369238826,-27.220039234676857
2442,2670,solar,5.404527187347412,6.572737216949463,1183.3701840295014,1188.6822549099256,1420044220.8354018,False,1.0,0.3279932188316245,-33.498182079135134,-18.135453993590193
2443,1747,solar,4.902347564697266,5.330033302307129,841.9206017688053,929.7534827325464,1010304722.1225665,False,1.0,0.32778274072684044,-39.46502906607526,-28.826316736617382
2444,2905,solar,5.694712162017822,5.3785400390625,1336.3055918828209,1460.2741178873775,1603566710.259385,False,1.0,0.3272983955932251,-31.325074404003505,-20.033744537656336
2445,2601,solar,5.371309280395508,5.382696628570557,1088.6950142089688,1363.7830337606106,1306434017.0507627,False,1.0,0.3271284718115837,-33.45470578721633,-22.005120987746604
2446,2664,solar,5.4431304931640625,5.667512893676758,1133.9490109999372,1426.755322343018,1360738813.1999247,False,1.0,0.32580178846893937,-33.1627974956258,-20.678271044144786
2447,1864,solar,5.169106483459473,5.135085105895996,1018.5570589552775,1106.840187791902,1222268470.7463331,False,1.0,0.3256819462569139,-38.24452792944401,-30.019611513468785
2448,1626,solar,4.835960865020752,5.276394367218018,806.1489123401144,899.7464359661101,967378694.8081373,False,1.0,0.32552424236445615,-40.42443132747673,-29.369065955519957
2449,2895,solar,5.826756477355957,5.274470329284668,1394.5745755343557,1632.4842740218671,1673489490.641227,False,1.0,0.3253704244729836,-30.60965947345169,-24.207359446160833
2450,2658,solar,5.468276023864746,5.752697944641113,1162.4610645718226,1416.6031234582342,1394953277.4861872,False,1.0,0.3253601146382957,-32.77278719432474,-23.214553570185235
2451,1746,solar,4.944231033325195,4.869110584259033,877.1367937082507,965.4690476203172,1052564152.4499009,False,1.0,0.3253070681398057,-39.40233407459108,-29.263168230297413
2452,2549,solar,5.284732341766357,6.468599796295166,1073.3755798259585,1237.9566223963507,1288050695.7911503,False,1.0,0.324805179267557,-34.38774247887475,-18.655201339379307
2453,2669,solar,5.39387845993042,6.5616655349731445,1169.9476713225124,1238.6245660750765,1403937205.587015,False,1.0,0.3247929577826428,-33.44591456012965,-18.55966736488552
2454,2597,solar,5.402068138122559,5.680645942687988,1126.4577571730242,1371.3715529394744,1351749308.607629,False,1.0,0.32440111927958387,-33.187187812755504,-23.69934422019516
2455,2118,solar,4.771731853485107,5.81609582901001,730.7016110884786,968.3096929368123,876841933.3061743,False,1.0,0.32376331606331615,-37.14026190096376,-23.726681780114053
2456,1988,solar,5.0549421310424805,5.269233703613281,948.6801725656326,1052.1056321263784,1138416207.0787592,False,1.0,0.3237380042148705,-37.50415099029151,-28.165282666761314
2457,2049,solar,5.059337139129639,4.961779594421387,948.9579213102554,1066.7852334617528,1138749505.5723064,False,1.0,0.32329207335861027,-37.06924843945469,-27.67326890695588
2458,2598,solar,5.377353668212891,5.88612699508667,1113.7748953501898,1366.737353317031,1336529874.4202278,False,1.0,0.32290809116659724,-33.25645928411967,-23.276090193423933
2459,2586,solar,5.751814842224121,4.323371887207031,1382.5502709513912,1533.0486985308182,1659060325.1416695,False,1.0,0.32234947861786445,-32.3121467857161,-28.340080641566672
2460,1261,solar,4.725091457366943,5.123208522796631,769.266227932932,788.6130701563279,923119473.5195184,False,1.0,0.3220276846279698,-43.256106912879545,-31.860574778723983
2461,2791,solar,5.437503814697266,6.4375176429748535,1260.8699738773887,1148.2135721809384,1513043968.6528664,False,1.0,0.3214894558675552,-32.612117644854514,-17.61692130867901
2462,2668,solar,5.384620666503906,6.19985818862915,1158.5292895805107,1288.5713516261324,1390235147.4966128,False,1.0,0.3214366316940459,-33.39221705407417,-18.983722576402833
2463,2784,solar,5.5608696937561035,5.974602699279785,1233.88928912362,1495.6508934804915,1480667146.948344,False,1.0,0.32117783630826024,-32.21128280192759,-20.567043634510675
2464,2109,solar,5.101949214935303,5.4183268547058105,984.4518619943234,1109.8757366352454,1181342234.393188,False,1.0,0.3202994773908786,-36.56736524765246,-27.612834601087236
2465,2775,solar,5.646272659301758,5.517601490020752,1299.3059025728205,1533.7594570367082,1559167083.0873847,False,1.0,0.32020446671259584,-31.581841201560664,-24.345849161442633
2466,1926,solar,5.084042549133301,4.534459114074707,983.6186157604551,1074.0161689805373,1180342338.9125462,False,1.0,0.320135791030915,-37.873178184620095,-29.09150499013124
2467,2044,solar,5.297511100769043,4.561634540557861,1125.0388810074821,1215.1030617317858,1350046657.2089787,False,1.0,0.3184904157135213,-36.706775738663914,-29.831497698953683
2468,1203,solar,4.550611972808838,4.429978847503662,663.3399033699732,713.8745125772574,796007884.0439678,False,1.0,0.3181667672643891,-43.87908311626316,-31.015738952876195
2469,2368,solar,5.0626139640808105,6.624051094055176,915.4693163346766,1229.18993430547,1098563179.6016119,False,1.0,0.3176221350125112,-35.75391081296417,-19.221509468945708
2470,2170,solar,5.093832015991211,4.638215065002441,985.9242075555567,1130.455051716621,1183109049.066668,False,1.0,0.31689819425669846,-36.13735756518109,-27.120922914340607
2471,2780,solar,5.554834365844727,5.246000289916992,1243.4359744457313,1512.9353442072877,1492123169.3348775,False,1.0,0.316782605898435,-31.948102262690266,-22.248679375725185
2472,1743,solar,5.066651821136475,4.957098484039307,982.7853695265866,1079.44305625245,1179342443.4319038,False,1.0,0.3167541978680546,-39.20573975581911,-30.572800522773246
2473,2163,solar,5.455682754516602,4.89792013168335,1231.2429543150636,1323.5373915264759,1477491545.1780763,False,1.0,0.316672698085123,-35.60342695348459,-30.12649884682347
2474,2045,solar,5.232057094573975,5.031879901885986,1089.8226890680369,1182.703051222232,1307787226.8816442,False,1.0,0.3164786247352146,-36.78248081426047,-29.400236775520362
2475,2235,solar,4.958145618438721,5.737663745880127,883.631680205285,1092.3723376639016,1060358016.246342,False,1.0,0.3163122958434651,-35.980013857113306,-24.911632284706165
2476,2421,solar,5.07481050491333,5.497337341308594,939.5707565500754,1213.8879329882752,1127484907.8600905,False,1.0,0.31616506229673896,-34.896346055387184,-22.172239785854888
2477,1687,solar,4.776762962341309,4.833057880401611,806.4266610847371,894.789428979644,967711993.3016846,False,1.0,0.315262885803696,-39.9738027054496,-28.879180421042157
2478,2845,solar,5.567399501800537,5.595939636230469,1286.4258337596336,1452.2649176362117,1543711000.5115604,False,1.0,0.3152137267364725,-31.79893448366755,-20.090386953252608
2479,1321,solar,4.74082088470459,4.2106428146362305,804.7601686170001,836.1843870435288,965712202.3404001,False,1.0,0.31386097655656725,-42.73057976660925,-31.815559562857732
2480,1567,solar,4.658574104309082,5.288302898406982,735.438779716601,829.4945987374193,882526535.6599212,False,1.0,0.3136692638473726,-40.992816844625224,-28.97976430165625
2481,1322,solar,4.692169666290283,4.3217973709106445,769.5439766775547,822.6204040353982,923452772.0130657,False,1.0,0.3133484086180987,-42.78439446240158,-31.373204166844474
2482,2786,solar,5.477667331695557,6.214917182922363,1241.2323132468339,1396.2524736146902,1489478775.8962007,False,1.0,0.3127621990652011,-32.33338227113837,-19.72504400660402
2483,2529,solar,5.502220153808594,4.644898891448975,1253.1505731658017,1424.2113838362286,1503780687.798962,False,1.0,0.31251056700603047,-33.0696451994226,-27.14913184405525
2484,1689,solar,4.649813175201416,4.720374584197998,735.9942772058467,824.7849633053162,883193132.647016,False,1.0,0.3123655339462933,-40.091174918840544,-28.003151483167027
2485,2475,solar,5.2269673347473145,5.047173500061035,1064.9365158519681,1287.8085998515567,1277923819.0223618,False,1.0,0.31216670401547064,-34.02067422965511,-24.672290481600896
2486,2048,solar,5.0399346351623535,4.697845935821533,984.1741132497008,1093.4896787769096,1181008935.899641,False,1.0,0.31056221853162835,-36.99991014468427,-28.105290543740438
2487,2169,solar,5.105360507965088,5.235673427581787,1020.0289722488307,1153.5239777357083,1224034766.6985967,False,1.0,0.31022426625921823,-36.066016204353495,-27.550901059670906
2488,1809,solar,4.747428894042969,4.717977046966553,806.9821585739829,901.5858631177158,968378590.2887795,False,1.0,0.3093518355782693,-39.081916249533165,-27.899566765337976
2489,2295,solar,4.99125337600708,5.578114986419678,928.2381997071352,1141.083143567058,1113885839.6485622,False,1.0,0.3093260630727587,-35.48951368176045,-24.853700849049588
2490,2479,solar,5.13217306137085,5.380577087402344,1005.2062166854699,1263.999690195095,1206247460.022564,False,1.0,0.30916287375369944,-34.29002906858469,-22.969928289208006
2491,2607,solar,5.263430595397949,5.83211612701416,1099.9006622717106,1337.2787040866529,1319880794.7260528,False,1.0,0.3076683245409708,-33.80996274911446,-19.45819191152572
2492,1930,solar,4.800579071044922,5.007340431213379,842.7538480026739,955.3821006242993,1011304617.6032087,False,1.0,0.30733219511922116,-38.13877742195777,-27.355232062611925
2493,1630,solar,4.505406856536865,4.9156174659729,665.2841445823332,754.1802675722737,798340973.4987998,False,1.0,0.30644584296551935,-40.65132250308506,-27.613361100549508
2494,2357,solar,4.996938705444336,4.988528251647949,935.7468900096678,1172.8112680449894,1122896268.0116014,False,1.0,0.3062836623254591,-35.13148718969014,-23.938958909671406
2495,2303,solar,4.85884428024292,6.082049369812012,833.2620631781563,1122.7462734100777,999914475.8137876,False,1.0,0.30626604533675295,-35.971007225664145,-21.41834392762459
2496,1445,solar,4.628500938415527,4.698958396911621,734.8832822273552,857.8183624605813,881859938.6728262,False,1.0,0.3061242120561937,-41.90769363102919,-29.955879544956616
2497,1141,solar,4.512386798858643,4.989945888519287,698.2783465647957,694.4948271898388,837934015.8777548,False,1.0,0.3058167518468137,-44.308616267461765,-31.944474256294196
2498,2305,solar,4.868443012237549,5.668243885040283,838.1530549762442,1140.2549311171829,1005783665.971493,False,1.0,0.30559343431368385,-36.07737499503627,-20.557925237014594
2499,1982,solar,5.2770094871521,4.239906311035156,1159.9773242023043,1248.2227047724868,1391972789.0427651,False,1.0,0.3051054431582835,-37.06641398291819,-30.760057702187083
2500,1505,solar,4.672902584075928,4.699252128601074,770.3772229114234,882.9755146175546,924452667.493708,False,1.0,0.3048900203133401,-41.39279489495936,-29.908295604150737
2501,1324,solar,4.554947376251221,4.652725696563721,699.1115927986641,804.1792891733546,838933911.3583969,False,1.0,0.30447688215725505,-42.88852755236157,-30.48816329294226
2502,2240,solar,4.777807235717773,5.945714473724365,799.2134510552539,1062.9358436873708,959056141.2663047,False,1.0,0.30342513446493735,-36.28446666679385,-22.760193122579366
2503,2354,solar,5.059523582458496,5.301220417022705,995.4194722385257,1201.4795463228013,1194503366.686231,False,1.0,0.30314063437779293,-34.93111442585604,-25.221965885081808
2504,2602,solar,5.230318069458008,5.758542537689209,1084.8245354805144,1366.460837314305,1301789442.5766172,False,1.0,0.30244322332038526,-33.5176685574565,-21.58107890309509
2505,2420,solar,5.002593040466309,6.079248428344727,946.6814499857037,1212.9356360145948,1136017739.9828444,False,1.0,0.30187048666297056,-34.83569446697338,-22.599653207201868
2506,1804,solar,4.978157043457031,4.2681050300598145,983.0631182712094,1072.9873181317803,1179675741.9254513,False,1.0,0.30136576174567353,-38.75832871300591,-30.078889040707516
2507,1986,solar,5.035393714904785,5.164147853851318,1019.1125564445232,1112.3417405056828,1222935067.7334278,False,1.0,0.3011798652621267,-37.364576190928666,-29.030954954706456
2508,2168,solar,5.104908466339111,4.41795015335083,1055.1619946178373,1178.2641938337913,1266194393.5414047,False,1.0,0.3010628436786569,-35.993075480919266,-27.980683827761165
2509,1503,solar,4.7649407386779785,4.599002838134766,840.809606790314,959.7320424354288,1008971528.1483768,False,1.0,0.300993113854846,-41.27756555049151,-30.78864881788104
2510,2192,solar,4.859440803527832,6.9724440574646,855.5525682382593,1139.6920685190053,1026663081.8859111,False,1.0,0.3005115433131018,-37.34693387348278,-17.62042980523255
2511,2355,solar,5.010760307312012,5.0929718017578125,973.3690792955526,1189.9009021647398,1168042895.154663,False,1.0,0.29978934527965345,-34.99945260908545,-24.79448596870345
2512,2226,solar,5.2584075927734375,4.655308246612549,1161.0883191807957,1273.7652112652245,1393305983.016955,False,1.0,0.2995013355140398,-35.33607049292211,-28.772734628517306
2513,2550,solar,5.133450031280518,6.606333255767822,1087.9901535325396,1187.986231565019,1305588184.2390475,False,1.0,0.29876407419453915,-34.437977815540414,-18.228654327541665
2514,2853,solar,5.192867755889893,6.316932201385498,1192.9570608385743,1057.9559965431004,1431548473.0062892,False,1.0,0.2986287337807149,-32.247056855938425,-16.72669435804829
2515,2484,solar,5.054107666015625,5.558230876922607,984.0613457241119,1278.378074168742,1180873614.8689344,False,1.0,0.2982992713538304,-34.59244929817115,-20.837825111059765
2516,1563,solar,4.804886817932129,4.63017463684082,876.3035474743821,994.3928109016495,1051564256.9692584,False,1.0,0.29819891113328645,-40.758774650290405,-30.73747315275457
2517,2539,solar,5.147156238555908,5.317466735839844,1054.1635296272796,1313.9591444382422,1264996235.5527356,False,1.0,0.2979514513322237,-33.806880089661796,-22.911834869334136
2518,2359,solar,4.911322593688965,5.483436107635498,907.6327009296542,1164.0912266373846,1089159241.115585,False,1.0,0.29732748415618654,-35.25747913317333,-23.08270604991837
2519,2523,solar,5.69305419921875,4.4139628410339355,1444.2512683475466,1565.0916028802283,1733101522.0170557,False,1.0,0.29679242677140416,-32.54231718055093,-29.680033021300176
2520,2904,solar,5.541182994842529,5.399199962615967,1333.8385194918649,1509.5117793242568,1600606223.3902378,False,1.0,0.29635090655098606,-31.26106854337923,-20.452099934027288
2521,2790,solar,5.334300994873047,6.457802772521973,1279.4559041703128,1197.7561187017318,1535347085.0043755,False,1.0,0.29527860347242635,-32.559333294134156,-18.038883445182382
2522,2715,solar,5.430871486663818,5.0562357902526855,1251.9483293360965,1484.4610657103663,1502337995.203316,False,1.0,0.29514367204781083,-32.06865939311024,-24.41344347687918
2523,2906,solar,5.497514724731445,5.822028160095215,1340.6342057826002,1411.0900704153623,1608761046.9391203,False,1.0,0.29504831246090923,-31.38747951511507,-19.615188796179673
2524,1381,solar,4.68792200088501,4.837057113647461,840.2541093010682,884.0238027617438,1008304931.1612818,False,1.0,0.2933810290439538,-42.205565150115106,-31.768525697522783
2525,1983,solar,5.149805068969727,4.352828025817871,1124.761132262859,1212.588544169027,1349713358.715431,False,1.0,0.29229309333707965,-37.143401360275575,-30.32807332927413
2526,2591,solar,5.3798136711120605,4.91198205947876,1242.731847903239,1435.8947021871493,1491278217.4838867,False,1.0,0.29175463462256324,-32.73647734512452,-26.234275069084497
2527,2723,solar,5.327220439910889,6.054258346557617,1183.2472817901664,1470.412564395889,1419896738.1481998,False,1.0,0.29158303419367426,-32.624625092965196,-21.04509511151704
2528,1991,solar,4.720139503479004,5.445420742034912,843.0315967472967,974.094159398001,1011637916.0967561,False,1.0,0.29136856211957707,-37.70222540247429,-26.865468623189408
2529,2652,solar,5.410684585571289,4.85894250869751,1263.64199587667,1468.9785801532717,1516370395.052004,False,1.0,0.2904073495846638,-32.323759274091415,-25.743207962793104
2530,1625,solar,4.695493221282959,4.575012683868408,841.3651042795597,939.2723738582437,1009638125.1354716,False,1.0,0.2900828756580789,-40.36447764556041,-29.807659424478935
2531,1561,solar,4.853615760803223,4.684252738952637,946.7359313532727,1028.7756548398938,1136083117.623927,False,1.0,0.2899425517445612,-40.633794012239534,-31.61551282552707
2532,2665,solar,5.249435901641846,6.255183219909668,1136.8499454038702,1434.5528246023378,1364219934.4846442,False,1.0,0.2898987405399973,-33.22238109575094,-20.254894032761324
2533,2595,solar,5.247429847717285,4.778253555297852,1157.899909776828,1386.0150874831022,1389479891.7321937,False,1.0,0.28917910465851976,-33.04372835727187,-24.545217720207575
2534,2347,solar,5.267875671386719,5.253751277923584,1197.8096067373551,1333.1825467838694,1437371528.0848262,False,1.0,0.2890154561596449,-34.40717995384704,-28.20857885166546
2535,2785,solar,5.361569404602051,5.590979099273682,1236.5557879170028,1445.9413136853332,1483866945.5004034,False,1.0,0.28892900083867995,-32.27310756787179,-20.146138005467773
2536,1383,solar,4.571935176849365,4.567549228668213,769.8217254221777,861.1028300088989,923786070.5066133,False,1.0,0.2886720936886831,-42.316714254234256,-30.885301101767478
2537,2846,solar,5.400849342346191,6.43074893951416,1290.9217112517765,1402.8000849907253,1549106053.5021317,False,1.0,0.28844148165698175,-31.860281724115307,-19.670552466817174
2538,2480,solar,5.000060558319092,5.26582145690918,996.0055104667659,1262.935577752766,1195206612.5601192,False,1.0,0.28744457564251635,-34.35349136395078,-22.543861040639975
2539,2293,solar,4.933017253875732,5.348097324371338,976.4482975362546,1167.2397470323074,1171737957.0435054,False,1.0,0.2870600529023087,-35.354336807079626,-25.710793078726777
2540,1502,solar,4.728362560272217,4.2808709144592285,876.0257987297592,968.806272315203,1051230958.4757111,False,1.0,0.28660056871330974,-41.21801941530191,-31.228631695810186
2541,2659,solar,5.229586601257324,5.578380584716797,1152.3468078067913,1413.8866525050876,1382816169.3681495,False,1.0,0.284870269281223,-32.84175888397834,-22.79233861977373
2542,2538,solar,5.0836663246154785,5.4105401039123535,1065.2104526238925,1316.8817625407607,1278252543.148671,False,1.0,0.28411423351614096,-33.7405443712873,-23.33651575896797
2543,2662,solar,5.202910900115967,5.3016581535339355,1134.753489491723,1416.3363429472868,1361704187.3900676,False,1.0,0.28344989589650976,-33.03906431009227,-21.524476349245365
2544,1501,solar,4.752891540527344,4.694758415222168,911.2419906692044,980.3497300847691,1093490388.8030453,False,1.0,0.282954702713213,-41.15715303950445,-31.668481542702658
2545,2531,solar,5.257576942443848,5.307644367218018,1199.4003654576193,1388.5244611923622,1439280438.549143,False,1.0,0.28241229169154775,-33.230678655611165,-26.303462856099365
2546,2053,solar,4.635175704956055,5.017805099487305,812.5062715012948,978.4042933745309,975007525.8015537,False,1.0,0.28197151358379235,-37.33158722766546,-25.943431769391605
2547,1808,solar,4.646088123321533,4.5247673988342285,842.1983505134283,933.0305524650837,1010638020.6161139,False,1.0,0.2815662752067728,-39.02003652132588,-28.335742443309762
2548,1684,solar,4.7578020095825195,4.905740737915039,912.075236903073,1009.3140997689796,1094490284.2836876,False,1.0,0.2813435433958325,-39.78767206879465,-30.19216263317527
2549,2352,solar,5.005376815795898,5.289172649383545,1045.3157647704027,1230.4190289292546,1254378917.7244833,False,1.0,0.2810433150255969,-34.78968056879235,-26.076334853752545
2550,2772,solar,5.501710891723633,4.940995216369629,1354.0433936951324,1565.40247279359,1624852072.4341588,False,1.0,0.28071859592951204,-31.341105449945434,-25.601276990183305
2551,2657,solar,5.234129905700684,5.792905330657959,1174.61835837365,1421.0747174766034,1409542030.04838,False,1.0,0.2806088551511662,-32.70217803629822,-23.63655690522379
2552,2286,solar,5.211082935333252,4.972355842590332,1196.5822598648638,1315.7778041406245,1435898711.8378365,False,1.0,0.2804869554038195,-34.83047399163123,-28.70429655373279
2553,2907,solar,5.401090145111084,5.828826904296875,1346.8064124184255,1361.9654453318212,1616167694.9021106,False,1.0,0.2804700875981965,-31.448302252768368,-19.196438041178293
2554,2410,solar,5.148540019989014,5.265476703643799,1142.5109975735754,1312.6699088917815,1371013197.0882905,False,1.0,0.28045663143350014,-34.144286247963656,-26.863410413827435
2555,2729,solar,5.200920104980469,6.601926326751709,1218.4411199422393,1241.9814507711123,1462129343.9306872,False,1.0,0.2801682115721277,-32.9753731346149,-18.510597951378298
2556,2482,solar,4.947174549102783,5.889327526092529,984.9882509523941,1266.7392735028575,1181985901.1428728,False,1.0,0.2798928629920411,-34.475909750367656,-21.691187417394215
2557,1863,solar,4.968662261962891,4.315544605255127,1053.7732508947227,1143.5839035990298,1264527901.0736673,False,1.0,0.27972148987181006,-38.173324432397116,-30.453953592456376
2558,2112,solar,4.724981307983398,5.189120292663574,882.8364579835937,1043.4353458613907,1059403749.5803125,False,1.0,0.2786355264716838,-36.77153894342126,-26.31898287513506
2559,2660,solar,5.175859451293945,5.194156646728516,1144.3297620352048,1412.9354277080251,1373195714.4422457,False,1.0,0.2769431110166677,-32.909114939462405,-22.369917326776743
2560,2593,solar,5.232300281524658,4.925293445587158,1196.8948673242328,1407.627688435389,1436273840.7890794,False,1.0,0.27685951462261915,-32.89355732295637,-25.390209435647385
2561,2474,solar,5.056453227996826,5.573614120483398,1085.1278007579947,1298.5145101658316,1302153360.9095936,False,1.0,0.2766896061746725,-33.9493487744299,-25.097379962312147
2562,2051,solar,4.698146820068359,5.5580596923828125,878.6305045892967,1018.6524666503688,1054356605.507156,False,1.0,0.276665974502434,-37.20337226141093,-26.80869217863419
2563,2402,solar,5.495461940765381,5.145992279052734,1408.4349089907812,1511.4939086171073,1690121890.7889373,False,1.0,0.2729347254821226,-33.46887373986811,-30.25852623661222
2564,1742,solar,4.878952503204346,5.005059242248535,1018.0015614660318,1119.324016963459,1221601873.7592382,False,1.0,0.2728248886588803,-39.13728546525195,-31.00902522477584
2565,2366,solar,4.7737627029418945,5.8558125495910645,894.3764260736004,1200.5356225939533,1073251711.2883205,False,1.0,0.27244534218104305,-35.65318487399215,-20.080606506424278
2566,1681,solar,4.875951766967773,4.566904067993164,1017.7238127214089,1126.0403444900176,1221268575.2656906,False,1.0,0.2718050338235144,-39.58886214154622,-31.503791246097553
2567,1565,solar,4.538891792297363,4.917558193206787,805.8711635954916,910.1863412805742,967045396.3145899,False,1.0,0.2715364254877446,-40.87838426580021,-29.858882239882803
2568,1806,solar,4.699247360229492,4.571273326873779,912.6307343923189,1000.4618425269725,1095156881.2707827,False,1.0,0.2714536106146442,-38.8920699336524,-29.20763422033818
2569,2779,solar,5.308845043182373,5.329190731048584,1250.8179658642416,1513.8237344589388,1500981559.0370898,False,1.0,0.2711620582761933,-31.878236391737175,-22.668565101861375
2570,2722,solar,5.211604595184326,5.390811443328857,1184.6884362762942,1466.220328870418,1421626123.531553,False,1.0,0.2709205600508866,-32.56080958899713,-21.466866789661907
2571,2599,solar,5.0672101974487305,5.919902324676514,1103.214374602404,1363.9215702130602,1323857249.5228848,False,1.0,0.26971850312224893,-33.3241218085723,-22.852631596917924
2572,2472,solar,5.079950332641602,5.214150905609131,1131.0735901539692,1325.336870244835,1357288308.1847632,False,1.0,0.2694665152470839,-33.80174985228055,-25.946922240394702
2573,1865,solar,4.7994489669799805,4.609594345092773,983.3408670158323,1071.1705083933323,1180009040.4189987,False,1.0,0.2694476354516741,-38.31419305093362,-29.585094206313027
2574,2533,solar,5.117831707000732,5.328948497772217,1151.8403163173116,1359.2727072998907,1382208379.5807738,False,1.0,0.2693355073293318,-33.384717696952656,-25.45685503985995
2575,2476,solar,4.960017204284668,5.184271812438965,1046.7460158089812,1278.9691343390753,1256095218.9707773,False,1.0,0.2687375195026903,-34.09038225951375,-24.24699561114392
2576,1807,solar,4.625788688659668,4.877315998077393,877.4145424528734,966.0408661608898,1052897450.9434481,False,1.0,0.2681701752983893,-38.95676248122183,-28.77176611828054
2577,2351,solar,4.966566562652588,5.080506324768066,1072.8921703789645,1247.64575501654,1287470604.4547575,False,1.0,0.2671405547726283,-34.716536500942944,-26.503214173988674
2578,1744,solar,4.732410907745361,4.813107490539551,947.5691775871412,1040.4366239382618,1137083013.1045694,False,1.0,0.26713075192748936,-39.272714935549224,-30.13641368333969
2579,2289,solar,4.977896213531494,4.889663219451904,1094.1213472431946,1242.2577832681814,1312945616.6918335,False,1.0,0.26531351017582516,-35.06495843981105,-27.422628867587797
2580,2108,solar,4.841134548187256,4.4859113693237305,1019.668053933769,1135.5673005292163,1223601664.7205229,False,1.0,0.2644124635348573,-36.496214852546096,-28.04374987329101
2581,1805,solar,4.714183330535889,4.340211868286133,947.8469263317639,1036.152904552242,1137416311.5981166,False,1.0,0.26415344354283393,-38.82593392381352,-29.64334310311277
2582,2893,solar,5.529782772064209,5.028895854949951,1427.1171532473204,1650.8733420368349,1712540583.8967845,False,1.0,0.2641326827851146,-30.44550585894822,-25.039171768928448
2583,2600,solar,5.025605201721191,6.017387390136719,1094.8376113133947,1362.9354740532942,1313805133.5760736,False,1.0,0.2640379538898223,-33.39019698721512,-22.428973526100062
2584,2843,solar,5.318798542022705,5.8327250480651855,1283.2445394896774,1551.297526617884,1539893447.3876128,False,1.0,0.2633900607305606,-31.671494297654775,-20.92946764055582
2585,2414,solar,4.908558368682861,5.107393264770508,1040.0390064054106,1249.9386051609201,1248046807.6864927,False,1.0,0.26320338072660143,-34.43999584664476,-25.160304951856247
2586,2847,solar,5.243476390838623,6.244616985321045,1297.330452659715,1353.3745844750672,1556796543.191658,False,1.0,0.2629233809749605,-31.92007154129267,-19.250528808514336
2587,2291,solar,4.873759746551514,4.768819808959961,1032.1222796390728,1201.177136633565,1238546735.5668874,False,1.0,0.26247955788264915,-35.212883937229066,-26.56711513112484
2588,2288,solar,4.9971723556518555,4.9794230461120605,1127.1708316294455,1265.2641397549994,1352604997.9553347,False,1.0,0.26024541448315547,-34.988503725618685,-27.850070272395758
2589,2837,solar,5.34418249130249,5.741689205169678,1319.9211776571335,1570.2972973198275,1583905413.1885602,False,1.0,0.25900447614979233,-31.249781588440822,-23.441614183414952
2590,1929,solar,4.579434394836426,4.571398735046387,877.9700399421192,982.5700491328247,1053564047.9305431,False,1.0,0.25843033637959756,-38.07457682603499,-27.78954956254365
2591,2422,solar,4.747872352600098,5.592094898223877,935.0832291198083,1216.8956284722879,1122099874.94377,False,1.0,0.25827378996775713,-34.95553817305406,-21.744656066006204
2592,1623,solar,4.627049446105957,5.169376373291016,911.7974881584504,1021.0829931070568,1094156985.7901404,False,1.0,0.25703745694637586,-40.24052905359911,-30.684425429166446
2593,2789,solar,5.1286749839782715,6.7346367835998535,1267.051684778181,1247.3351724513998,1520462021.733817,False,1.0,0.25698016991149775,-32.50508376813783,-18.46068154202022
2594,1682,solar,4.735293865203857,4.924184799194336,982.5076207819636,1090.4553354042664,1179009144.9383564,False,1.0,0.25657914320861397,-39.65658437130303,-31.066737891473398
2595,2719,solar,5.147363662719727,5.709094047546387,1201.5508206462307,1463.8541192931846,1441860984.775477,False,1.0,0.2561981712164782,-32.35979570489847,-22.730976280722015
2596,2842,solar,5.278073787689209,5.161572456359863,1284.5735126153847,1566.0104998600877,1541488215.1384616,False,1.0,0.2546478877084899,-31.605363214065772,-21.348703250495035
2597,2655,solar,5.128116130828857,5.251194953918457,1204.804303691813,1435.211217615851,1445765164.4301755,False,1.0,0.25439018912843,-32.555956690551206,-24.479907159983867
2598,2172,solar,4.649775981903076,5.412309169769287,922.0745201328068,1089.748015567114,1106489424.1593683,False,1.0,0.25352646821653013,-36.275344104643374,-26.260398816878915
2599,1801,solar,4.878312587738037,4.369165420532227,1088.711694089545,1189.2723046680178,1306454032.907454,False,1.0,0.2528185565614377,-38.546428182041836,-31.384510662398675
2600,2777,solar,5.2249016761779785,5.746872901916504,1271.3656854322699,1520.5394389920878,1525638822.5187237,False,1.0,0.25143823313597574,-31.733470646288154,-23.50767030909851
2601,2835,solar,5.335667610168457,5.638954162597656,1346.8544975585523,1583.1018566375067,1616225397.070263,False,1.0,0.25101226724155223,-31.09550653023273,-24.277146877744762
2602,1924,solar,4.805231094360352,5.219032287597656,1054.0509996393455,1141.8794234728966,1264861199.5672145,False,1.0,0.25053054338819514,-37.73132659847866,-29.958604451659223
2603,2537,solar,4.913207054138184,5.33466100692749,1078.4645889236008,1321.6907806941997,1294157506.7083209,False,1.0,0.250521057030986,-33.672628781842775,-23.760999073749808
2604,2848,solar,5.158920764923096,6.413201332092285,1305.6238900293256,1303.9928885374086,1566748668.0351908,False,1.0,0.2500630839913018,-31.97832160262939,-18.83032107216621
2605,2778,solar,5.199772834777832,5.263632297515869,1260.1421129823857,1516.361184636032,1512170535.578863,False,1.0,0.2495396573850464,-31.806699938339197,-23.088230622325053
2606,1622,solar,4.6435346603393555,4.817971229553223,947.0136800978954,1063.1554082409818,1136416416.1174746,False,1.0,0.249503117083517,-40.176484222970856,-31.122591512429775
2607,2896,solar,5.377060890197754,4.851959228515625,1380.733748969683,1625.5202126301356,1656880498.7636194,False,1.0,0.2481814342272292,-30.688996765407996,-23.79106189469303
2608,2413,solar,4.8521857261657715,5.42533540725708,1063.0586512642221,1262.9471326746855,1275670381.5170665,False,1.0,0.24741376025339132,-34.3685445200667,-25.586398293552538
2609,2653,solar,5.13939094543457,4.889659881591797,1242.327868382667,1456.0937901418092,1490793442.0592005,False,1.0,0.24715553443806454,-32.40290678329319,-25.322345240914565
2610,2894,solar,5.410778522491455,5.242298126220703,1410.0534769680835,1640.9429753005697,1692064172.3617003,False,1.0,0.24706134694696816,-30.528504297926155,-24.62339821493783
2611,2164,solar,5.010677814483643,4.4374237060546875,1196.0267623756183,1291.9219339840643,1435232114.8507419,False,1.0,0.24661814611259794,-35.68477773235202,-29.69776556175796
2612,2782,solar,5.15452241897583,5.613241672515869,1234.6286486955903,1516.1119580138068,1481554378.4347084,False,1.0,0.24660869338103258,-32.08290807404615,-21.40826933471764
2613,2228,solar,4.857558250427246,4.6919403076171875,1090.7304316571935,1221.515422297392,1308876517.9886322,False,1.0,0.24610832147753012,-35.49050194891222,-27.91611597801146
2614,2590,solar,5.160778522491455,4.618700981140137,1267.9885673679998,1452.40577629969,1521586280.8415997,False,1.0,0.2460984640165204,-32.65528160142065,-26.655946285303575
2615,2469,solar,5.064622402191162,5.313663482666016,1212.2562228723136,1378.2542034795767,1454707467.4467764,False,1.0,0.24607957273241954,-33.56760332553672,-27.219564349679892
2616,1984,solar,4.830935478210449,4.81374454498291,1089.5449403234138,1177.9991656153147,1307453928.3880966,False,1.0,0.24506858799876846,-37.21873821277917,-29.895891724746924
2617,2101,solar,5.106015682220459,4.189313888549805,1266.1813975098862,1354.0072735581189,1519417677.0118635,False,1.0,0.24454466682890186,-35.95211157350307,-31.05452392855986
2618,1985,solar,4.7729105949401855,4.7363739013671875,1054.3287483839686,1144.549295981084,1265194498.0607622,False,1.0,0.24447157449112955,-37.292453722010166,-29.463517447467545
2619,2604,solar,4.9080681800842285,6.059919834136963,1083.9830028255087,1377.2571776522157,1300779603.3906105,False,1.0,0.24403067534688624,-33.639034402718245,-20.732445370088353
2620,2467,solar,5.14018440246582,4.540242671966553,1273.3382395336107,1421.2538604796432,1528005887.440333,False,1.0,0.24382704408317374,-33.40269494150149,-28.066813772280934
2621,2851,solar,5.019143104553223,6.913275241851807,1282.4551231014193,1156.1667335273735,1538946147.721703,False,1.0,0.24156069498573599,-32.14400191402133,-17.568643214825332
2622,2902,solar,5.274443626403809,5.626965045928955,1334.5225057848054,1608.128240226051,1601427006.9417665,False,1.0,0.2405311289375026,-31.1281782281215,-21.28818794443362
2623,1928,solar,4.5321044921875,5.2030134201049805,913.1862318815645,1011.500293975471,1095823478.2578773,False,1.0,0.2405200536019018,-38.00892657715314,-28.223703489419613
2624,2838,solar,5.2227959632873535,4.977006435394287,1309.1139576235678,1566.251786498701,1570936749.1482813,False,1.0,0.23977082377581774,-31.32429303501649,-23.023486473107493
2625,2161,solar,5.135462760925293,4.576253414154053,1301.675338193954,1390.0104723662598,1562010405.8327448,False,1.0,0.23976239495913385,-35.43538172910209,-30.98328452021066
2626,2603,solar,4.879879474639893,5.554408073425293,1083.2505303933897,1370.9581600669399,1299900636.4720676,False,1.0,0.23963491682817648,-33.5791050436154,-21.156852110849734
2627,2418,solar,4.680740833282471,5.555864334106445,968.5199482266438,1217.2061220817516,1162223937.8719726,False,1.0,0.2394710772470574,-34.70993390934443,-23.453951435679073
2628,2230,solar,4.715117454528809,4.612791538238525,1023.6541174523653,1175.4667330006455,1228384940.9428384,False,1.0,0.23783776189490746,-35.63828472885353,-27.058663073270946
2629,2903,solar,5.230559349060059,6.0162153244018555,1333.2433226021433,1558.7979742306604,1599891987.122572,False,1.0,0.23688484414621674,-31.195442991485276,-20.87024957017181
2630,2649,solar,5.211327075958252,4.654074668884277,1336.7979567952796,1516.89317314301,1604157548.1543355,False,1.0,0.23608209130211735,-32.075511892190256,-27.004299737683127
2631,2542,solar,4.778472900390625,5.4819231033325195,1034.9024416085726,1316.5947757279494,1241882929.9302871,False,1.0,0.23559743011059497,-33.99661841914087,-21.636655510992707
2632,2284,solar,5.064857006072998,4.459572792053223,1267.0146437437545,1371.7321591288473,1520417572.4925053,False,1.0,0.23558341907999528,-34.665425632132234,-29.5576120300794
2633,2898,solar,5.273521900177002,5.753129005432129,1358.1607280355183,1616.1491500322472,1629792873.642622,False,1.0,0.23494805282812004,-30.84231565806242,-22.957715585005246
2634,2406,solar,5.074651718139648,5.317245006561279,1268.4563943267344,1401.3772021651732,1522147673.1920812,False,1.0,0.23466956443133874,-33.82118609847069,-28.562937156792287
2635,2901,solar,5.2447052001953125,5.569607257843018,1337.6706917732442,1613.6515253831003,1605204830.1278932,False,1.0,0.23412601730410276,-31.059254141446832,-21.705909465531374
2636,2224,solar,4.998460292816162,4.385958194732666,1231.5207030596866,1331.4862747879556,1477824843.671624,False,1.0,0.23408796413375113,-35.17476546450714,-29.628478459509214
2637,1741,solar,4.715340614318848,4.589134693145752,1053.2177534054772,1159.9893095243579,1263861304.0865726,False,1.0,0.23314689584698106,-39.06732448306712,-31.44508402537097
2638,1922,solar,4.808801174163818,4.233152389526367,1124.4833835182365,1214.1937671846124,1349380060.2218838,False,1.0,0.23114464308969038,-37.583153170393764,-30.824968332463587
2639,2712,solar,5.142540454864502,5.325675964355469,1308.6681408501938,1517.13265253527,1570401769.0202327,False,1.0,0.22942496569116294,-31.83216143763435,-25.672838663976325
2640,2470,solar,4.92340612411499,5.2959418296813965,1183.702914041228,1359.0054106402742,1420443496.8494737,False,1.0,0.22809795834715418,-33.64738678391823,-26.795580406890913
2641,2478,solar,4.692070484161377,5.653634071350098,1016.7851785141586,1267.037552747699,1220142214.2169902,False,1.0,0.2277553505860244,-34.22503761964624,-23.395809642842416
2642,2471,solar,4.879478454589844,5.451417446136475,1156.607118915815,1341.3451319067578,1387928542.698978,False,1.0,0.22711953820476058,-33.725426718054656,-26.37136452998281
2643,1621,solar,4.560238838195801,4.984288215637207,982.2298720373408,1077.345396196236,1178675846.444809,False,1.0,0.22633298350720377,-40.1110244213791,-31.560608560470566
2644,2594,solar,4.919009208679199,4.829659461975098,1176.496817779011,1395.968039028965,1411796181.3348134,False,1.0,0.22580242964729122,-32.96949385224375,-24.967826529873445
2645,2596,solar,4.869209289550781,5.153980255126953,1141.192201111729,1377.8058206696649,1369430641.3340747,False,1.0,0.22547066690806128,-33.11628514322007,-24.122388489947166
2646,2423,solar,4.563965797424316,5.472374439239502,933.256708627468,1221.9435450688309,1119908050.3529615,False,1.0,0.22529923537396024,-35.01328982395842,-21.316906384289414
2647,2711,solar,5.149455547332764,4.639315605163574,1330.7985813259857,1531.1369725299849,1596958297.5911827,False,1.0,0.2250703352764246,-31.749739222800528,-26.092137962172867
2648,1861,solar,4.7748847007751465,4.212371826171875,1124.2056347736134,1219.9024678596077,1349046761.728336,False,1.0,0.22466838439799958,-38.02618939145547,-31.322095518778315
2649,2651,solar,5.075939178466797,4.9468817710876465,1286.547183326802,1483.4375659961916,1543856619.9921625,False,1.0,0.22466631550892846,-32.24282894501127,-26.16382531533746
2650,2102,solar,4.938056945800781,4.375466823577881,1230.9652055704407,1319.3357243661326,1477158246.6845288,False,1.0,0.22435579197484445,-36.03497714250074,-30.62505083837123
2651,2042,solar,4.880464553833008,4.797333240509033,1195.4712648863724,1283.2978364935886,1434565517.863647,False,1.0,0.22409985021743256,-36.550350872384456,-30.69340989020543
2652,2724,solar,4.9517436027526855,5.979531288146973,1183.9178893322223,1476.2872912389753,1420701467.1986668,False,1.0,0.22372638088450342,-32.68687916275922,-20.623131066521335
2653,2227,solar,4.7830705642700195,4.808208465576172,1125.8721272413504,1246.9117331110326,1351046552.6896205,False,1.0,0.22363231234155936,-35.414131046442634,-28.34453207942313
2654,1923,solar,4.70516300201416,4.919353485107422,1089.2671915787907,1177.530280294472,1307120629.894549,False,1.0,0.22263568028571434,-37.658044311047796,-30.39188049488556
2655,2781,solar,5.020040988922119,5.24077844619751,1238.0308806176251,1513.6989173848417,1485637056.7411501,False,1.0,0.22202849078692954,-32.016319162714375,-21.828578974505515
2656,2667,solar,4.835320949554443,5.808082103729248,1149.174780439806,1338.5221106797317,1379009736.5277672,False,1.0,0.22093833019994327,-33.33707346844791,-19.40761513959119
2657,2714,solar,5.038033485412598,5.3038249015808105,1269.1679087143657,1493.7582129881457,1523001490.457239,False,1.0,0.2205602596519302,-31.991595635509448,-24.833485386667803
2658,2047,solar,4.587063312530518,5.204342365264893,1019.390305189146,1121.7881354566075,1223268366.2269752,False,1.0,0.22006768337451546,-36.92902046168097,-28.537128671277706
2659,1921,solar,4.80088996887207,4.247690677642822,1159.6995754576817,1251.7809103551401,1391639490.549218,False,1.0,0.219600383143014,-37.50662367332841,-31.25786352958296
2660,2783,solar,4.9956955909729,5.602484226226807,1233.2458550495703,1520.1666112544624,1479895026.0594845,False,1.0,0.21811607584396814,-32.14788936452022,-20.98775580205047
2661,2046,solar,4.6288909912109375,4.612090110778809,1054.6064971285912,1151.563096018101,1265527796.5543094,False,1.0,0.21805833129421637,-36.85655306399956,-28.968778907598256
2662,2466,solar,5.0419206619262695,4.377131938934326,1305.680984559976,1444.8707482636194,1566817181.4719713,False,1.0,0.21780065632339463,-33.31751250097438,-28.490067621641277
2663,2225,solar,4.852447986602783,4.488750457763672,1196.3045111202414,1301.9856975747177,1435565413.3442898,False,1.0,0.21741522266444405,-35.256291762674984,-29.200718501061893
2664,2656,solar,4.8920769691467285,5.544826507568359,1188.7560090327038,1427.284938584721,1426507210.8392446,False,1.0,0.21599140485535434,-32.629908921492614,-24.058343257175338
2665,2106,solar,4.662241458892822,4.869782447814941,1090.1004378126595,1191.5917843583752,1308120525.3751915,False,1.0,0.21365241940280172,-36.34912040903352,-28.905000626745313
2666,2841,solar,5.049378871917725,6.022793292999268,1287.8438067156983,1563.674463861204,1545412568.058838,False,1.0,0.21321395993791548,-31.537598405041926,-21.767728500760253
2667,2834,solar,5.146510124206543,4.940843105316162,1362.8754890952634,1591.8229900804622,1635450586.9143162,False,1.0,0.21319755772866655,-31.01569464628688,-24.694539717015775
2668,2165,solar,4.768014430999756,4.815267562866211,1160.8105704361728,1261.496468583857,1392972684.5234075,False,1.0,0.2127087718944371,-35.76438858659965,-29.268812345141093
2669,2408,solar,4.856375694274902,4.9029436111450195,1202.978180160585,1354.0606250198414,1443573816.192702,False,1.0,0.21259530400155638,-33.98626882366145,-27.71364284777337
2670,2105,solar,4.7050089836120605,5.082226276397705,1125.316629752105,1221.7118824870124,1350379955.7025259,False,1.0,0.21178372655416722,-36.27312193418833,-29.335326825722763
2671,2646,solar,5.1952128410339355,4.838629722595215,1422.0641549666084,1577.6665454102201,1706476985.95993,False,1.0,0.21109955305763237,-31.810469505069555,-28.263016727155083
2672,2349,solar,4.737345218658447,4.824095249176025,1132.6617904857528,1287.2442722847743,1359194148.5829034,False,1.0,0.2108372975646606,-34.56526758076127,-27.356337422218935
2673,1862,solar,4.639594078063965,4.5651021003723145,1088.9894428341681,1181.30143817333,1306787331.4010017,False,1.0,0.210645627836867,-38.10055454968327,-30.88811633020983
2674,1981,solar,4.797911643981934,4.35502290725708,1195.1935161417498,1284.8147197044118,1434232219.3700998,False,1.0,0.20924860960258435,-36.98774599190132,-31.191840179029445
2675,2770,solar,5.161455154418945,4.634031295776367,1398.3056298160777,1594.0084028471908,1677966755.7792933,False,1.0,0.20854225176236352,-31.171453565466607,-26.436929902451745
2676,2536,solar,4.698547840118408,4.961325168609619,1093.8457070104103,1328.3657113278807,1312614848.4124923,False,1.0,0.20843215075731655,-33.603111322620066,-24.185279806453178
2677,2041,solar,4.846431255340576,4.589254856109619,1230.687456825818,1318.917086252471,1476824948.1909814,False,1.0,0.2080347502831835,-36.46957070784751,-31.124051475871504
2678,2530,solar,4.877239227294922,4.512181758880615,1225.550406079988,1405.5920896864504,1470660487.2959857,False,1.0,0.20764078740946368,-33.15104964569452,-26.72641755226087
2679,2409,solar,4.783134937286377,4.987471580505371,1172.068232126236,1332.5881708050467,1406481878.5514832,False,1.0,0.20744284282131129,-34.06614659233649,-27.288641110730403
2680,2283,solar,4.958527088165283,4.931100845336914,1302.2308356831998,1401.5484506958267,1562677002.8198397,False,1.0,0.2070348360348276,-34.58019436019456,-29.983914485831335
2681,2892,solar,5.234359264373779,5.303675174713135,1445.7094902765523,1662.2489990093095,1734851388.3318627,False,1.0,0.20655284452133776,-30.36063804311785,-25.454673553700577
2682,2844,solar,4.975435256958008,6.335951805114746,1283.8629159482414,1501.7651958757863,1540635499.1378896,False,1.0,0.20573818123196813,-31.73601160187738,-20.510027095631013
2683,2345,solar,4.899483680725098,5.146937370300293,1267.2923924883773,1384.8298052714958,1520750870.9860528,False,1.0,0.20485779801504483,-34.24204907101945,-29.05989535606567
2684,2343,solar,5.0041184425354,4.6994194984436035,1337.7247763672679,1441.5725705240977,1605269731.6407213,False,1.0,0.2048217069076598,-34.069636703006225,-29.91024193518402
2685,2468,solar,4.874817848205566,5.299701690673828,1242.1665391869165,1399.0259442443182,1490599847.0242999,False,1.0,0.20437714234351687,-33.48604882367925,-27.643310722774856
2686,2663,solar,4.761146068572998,6.2059407234191895,1133.2488344272358,1420.6757874665532,1359898601.3126829,False,1.0,0.20428316082223283,-33.10169816520745,-21.10146676483008
2687,2411,solar,4.678478717803955,4.673104286193848,1114.4141144088285,1294.377590369354,1337296937.290594,False,1.0,0.20340800790946068,-34.22071498144025,-26.437956184679763
2688,2342,solar,5.047725200653076,5.027091026306152,1372.9409683067133,1471.6726603926015,1647529161.968056,False,1.0,0.2031049300567429,-33.980621570461956,-30.335036887033564
2689,2532,solar,4.772450923919678,5.24481725692749,1174.7972912281152,1373.066362587751,1409756749.4737382,False,1.0,0.20173249810500427,-33.30855925625209,-25.8802734813591
2690,2222,solar,4.917266368865967,4.627659320831299,1301.953086938577,1393.9991343138893,1562343704.3262923,False,1.0,0.20030619572886552,-35.00634811089167,-30.483305091337417
2691,2526,solar,5.006059646606445,5.159871578216553,1343.73510878247,1488.772949656009,1612482130.538964,False,1.0,0.20017082364742375,-32.8144968421687,-28.41577323769611
2692,2708,solar,5.117671012878418,5.276713848114014,1405.7960547704336,1581.912531850935,1686955265.7245202,False,1.0,0.20015703295676573,-31.49132535396576,-27.348451540132753
2693,2167,solar,4.592022895812988,5.07588005065918,1090.3781865572828,1204.5727266256597,1308453823.8687394,False,1.0,0.19997894606997713,-35.918508945743454,-28.410266517004597
2694,2589,solar,4.939330101013184,4.474764823913574,1294.6843507816511,1470.4324133697162,1553621220.9379814,False,1.0,0.19959785672508817,-32.57227920208654,-27.07736856668008
2695,2717,solar,4.8544464111328125,4.9110517501831055,1222.926611437308,1470.798004176913,1467511933.7247698,False,1.0,0.19886030161221524,-32.2176041725651,-23.572658437061307
2696,2831,solar,5.123777389526367,4.9978556632995605,1420.4461560810792,1626.9502947316648,1704535387.297295,False,1.0,0.19468033583980257,-30.76525694139354,-25.945148915622188
2697,2473,solar,4.626043319702148,5.60800838470459,1107.2104159376552,1311.041142135056,1328652499.1251862,False,1.0,0.19413557699563214,-33.87638213792829,-25.522258949463406
2698,2104,solar,4.639891624450684,4.32707405090332,1160.53282169155,1253.1036936620778,1392639386.02986,False,1.0,0.1904902368941423,-36.19545161156484,-29.765447214349557
2699,2769,solar,5.090619087219238,5.067643165588379,1422.5579761676818,1610.450785217305,1707069571.4012182,False,1.0,0.1896378176706147,-31.08379743526012,-26.854347419353573
2700,2891,solar,5.161116123199463,4.832144737243652,1465.77231910643,1675.0405003960454,1758926782.9277158,False,1.0,0.18835628884372288,-30.2738739848752,-25.869896888219905
2701,2350,solar,4.550605773925781,4.769705772399902,1102.0481706547305,1266.61315059902,1322457804.7856765,False,1.0,0.1852292233035412,-34.641740857670655,-26.92988340157012
2702,2221,solar,4.882392883300781,5.125182151794434,1337.1692788780224,1426.857571633362,1604603134.653627,False,1.0,0.18431197292951065,-34.91939370000207,-30.910360683423676
2703,2643,solar,5.178461074829102,4.937933444976807,1517.4004561715913,1649.878346510847,1820880547.4059095,False,1.0,0.18305156208203546,-31.527819848459735,-29.519182596089305
2704,2706,solar,5.1016154289245605,5.060889720916748,1462.2201167998007,1622.5982697347488,1754664140.159761,False,1.0,0.1826216704748021,-31.309471686248795,-28.18460862361515
2705,2344,solar,4.826066017150879,5.096705436706543,1302.5085844278226,1412.6013354191168,1563010301.3133872,False,1.0,0.18236794507568035,-34.15676851877858,-29.485192776651463
2706,2103,solar,4.640997409820557,4.477513313293457,1195.749013630995,1285.6740684672477,1434898816.357194,False,1.0,0.180963214640433,-36.11608009639271,-30.195356890058484
2707,2836,solar,4.9242167472839355,4.972959995269775,1332.5180960912865,1575.9195871711024,1599021715.3095438,False,1.0,0.18079073825429703,-31.173527349484573,-23.859502990546233
2708,2774,solar,4.8807692527771,5.081392288208008,1315.9059197539636,1542.7595455251997,1579087103.7047563,False,1.0,0.17902340614788234,-31.503393166427223,-24.76457655204444
2709,2839,solar,4.863836765289307,5.843671798706055,1300.1410665238934,1563.795292054171,1560169279.8286722,False,1.0,0.17748853936556624,-31.397084797630097,-22.605125768927646
2710,2588,solar,4.836301326751709,5.348366737365723,1322.7320701267734,1489.9196037195668,1587278484.152128,False,1.0,0.1739167261761987,-32.48744203393249,-27.49853586086759
2711,2710,solar,4.889861583709717,4.824987411499023,1354.4140523644198,1546.6316212685779,1625296862.8373039,False,1.0,0.1725628623019456,-31.665477815804252,-26.511177455203118
2712,2899,solar,4.910226821899414,5.553665637969971,1349.5139873284072,1613.7686116325265,1619416784.7940886,False,1.0,0.17181721426862517,-30.916344510094767,-22.540679115759396
2713,2404,solar,4.8235273361206055,4.396385669708252,1338.0025251118911,1454.0412474436391,1605603030.1342695,False,1.0,0.17142091992216096,-33.64880386707836,-29.411247559634457
2714,2900,solar,4.891002655029297,5.039006233215332,1342.674733810115,1612.9352710604321,1611209680.5721378,False,1.0,0.16982238406816588,-30.988650014310103,-22.123408449371478
2715,2527,solar,4.790640354156494,4.549318790435791,1312.3305534017272,1465.8635517563941,1574796664.0820727,False,1.0,0.16976845400596735,-32.90139786920715,-27.993815716522615
2716,2346,solar,4.645750999450684,5.2060089111328125,1232.136524568301,1358.331567147251,1478563829.4819613,False,1.0,0.16863877871972202,-34.32550947864223,-28.63435548598444
2717,2828,solar,5.074453830718994,4.410841464996338,1490.940966596053,1674.8236000564955,1789129159.9152634,False,1.0,0.1677679190853854,-30.497747536711035,-27.19326654760782
2718,2401,solar,4.955749034881592,4.485584259033203,1443.6511009302267,1541.8504399085543,1732381321.116272,False,1.0,0.16672132545244195,-33.375996503749136,-30.68176313912905
2719,2584,solar,4.961719036102295,5.213644981384277,1446.813869878801,1581.3336771808163,1736176643.854561,False,1.0,0.1639859809793137,-32.129154008494076,-29.180529596540737
2720,2463,solar,4.88326358795166,5.204142093658447,1408.7126577354043,1523.3903993942654,1690455189.282485,False,1.0,0.16227636091501482,-33.05068891112431,-29.75827326750273
2721,2647,solar,4.8755879402160645,4.782528877258301,1392.4273408899799,1556.066446282753,1670912809.0679758,False,1.0,0.16157127275773273,-31.900731774386305,-27.843718917195886
2722,2405,solar,4.71593713760376,4.782787799835205,1302.8408135652387,1427.0763840831617,1563408976.2782865,False,1.0,0.16141549272656164,-33.735922603145625,-28.987218285688968
2723,2773,solar,4.799274921417236,4.853259563446045,1334.1742580437078,1553.3177262133795,1601009109.6524494,False,1.0,0.1598905624307121,-31.42315649285597,-25.18305455148174
2724,2840,solar,4.753420352935791,5.762447834014893,1293.0406921976332,1562.9353064638367,1551648830.6371598,False,1.0,0.15921551157553077,-31.468179321610453,-22.186537876389146
2725,2585,solar,4.882775783538818,4.576188564300537,1414.1632907449969,1556.5754897616175,1696995948.8939962,False,1.0,0.15842722036703408,-32.221628255876126,-28.760445372778122
2726,2407,solar,4.59734582901001,4.753766059875488,1235.1392889570902,1377.0145676385223,1482167146.7485082,False,1.0,0.15786458050626917,-33.904624938753386,-28.13841008317997
2727,2645,solar,4.930257320404053,4.369442939758301,1452.8176148518598,1600.537619603551,1743381137.8222318,False,1.0,0.15559849595957834,-31.718251473035295,-28.68203117591602
2728,2528,solar,4.6668572425842285,4.708935260772705,1282.107218686772,1444.3223355983555,1538528662.4241264,False,1.0,0.15543037157638748,-32.98643749017888,-27.57159988758055
2729,2887,solar,5.105184078216553,4.414921760559082,1559.531575887598,1739.6886074827773,1871437891.0651176,False,1.0,0.1542158852101847,-29.907290592033714,-27.527867420680295
2730,2763,solar,5.140305995941162,4.868528842926025,1593.4699754485525,1736.2849395086428,1912163970.538263,False,1.0,0.15392383825144074,-30.516366590908184,-29.352697782892264
2731,2709,solar,4.819740295410156,4.811952590942383,1379.4382865591206,1563.572292913715,1655325943.8709447,False,1.0,0.1535905769952143,-31.579349401051214,-26.92995080405993
2732,2771,solar,4.8205037117004395,4.906278133392334,1375.4439549441427,1578.978734843465,1650532745.9329712,False,1.0,0.15329888143616519,-31.257213557327514,-26.01923757849812
2733,2829,solar,4.951128959655762,4.89640998840332,1466.114731080559,1657.51173390918,1759337677.296671,False,1.0,0.15208259988727163,-30.588861279810438,-26.777515423481322
2734,2462,solar,4.868876934051514,4.873340129852295,1443.9288496748495,1551.9043953240812,1732714619.6098194,False,1.0,0.15029978672146968,-32.957882757571454,-30.1804689360816
2735,2768,solar,4.895271301269531,4.770364761352539,1448.131125534302,1628.2630852741881,1737757350.6411626,False,1.0,0.14805594673424352,-30.994216316916923,-27.271483453248848
2736,2766,solar,4.972834587097168,4.598694324493408,1502.9666926140283,1667.8185037304818,1803560031.136834,False,1.0,0.14769978845782913,-30.809159531227195,-28.104883673453795
2737,2650,solar,4.678084850311279,5.310303688049316,1310.9600360457525,1499.425208360953,1573152043.254903,False,1.0,0.14719498174645387,-32.160089008560426,-26.584191285237075
2738,2713,solar,4.647630214691162,5.063918113708496,1288.0992747817809,1504.660274656416,1545719129.738137,False,1.0,0.14593846351023865,-31.912771488245756,-25.253285774471525
2739,2889,solar,4.96071720123291,4.851687908172607,1510.0707313978867,1704.7400284167086,1812084877.677464,False,1.0,0.1411341505654868,-30.09454580172039,-26.699480822732653
2740,2648,solar,4.717596054077148,4.634281158447266,1363.9799626369104,1535.7909499627394,1636775955.1642926,False,1.0,0.14064596848135283,-31.989069216787648,-27.424144412012893
2741,2767,solar,4.877140045166016,4.3233561515808105,1474.9563783123208,1647.4008674655358,1769947653.9747849,False,1.0,0.1378554239143325,-30.902680528088446,-27.68833119020909
2742,2832,solar,4.776975154876709,5.231022834777832,1399.7338036721696,1613.7776545323304,1679680564.4066036,False,1.0,0.13780599913120867,-30.8505961581682,-25.528547159991113
2743,2890,solar,4.907275676727295,5.3841328620910645,1487.2461304846602,1689.2156822699158,1784695356.5815923,False,1.0,0.13741771068161446,-30.18518604721263,-26.28483496043865
2744,2833,solar,4.6857709884643555,4.663058757781982,1380.5224228384004,1602.0578563236365,1656626907.4060805,False,1.0,0.12629113317959334,-30.9340664991793,-25.111675265212817
2745,2897,solar,4.664639472961426,5.564802646636963,1368.5806970584242,1620.0700658951566,1642296836.470109,False,1.0,0.12347435491652295,-30.766540838179097,-23.374511874419305
2746,2282,solar,4.54317569732666,4.967014312744141,1337.447027622645,1432.4897915543604,1604936433.1471741,False,1.0,0.12304844213243503,-34.49311648047182,-30.409972514957893
2747,2521,solar,4.816230773925781,5.121657371520996,1514.6389822983633,1621.6934395641388,1817566778.758036,False,1.0,0.12099159127247097,-32.350975982432274,-30.5214634866905
2748,2583,solar,4.770498275756836,4.402823448181152,1480.4333606267542,1607.2663568449955,1776520032.752105,False,1.0,0.12086685290687228,-32.03469155941698,-29.600326580906806
2749,2587,solar,4.578506946563721,4.595453262329102,1352.0475918120678,1510.8108315760294,1622457110.1744814,False,1.0,0.12014747588222596,-32.40074115788773,-27.91944198908931
2750,2465,solar,4.5368242263793945,4.501072883605957,1339.109926266123,1469.809655175613,1606931911.5193477,False,1.0,0.11858267655669166,-33.23047145842576,-28.913066267130578
2751,2281,solar,4.567683696746826,4.533581256866455,1372.6632195620905,1464.4848739973513,1647195863.4745085,False,1.0,0.11775902371015062,-34.404159394882164,-30.835780274991148
2752,2827,solar,4.827317714691162,4.992792129516602,1517.0094024287807,1693.4352761666987,1820411282.914537,False,1.0,0.11674630628102627,-30.404650278751085,-27.608720266947227
2753,2644,solar,4.756624698638916,4.604530334472656,1484.618329136078,1624.6259923520195,1781541994.9632936,False,1.0,0.11614477402144681,-31.62404584179277,-29.100755452576575
2754,2821,solar,5.031696796417236,4.505883693695068,1696.1111090241247,1829.9881677549938,2035333330.8289497,False,1.0,0.10622489976954615,-29.80262836838621,-30.094784597198537
2755,2581,solar,4.79046630859375,4.958473205566406,1550.132922982431,1662.4328643181204,1860159507.5789173,False,1.0,0.10594085289021704,-31.839667335770763,-30.439031142854205
2756,2830,solar,4.654236316680908,4.737909317016602,1442.5948299881247,1641.5408020475868,1731113795.9857497,False,1.0,0.10493885602708043,-30.678021396372188,-26.3614739186641
2757,2525,solar,4.517940998077393,4.3418288230896,1376.2400240356294,1512.9883802881752,1651488028.8427553,False,1.0,0.1042383271583832,-32.725704044827616,-28.837466226418154
2758,2461,solar,4.661076068878174,4.66143274307251,1479.1450416142948,1581.485439542769,1774974049.9371538,False,1.0,0.10359600836663667,-32.863088648701954,-30.60238401789443
2759,2582,solar,4.701930999755859,4.218268394470215,1514.9572589481124,1634.3176206311207,1817948710.737735,False,1.0,0.09944332603450232,-31.938207473311135,-30.01982944286737
2760,2341,solar,4.521899700164795,4.954380989074707,1408.1571602461588,1502.833777437352,1689788592.2953906,False,1.0,0.09931433686888608,-33.889690104894854,-30.759571550537405
2761,2641,solar,4.8036980628967285,4.207453727722168,1585.6636676028306,1703.6655906616568,1902796401.1233966,False,1.0,0.09782758525140108,-31.329170931256726,-30.35511685607467
2762,2822,solar,4.935264587402344,4.174525737762451,1663.8450447599057,1804.4854532147654,1996614053.711887,False,1.0,0.0975157860687009,-29.90830395623339,-29.68127139301941
2763,2888,solar,4.745020866394043,5.276984214782715,1534.1858345739936,1721.5770408976134,1841023001.4887924,False,1.0,0.09628045261064105,-30.001924007944407,-27.113827387180827
2764,2704,solar,4.686696529388428,4.7810750007629395,1523.12599358685,1668.2934488468647,1827751192.30422,False,1.0,0.09234051640489138,-31.11967077694519,-29.019594185127964
2765,2707,solar,4.553040504455566,5.210799217224121,1433.413795381874,1601.6042587626375,1720096554.4582489,False,1.0,0.09187070953234207,-31.401376218899504,-27.76667306059346
2766,2765,solar,4.684353828430176,4.671950340270996,1532.0970727372676,1689.4695926962895,1838516487.2847211,False,1.0,0.08841089634954899,-30.71362191014571,-28.521133798296752
2767,2764,solar,4.698780536651611,4.610248565673828,1562.2848656608874,1712.307346215903,1874741838.7930648,False,1.0,0.08306581296186707,-30.616035345748458,-28.937074306909178
2768,2702,solar,4.729365348815918,4.412987232208252,1587.9980839742332,1718.5985331032177,1905597700.7690797,False,1.0,0.08284528968372204,-30.921662148013795,-29.85335131718959
2769,2522,solar,4.545075416564941,4.829086780548096,1479.4227903589178,1592.8592745957772,1775307348.4307015,False,1.0,0.08185154391012561,-32.44765780394911,-30.100893676477295
2770,2883,solar,4.851037979125977,5.098345756530762,1672.0612969990866,1824.0811999589537,2006473556.3989038,False,1.0,0.07919945414551056,-29.508008802898278,-29.180812213607226
2771,2705,solar,4.56228494644165,4.612275123596191,1492.1461829046696,1644.8447003306371,1790575419.4856036,False,1.0,0.07819562217958437,-31.21558056875308,-28.602251343417034
2772,2703,solar,4.610365867614746,4.68794059753418,1555.0965736965925,1692.8945551111415,1866115888.435911,False,1.0,0.07023873785544235,-31.021709293723315,-29.4366299594608
2773,2884,solar,4.74873685836792,4.931227207183838,1642.3691484374986,1801.2726836279157,1970842978.1249983,False,1.0,0.06870323796432959,-29.61100690289319,-28.76807371930718
2774,2886,solar,4.599637031555176,4.995748996734619,1586.0489580632145,1759.0353590149768,1903258749.6758573,False,1.0,0.056761695634935834,-29.81061462465425,-27.941593539890675
2775,2761,solar,4.672994136810303,4.529575824737549,1658.6053433598715,1787.4739935684931,1990326412.0318458,False,1.0,0.05296394564494391,-30.310644724261394,-30.18296314456057
2776,2826,solar,4.500821113586426,5.072388648986816,1544.25713151673,1713.3044031418835,1853108557.820076,False,1.0,0.0511717164989474,-30.309538761906342,-28.023869410803087
2777,2762,solar,4.5969696044921875,4.993533134460449,1625.5950060943728,1761.3558227752035,1950714007.3132474,False,1.0,0.04810965826305305,-30.414581444456946,-29.767996645650978
2778,2885,solar,4.589540958404541,4.557997703552246,1613.6802219015888,1779.5770108440183,1936416266.2819066,False,1.0,0.047724948489270655,-29.711864298145223,-28.35499820600028
2779,2825,solar,4.509318828582764,4.802558898925781,1572.622856702532,1734.3877654910243,1887147428.0430386,False,1.0,0.04527343488655976,-30.2123813632967,-28.43870665673207
2780,2881,solar,4.696073532104492,4.538270950317383,1734.247416976071,1872.872155424086,2081096900.3712852,False,1.0,0.03497088307641696,-29.29545116027961,-30.005245812773662
