rank,candidate_id,scenario,solar_kwh_m2_day,wind_m_s,dist_grid_km,dist_demand_km,connection_cost_brl,is_restricted,restriction_factor,score_final,longitude,latitude
1,3100,hibrido,6.9881367683410645,8.579570770263672,16.271394014187447,503.11002848301206,19525672.817024935,False,1.0,0.9174935800332794,-39.41643452142374,-8.557161817400651
2,3250,hibrido,6.795928478240967,8.698725700378418,53.89642057460236,423.8898136129819,64675704.68952283,False,1.0,0.9033047941253587,-38.71756702409254,-7.83175558144366
3,3326,hibrido,7.292463779449463,8.002930641174316,109.20793490296376,400.97850404933615,131049521.88355651,False,1.0,0.9019086724713119,-38.38052426986483,-7.121689382886399
4,2878,hibrido,6.66641902923584,8.805684089660645,68.07575215186048,622.843993838383,81690902.58223258,False,1.0,0.8837376457118649,-40.50580876042272,-8.595660079517343
5,3022,hibrido,6.774799346923828,8.678587913513184,110.78301724431542,576.5232122043864,132939620.6931785,False,1.0,0.8818852509688111,-39.72177058307344,-9.97321306118493
6,3174,hibrido,6.346014499664307,8.935543060302734,0.9967253650369005,463.2293033261753,1196070.4380442805,False,1.0,0.8797836176442438,-39.05335763522341,-8.543746455323634
7,2876,hibrido,6.488524436950684,8.849858283996582,4.085513167003117,632.688818247667,4902615.80040374,False,1.0,0.8791470043951473,-40.47937807471569,-9.299290849248049
8,3548,hibrido,6.682258605957031,8.581718444824219,130.85203330154326,289.0827231248401,157022439.96185192,False,1.0,0.8786280070329112,-37.29490729116685,-7.085283368192237
9,3025,hibrido,6.416822910308838,8.875386238098145,2.5411192660200137,547.2095248603057,3049343.1192240166,False,1.0,0.8783934586872988,-39.765948252331306,-8.921061443001676
10,3842,hibrido,6.691608428955078,8.65677547454834,242.67193131800576,110.34522048489673,291206317.5816069,False,1.0,0.8744714563987728,-35.818649066936246,-7.7221015671802915
11,3546,hibrido,6.429182052612305,8.769181251525879,84.62756141927562,265.1967588119329,101553073.70313075,False,1.0,0.8740678692992978,-37.26792875303665,-7.778918592715952
12,3325,hibrido,6.570101261138916,8.5618314743042,72.7089338548098,390.59443256040436,87250720.62577176,False,1.0,0.8707394368563893,-38.36812933569061,-7.470322602181111
13,3619,hibrido,6.41549015045166,8.793743133544922,122.93725815449606,221.74593033869147,147524709.78539526,False,1.0,0.8699197356246866,-36.89083405590706,-8.111228315412703
14,3770,hibrido,6.854578495025635,8.331902503967285,226.09320244652739,187.49368231730475,271311842.93583286,False,1.0,0.8695146445633768,-36.20945710222845,-7.046839474170205
15,3244,hibrido,6.563109874725342,8.833906173706055,162.58737538198844,465.57928896171205,195104850.45838612,False,1.0,0.867225554338621,-38.628510790139224,-9.926262623996765
16,3393,hibrido,6.6732869148254395,8.564970016479492,161.04298148100534,376.1744245324308,193251577.77720642,False,1.0,0.8667839470862728,-37.916904930940085,-9.545477631082901
17,3323,hibrido,6.516307830810547,8.359994888305664,0.5476685359462058,381.73879920996484,657202.2431354469,False,1.0,0.8658580461532799,-38.34150880410307,-8.167508815079849
18,3764,hibrido,6.771040439605713,8.44417953491211,244.20656172675137,183.9439619398994,293047874.07210165,False,1.0,0.8651098888796389,-36.115627626188264,-9.115917030141045
19,3544,hibrido,6.28531551361084,8.858487129211426,100.00696817921413,264.3668302935073,120008361.81505695,False,1.0,0.862518929825961,-37.23835166561201,-8.472432531366483
20,3769,hibrido,6.581765651702881,8.59453296661377,211.04009324969257,164.11621171122368,253248111.89963108,False,1.0,0.8621878735128057,-36.19553763939118,-7.391769910509846
21,2732,hibrido,6.743952751159668,8.642099380493164,174.77325622917277,703.0297057633576,209727907.47500733,False,1.0,0.8586600925329793,-41.25523065019439,-7.914106837168039
22,3400,hibrido,6.341787338256836,8.781009674072266,102.26599420251766,363.1052841938822,122719193.04302119,False,1.0,0.8577040710588008,-38.018633857403415,-7.109784834744059
23,3473,hibrido,6.4947075843811035,8.390828132629395,74.90045968484652,312.869596073088,89880551.62181583,False,1.0,0.8564360297622289,-37.64385078976733,-7.445092433727596
24,3470,hibrido,6.4225873947143555,8.44438362121582,71.19995196584713,304.01995700867997,85439942.35901657,False,1.0,0.8536160880019604,-37.60130102511301,-8.487250143283257
25,3692,hibrido,6.4048752784729,8.621299743652344,171.6546379604034,185.5079361083754,205985565.55248407,False,1.0,0.8517468806510095,-36.51253342658694,-8.441986926156401
26,3029,hibrido,6.569647312164307,8.577896118164062,141.78141137170715,548.0121020084122,170137693.64604858,False,1.0,0.8512610434578473,-39.81691807469126,-7.517813131390992
27,3624,hibrido,7.033895492553711,7.8050384521484375,219.12244433417246,300.4496753768721,262946933.20100695,False,1.0,0.8501565408864158,-36.95794065819789,-6.380189557944689
28,3097,hibrido,6.441154479980469,8.601313591003418,91.97050396410798,525.7950654701883,110364604.75692958,False,1.0,0.8496218850791721,-39.372973148763165,-9.607759866701631
29,3099,hibrido,6.390852451324463,8.43505859375,19.80923864524435,507.6415573982473,23771086.37429322,False,1.0,0.8477849268402139,-39.40252896048793,-8.907389996070123
30,2655,hibrido,6.819426536560059,8.123775482177734,83.79947763010172,745.7411284074782,100559373.15612206,False,1.0,0.8477199395759927,-41.583421903432615,-8.984795034717603
31,2956,hibrido,6.671111583709717,8.530147552490234,195.13016341036334,594.5379106585729,234156196.09243602,False,1.0,0.846767027211119,-40.190236083096856,-7.177649614676076
32,3847,hibrido,6.856243133544922,8.29887580871582,328.31500486278145,263.20109706488023,393978005.83533776,False,1.0,0.8458866721454115,-35.88602786502354,-6.000580199810415
33,3324,hibrido,6.306262016296387,8.479375839233398,36.62830119537801,384.1149057049531,43953961.43445361,False,1.0,0.8457676184295242,-38.35512497819022,-7.818929502378636
34,3031,hibrido,6.568389892578125,8.69655704498291,213.94267669057078,565.6472079596936,256731212.02868494,False,1.0,0.8450173238413765,-39.83904633202991,-6.816046417973774
35,3694,hibrido,6.395800590515137,8.503767967224121,163.1739721913151,186.6887631436544,195808766.6295781,False,1.0,0.8449941577287434,-36.54324283177836,-7.7509959256009395
36,3543,hibrido,6.222609996795654,8.756869316101074,127.36239025203197,272.8920500802046,152834868.30243838,False,1.0,0.8447701182353266,-37.22258200743715,-8.819140509673955
37,2948,hibrido,6.403961658477783,8.656282424926758,93.51489786509106,614.2616116204783,112217877.43810926,False,1.0,0.8442482899561516,-40.08625631991459,-9.988186098700346
38,3696,hibrido,6.2845458984375,8.775104522705078,191.27513081440307,219.2993256009373,229530156.9772837,False,1.0,0.8439388885219324,-36.571254866610815,-7.059876121815447
39,2957,hibrido,6.730741024017334,8.487902641296387,231.21079606979512,604.065457688751,277452955.28375417,False,1.0,0.8433926733605206,-40.20076785611753,-6.826226074884255
40,3173,hibrido,6.132548809051514,8.797107696533203,37.077358024468694,468.14702551398796,44492829.629362434,False,1.0,0.8433195130071828,-39.039135979902184,-8.893417164638683
41,3322,hibrido,6.156174659729004,8.667998313903809,35.5329641234856,383.54238469797133,42639556.94818272,False,1.0,0.8425530678139904,-38.32727830303571,-8.51605926633586
42,3254,hibrido,6.492695331573486,8.640938758850098,198.38055093351636,467.93330073279185,238056661.12021962,False,1.0,0.8419441726807865,-38.76491989497812,-6.434866874712353
43,3992,hibrido,6.692605495452881,8.397730827331543,337.51150760515503,124.65528873069067,405013809.126186,False,1.0,0.8414253799437967,-35.12418050805335,-7.006430064967686
44,3245,hibrido,6.16187047958374,8.950993537902832,126.50674272255667,450.0931284440505,151808091.267068,False,1.0,0.8412502498569574,-38.64487535215916,-9.577256250699081
45,3169,hibrido,6.337068557739258,8.877825736999512,181.3998886621959,519.117171405221,217679866.39463508,False,1.0,0.8411108861407295,-38.9762833946537,-10.29179368737125
46,3551,hibrido,6.869338512420654,8.01981258392334,236.77605520873635,356.97068604669846,284131266.25048363,False,1.0,0.8407850722454384,-37.33054514863446,-6.0446274655295795
47,3023,hibrido,6.271623611450195,8.705399513244629,74.70238458488362,564.0910956334297,89642861.50186034,False,1.0,0.8399498853229108,-39.73706844875426,-9.62252521255696
48,3541,hibrido,6.228974342346191,8.875606536865234,195.57922023945406,305.33681578227424,234695064.28734487,False,1.0,0.8391811373170279,-37.18906605578207,-9.51245140693056
49,2578,hibrido,6.281441688537598,8.689454078674316,7.1743009689693436,806.231290642583,8609161.162763212,False,1.0,0.838598954942712,-41.90915000419768,-10.057825785031731
50,2798,hibrido,6.368239879608154,8.813426971435547,131.13992442550594,717.4639044481025,157367909.31060714,False,1.0,0.8382862614513737,-40.78529385141535,-10.721532181583841
51,3990,hibrido,6.59678316116333,8.388038635253906,322.41834206280777,47.95248777293462,386902010.47536933,False,1.0,0.8379511891075102,-35.09414977947581,-7.6922595236608
52,3251,hibrido,6.321918964385986,8.511592864990234,89.97705323403416,429.770082773694,107972463.88084099,False,1.0,0.8376384274001857,-38.73029804762105,-7.482570395634312
53,3398,hibrido,6.354944705963135,8.188278198242188,22.313742466346906,344.3921420192417,26776490.959616285,False,1.0,0.8373228027462433,-37.992704358065865,-7.805846103740569
54,3614,hibrido,6.348258018493652,8.781658172607422,249.42432374190756,296.7701262079385,299309188.4902891,False,1.0,0.8365073221763444,-36.80710418640839,-9.841449238813855
55,3034,hibrido,6.918380260467529,8.302774429321289,322.1845746688661,611.0777477211672,386621489.6026393,False,1.0,0.8346964992404582,-39.868089945933384,-5.763242945936375
56,2800,hibrido,6.234024524688721,8.729351043701172,58.97865910664237,690.5026821894571,70774390.92797084,False,1.0,0.8335679410072481,-40.81532276052914,-10.017096607891801
57,3103,hibrido,6.687716007232666,8.005244255065918,124.51329199248286,508.5065885979795,149415950.39097944,False,1.0,0.8329221015111452,-39.45469274950502,-7.506318232755977
58,3620,hibrido,6.09837007522583,8.71267032623291,123.66804225923799,225.81188539186996,148401650.7110856,False,1.0,0.8327501050124677,-36.90557442385671,-7.765080200352354
59,3472,hibrido,6.0048956871032715,8.716584205627441,47.22143186429082,304.74191405922164,56665718.237148985,False,1.0,0.8325858100284615,-37.63030550550597,-7.792508186875682
60,2802,hibrido,6.054596900939941,8.843728065490723,13.182606212221229,672.0367951502008,15819127.454665475,False,1.0,0.8315278501935834,-40.843210976467766,-9.312550110909378
61,2509,hibrido,6.718489170074463,8.385124206542969,190.49698170741402,821.7335073633207,228596378.04889682,False,1.0,0.8311525460402489,-42.33271772534488,-8.299564946944354
62,3252,hibrido,6.21241569519043,8.681685447692871,126.05768589346594,439.2289539747659,151269223.07215914,False,1.0,0.8303834713785211,-38.74243239386497,-7.133359735287578
63,3172,hibrido,6.058012962341309,8.816722869873047,73.1579906839005,476.384180609658,87789588.82068059,False,1.0,0.8303631849379711,-39.02432055759411,-9.243058453849152
64,2654,hibrido,6.736138343811035,7.876728534698486,47.71884497066993,750.9394653605574,57262613.96480391,False,1.0,0.8300931374260321,-41.570955096870684,-9.338089211361343
65,2650,hibrido,6.542954921722412,8.354950904846191,96.60368566705728,791.8529413888433,115924422.80046873,False,1.0,0.8295269818957797,-41.51603736514693,-10.751017975593758
66,2724,hibrido,6.543771266937256,8.364184379577637,113.87180504628162,754.5149219770537,136646166.05553794,False,1.0,0.8292008991325747,-41.15064839225661,-10.736464564653584
67,3396,hibrido,6.188986301422119,8.41131591796875,52.80108350270994,343.75346916021533,63361300.203251936,False,1.0,0.8291770495320019,-37.964276702708716,-8.501793422464043
68,3471,hibrido,6.429708003997803,7.94964599609375,45.273042681339625,301.7414194670974,54327651.21760755,False,1.0,0.8284393620236614,-37.61612311483948,-8.139894542945452
69,2881,hibrido,6.5286970138549805,8.435675621032715,176.31765013015587,627.211200910766,211581180.15618703,False,1.0,0.8281457755648006,-40.54142295064754,-7.54003234779967
70,3095,hibrido,6.239840030670166,8.807998657226562,164.13176928297156,554.9963521933105,196958123.13956589,False,1.0,0.8281040772091863,-39.341072373406064,-10.308006611118051
71,3327,hibrido,6.386668682098389,8.394609451293945,147.3315590070825,414.9741084358188,176797870.80849898,False,1.0,0.82779973898776,-38.39231205787889,-6.773031107619691
72,3094,hibrido,6.376927375793457,8.695846557617188,200.21240194240335,573.2374734657723,240254882.330884,False,1.0,0.8277248082367875,-39.32423516924051,-10.658080859287821
73,3178,hibrido,6.347848415374756,8.498237609863281,143.3258052726903,477.7660382550129,171990966.32722837,False,1.0,0.8276047825922008,-39.10435793890334,-7.144793384000721
74,3101,hibrido,6.262751579284668,8.389680862426758,52.35202667361924,501.73643551434094,62822432.00834309,False,1.0,0.8268194790577565,-39.42976203073844,-8.206906360554608
75,3320,hibrido,6.324886322021484,8.312576293945312,107.69422944234918,399.3310167453666,129233075.33081903,False,1.0,0.824241133829077,-38.29696368611685,-9.213068459283324
76,3180,hibrido,6.396313667297363,8.588410377502441,215.48707059155393,504.28155551716236,258584484.7098647,False,1.0,0.8241170001994821,-39.126359058499744,-6.445171339078103
77,2877,hibrido,6.145768165588379,8.587516784667969,31.99511949242868,626.5100882652158,38394143.39091442,False,1.0,0.8240796073991112,-40.49286380642157,-8.947488263598629
78,3465,hibrido,6.362609386444092,8.633096694946289,250.47236617909326,383.8351005930328,300566839.4149119,False,1.0,0.823921000671016,-37.51749574181451,-10.223518793391477
79,3030,hibrido,6.316747188568115,8.648470878601074,177.86204403113896,555.461082264219,213434452.83736676,False,1.0,0.8235878751671654,-39.828260092634785,-7.166940732688724
80,1834,hibrido,6.54049015045166,7.812406539916992,21.184362185546934,532.4764848578474,25421234.622656323,False,1.0,0.8228431633412768,-45.51630589342294,-11.600557070146197
81,2582,hibrido,6.766046047210693,7.979730606079102,137.14822966875784,782.6160577582355,164577875.6025094,False,1.0,0.8222687223141529,-41.958625298089174,-8.642809048698807
82,3841,hibrido,6.3722825050354,8.300153732299805,242.3003322654004,101.76599491677592,290760398.71848047,False,1.0,0.8209650744871796,-35.80308769208728,-8.066309748957742
83,3028,hibrido,6.172796249389648,8.621150970458984,105.70077871227538,543.4128393636087,126840934.45473045,False,1.0,0.820588522202828,-39.80501816130774,-7.868662511240754
84,3032,hibrido,6.8372697830200195,7.971555709838867,250.0233093500026,578.4258931229272,300027971.2200031,False,1.0,0.8203785278687309,-39.84927880262184,-6.4651312859834125
85,3837,hibrido,6.3513007164001465,8.557544708251953,299.9809828658704,187.28939604677151,359977179.4390445,False,1.0,0.8201445185916751,-35.7337984960905,-9.442769572988668
86,3395,hibrido,6.123363018035889,8.46615219116211,88.88171616214173,350.352247883789,106658059.39457007,False,1.0,0.8193746711169545,-37.94911961096677,-8.849721056500755
87,2735,hibrido,6.794973850250244,8.237910270690918,283.01515420746813,720.3540914530096,339618185.04896176,False,1.0,0.8192059738539214,-41.28601892264749,-6.855351228428174
88,3685,hibrido,6.458667755126953,8.7228422164917,374.4379896558374,365.61584295811724,449325587.58700484,False,1.0,0.8186298476536858,-36.383469848559415,-10.859267506714811
89,3177,hibrido,6.123538494110107,8.592340469360352,107.2451726132585,469.08489353999806,128694207.1359102,False,1.0,0.8176030005386102,-39.09248596165324,-7.494569803635077
90,3617,hibrido,6.372838497161865,8.115507125854492,156.0549229443605,234.80152831030165,187265907.5332326,False,1.0,0.8173959934254658,-36.85935648500764,-8.80342499444209
91,3248,hibrido,5.836954593658447,8.743783950805664,18.264844744261246,423.3710832826566,21917813.693113495,False,1.0,0.8160310015306017,-38.690305419671695,-8.530044615508013
92,1906,hibrido,6.741289138793945,7.4650444984436035,68.245022512541,489.49560579664103,81894027.0150492,False,1.0,0.8157543278668106,-45.126289020871546,-12.304265327607068
93,3256,hibrido,6.348215579986572,8.689794540405273,273.7065462426143,507.74114847981724,328447855.49113715,False,1.0,0.8152821681905502,-38.7850460820024,-5.7362867209650625
94,2945,hibrido,6.3980021476745605,8.536030769348145,201.75679584338647,662.6145769776045,242108155.01206377,False,1.0,0.8149091242752028,-40.03805752900729,-11.041675401241227
95,3394,hibrido,6.277512550354004,8.247945785522461,124.96234882157354,361.285133426169,149954818.58588824,False,1.0,0.8145632567927052,-37.933329992357315,-9.197616237774088
96,3913,hibrido,6.40679407119751,8.284773826599121,298.1291348946089,98.88632107809116,357754961.8735307,False,1.0,0.8139776710393258,-35.406752221486045,-8.737805889787174
97,3547,hibrido,6.0330305099487305,8.494344711303711,102.67443394273342,274.49785217158575,123209320.7312801,False,1.0,0.8137442441017473,-37.28174157062564,-7.432115442644042
98,3477,hibrido,6.727379322052002,7.801161289215088,226.12151555248155,387.2549341154662,271345818.6629779,False,1.0,0.813271571743262,-37.69170850721566,-6.05516241772889
99,2799,hibrido,6.220603942871094,8.532637596130371,95.05929176607418,702.9752514479974,114071150.11928903,False,1.0,0.8131811494450807,-40.8005772938025,-10.369328771665662
100,4139,hibrido,6.787610054016113,7.956387042999268,406.4452282671504,101.20555540989648,487734273.9205805,False,1.0,0.8130899593248554,-34.38562631018537,-7.319982971203241
101,3994,hibrido,6.705778121948242,8.06666088104248,369.6950746673257,203.90792268435834,443634089.6007908,False,1.0,0.8125040176377225,-35.15134230855494,-6.320469560719962
102,2653,hibrido,6.399844169616699,8.043084144592285,11.638212311238107,758.2152271443384,13965854.773485728,False,1.0,0.8124476959691765,-41.55798578581998,-9.691359535439224
103,3019,hibrido,6.202882766723633,8.826760292053223,219.02491522261084,627.7895860263104,262829898.267133,False,1.0,0.8121369125739326,-39.6724100250795,-11.025086787106362
104,3829,hibrido,6.890573501586914,8.505595207214355,553.3054022975684,487.9747105864102,663966482.7570821,False,1.0,0.8110541541169844,-35.560714116197985,-12.193563226253897
105,3987,hibrido,6.2219719886779785,8.624817848205566,336.17397519360014,80.25080184170015,403408770.2323202,False,1.0,0.8108132824025882,-35.043677481384094,-8.720728930199552
106,2953,hibrido,6.047066688537598,8.6397066116333,86.88826543206793,581.7354014695026,104265918.51848151,False,1.0,0.810305499917516,-40.15537605464838,-8.231788992051426
107,3107,hibrido,6.300524711608887,8.713966369628906,268.83582263021003,557.3669800924627,322602987.156252,False,1.0,0.8101570968724937,-39.497719746136625,-6.104865194752918
108,3618,hibrido,6.0068135261535645,8.517476081848145,134.66014335673992,224.83662437270445,161592172.0280879,False,1.0,0.8096792149052975,-36.875429008431006,-8.457343730908303
109,1757,hibrido,6.54619836807251,7.617568492889404,69.78941641352411,409.57452544570293,83747299.69622894,False,1.0,0.8096127312068385,-45.85010174805244,-12.68485890712886
110,3328,hibrido,6.498757839202881,8.036959648132324,186.24393550702501,432.23056420683844,223492722.60843003,False,1.0,0.8093405452596498,-38.40349486179003,-6.424349034504097
111,4363,hibrido,6.937779426574707,8.147848129272461,540.6977303650249,241.38584148697186,648837276.4380299,False,1.0,0.8091932770549314,-33.33085472907956,-6.595483797142327
112,3321,hibrido,6.113287925720215,8.301883697509766,71.61359678291738,389.46759929081065,85936316.13950086,False,1.0,0.8091183975508723,-38.31243084636996,-8.864579576367982
113,3468,hibrido,5.863887786865234,8.833918571472168,142.23046820079787,323.7107263200298,170676561.84095743,False,1.0,0.8082105754459088,-37.56972676677357,-9.181863610034465
114,3476,hibrido,6.230681896209717,8.392121315002441,186.9511288066047,363.51978492829636,224341354.56792563,False,1.0,0.8079074744232313,-37.68068812389698,-6.402682289302275
115,3318,hibrido,6.393956661224365,8.158989906311035,179.85549476121278,429.6809991260607,215826593.71345535,False,1.0,0.8075878248371816,-38.26415865877511,-9.90994676788192
116,3021,hibrido,6.4183244705200195,8.166593551635742,146.86364990374722,591.4044844672761,176236379.88449666,False,1.0,0.8075034283647258,-39.705896918283266,-10.323870036899269
117,3474,hibrido,6.142062664031982,8.279333114624023,110.40966486086614,325.74090027105353,132491597.83303937,False,1.0,0.8073352698467606,-37.65676143940719,-7.097648636098551
118,2645,hibrido,6.503057956695557,8.557279586791992,277.00684896421626,786.4051248924727,332408218.7570595,False,1.0,0.807080936540107,-41.43581982171483,-12.516549749067538
119,3771,hibrido,6.468538284301758,8.029996871948242,246.77591338340514,215.80924649180722,296131096.0600862,False,1.0,0.807057490485544,-36.222695160281305,-6.701878931039455
120,2803,hibrido,6.030375003814697,8.569992065429688,49.26323887165302,666.2230887609735,59115886.64598363,False,1.0,0.8062932118912036,-40.85635905850006,-8.960237811321065
121,3093,hibrido,6.285394191741943,8.611310958862305,236.29303460183516,593.6172597077706,283551641.5222022,False,1.0,0.8059883474715017,-39.306802540306755,-11.008120770985366
122,3466,hibrido,6.092217922210693,8.656559944152832,214.39173351966147,360.48458276287323,257270080.22359377,False,1.0,0.8057294021932992,-37.53555952815715,-9.876337585080067
123,3317,hibrido,6.4655256271362305,8.125290870666504,215.9361274206446,449.4507882377231,259123352.9047735,False,1.0,0.8053871919292868,-38.2468146877618,-10.258333588582413
124,3176,hibrido,5.815185546875,8.788862228393555,71.1645399538267,463.7034476742351,85397447.94459204,False,1.0,0.805302791446823,-39.080030144800176,-7.844321580593511
125,1835,hibrido,6.74052619934082,7.3335466384887695,57.264994844978744,567.3378549854913,68717993.8139745,False,1.0,0.8052802832133729,-45.5270076862827,-11.242893286816582
126,3542,hibrido,6.15095329284668,8.333845138549805,160.12795888608403,286.79316769148755,192153550.66330084,False,1.0,0.8050838732003373,-37.20615447323675,-9.165813942420531
127,3247,hibrido,6.065672874450684,8.296462059020996,54.345477403693046,428.74622353727034,65214572.88443165,False,1.0,0.8048782453493305,-38.67576978696817,-8.879145993278163
128,4061,hibrido,6.298455238342285,8.510618209838867,374.62635001014905,79.38436808410275,449551620.01217884,False,1.0,0.8048438340665498,-34.680633975938235,-8.703390052332654
129,2579,hibrido,6.22519063949585,8.277623176574707,28.906331690462437,797.3886404844656,34687598.028554924,False,1.0,0.8042819342008226,-41.92225315662062,-9.704106494700522
130,3020,hibrido,6.1319899559021,8.694291114807129,182.94428256317897,608.5552680616161,219533139.07581475,False,1.0,0.8041327873262247,-39.68944444218046,-10.674494995645643
131,4209,hibrido,6.682359218597412,8.120474815368652,452.337068092861,125.00100517941961,542804481.7114332,False,1.0,0.8034225693137641,-33.95464197822882,-8.667940711730708
132,4069,hibrido,6.786492824554443,7.967494964599609,424.48395021652635,243.43351781500007,509380740.2598316,False,1.0,0.80288553811422,-34.802787827012764,-5.965606476158185
133,2801,hibrido,5.969215393066406,8.547544479370117,22.898026447210583,680.1571171966766,27477631.7366527,False,1.0,0.80258220477113,-40.82953308127848,-9.664836714561444
134,3690,hibrido,6.02522087097168,8.563122749328613,212.37910505966033,216.27226922162413,254854926.0715924,False,1.0,0.8013569029545522,-36.479104472056655,-9.132837176783653
135,4065,hibrido,6.352754592895508,8.348649978637695,366.96834067351995,84.74005986514959,440362008.80822396,False,1.0,0.8013449443620364,-34.74756454635267,-7.334781228831046
136,3838,hibrido,6.153708457946777,8.474838256835938,278.15248572475684,155.23230280461487,333782982.86970824,False,1.0,0.8007172516476172,-35.752183435783735,-9.09871374295576
137,3179,hibrido,6.2796807289123535,8.28222942352295,179.40643793212206,489.57138118189636,215287725.51854646,False,1.0,0.8005699813337674,-39.11564827533183,-6.794993503421143
138,3026,hibrido,5.867928504943848,8.588193893432617,33.53951339341178,543.0083001762501,40247416.072094135,False,1.0,0.8004651020714494,-39.779535639237494,-8.570287781160866
139,3700,hibrido,6.346615791320801,8.397661209106445,308.0698566929534,336.11187729513927,369683828.0315441,False,1.0,0.8004071496101125,-36.619265484151434,-5.677297356119628
140,2883,hibrido,6.244213104248047,8.66337776184082,248.4789154490195,642.6767387052714,298174698.53882337,False,1.0,0.8003160892839563,-40.56250399404456,-6.836171546649206
141,3175,hibrido,6.040560722351074,8.225668907165527,35.08390729439489,461.7370869039143,42100688.75327387,False,1.0,0.7995498739769519,-39.06698817737859,-8.194047528348435
142,3253,hibrido,6.3367390632629395,8.089859962463379,162.13831855289774,452.0418387408694,194565982.2634773,False,1.0,0.7994449336262235,-38.75397230124106,-6.784124822529751
143,3478,hibrido,6.438173770904541,8.179742813110352,265.53936625185844,413.5046964173844,318647239.5022301,False,1.0,0.7993530836203877,-37.70210295470221,-5.707619857442387
144,3102,hibrido,6.070767879486084,8.350418090820312,88.43265933305105,503.5466221563755,106119191.19966125,False,1.0,0.7987923160654025,-39.442513980236015,-7.856624781898833
145,3399,hibrido,6.094338417053223,8.101424217224121,62.27454003476793,351.6044616427112,74729448.04172152,False,1.0,0.7985127137638438,-38.00598014585972,-7.457829057191619
146,2874,hibrido,6.005422592163086,8.54703426361084,76.24677848586671,652.2696074559284,91496134.18304005,False,1.0,0.7984569180015532,-40.450773926270536,-10.00281502816624
147,4292,hibrido,6.9358062744140625,8.05626392364502,548.4183811639541,314.7454331009024,658102057.396745,False,1.0,0.7980645925362004,-33.732248542780404,-5.588784786260382
148,1829,hibrido,6.6340789794921875,7.496920108795166,159.21880111161204,373.933193313624,191062561.33393446,False,1.0,0.7974430258640048,-45.45737242348985,-13.38858174917593
149,2730,hibrido,5.968945026397705,8.707197189331055,102.61199091030917,702.7170606017721,123134389.092371,False,1.0,0.7973929020167336,-41.232173275726325,-8.619840999065547
150,3545,hibrido,5.980312824249268,8.24569034576416,83.55602263203895,261.7433302338291,100267227.15844673,False,1.0,0.7971185621888668,-37.2534663287906,-8.125691422897305
151,3615,hibrido,6.2201128005981445,8.22813606262207,215.38966666902886,271.83130388521295,258467600.00283462,False,1.0,0.7967537517501859,-36.825197189752224,-9.495479219547832
152,2581,hibrido,6.059342861175537,8.616357803344727,101.06759700932605,785.5368507578638,121281116.41119125,False,1.0,0.7966740647594435,-41.94698841970874,-8.996597225164948
153,2806,hibrido,6.475196838378906,7.982039928436279,157.50513684994843,663.1081766089072,189006164.2199381,False,1.0,0.7961330924378667,-40.89264895426789,-7.903156812455894
154,2946,hibrido,6.276216506958008,8.308290481567383,165.67616318395466,644.4205362848619,198811395.8207456,False,1.0,0.795868163324476,-40.05469113044389,-10.690543948900595
155,3611,hibrido,6.257658958435059,8.642923355102539,357.1698702564056,387.0571765541858,428603844.30768675,False,1.0,0.7953626674817572,-36.748731620764396,-10.879113096031348
156,2508,hibrido,6.100056171417236,8.697112083435059,154.4163490479822,822.5729190540892,185299618.85757867,False,1.0,0.794515722525621,-42.32188286607521,-8.653831777893966
157,3621,hibrido,6.091094493865967,8.15006160736084,136.652844499923,236.66591969840147,163983413.3999076,False,1.0,0.7945061524201439,-36.9196527831591,-7.418900831228815
158,3249,hibrido,5.744207859039307,8.53962516784668,17.815787915170553,421.7378618554295,21378945.498204663,False,1.0,0.7943026678205802,-38.70423697069952,-8.180914065554674
159,3686,hibrido,6.467705249786377,8.159981727600098,338.79790927807153,331.5036871355036,406557491.1336858,False,1.0,0.7928399101587158,-36.40398888069425,-10.514067029076982
160,3765,hibrido,5.831676006317139,8.722249031066895,224.09163309701927,161.4160187112988,268909959.7164231,False,1.0,0.7926691577321827,-36.13299402178256,-8.77116007502291
161,2795,hibrido,6.632205963134766,7.9902448654174805,239.38182240380138,771.812933487473,287258186.88456166,False,1.0,0.7923806221814738,-40.736185706648925,-11.777959564606123
162,3915,hibrido,6.111911773681641,8.328964233398438,282.2080997072601,61.79000259975517,338649719.6487121,False,1.0,0.7918584586260107,-35.440556795857425,-8.05083755069449
163,3845,hibrido,6.22744607925415,8.24924373626709,280.4109697402605,191.92529164036222,336493163.6883126,False,1.0,0.7918443831075133,-35.861151995093,-6.68927858430041
164,3691,hibrido,5.777796745300293,8.728522300720215,188.9050012562656,197.46757808999905,226686001.5075187,False,1.0,0.7917947531099843,-36.49616035900529,-8.78743039644384
165,2722,hibrido,6.18010950088501,8.567155838012695,186.03307036514525,787.4346116098283,223239684.4381743,False,1.0,0.7909606795275296,-41.119286285188096,-11.44178666965498
166,3699,hibrido,6.223057746887207,8.323099136352539,274.82143542513086,303.23496516134736,329785722.51015705,False,1.0,0.7909317755147838,-36.60825890779988,-6.02298077742116
167,1386,hibrido,6.512508869171143,7.124619483947754,19.52945217683421,300.7095002708705,23435342.61220105,False,1.0,0.790397787027128,-47.68180102487061,-13.09402549915768
168,3843,hibrido,6.179141044616699,8.152742385864258,249.5393385486512,131.13282444269885,299447206.2583814,False,1.0,0.7896605746601705,-35.833511829644216,-7.377859265613578
169,2659,hibrido,6.379090785980225,8.295100212097168,228.1220082678289,746.3302422174087,273746409.9213947,False,1.0,0.7890908893471459,-41.62831042113014,-7.571398453893384
170,3613,hibrido,6.074052333831787,8.574567794799805,285.008604937542,324.73490395554427,342010325.9250504,False,1.0,0.7885600974997201,-36.78833124143338,-10.187379220810795
171,3464,hibrido,6.013380527496338,8.750205039978027,286.55299883852507,409.7677811697796,343863598.6062301,False,1.0,0.7884538365057838,-37.49877409596489,-10.570660949467992
172,3182,hibrido,6.3450422286987305,8.327027320861816,287.7208941519559,541.4234822758682,345265072.98234713,False,1.0,0.7883625589013216,-39.14604976462461,-5.745464846547412
173,2807,hibrido,5.9972147941589355,8.737950325012207,193.58576950938024,666.8824512971149,232302923.41125628,False,1.0,0.788317310018732,-40.90370178825983,-7.5507517832922
174,1463,hibrido,6.631797790527344,7.148072242736816,71.44432642223683,424.9777859908129,85733191.70668419,False,1.0,0.7881449810501922,-47.34094694309586,-12.007414516946309
175,3909,hibrido,6.319737911224365,8.365964889526367,381.78543730511524,245.15200314605326,458142524.7661383,False,1.0,0.7879001316221392,-35.3304829955654,-10.111249385425335
176,3105,hibrido,6.181830883026123,8.316387176513672,196.67455731134646,527.4641699418769,236009468.77361575,False,1.0,0.7878283096094918,-39.477339710909625,-6.805634804536013
177,2871,hibrido,6.186635494232178,8.419028282165527,184.4886764641621,697.9945493507333,221386411.75699452,False,1.0,0.7875659673754053,-40.403744281215225,-11.057882942551652
178,3469,hibrido,6.090475082397461,8.00816535949707,106.14983554136607,311.46168993489454,127379802.6496393,False,1.0,0.7869467909234549,-37.585836521687845,-8.834573622874519
179,2870,hibrido,6.115322113037109,8.642721176147461,220.56930912359397,717.0611138256446,264683170.94831276,False,1.0,0.7869308753856958,-40.38695624589658,-11.40950974852162
180,3840,hibrido,5.858748912811279,8.600403785705566,248.45368941160035,108.33544091820579,298144427.2939204,False,1.0,0.7865178535965205,-35.786824924575185,-8.410482231572885
181,3836,hibrido,6.26388692855835,8.255448341369629,325.28199281160056,221.94046027956512,390338391.3739207,False,1.0,0.7865060094897565,-35.714699724317526,-9.786783305629445
182,3391,hibrido,6.1769938468933105,8.305807113647461,233.20424679986894,416.01405955494715,279845096.1598427,False,1.0,0.7863709718193932,-37.88213619574773,-10.241093677691392
183,2726,hibrido,6.080899238586426,8.197092056274414,41.710539727418016,728.9254196493341,50052647.67290162,False,1.0,0.7863067667070194,-41.1799021669684,-10.031027659060783
184,4205,hibrido,6.575197696685791,8.295472145080566,511.35893679107215,256.80002228588,613630724.1492866,False,1.0,0.7861504526501425,-33.87330210942885,-10.030198437228565
185,3622,hibrido,5.703938961029053,8.716532707214355,158.91574857013887,253.43738380347406,190698898.28416663,False,1.0,0.7858180789108644,-36.93307168028182,-7.072691646977432
186,3402,hibrido,5.843305587768555,8.679191589355469,182.260154827116,397.34738873489323,218712185.7925392,False,1.0,0.7857175992162754,-38.042084194838395,-6.413620075740532
187,3241,hibrido,5.967288017272949,8.838294982910156,270.8292733602839,527.7355629694815,324995128.03234065,False,1.0,0.7856279870137342,-38.57571062182679,-10.973071543757879
188,4063,hibrido,6.572296619415283,7.657322406768799,362.08470361132584,18.47641255846829,434501644.333591,False,1.0,0.7851719857816495,-34.71557366360074,-8.019163218469886
189,1909,hibrido,6.127976417541504,7.972193241119385,39.996875465754385,587.3917367593178,47996250.558905266,False,1.0,0.785082701966262,-45.160861822189254,-11.232364819549469
190,3689,hibrido,6.185815811157227,8.130684852600098,240.25958676451344,240.3205036442198,288311504.11741614,False,1.0,0.7846981212959031,-36.46136267190912,-9.478205754970535
191,2734,hibrido,6.2348551750183105,8.462944030761719,246.93452154803634,712.383511256845,296321425.8576436,False,1.0,0.7835354177145577,-41.276259846935496,-7.208289072303385
192,2949,hibrido,6.147578716278076,7.972505569458008,57.43426520565928,602.6085607366083,68921118.24679114,False,1.0,0.7832335756809575,-40.101193928354625,-9.636961913598894
193,3537,hibrido,6.161471366882324,8.57144832611084,339.90175087718126,411.2804046173628,407882101.0526175,False,1.0,0.7829862082944172,-37.1140389179059,-10.89861285566138
194,2052,hibrido,6.368649005889893,7.8379106521606445,174.94252658985332,491.1593427549367,209931031.90782398,False,1.0,0.7827946704505209,-44.36438943561497,-12.992771514042154
195,3106,hibrido,6.10905122756958,8.464919090270996,232.75518997077825,541.1452674974922,279306227.9649339,False,1.0,0.78270251767754,-39.48781211037796,-6.455260205056235
196,3168,hibrido,6.093922138214111,8.43784236907959,217.4805213216277,538.574867298223,260976625.58595324,False,1.0,0.7822957071151753,-38.95906401613435,-10.641305151099335
197,3996,hibrido,6.490115165710449,8.12049388885498,415.011901878313,283.5805720749725,498014282.2539756,False,1.0,0.7820501392657153,-35.175654302287604,-5.634391171756283
198,2573,hibrido,6.089947700500488,8.570209503173828,187.57746426612835,789.9102982551211,225092957.119354,False,1.0,0.7816997787702394,-41.83617456366789,-11.826032372760311
199,3916,hibrido,6.267216682434082,7.92354679107666,282.5272142185073,75.08498107968701,339032657.0622088,False,1.0,0.7816812566406572,-35.45638747443086,-7.70729748578737
200,3401,hibrido,5.871145248413086,8.434100151062012,142.26225361604827,378.5038934700397,170714704.33925793,False,1.0,0.7813361207361489,-38.030667807717045,-6.7617147411023995
201,2725,hibrido,5.928267002105713,8.473270416259766,77.79117238684984,740.7513195725667,93349406.8642198,False,1.0,0.7811358119755802,-41.16553737017079,-10.38375996586384
202,2652,hibrido,5.679187297821045,8.752163887023926,24.44242034819367,767.5093359113499,29330904.417832404,False,1.0,0.7811193733401212,-41.544511475962096,-10.044605067434587
203,2287,hibrido,6.557867050170898,8.08247184753418,242.30133984508706,941.7329223426327,290761607.8141045,False,1.0,0.7809531259776037,-43.42164694168364,-8.329463532134586
204,3397,hibrido,5.798325061798096,8.161852836608887,16.72045084327814,341.7399559930655,20064541.01193377,False,1.0,0.780941328342555,-37.978804061023766,-8.15383466417188
205,3833,hibrido,6.29299783706665,8.462617874145508,415.29234178639,333.164100739752,498350810.143668,False,1.0,0.780640513475126,-35.65308527281538,-10.818555654288367
206,3098,hibrido,5.9662885665893555,8.140024185180664,55.88987130467615,515.2477082290214,67067845.56561138,False,1.0,0.7803362328690995,-39.38804274280437,-9.257589734904448
207,4131,hibrido,6.672821998596191,7.928439617156982,477.23788796745407,244.30424627122628,572685465.5609449,False,1.0,0.7798969392648666,-34.23753316925379,-10.050908226675139
208,3767,hibrido,5.915500164031982,8.294825553894043,202.42897641262732,141.75553259582065,242914771.6951528,False,1.0,0.7795382233965852,-36.16564441032289,-8.081534374105676
209,3255,hibrido,6.4344072341918945,7.844074249267578,235.65877497426854,486.60181246800204,282790529.96912223,False,1.0,0.7795161392038478,-38.775277188040725,-6.08558710466837
210,1237,hibrido,6.793065547943115,6.460748672485352,21.073846077817333,264.1430433553168,25288615.2933808,False,1.0,0.7793302622554577,-48.411073282047596,-13.4707939409546
211,3540,hibrido,5.836287021636963,8.662296295166016,231.65985289888584,327.735901465798,277991823.478663,False,1.0,0.7791733160325325,-37.171313620353494,-9.859051472919827
212,3024,hibrido,5.931875705718994,8.162652015686035,38.62175192545181,554.2729599532908,46346102.31054217,False,1.0,0.7791638717808027,-39.751793411413146,-9.271807629063987
213,2721,hibrido,6.403052806854248,8.12295913696289,222.113703024577,806.3705832919886,266536443.6294924,False,1.0,0.7786909844605158,-41.10280707693316,-11.794402178440885
214,3096,hibrido,5.797131061553955,8.611403465270996,128.05113662353975,539.1110283701681,153661363.9482477,False,1.0,0.7786507150016382,-39.35731734305607,-9.957899218460105
215,2360,hibrido,6.244330406188965,8.368548393249512,188.9525878064309,902.4981073450582,226743105.3677171,False,1.0,0.7784631285024477,-43.04845851436951,-8.674942221458794
216,3539,hibrido,6.17552375793457,8.22054386138916,267.7404855583177,353.25779700827565,321288582.66998124,False,1.0,0.7783710663977821,-37.15289390339093,-10.205612702157937
217,2738,hibrido,6.559477806091309,8.291021347045898,391.25705218576354,756.5509017643615,469508462.6229162,False,1.0,0.778172050264565,-41.312295902622196,-5.796433242868939
218,1761,hibrido,6.481185436248779,7.34530782699585,74.53311422420305,549.4683166352258,89439737.06904365,False,1.0,0.7779524092729087,-45.8931792701519,-11.25299478718155
219,2805,hibrido,6.287664413452148,7.885964870452881,121.42450419051663,661.7346174435265,145709405.02861995,False,1.0,0.7777050210827473,-40.881075699771436,-8.25554015889269
220,3550,hibrido,5.8145318031311035,8.585570335388184,199.70649735680385,331.07147375482435,239647796.8281646,False,1.0,0.7776081048516766,-37.31930687256019,-6.391537998506751
221,2875,hibrido,5.917065620422363,8.239602088928223,40.166145826434935,641.3075633213522,48199374.99172192,False,1.0,0.7774687914889495,-40.46534900460294,-9.651066788425323
222,3910,hibrido,6.024851322174072,8.569190979003906,356.00608895346943,206.68636773861434,427207306.74416333,False,1.0,0.7773636983157979,-35.35064110469792,-9.767954301610434
223,3682,hibrido,6.708507061004639,8.044449806213379,482.6798876139253,473.5141969725903,579215865.1367104,False,1.0,0.7773495941794123,-36.3176767520123,-11.89458729769225
224,3625,hibrido,5.957178115844727,8.497085571289062,253.36704766932493,328.77006767120247,304040457.2031899,False,1.0,0.7773104465410607,-36.96939521927486,-6.033899501102424
225,2947,hibrido,5.824554920196533,8.612945556640625,129.59553052452287,628.2496140453476,155514636.62942743,False,1.0,0.7764323190889133,-40.070756371473465,-10.339380478271716
226,1686,hibrido,6.226776123046875,7.626747131347656,55.7206009439956,496.8073927583913,66864721.132794715,False,1.0,0.7758588956434435,-46.24957524502531,-11.62097641987979
227,3834,hibrido,6.028550624847412,8.692557334899902,383.4683094860789,295.3270525776242,460161971.3832947,False,1.0,0.7758176428809116,-35.67434676477209,-10.474677982547098
228,4211,hibrido,6.218013286590576,8.371731758117676,442.0059429897074,98.30946658783019,530407131.5876489,False,1.0,0.7755337819016463,-33.99069729703058,-7.986537243764493
229,2951,hibrido,5.912532329559326,8.087985038757324,14.727000113204335,586.836073701988,17672400.135845203,False,1.0,0.7750001769950209,-40.12939336745275,-8.934428512252634
230,2810,hibrido,6.488248348236084,8.038703918457031,301.8276674876756,692.0920847224207,362193200.9852108,False,1.0,0.7744092764768884,-40.93375815282953,-6.493416513698439
231,1312,hibrido,6.413422584533691,6.976120948791504,2.261332797609846,299.4484811108034,2713599.357131815,False,1.0,0.7743540223782377,-48.05055414041597,-13.102748825534757
232,2661,hibrido,6.484210968017578,8.095315933227539,300.28327358669253,759.3736434544027,360339928.304031,False,1.0,0.7741392652931977,-41.647797103082056,-6.8645811928144465
233,4130,hibrido,6.672821998596191,7.928439617156982,499.9757858916258,283.31045653786373,599970943.0699509,False,1.0,0.7738636658326403,-34.21559699797561,-10.39206509455007
234,3609,hibrido,6.275719165802002,8.52641487121582,429.33113557526923,454.94368662195956,515197362.69032305,False,1.0,0.7738549924305853,-36.70636917147298,-11.570668799217213
235,2511,hibrido,6.154061794281006,8.577628135681152,262.65824702627765,825.8846511762663,315189896.43153316,False,1.0,0.7736667259192254,-42.35298445284771,-7.590973619806068
236,2577,hibrido,6.157193660736084,7.944670677185059,43.25493362840116,816.9388863609969,51905920.35408139,False,1.0,0.7733975114062699,-41.89555315883484,-10.4115203040634
237,2869,hibrido,6.046491622924805,8.652178764343262,256.6499417830257,737.8054560644119,307979930.13963085,False,1.0,0.773247659370909,-40.36960717209259,-11.761103508407272
238,3984,hibrido,6.010760307312012,8.606400489807129,388.4228313274143,198.4463184562974,466107397.5928972,False,1.0,0.773079137057295,-34.986621340476496,-9.748828245131687
239,2647,hibrido,6.121718406677246,8.456686019897461,204.8455836453527,824.0843949518058,245814700.37442324,False,1.0,0.7730629939455912,-41.46947034753437,-11.810427653726974
240,2797,hibrido,5.798006534576416,8.786288261413574,167.22055708493778,733.8492380751354,200664668.50192535,False,1.0,0.7722604545560572,-40.769469493112354,-11.07370580806329
241,3314,hibrido,6.444384574890137,7.988295078277588,324.17802539894,522.8257464587346,389013630.478728,False,1.0,0.7721451641939823,-38.1909777065435,-11.303268933043379
242,2512,hibrido,6.561403274536133,7.991808891296387,298.73887968570943,830.846079012835,358486655.6228513,False,1.0,0.7719250454048284,-42.36242020694957,-7.236650830012257
243,3695,hibrido,5.994574069976807,7.999105930328369,173.22228619429873,199.68085598415962,207866743.4331585,False,1.0,0.7711781093715674,-36.55758471355008,-7.405451381835374
244,3392,hibrido,6.040591716766357,8.160344123840332,197.12361414043713,394.57248726925485,236548336.96852455,False,1.0,0.7711100702860131,-37.899841387005544,-9.893303894226223
245,2435,hibrido,6.039116382598877,8.597548484802246,207.76510108663834,861.7332942527798,249318121.30396602,False,1.0,0.7709249587353728,-42.69567610580817,-8.309832202355866
246,4066,hibrido,6.369071006774902,7.883292198181152,375.82705901832566,124.09926554338807,450992470.8219908,False,1.0,0.7706432091489513,-34.762461304704274,-6.992536338147215
247,3768,hibrido,5.7238006591796875,8.466290473937988,202.87362008194037,148.0350667375267,243448344.09832844,False,1.0,0.7704544619880311,-36.180934281174935,-7.736668719562959
248,3773,hibrido,6.334661960601807,7.8596062660217285,300.09795383105956,281.0927441188762,360117544.59727144,False,1.0,0.770378818114166,-36.247136397251595,-6.0118735748058505
249,3330,hibrido,6.464482307434082,7.718685626983643,265.04194758664113,475.03974629443405,318050337.10396934,False,1.0,0.7703440302363422,-38.42405359554044,-5.726918503813334
250,4143,hibrido,6.5385355949401855,7.944550514221191,459.04093991264637,249.642873512669,550849127.8951757,False,1.0,0.770273562225949,-34.44173686831008,-5.953591962792587
251,2804,hibrido,6.003504753112793,8.124469757080078,85.34387153108483,662.776699922886,102412645.83730179,False,1.0,0.7700752123589353,-40.868979832962374,-8.607900825543597
252,3092,hibrido,6.301677703857422,8.11288833618164,272.373667261267,615.9234538970761,326848400.71352035,False,1.0,0.7694538098342071,-39.288771175229265,-11.358125147354363
253,3171,hibrido,5.889403343200684,8.212878227233887,109.2386233433323,487.7726289703801,131086348.01199877,False,1.0,0.7693613929766867,-39.008908597915024,-9.592669114682563
254,3921,hibrido,6.174014091491699,8.241230010986328,358.7794628215327,250.47256176282661,430535355.3858393,False,1.0,0.7692790430931223,-35.524933482837675,-5.989102984107373
255,3552,hibrido,6.293097019195557,7.92647647857666,274.6691019279344,385.28926880865725,329602922.31352127,False,1.0,0.7691194723074505,-37.34114515997274,-5.697693533289538
256,2811,hibrido,6.649016380310059,7.7914910316467285,337.9083001471074,704.8483551075974,405489960.1765289,False,1.0,0.7683757762509231,-40.942749185994195,-6.140934650445044
257,2214,hibrido,6.698754787445068,7.827159881591797,295.6500918837432,979.1453458114412,354780110.26049185,False,1.0,0.7681105930448551,-43.793792707930436,-7.982839526009224
258,3246,hibrido,5.646213054656982,8.490055084228516,90.42611006312485,437.72545531989766,108511332.07574983,False,1.0,0.7679903566870308,-38.66062737114352,-9.228216955001365
259,3623,hibrido,5.98870325088501,8.052780151367188,187.17486577341268,275.04591884194286,224609838.92809522,False,1.0,0.7674269850783091,-36.94583353835613,-6.726454080291958
260,2362,hibrido,6.318915843963623,8.270112991333008,261.1138531252945,902.7415652811887,313336623.7503534,False,1.0,0.7673839355372543,-43.06840611897472,-7.9646380514736554
261,3982,hibrido,6.1263508796691895,8.534758567810059,438.30567578920306,278.1032926521004,525966810.94704366,False,1.0,0.7673459218281541,-34.9448814660377,-10.4339994619255
262,2513,hibrido,6.386605262756348,8.307637214660645,334.8195123451412,837.6902512107093,401783414.81416947,False,1.0,0.7672420018502978,-42.371393324073594,-6.8823110889576515
263,3693,hibrido,5.888210773468018,8.053736686706543,162.62081652422182,181.74967488732486,195144979.8290662,False,1.0,0.7666704809454655,-36.528226638943536,-8.09650827026445
264,3239,hibrido,6.315252780914307,8.211296081542969,342.99053867914745,579.3663128779557,411588646.41497695,False,1.0,0.7666346255758717,-38.53738838146343,-11.670756197154777
265,3467,hibrido,5.671492576599121,8.587965965270996,178.3111008602297,340.2482687276777,213973321.03227562,False,1.0,0.766607465917466,-37.55296879820418,-9.529118726093945
266,3108,hibrido,6.071669101715088,8.497298240661621,304.9164552896418,575.9146642167143,365899746.3475702,False,1.0,0.7665918846796996,-39.50706445149167,-5.754450903307766
267,3989,hibrido,6.139822483062744,7.949613094329834,322.1387466059341,21.901852002838428,386566495.9271209,False,1.0,0.7665133226606091,-35.078052022799675,-8.035120967524113
268,4067,hibrido,6.4543023109436035,7.746844291687012,388.62088662866734,163.7692818292477,466345063.9544008,False,1.0,0.7664367018606908,-34.77662913763767,-6.650257787705306
269,2657,hibrido,5.970046043395996,8.381641387939453,155.9607429489653,741.7340025395744,187152891.53875837,False,1.0,0.7661045561552756,-41.60685747105501,-8.278138861589934
270,2660,hibrido,6.361181735992432,8.054965019226074,264.2026409272607,751.816852970692,317043169.1127128,False,1.0,0.7659528793202821,-41.638298584780024,-7.21799897076379
271,3549,hibrido,6.011908054351807,7.9511919021606445,164.0197239750014,308.20215893424916,196823668.77000168,False,1.0,0.7657139649298617,-37.30742830267034,-6.738423758872624
272,3170,hibrido,5.817923069000244,8.379781723022461,145.31925600276406,502.0979860646892,174383107.20331687,False,1.0,0.76546388084726,-38.99289721268729,-9.942247932769705
273,2879,hibrido,5.778709888458252,8.427001953125,104.15638481129228,621.7349842360545,124987661.77355073,False,1.0,0.7651198425951563,-40.518215389475074,-8.243807340339629
274,3475,hibrido,5.815379619598389,8.246184349060059,148.22452337037973,342.8219422263628,177869428.04445568,False,1.0,0.7650444053310482,-37.66903980639625,-6.750178140829765
275,4144,hibrido,6.513901233673096,7.985836505889893,479.6861471311979,288.6889576310837,575623376.5574375,False,1.0,0.7646729981422368,-34.453925195491436,-5.6119164653975435
276,2886,hibrido,6.448130130767822,8.089042663574219,356.7208134273149,683.0026649730008,428064976.1127779,False,1.0,0.7644794820330435,-40.59017254739916,-5.7802373732866075
277,3329,hibrido,5.766148090362549,8.62494945526123,225.53717819204962,452.37485628295155,270644613.83045954,False,1.0,0.7641813047932982,-38.41407472948055,-6.075644416928745
278,1910,hibrido,6.2339606285095215,7.590498924255371,76.07750812518621,621.7476073022692,91293009.75022346,False,1.0,0.7640978949645278,-45.171640474964285,-10.875025775077964
279,1533,hibrido,6.356099605560303,7.133221626281738,90.14632359471472,281.4227961757299,108175588.31365766,False,1.0,0.7640528664397558,-46.93397349308145,-13.433860353376472
280,2583,hibrido,5.919580459594727,8.511055946350098,173.22886232818965,781.7337422828191,207874634.7938276,False,1.0,0.7638772916507006,-41.9697780211785,-8.288999706756183
281,4056,hibrido,6.334930896759033,8.221551895141602,468.44831727042146,277.854508841977,562137980.7245058,False,1.0,0.7637698633726471,-34.580216388661874,-10.413187132802312
282,2796,hibrido,6.331188678741455,7.897551536560059,203.3011897443696,752.0072833829455,243961427.6932435,False,1.0,0.763763843419066,-40.7531011667042,-11.425848616013164
283,4058,hibrido,6.084422588348389,8.429312705993652,422.14245986498963,198.09752146035217,506570951.83798754,False,1.0,0.7637405598600403,-34.62264086104648,-9.729409069903001
284,3995,hibrido,6.178809642791748,8.225242614746094,390.966320118456,243.71744068882202,469159584.1421472,False,1.0,0.7635703470184037,-35.16385341672538,-5.977444283370779
285,4126,hibrido,6.742971420288086,8.09069538116455,608.9785920237254,441.1188217859854,730774310.4284704,False,1.0,0.763554706926785,-34.120079613518016,-11.756149570129391
286,2576,hibrido,5.754520893096924,8.551948547363281,79.33556628783293,829.4392045751675,95202679.54539952,False,1.0,0.7635073142121565,-41.881459984106904,-10.765189140385694
287,2138,hibrido,6.485719680786133,7.865461349487305,240.7569459441039,889.7677944074393,288908335.1329247,False,1.0,0.7633988785363617,-44.138465184906,-8.704234926755815
288,3088,hibrido,6.236607551574707,8.60952377319336,416.6961978989942,720.6127262341865,500035437.4787931,False,1.0,0.762937186193712,-39.21058780079544,-12.757763065970583
289,3033,hibrido,6.459845066070557,7.764908313751221,286.1039420094343,593.6297362813921,343324730.41132116,False,1.0,0.7627005586228542,-39.85895940789894,-6.114196431573476
290,3772,hibrido,5.985648155212402,8.19334888458252,271.8061196145174,247.3729589785852,326167343.53742087,False,1.0,0.7626352585886613,-36.2352541785162,-6.356889795228938
291,3319,hibrido,5.589663028717041,8.614920616149902,143.774862101781,412.8504704762113,172529834.5221372,False,1.0,0.7621227618171039,-38.280873953715364,-9.561524622785738
292,4210,hibrido,6.262721061706543,8.091935157775879,445.40884410228426,105.09520092908379,534490612.9227411,False,1.0,0.7618180679152979,-33.973051418365955,-8.327260331077607
293,2436,hibrido,6.094552993774414,8.461237907409668,243.84573374607012,862.78851428737,292614880.49528414,False,1.0,0.7617870204258754,-42.70573687010399,-7.95510200240489
294,4137,hibrido,5.966018199920654,8.411745071411133,402.04140721294,58.335791079809766,482449688.655528,False,1.0,0.7617754746625844,-34.35312199845022,-8.002967551850967
295,3458,hibrido,6.399104595184326,8.459733963012695,503.03679479511595,598.8247946687321,603644153.7541392,False,1.0,0.761631402650516,-37.37242539339095,-12.65261421273918
296,3763,hibrido,5.954751968383789,8.182552337646484,268.8059328897229,211.69702683714752,322567119.46766746,False,1.0,0.7613084565875425,-36.09756295968626,-9.460634647512226
297,2737,hibrido,6.485701560974121,8.022441864013672,355.17641952633176,742.5291354539627,426211703.4315981,False,1.0,0.7612071269351828,-41.304035252043526,-6.149422368175207
298,2944,hibrido,5.851402759552002,8.67287826538086,237.83742850281828,682.6699990923511,285404914.20338196,False,1.0,0.7611669465747495,-40.02085238270915,-11.392773719764804
299,4286,hibrido,6.287589073181152,8.178482055664062,482.1632808461956,144.7279789229415,578595937.0154347,False,1.0,0.7611574637254397,-33.64544315608034,-7.629830835053612
300,3616,hibrido,5.855167865753174,8.135272979736328,183.7741106398908,250.82266192350758,220528932.76786897,False,1.0,0.7610030182252632,-36.84261356248804,-9.149470646387254
301,2812,hibrido,6.530737400054932,7.978100299835205,373.9889328065392,719.6047204266692,448786719.367847,False,1.0,0.760973110275573,-40.95122923779261,-5.788436036087218
302,3166,hibrido,6.10999870300293,8.30429458618164,289.64178664049126,583.8008117161024,347570143.9685895,False,1.0,0.7607584088790769,-38.922795456338925,-11.340220261433892
303,3918,hibrido,6.137474536895752,7.894496917724609,299.63654189942395,137.39452066460063,359563850.27930874,False,1.0,0.7605553289297067,-35.485919690488934,-7.02011368993142
304,3917,hibrido,5.853000164031982,8.296008110046387,288.44729502589854,103.2351894762448,346136754.0310782,False,1.0,0.760531796435092,-35.471507544605714,-7.3637223264423435
305,3912,hibrido,5.768742084503174,8.527135848999023,313.5295294534798,132.50945073427832,376235435.3441758,False,1.0,0.7604090214830502,-35.388772298348044,-9.081230889967829
306,2809,hibrido,6.329411506652832,7.959336757659912,265.74703482824384,681.4482399808273,318896441.7938926,False,1.0,0.7603901555093914,-40.92425445021377,-6.845880646051114
307,3403,hibrido,6.0382981300354,8.07654857635498,222.25881145927997,419.17144141376997,266710573.75113598,False,1.0,0.760041726349031,-38.05288510076616,-6.065502133181734
308,1607,hibrido,6.154990196228027,7.458242416381836,107.41444297393902,299.2584182958866,128897331.56872682,False,1.0,0.759958583145059,-46.56477266308394,-13.423316839566866
309,2720,hibrido,6.181310653686523,8.29624080657959,258.19433568400876,826.8093901475737,309833202.8208105,False,1.0,0.7597771621272896,-41.08579152651399,-12.146985983925584
310,2053,hibrido,6.139219760894775,7.757616996765137,138.86189393042147,516.5060839413516,166634272.71650577,False,1.0,0.7596962515622965,-44.37805854282671,-12.63627015716732
311,3846,hibrido,5.987819671630859,8.20355224609375,302.6723099068706,226.8370947038806,363206771.88824475,False,1.0,0.7592481164121704,-35.873934316474994,-6.344943328074908
312,2663,hibrido,6.447983741760254,8.125402450561523,372.4445389055561,780.4407923078679,446933446.6866673,False,1.0,0.7587408343512082,-41.66533231325134,-6.157694408389035
313,3463,hibrido,5.723053932189941,8.863879203796387,322.6336314979569,437.82403374226175,387160357.7975483,False,1.0,0.7585721255785876,-37.47939111754553,-10.917762643454278
314,2368,hibrido,6.753970623016357,8.063248634338379,477.59764908188527,945.0189593130319,573117178.8982623,False,1.0,0.7585680348648108,-43.11777100565115,-5.833336802756874
315,3316,hibrido,6.073872089385986,8.114421844482422,252.01676008007638,471.7904843095624,302420112.0960916,False,1.0,0.7579662369163611,-38.22883880262474,-10.606683771597313
316,3181,hibrido,5.756146430969238,8.665691375732422,251.5677032509857,521.6508767339208,301881243.90118283,False,1.0,0.7574567755078895,-39.13649226566086,-6.0953280638488865
317,3683,hibrido,6.101090908050537,8.572724342346191,446.5992549544936,436.8471640025333,535919105.9453923,False,1.0,0.7571709546469134,-36.34031775585424,-11.549529213373313
318,4285,hibrido,6.477013111114502,7.782132148742676,481.9763626597054,138.29836557479697,578371635.1916465,False,1.0,0.7561128405784608,-33.628299818514655,-7.969875596570149
319,3697,hibrido,6.084977626800537,7.762228488922119,215.32856499255846,243.9507002889828,258394277.99107015,False,1.0,0.7559810770104388,-36.58425574828854,-6.7142716219038805
320,4070,hibrido,6.5017595291137695,7.761850357055664,446.7290445282396,283.3365976330011,536074853.43388754,False,1.0,0.755635775306814,-34.814783257616305,-5.623237082444417
321,3761,hibrido,6.16951847076416,7.960299491882324,327.25555623906416,276.3623187896091,392706667.486877,False,1.0,0.7555689513103135,-36.059325607786775,-10.149945595294236
322,2950,hibrido,5.685232639312744,8.166799545288086,21.353632546227463,593.4280305441476,25624359.055472955,False,1.0,0.7555456715395407,-40.11557203549703,-9.285709020691199
323,3688,hibrido,5.967279434204102,8.115619659423828,271.19080699494094,268.2055079772827,325428968.3939291,False,1.0,0.7549849466827961,-36.442931733731456,-9.82353461057939
324,2952,hibrido,5.325046062469482,8.817503929138184,50.80763277263613,582.9205154739574,60969159.32716336,False,1.0,0.7549814675866623,-40.14266053897636,-8.583121475345713
325,2350,hibrido,6.1055006980896,7.957943439483643,171.85373878788707,667.6427280932198,206224486.5454645,False,1.0,0.7548183198419992,-42.92179801300942,-12.22520580545939
326,2729,hibrido,5.474663734436035,8.720345497131348,66.53135825087739,705.9684959673027,79837629.90105286,False,1.0,0.7546635985743566,-41.21987860179729,-8.972674325738375
327,1682,hibrido,6.1808762550354,7.322454452514648,88.60192969373159,354.194080141826,106322315.63247791,False,1.0,0.7544826583150435,-46.207068447369934,-13.054036362704789
328,2728,hibrido,5.596399784088135,8.419634819030762,30.45072559144558,711.4574951013423,36540870.70973469,False,1.0,0.7542893319394969,-41.2070701760573,-9.325483860158338
329,2792,hibrido,6.09960412979126,8.6010103225708,347.6237203820968,839.9023481400446,417148464.4585161,False,1.0,0.754189843735115,-40.682123137466654,-12.834090754980286
330,4138,hibrido,5.935550689697266,8.350459098815918,402.2654699914579,72.26904235816619,482718563.9897495,False,1.0,0.7541508011211111,-34.36974713759352,-7.661494296315146
331,4132,hibrido,6.319856643676758,7.993732452392578,456.87658830949493,205.68012716013956,548251905.971394,False,1.0,0.7540997421580652,-34.2587000800815,-9.709700745222845
332,3766,hibrido,5.9592742919921875,7.834278106689453,209.7552746840388,146.54310307573525,251706329.62084654,False,1.0,0.7540148911812218,-36.14966528182686,-8.426365339836611
333,3167,hibrido,6.183060169219971,7.950406074523926,253.56115398105948,560.2170451912716,304273384.7772714,False,1.0,0.7537859286227925,-38.941235827625476,-10.990781089633963
334,1758,hibrido,5.85537576675415,7.761622428894043,33.70878375409233,443.27454998797504,40450540.5049108,False,1.0,0.753589208401311,-45.86139080080384,-12.326921045035972
335,1610,hibrido,6.063701629638672,7.293594837188721,0.8274550043563976,407.65022413812426,992946.0052276772,False,1.0,0.7532503498675988,-46.596612207397975,-12.34769116212605
336,3015,hibrido,6.0017313957214355,8.684600830078125,363.3474458603379,721.970057878614,436016935.0324055,False,1.0,0.7531489207644037,-39.59838615967744,-12.42709903965802
337,3535,hibrido,6.0399370193481445,8.54275131225586,412.0630161960448,475.72268318559634,494475619.4352538,False,1.0,0.7530674486251379,-37.072472358969286,-11.591440189469186
338,2808,hibrido,5.940414905548096,8.364753723144531,229.66640216881203,673.0170531349916,275599682.6025744,False,1.0,0.753038448524142,-40.914236291016636,-7.198326064628215
339,1832,hibrido,6.440333366394043,6.8624653816223145,50.97690313331662,465.24094551171135,61172283.75997994,False,1.0,0.7526958306237862,-45.493824340119296,-12.31582759251355
340,2959,hibrido,6.049945831298828,8.347269058227539,303.3720613886587,630.3448080992171,364046473.6663905,False,1.0,0.7524998956976069,-40.22021102407205,-6.123319743480562
341,1537,hibrido,6.011606693267822,7.5375542640686035,54.17620704301248,433.31620013477755,65011448.451614976,False,1.0,0.7524509082510453,-46.97375516066903,-11.998496166274032
342,3240,hibrido,6.140860557556152,8.139908790588379,306.90990601971566,552.7070421663329,368291887.2236588,False,1.0,0.7524084443964262,-38.5568640454153,-11.321933525663592
343,3242,hibrido,6.097640514373779,7.964422702789307,234.74864070085206,504.702461243429,281698368.8410225,False,1.0,0.7523201349739769,-38.593931670440185,-10.624171544191539
344,2496,hibrido,6.2822136878967285,7.9524970054626465,278.5512428651994,696.9780227934004,334261491.4382393,False,1.0,0.75218066419535,-42.15447925047837,-12.903196476407434
345,3607,hibrido,6.18112850189209,8.59218978881836,501.4924008941328,526.2454352032531,601790881.0729593,False,1.0,0.7520949807933313,-36.66121254992894,-12.262034128654829
346,2220,hibrido,6.770678520202637,8.092300415039062,512.133887840334,1021.6346999105565,614560665.4084008,False,1.0,0.7519369015429304,-43.84002285192822,-5.846629057800022
347,3687,hibrido,5.976782321929932,8.162420272827148,304.24371573605237,298.85522338900665,365092458.8832628,False,1.0,0.7514559580474186,-36.4238083003248,-10.168822214601903
348,2942,hibrido,5.869290828704834,8.723326683044434,309.99869382168185,727.7354105276396,371998432.5860182,False,1.0,0.751162930130505,-39.98471412569338,-12.094866460796245
349,1689,hibrido,6.113519191741943,7.811685085296631,163.96249892229102,609.4593422192308,196754998.70674923,False,1.0,0.751103944493888,-46.27799862883032,-10.545998438799296
350,2718,hibrido,6.397705554962158,7.987833023071289,330.35560100287245,806.9998738523856,396426721.2034469,False,1.0,0.7510653945355406,-41.05013799890628,-12.852054427482763
351,2424,hibrido,5.979734420776367,8.17654037475586,189.12185816711144,700.9305408450588,226946229.80053374,False,1.0,0.7508929755967134,-42.554513797579816,-12.210443473866093
352,2723,hibrido,5.706744194030762,8.566282272338867,149.95243770571344,770.1123408461783,179942925.24685612,False,1.0,0.7505736520810465,-41.135232358629324,-11.089140464589564
353,3389,hibrido,5.973602294921875,8.299049377441406,305.36551211873257,466.29196628557594,366438614.5424791,False,1.0,0.7503519578989232,-37.84478757818185,-10.936558369068573
354,4064,hibrido,5.88987398147583,8.227920532226562,362.33347598999063,46.48793158971402,434800171.18798876,False,1.0,0.7503082620943757,-34.73193624831312,-7.676990758567878
355,2651,hibrido,5.894546985626221,8.00716781616211,60.523053007625485,778.7495301755387,72627663.60915059,False,1.0,0.7499594503075024,-41.53052956973941,-10.39782486356543
356,4055,hibrido,6.157726764678955,8.393418312072754,494.8369536724212,317.7788194977083,593804344.4069054,False,1.0,0.7498663405755761,-34.55786430122914,-10.755000456380264
357,3626,hibrido,5.86916446685791,8.32144546508789,289.09354209037156,359.3181144320256,346912250.50844586,False,1.0,0.749824756140829,-36.98019928062122,-5.687585325638405
358,2868,hibrido,6.031765937805176,8.415297508239746,292.7305744424575,760.0902190108459,351276689.330949,False,1.0,0.7497254395557789,-40.351693707816814,-12.11266313485514
359,3835,hibrido,5.965850830078125,8.25182056427002,353.31028801012667,258.1430183960938,423972345.612152,False,1.0,0.7495736874015128,-35.694883674804636,-10.130753319235174
360,2201,hibrido,6.169299125671387,7.692317962646484,173.39813268887016,579.2168472822672,208077759.2266442,False,1.0,0.7493391765529775,-43.642253270670544,-12.60911944762922
361,2437,hibrido,6.433343410491943,7.811506748199463,279.92636640550194,865.6926535143213,335911639.68660235,False,1.0,0.749336264319541,-42.71534501111107,-7.600353864755477
362,2656,hibrido,6.041944980621338,7.889727592468262,119.88011028953352,742.6638408869239,143856132.3474402,False,1.0,0.7491869076706852,-41.5953885977413,-8.63147794094617
363,2884,hibrido,5.820450305938721,8.629765510559082,284.5595481084512,653.9519404629846,341471457.73014146,False,1.0,0.7488662009683201,-40.572252086568355,-6.484211532207743
364,3104,hibrido,5.953505039215088,7.945230960845947,160.59392465191462,516.5256049897372,192712709.58229753,False,1.0,0.7488631275059077,-39.46630060697305,-7.155987859648018
365,4140,hibrido,6.004593372344971,8.241410255432129,414.4610220694142,135.87609947406068,497353226.48329705,False,1.0,0.7488235640543175,-34.40076229315259,-6.978435331738749
366,3387,hibrido,5.977967262268066,8.519837379455566,377.52677743759614,524.0121161743784,453032132.92511535,False,1.0,0.7488104575834299,-37.80483120370579,-11.631860750675742
367,3755,hibrido,6.242795944213867,8.508797645568848,536.0286396525815,497.85302195729844,643234367.5830978,False,1.0,0.7486970566550207,-35.927487185944344,-12.21676951584687
368,1996,hibrido,6.949774265289307,7.73119592666626,491.7769806591434,1077.5060627093078,590132376.7909721,False,1.0,0.7481639042730126,-44.91109219310305,-6.579329297921678
369,3986,hibrido,6.179100513458252,7.747317790985107,349.90388160719203,119.24949154514924,419884657.9286304,False,1.0,0.7479407525781708,-35.02539459794936,-9.063472082437046
370,3991,hibrido,5.909563064575195,8.091848373413086,327.61837941760405,85.55227084112174,393142055.3011249,False,1.0,0.7477982919023408,-35.10952503587901,-7.349362001843331
371,2882,hibrido,6.073519229888916,7.9775261878967285,212.39828278958768,633.7299428860723,254877939.3475052,False,1.0,0.7476276128921335,-40.55222825830138,-7.188112159501962
372,1913,hibrido,6.111163139343262,7.91680908203125,184.31940610348155,728.2809838963283,221183287.32417786,False,1.0,0.7474300145674667,-45.20176978610654,-9.80290074837888
373,1683,hibrido,6.133477210998535,7.210564136505127,52.52129703429974,388.58008335539193,63025556.44115969,False,1.0,0.7472184846898726,-46.21819523188927,-12.695799160850756
374,1754,hibrido,6.165744304656982,7.445846080780029,178.03131439181954,317.37704323905604,213637577.27018344,False,1.0,0.7470821851193518,-45.81412374115996,-13.758551772414336
375,4141,hibrido,6.456610679626465,7.5419135093688965,426.09641402916185,172.86429466707125,511315696.8349942,False,1.0,0.747062423610868,-34.4151577293193,-6.636853125205617
376,3404,hibrido,6.214908123016357,7.70952033996582,262.2578778701971,443.5362975669035,314709453.4442365,False,1.0,0.7469090891808222,-38.06307249235154,-5.717362203275009
377,2276,hibrido,6.196859359741211,7.6035475730896,154.58561940866275,635.1299092801154,185502743.2903953,False,1.0,0.7468771551978345,-43.289121528298466,-12.239520409088415
378,4359,hibrido,6.4333600997924805,7.846045017242432,521.9513144797504,178.29224498148167,626341577.3757005,False,1.0,0.7466035283005774,-33.26592981157044,-7.952985937378338
379,3315,hibrido,5.696680545806885,8.665841102600098,288.09739273950817,496.3532120603152,345716871.2874098,False,1.0,0.7465404805814588,-38.21022763936504,-10.954995996026383
380,3988,hibrido,5.699211597442627,8.372095108032227,326.7922227213414,43.12703512525561,392150667.2656096,False,1.0,0.7463904393114288,-35.06122891742501,-8.377944662694482
381,4358,hibrido,6.4333600997924805,7.846045017242432,524.836126284626,182.12186759990539,629803351.5415511,False,1.0,0.7458983214105762,-33.24774751547644,-8.292258683867015
382,2423,hibrido,5.858760356903076,8.374495506286621,225.20249082654323,680.1195397254644,270242988.99185187,False,1.0,0.7458339576823612,-42.538843530494255,-12.564893461774359
383,2498,hibrido,6.086805820465088,7.99797248840332,206.38997754633576,734.8880416790955,247667973.0556029,False,1.0,0.7458152884890461,-42.187269976110905,-12.195236804009802
384,2954,hibrido,5.758371353149414,8.165975570678711,122.96889809149974,583.2973746600808,147562677.70979968,False,1.0,0.7458019242876446,-40.16754231000438,-7.880432139696456
385,2587,hibrido,6.355062484741211,7.9214348793029785,317.5513929659169,798.4902276630177,381061671.5591003,False,1.0,0.7453655637270468,-42.00958867706763,-6.8735684830639245
386,3017,hibrido,5.788333415985107,8.655659675598145,291.18618054147436,671.773968234977,349423416.64976925,False,1.0,0.7451334654030211,-39.63658225312472,-11.726166234001576
387,4136,hibrido,5.815412998199463,8.397648811340332,405.77959273486584,69.16151067210726,486935511.281839,False,1.0,0.7445621698582857,-34.335747980614904,-8.344400974238082
388,4436,hibrido,6.657708644866943,7.645923137664795,570.8815822153147,250.41777334644357,685057898.6583776,False,1.0,0.7444351569745902,-32.954172141898304,-6.920015775444932
389,3905,hibrido,6.232029438018799,8.283029556274414,503.82463139817634,402.0205278299675,604589557.6778116,False,1.0,0.7444285135478382,-35.242480871936145,-11.48394628324834
390,3016,hibrido,6.081539154052734,8.28911018371582,327.26681320090614,696.1756347615942,392720175.84108734,False,1.0,0.7444078577154878,-39.617782038372816,-12.076651555092578
391,1685,hibrido,6.073110580444336,7.232874870300293,19.639968284563814,460.0831997871922,23567961.941476576,False,1.0,0.7443744135339592,-46.23944646763592,-11.979268642227153
392,3848,hibrido,5.823434352874756,8.445341110229492,356.61037232774885,300.4905447075094,427932446.7932986,False,1.0,0.7443600700154711,-35.89743478493473,-5.65619074578046
393,4053,hibrido,6.2741546630859375,8.34455680847168,552.5424691844303,397.6730795470554,663050963.0213163,False,1.0,0.7442554782581119,-34.51086043110848,-11.438466703467686
394,1688,hibrido,6.160735607147217,7.483523368835449,127.88186626285923,571.5764647405704,153458239.51543108,False,1.0,0.743893377487964,-46.2688493814847,-10.904340774921376
395,4206,hibrido,6.231749534606934,8.081564903259277,492.4105781457007,220.37695298848215,590892693.7748408,False,1.0,0.7437336127406275,-33.894799395523826,-9.689707274115722
396,3534,hibrido,6.102298736572266,8.418665885925293,448.1436488554766,509.6001582955446,537772378.6265719,False,1.0,0.7436112527260019,-37.05066266946202,-11.937785358990451
397,2941,hibrido,6.157357692718506,8.253541946411133,346.0793264811137,752.4487210258071,415295191.7773364,False,1.0,0.7435406487698984,-39.96577404942114,-12.445858619011142
398,2491,hibrido,6.396324634552002,8.077747344970703,458.95440616235834,637.2387232365534,550745287.39483,False,1.0,0.743361977958291,-42.06363549001389,-14.672537866143829
399,2290,hibrido,6.384618759155273,8.065413475036621,350.54323782338236,949.6947651279187,420651885.38805884,False,1.0,0.7433606581419179,-43.4487075846396,-7.262677779930152
400,3243,hibrido,5.466191291809082,8.727046012878418,198.66800804142025,483.88461883762557,238401609.6497043,False,1.0,0.7433232388427417,-38.6115306240697,-10.275234811837672
401,3906,hibrido,6.013481616973877,8.494500160217285,471.189425217922,362.54690008210645,565427310.2615064,False,1.0,0.743302018487525,-35.265594674137816,-11.140847974036571
402,2510,hibrido,5.746087074279785,8.64378547668457,226.5776143668458,822.8400252090827,271893137.24021494,False,1.0,0.743206007625285,-42.34308425775768,-7.94527860936365
403,3311,hibrido,6.127089500427246,8.414179801940918,432.4199233772353,611.1362460800009,518903908.05268234,False,1.0,0.7430768231496618,-38.12935843164539,-12.347838605667913
404,2575,hibrido,5.890669822692871,8.104690551757812,115.41619894726475,835.1289414428364,138499438.7367177,False,1.0,0.7430512272571309,-41.866867740387235,-11.1188313782478
405,2664,hibrido,6.599720001220703,7.736242771148682,408.5251715649879,793.793159620686,490230205.8779855,False,1.0,0.7430181977216624,-41.67337232229577,-5.804227222883378
406,1680,hibrido,6.05712366104126,7.483088970184326,160.76319501259516,289.7781511114601,192915834.0151142,False,1.0,0.7429498084691144,-46.183801163787734,-13.770451904394251
407,4054,hibrido,6.157726764678955,8.393418312072754,522.956399220924,357.7200415952367,627547679.0651088,False,1.0,0.7428517711429217,-34.53474703026558,-11.09676091617699
408,2124,hibrido,6.091701984405518,7.8813700675964355,264.37191128794126,482.1952313566702,317246293.5455295,False,1.0,0.7426912369532923,-43.96633380205048,-13.691191362117092
409,3384,hibrido,6.055956840515137,8.679397583007812,485.76867541589155,619.9431006230916,582922410.4990698,False,1.0,0.7425848294748331,-37.7399409497624,-12.67448568710351
410,3760,hibrido,6.188762187957764,7.839641571044922,359.60531677889827,311.3781965461139,431526380.13467795,False,1.0,0.7425808199034574,-36.039145982743584,-10.494535766207987
411,2064,hibrido,6.221005916595459,7.981706619262695,258.0250653233283,871.1658379729372,309630078.387994,False,1.0,0.7420123366642387,-44.5018367100058,-8.713357373980946
412,1907,hibrido,6.160310745239258,7.138957977294922,32.164389853109206,521.1017010787718,38597267.82373105,False,1.0,0.741884774527454,-45.13818837297084,-11.946985222527715
413,3160,hibrido,6.333662986755371,8.388906478881836,506.1255825970821,754.920451428907,607350699.1164985,False,1.0,0.7417599282616655,-38.79909258396348,-13.436012679065097
414,1388,hibrido,6.022314548492432,7.294303894042969,52.63181314202942,380.4054062432534,63158175.7704353,False,1.0,0.7416453727408503,-47.69964663163957,-12.37526832203962
415,3698,hibrido,5.821537494659424,8.062074661254883,243.6115886723001,272.2713612077927,292333906.4067601,False,1.0,0.7416093670597779,-36.596589691915035,-6.368639352310697
416,1603,hibrido,6.295522212982178,7.231832981109619,251.7369736116662,179.41979218882094,302084368.33399945,False,1.0,0.7415896772478618,-46.51777446230189,-14.857214214662466
417,2422,hibrido,6.50933837890625,7.32859468460083,261.28312348597507,661.076057306123,313539748.1831701,False,1.0,0.7414332373082605,-42.52268800747916,-12.919314573987881
418,1314,hibrido,6.086530685424805,7.231626987457275,69.89993252125379,379.4093599076139,83879919.02550454,False,1.0,0.7412926877144415,-48.06737358980005,-12.383497713154155
419,2215,hibrido,6.3469929695129395,8.070184707641602,331.730724543175,985.2099828204325,398076869.45180994,False,1.0,0.7412211588359181,-43.802515968504565,-7.6268400032309325
420,3235,hibrido,6.138077735900879,8.590889930725098,487.31306931687453,698.8464242220607,584775683.1802495,False,1.0,0.7408555568803697,-38.45311912153008,-13.065627630281654
421,4353,hibrido,6.322244167327881,8.199164390563965,581.852114617636,296.76526893452586,698222537.5411631,False,1.0,0.740480581983793,-33.14497079682504,-9.987909800704832
422,2733,hibrido,5.683422088623047,8.55016040802002,210.85388888860456,706.5907706361387,253024666.66632548,False,1.0,0.7401232704195467,-41.26599773710136,-7.5612079263095975
423,2515,hibrido,6.190035820007324,8.40610122680664,406.9807776640049,856.8339727732437,488376933.1968059,False,1.0,0.7400703166970006,-42.38795840674606,-6.173584136013843
424,3985,hibrido,6.083376407623291,7.850118160247803,367.4949130669599,158.74725594893732,440993895.68035185,False,1.0,0.7395017801441619,-35.00637701435779,-9.40617242277264
425,2574,hibrido,5.866359233856201,8.16728687286377,151.49683160669656,811.8493173381767,181796197.92803589,False,1.0,0.7394818450208316,-41.851773583558256,-11.472446097371446
426,2420,hibrido,6.368058204650879,7.701341152191162,333.4443888048387,628.9192984775316,400133266.56580645,False,1.0,0.7394807965554567,-42.48890822182595,-13.628066686455288
427,2146,hibrido,6.6727986335754395,8.131258010864258,529.4020072195583,1060.1300737935212,635282408.6634699,False,1.0,0.7394556725804081,-44.2011610483565,-5.852954160048789
428,1838,hibrido,5.91587495803833,8.006083488464355,165.50689282327417,675.3483145891796,198608271.387929,False,1.0,0.7394381613679191,-45.556982726740266,-10.169795011338246
429,3762,hibrido,6.003227233886719,7.853147506713867,296.7767078512509,242.89067748521916,356132049.42150104,False,1.0,0.7393486690416686,-36.07879675424575,-9.805311360932055
430,3757,hibrido,6.021895408630371,8.445149421691895,463.86995823677717,421.77853358952814,556643949.8841326,False,1.0,0.7391817061944245,-35.97431879627187,-11.528025906864206
431,2586,hibrido,6.026293754577637,8.24422836303711,281.47076030648503,791.3070792750933,337764912.36778206,False,1.0,0.738897689061436,-42.00035215641198,-7.227453595417833
432,3922,hibrido,6.384811878204346,7.512303829193115,384.8414195174359,289.4067279081331,461809703.42092305,False,1.0,0.738894249148764,-35.53653819218845,-5.645376472856392
433,1459,hibrido,6.085582256317139,7.10272741317749,72.87820421549036,268.40637006929813,87453845.05858843,False,1.0,0.7387115953399337,-47.30320551272015,-13.443882155161726
434,2439,hibrido,6.628011703491211,7.529313087463379,352.0876317243655,876.9625250109522,422505158.0692386,False,1.0,0.738386933300464,-42.73321071759905,-6.890807047292688
435,2516,hibrido,6.772609710693359,7.53395938873291,443.06141032343663,869.0133525216048,531673692.3881239,False,1.0,0.737875575740541,-42.39555352594756,-5.819198609549154
436,4290,hibrido,6.226767539978027,8.076515197753906,514.9779513057983,245.40820632765363,617973541.5669581,False,1.0,0.7376708521758014,-33.70635413404629,-6.269269329390665
437,3459,hibrido,6.29551362991333,8.108600616455078,466.95616213568405,564.6334073294888,560347394.5628209,False,1.0,0.7376708283095624,-37.39517178527892,-12.305736291702233
438,2731,hibrido,5.899679660797119,7.943320274353027,138.69262356974096,701.7342924663536,166431148.28368914,False,1.0,0.737161826749646,-41.24395654392303,-8.266984848184052
439,2585,hibrido,6.104346752166748,7.969484329223633,245.39012764705328,786.0961415427629,294468153.1764639,False,1.0,0.7363161321719374,-41.9906394567317,-7.581321092615876
440,2649,hibrido,5.524605751037598,8.614202499389648,132.68431832648906,806.7287839315665,159221181.99178687,False,1.0,0.7362643094998642,-41.50103205447148,-11.104183450630927
441,1831,hibrido,5.8876848220825195,7.5681304931640625,87.05753579274841,433.25293144728073,104469042.95129809,False,1.0,0.736214163590253,-45.482040038041326,-12.673433131359744
442,1461,hibrido,5.815372467041016,7.362671375274658,0.7169388966267243,346.3005183936563,860326.6759520691,False,1.0,0.7359079474260716,-47.322653018931504,-12.725681456058052
443,1918,hibrido,6.319941520690918,8.054374694824219,364.7225694006406,913.2898583526749,437667083.28076875,False,1.0,0.7356959626369175,-45.2447451096948,-8.01570315732768
444,3313,hibrido,6.151525020599365,7.999209880828857,360.2586580583718,550.9328554349194,432310389.67004615,False,1.0,0.7356716870733253,-38.171085383727046,-11.651501245574282
445,2873,hibrido,5.845176696777344,7.901235103607178,112.32741114529854,665.4591579114767,134792893.37435824,False,1.0,0.7356111826183184,-40.43565005957736,-10.35453451035942
446,2202,hibrido,5.897138595581055,7.832574844360352,137.31750002943838,603.5173493351938,164781000.03532606,False,1.0,0.7356048390107334,-43.656483230588734,-12.253383985861639
447,1762,hibrido,6.013894557952881,7.549859523773193,110.61374688363486,586.0515896735695,132736496.26036184,False,1.0,0.7354537264807794,-45.90308967174674,-10.894983716133382
448,2580,hibrido,5.679072380065918,8.141738891601562,64.98696434989425,790.4735251329569,77984357.2198731,False,1.0,0.7352268122640107,-41.93486515056412,-9.350363340321094
449,1753,hibrido,6.138333797454834,7.374946594238281,214.11194705125138,291.1823360064903,256934336.46150166,False,1.0,0.7351289874679545,-45.8014192693876,-14.1164072252826
450,2217,hibrido,6.559268951416016,7.834491729736328,403.89198986203866,995.1272331586325,484670387.8344464,False,1.0,0.7349783980508263,-43.81873602520294,-6.914796132478998
451,2269,hibrido,6.305527687072754,7.836303234100342,407.15004802468536,519.0402279702262,488580057.62962246,False,1.0,0.7346898503970727,-43.17645257521205,-14.726176053665217
452,4280,hibrido,6.426368713378906,7.736331939697266,528.5831419883182,240.8893690231351,634299770.3859818,False,1.0,0.7346213473443898,-33.53093918958373,-9.669432691472728
453,1693,hibrido,6.246076583862305,7.853017807006836,308.2850295600182,763.1545249228191,369942035.4720218,False,1.0,0.7337151556066168,-46.3113855591595,-9.112478291617277
454,2361,hibrido,5.826694488525391,8.419920921325684,225.0332204658627,901.73310004894,270039864.55903524,False,1.0,0.7335153632326463,-43.05865267619521,-8.319799151432894
455,3753,hibrido,6.398689270019531,8.277106285095215,608.189904971445,574.9940274012382,729827885.965734,False,1.0,0.7334235362064853,-35.87772487830757,-12.905297964457917
456,3538,hibrido,5.837024688720703,8.166159629821777,303.8211182177495,381.2759121485133,364585341.8612994,False,1.0,0.7332964644227785,-37.1338035110847,-10.55213364812485
457,4068,hibrido,6.157275199890137,7.7727274894714355,404.9770471986517,203.56848389013155,485972456.638382,False,1.0,0.7332504714789274,-34.79007052775988,-6.307947271387756
458,1165,hibrido,6.33823299407959,6.652184963226318,68.35553862027066,351.1364495254764,82026646.3443248,False,1.0,0.7326219763319823,-48.795626301312474,-12.758582848633877
459,1763,hibrido,6.245906352996826,7.254820346832275,146.69437954306667,623.0549739243617,176033255.45168,False,1.0,0.7323166655691896,-45.91266057815498,-10.536955768087168
460,2960,hibrido,6.273894786834717,7.761944770812988,339.4526940480905,646.803159438865,407343232.85770863,False,1.0,0.7317643962991962,-40.22912604657627,-5.771839062070143
461,2367,hibrido,6.6001386642456055,7.764674186706543,441.51701642245354,933.831399931822,529820419.7069442,False,1.0,0.7315669797063074,-43.11062538956693,-6.188589609874466
462,1472,hibrido,6.637802600860596,7.443504333496094,396.17002035712306,782.3524982655672,475404024.4285477,False,1.0,0.7315469341354681,-47.4093723344273,-8.774494897289
463,4291,hibrido,6.270504951477051,7.974812984466553,530.4549986236387,279.3652406714469,636545998.3483665,False,1.0,0.7312853279467867,-33.71967943376127,-5.929042521020025
464,1465,hibrido,6.067633628845215,7.415107250213623,143.60559174110045,504.0716101226008,172326710.08932054,False,1.0,0.7312458333346883,-47.35810227495811,-11.289085125077294
465,4213,hibrido,6.352492332458496,7.470674991607666,446.01534066172593,128.46887228314145,535218408.79407114,False,1.0,0.7311654969339705,-34.02371055279697,-7.304970218157987
466,3684,hibrido,6.228691101074219,7.809991836547852,410.5186222950618,400.8181565991184,492622346.75407416,False,1.0,0.7311379314499848,-36.3622474408027,-11.204422090514257
467,1903,hibrido,6.049232482910156,7.445121765136719,176.4869204908364,403.71133718947436,211784304.58900368,False,1.0,0.7309638682511653,-45.088311379557325,-13.375977690860063
468,1458,hibrido,6.191026210784912,6.8710036277771,108.95883687492214,230.00205373171775,130750604.24990657,False,1.0,0.7308346997726961,-47.29304419572585,-13.802956478184095
469,4430,hibrido,6.403190612792969,7.856558799743652,578.2944660901886,247.7711876571518,693953359.3082263,False,1.0,0.73073671285876,-32.84585038238418,-8.951330589357068
470,1917,hibrido,6.152527332305908,8.107722282409668,328.64193674120884,875.7610008426271,394370324.0894506,False,1.0,0.7304447883514136,-45.23686580945144,-8.373172060013212
471,1908,hibrido,5.857954025268555,7.390847206115723,3.9162428063225696,553.7942015226944,4699491.367587084,False,1.0,0.7301950184892143,-45.14971186717644,-11.589684843922976
472,4281,hibrido,5.9917073249816895,8.301518440246582,513.4007725236982,209.39779862936325,616080927.0284377,False,1.0,0.7301622002813364,-33.55197491483091,-9.329616440775762
473,3993,hibrido,6.139632225036621,7.567297458648682,351.70190929193444,164.19101976353963,422042291.1503213,False,1.0,0.7301515792416835,-35.13811878076577,-6.663465368472583
474,1395,hibrido,6.452905178070068,7.355223655700684,305.196241758052,659.9208410937466,366235490.1096624,False,1.0,0.7298767497723205,-47.75365782423756,-9.85915655646665
475,3914,hibrido,5.640777111053467,8.111488342285156,287.5086021438235,72.09892134296146,345010322.5725882,False,1.0,0.7296963453755511,-35.42401269388948,-8.394340896303444
476,3462,hibrido,5.828142166137695,8.351351737976074,358.7142641573887,467.62178580545833,430457116.98886645,False,1.0,0.7296772868241922,-37.45934320212295,-11.264822456857454
477,3981,hibrido,5.8721418380737305,8.44603443145752,466.4028839912362,317.9963701388439,559683460.7894834,False,1.0,0.729355580640013,-34.92288978551229,-10.776511393243918
478,1617,hibrido,6.335605621337891,7.402920246124268,253.39188362037896,675.9925655291235,304070260.34445477,False,1.0,0.7291413559355593,-46.65988767611239,-9.83730776705024
479,3027,hibrido,5.544915199279785,8.054119110107422,69.62014605284358,541.7358803169307,83544175.2634123,False,1.0,0.7289499127148178,-39.79255812750715,-8.219487765071245
480,4215,hibrido,6.060752868652344,8.01137638092041,463.9936579016682,190.11509953346822,556792389.4820018,False,1.0,0.7287902932255077,-34.05370474097022,-6.623254085192886
481,3461,hibrido,5.673394680023193,8.717204093933105,394.7948968168205,498.8490599343922,473753876.1801846,False,1.0,0.7287777582706501,-37.43862661231132,-11.611838962198181
482,2216,hibrido,6.298978328704834,8.033035278320312,367.81135720260687,989.3727610013813,441373628.6431282,False,1.0,0.727646480855532,-43.8108298715236,-7.270825298242045
483,3610,hibrido,5.824456214904785,8.371849060058594,393.2505029158374,420.46820088995906,471900603.49900484,False,1.0,0.7271348955092741,-36.727897656789104,-11.224913977943197
484,1535,hibrido,6.069392204284668,6.863340854644775,17.985058275851085,356.4840245414996,21582069.931021303,False,1.0,0.7270838399674617,-46.95447221301112,-12.716212858981173
485,3532,hibrido,6.012375354766846,8.558497428894043,520.3049141743402,579.7006308517575,624365897.0092082,False,1.0,0.7269496989058853,-37.004970126822634,-12.630331236175161
486,1990,hibrido,6.039891719818115,8.0639066696167,275.2931847025526,854.0334340864533,330351821.6430631,False,1.0,0.7268380145284505,-44.86522527006661,-8.722155370256674
487,3680,hibrido,6.122032642364502,8.446124076843262,554.841152932789,548.2482966774074,665809383.5193468,False,1.0,0.7267461899500753,-36.270243909641145,-12.584549985388271
488,2727,hibrido,5.281481742858887,8.422136306762695,5.629907067986239,719.1328231790128,6755888.481583487,False,1.0,0.7267187202234173,-41.19374554908063,-9.678268630119833
489,4133,hibrido,5.899935722351074,8.148210525512695,439.2225315019839,167.70230967720866,527067037.8023807,False,1.0,0.7265777217911299,-34.279101480429894,-9.368444472788111
490,3844,hibrido,5.736259460449219,7.908967018127441,262.393019566043,159.4226069564128,314871623.4792516,False,1.0,0.7264380813746151,-35.8476786313878,-7.033584416297563
491,1760,hibrido,5.812438011169434,7.463336944580078,38.45248156477123,513.3949709658051,46142977.87772548,False,1.0,0.7262961058601738,-45.88292738141024,-11.610988412646241
492,3536,hibrido,6.041130065917969,7.972472667694092,375.98238353661304,442.86772433737195,451178860.24393564,False,1.0,0.7260414615222595,-37.093596465075294,-11.24504886061336
493,2141,hibrido,6.503122329711914,7.622995853424072,348.9988439223993,996.5489613077655,418798612.7068792,False,1.0,0.7257248760845546,-44.16493465060665,-7.635110492365974
494,2567,hibrido,6.164555072784424,8.058060646057129,404.06126022271917,693.0455040267415,484873512.267263,False,1.0,0.7253795837504444,-41.73179942311079,-13.946900262298268
495,4429,hibrido,6.298519611358643,7.987209320068359,589.1046377994735,269.01823631600956,706925565.3593682,False,1.0,0.7252722213555759,-32.825000104682864,-9.289719536453013
496,1759,hibrido,5.80899715423584,7.316364288330078,2.3718489053394483,477.94702785979416,2846218.686407338,False,1.0,0.7250402389607253,-45.872331938998705,-11.96896402246662
497,3388,hibrido,5.677297115325928,8.493334770202637,341.4461447781644,494.3768277943551,409735373.7337973,False,1.0,0.7248381414627029,-37.82513718400824,-11.284230538511997
498,4057,hibrido,5.896902084350586,8.199707984924316,444.0991344139019,237.95562201023006,532918961.29668224,False,1.0,0.7248223941432889,-34.60180729078906,-10.071322742216859
499,3759,hibrido,6.127155303955078,7.776094913482666,393.36467637799456,347.4717705394945,472037611.6535935,False,1.0,0.7246973383932127,-36.01825420456682,-10.839080279608936
500,2872,hibrido,5.719453811645508,8.040557861328125,148.4080438047303,680.7467523872533,178089652.56567636,False,1.0,0.7245177656869308,-40.41997451278197,-10.706224171518825
501,2434,hibrido,6.048888206481934,7.724836826324463,171.68446842720655,862.5337793160851,206021362.11264786,False,1.0,0.7243040553557542,-42.68516078140489,-8.664543643543233
502,2794,hibrido,5.826066970825195,8.317374229431152,275.46245506323316,793.1427704619636,330554946.0758798,False,1.0,0.7242525659121231,-40.71871983257533,-12.130037607044699
503,2885,hibrido,6.04097843170166,7.9811906814575195,320.64018076788307,667.4375554295414,384768216.9214597,False,1.0,0.7240482011928581,-40.58147436253613,-6.132233135677361
504,2943,hibrido,5.8527655601501465,8.188733100891113,273.91806116225007,704.4278371120007,328701673.3947001,False,1.0,0.7240446380804106,-40.003072388996124,-11.743837782504691
505,3919,hibrido,5.910833835601807,7.746649742126465,315.5348989812897,174.06034663620136,378641878.77754766,False,1.0,0.7239710321541243,-35.49962646639851,-6.676473186311792
506,2495,hibrido,6.308345317840576,7.535925388336182,314.6318755246312,680.7623149705254,377558250.62955743,False,1.0,0.7237541100748411,-42.137330803959316,-13.2571303332853
507,4428,hibrido,6.337329387664795,7.9582133293151855,602.3819876483371,294.19561775817994,722858385.1780046,False,1.0,0.7237274466195527,-32.80334166381082,-9.628056479353635
508,2863,hibrido,6.248726844787598,8.223278999328613,473.13373773961655,848.6102247239529,567760485.2875398,False,1.0,0.7236889413774077,-40.2535348003167,-13.869910732665948
509,2572,hibrido,5.720499038696289,8.313044548034668,223.65809692556013,769.4265686318125,268389716.31067216,False,1.0,0.7236291908355281,-41.82006762353086,-12.179589274505068
510,1393,hibrido,6.359260082244873,7.125760555267334,233.0349764391884,580.0115920944511,279641971.7270261,False,1.0,0.7231177302333955,-47.73954811126153,-10.578113657530523
511,2497,hibrido,5.686498641967773,8.361454010009766,242.47061020576754,715.0660102605681,290964732.24692106,False,1.0,0.7228731618360987,-42.171124540309314,-12.549231664157745
512,4277,hibrido,6.297919750213623,8.013407707214355,588.268214586833,346.075769479729,705921857.5041996,False,1.0,0.7228235493603986,-33.4630829053609,-10.688565440408148
513,1764,hibrido,6.1350789070129395,7.4092116355896,182.77501220249843,660.4078552719191,219330014.64299813,False,1.0,0.7224592633844363,-45.92189390776028,-10.17891151022114
514,4212,hibrido,5.863929748535156,8.094010353088379,442.20975664486184,107.16576497764063,530651707.9738342,False,1.0,0.7223649329400155,-34.00758269436707,-7.645773269298169
515,2066,hibrido,6.208353042602539,7.944552898406982,330.18633064219193,943.4044661739883,396223596.7706303,False,1.0,0.7220799782993805,-44.51924031351412,-7.999866437616919
516,2070,hibrido,6.707061290740967,7.651723861694336,474.50886127991913,1080.9137739600978,569410633.535903,False,1.0,0.7217096025512177,-44.549463757339986,-6.572714105732917
517,3312,hibrido,5.993871212005615,8.15568733215332,396.3392907178036,580.4371294422976,475607148.8613643,False,1.0,0.7216658716530212,-38.15054691987233,-11.99969158796925
518,4355,hibrido,6.40609073638916,7.619154453277588,551.1010014075365,237.716479804619,661321201.6890438,False,1.0,0.7216379868978212,-33.18846837523981,-9.30979962938972
519,718,hibrido,6.462960243225098,6.297415733337402,63.72235691732138,396.65203590163736,76466828.30078565,False,1.0,0.7216204734847598,-50.9923063993797,-13.875984103330111
520,1769,hibrido,6.391531467437744,7.649513244628906,363.17817549965747,850.7900499945338,435813810.599589,False,1.0,0.721553947919623,-45.96305901278619,-8.388465334474663
521,4437,hibrido,6.27284574508667,7.943634033203125,579.3841524811914,272.2660668725539,695260982.9774297,False,1.0,0.7215160018971557,-32.9694580401303,-6.581318061449932
522,2584,hibrido,6.03553581237793,7.729770660400391,209.30949498762146,782.8967963824863,251171393.98514575,False,1.0,0.7210464245171788,-41.980448726923434,-7.935170091705636
523,4127,hibrido,6.111692428588867,8.310734748840332,579.5128478100262,401.50412811864726,695415417.3720315,False,1.0,0.7209937249190816,-34.14513324286663,-11.415213617198702
524,1975,hibrido,6.0012688636779785,7.6015305519104,265.9163051889244,392.75639389189433,319099566.2267093,False,1.0,0.7209115676924684,-44.6909553339317,-14.076500108078534
525,2054,hibrido,5.550283432006836,8.00447940826416,102.78126127098969,543.617116656015,123337513.52518763,False,1.0,0.720590666557813,-44.39131665357443,-12.279745328413942
526,2363,hibrido,6.171331882476807,7.8536176681518555,297.1944857847263,905.5175777690845,356633382.94167155,False,1.0,0.7205054724395892,-43.07772072598771,-7.609459709902749
527,2648,hibrido,5.891167163848877,7.872797012329102,168.7649509859209,823.2809853635905,202517941.18310508,False,1.0,0.7202145018446033,-41.48551072297688,-11.457320330938874
528,2199,hibrido,6.232341289520264,7.280436992645264,245.5593980077338,536.2929112245201,294671277.6092805,False,1.0,0.7201022942340607,-43.61246756933785,-13.320512990041873
529,2736,hibrido,5.983096122741699,8.060186386108398,319.09578686689997,730.4312199211846,382914944.24028,False,1.0,0.7199849889927588,-41.295276808728275,-6.502395344725466
530,2571,hibrido,5.785950660705566,8.229907035827637,259.7387295849919,750.517294766454,311686475.5019903,False,1.0,0.7198490768885237,-41.80344959727368,-12.533115867583943
531,2658,hibrido,5.871609210968018,7.889604568481445,192.04137560839712,742.9596762179201,230449650.73007655,False,1.0,0.7195850815924381,-41.617830714710564,-7.92477872447625
532,2880,hibrido,5.551692008972168,8.157084465026855,140.23701747072406,623.1967109873624,168284420.96486887,False,1.0,0.7193761808796206,-40.530086039500524,-7.891931084911242
533,2349,hibrido,6.155436992645264,7.383151531219482,207.93437144731888,645.7598451458468,249521245.73678267,False,1.0,0.7193320752642239,-42.906605426663795,-12.58009767308206
534,3774,hibrido,6.013580322265625,7.671188831329346,330.81565429597833,316.2797507883475,396978785.155174,False,1.0,0.7193313028216621,-36.258343933084554,-5.6668317721290045
535,1022,hibrido,6.701859951019287,6.6299943923950195,283.29494067587837,565.58673837266,339953928.81105405,False,1.0,0.7190207564715096,-49.56156362110413,-10.969530801825236
536,1997,hibrido,6.670734882354736,7.842061996459961,527.8576133185752,1115.4193605762289,633429135.9822903,False,1.0,0.7187112442878497,-44.91745744041067,-6.222147637611123
537,1756,hibrido,5.970353126525879,7.14907693862915,105.87004907295596,377.1077526664013,127044058.88754715,False,1.0,0.7184454212380013,-45.83846248419908,-13.042777033825846
538,4434,hibrido,6.162525177001953,7.976757526397705,562.0901622029033,222.41753816386057,674508194.643484,False,1.0,0.7181613050394534,-32.92123969612644,-7.597294492071768
539,2955,hibrido,5.713148593902588,7.895328044891357,159.04953075093155,587.5845277471165,190859436.90111786,False,1.0,0.7181062611896907,-40.17916159261203,-7.529051991076539
540,2051,hibrido,5.947048664093018,7.550299644470215,211.0231592492851,467.86372503378834,253227791.09914213,False,1.0,0.7177645583705407,-44.35030657013031,-13.349248702257368
541,4512,hibrido,6.36641263961792,7.916347503662109,628.6478918317434,328.3447088542553,754377470.1980921,False,1.0,0.7176832411953913,-32.622789458366256,-6.2289792124898185
542,2438,hibrido,5.963076114654541,8.168732643127441,316.0069990649337,870.4272056359025,379208398.87792045,False,1.0,0.7176652945873727,-42.72450237488999,-7.245588607779409
543,3456,hibrido,6.159728527069092,8.397249221801758,575.1980601139795,669.1424622493558,690237672.1367754,False,1.0,0.7174867491647511,-37.32487321943649,-13.34622123173623
544,1310,hibrido,6.414922714233398,6.1772894859313965,74.42259811647341,219.51611169485747,89307117.73976809,False,1.0,0.7170786144305894,-48.03269907704107,-13.821937447089919
545,4435,hibrido,6.162525177001953,7.976757526397705,565.0889891680546,233.4294566787396,678106787.0016655,False,1.0,0.7170497317885504,-32.938100276407546,-7.258675230531018
546,2569,hibrido,5.8935370445251465,8.182687759399414,331.89999490385554,717.9095626871244,398279993.8846266,False,1.0,0.7170076816903705,-41.7686670703284,-13.24007436086492
547,3758,hibrido,5.937530040740967,8.088221549987793,428.20036593664526,384.33953915696975,513840439.1239743,False,1.0,0.7168971335502228,-35.996646460163255,-11.183577531363177
548,3164,hibrido,5.835201740264893,8.288055419921875,361.8030519593549,635.9118553977914,434163662.35122585,False,1.0,0.7168899051212697,-38.8840640486716,-12.03898330078415
549,3608,hibrido,6.239602565765381,7.791189670562744,465.41176823470096,490.2591233569453,558494121.8816411,False,1.0,0.7167630174265861,-36.684142178114215,-11.916376029679812
550,3011,hibrido,6.407844066619873,7.936405181884766,507.6699764980652,836.3980898013891,609203971.7976782,False,1.0,0.7166560671423456,-39.51476929724392,-13.828486778308255
551,1536,hibrido,5.969450950622559,6.888040065765381,18.095574383580693,394.7428207406356,21714689.260296833,False,1.0,0.7164975965635283,-46.9642646472748,-12.35736291364522
552,3606,hibrido,6.099447727203369,8.279462814331055,537.5730335535645,562.7739405034691,645087640.2642775,False,1.0,0.7164106447291053,-36.63757601824918,-12.607641544565332
553,1912,hibrido,5.778655052185059,7.822006702423096,148.2387734440498,692.2804032558157,177886528.13285977,False,1.0,0.716394594312496,-45.19209241947312,-10.160293118635513
554,1093,hibrido,6.287982940673828,6.797098636627197,157.7849233183586,439.11509313357254,189341907.98203033,False,1.0,0.716305700096153,-49.17723149128209,-12.044970595030712
555,1679,hibrido,5.884431838989258,7.405453681945801,196.84382767202703,260.82626801878524,236212593.20643243,False,1.0,0.7161492453328616,-46.17165588103257,-14.128629140674196
556,2958,hibrido,5.889563083648682,7.904395580291748,267.2914287292269,616.0477474475331,320749714.47507226,False,1.0,0.7161131714971642,-40.210758881291554,-6.474782432207797
557,2787,hibrido,6.209347248077393,8.27149772644043,528.0268836792559,795.6760856319048,633632260.415107,False,1.0,0.7160628641514837,-40.580746718233954,-14.593573234220793
558,2441,hibrido,6.547001838684082,7.516551494598389,424.24889704322914,895.2668709376569,509098676.451875,False,1.0,0.7160013475874096,-42.74928691975968,-6.18119826708118
559,4513,hibrido,6.573635578155518,7.60869026184082,641.387860142506,354.443222244473,769665432.1710073,False,1.0,0.7159052580407871,-32.63670655071304,-5.89095419796102
560,4059,hibrido,5.933962821960449,7.8079447746276855,402.96956666050085,158.31101658189775,483563479.99260104,False,1.0,0.7157933173943907,-34.64272080966431,-9.387447890093862
561,3089,hibrido,6.111443519592285,7.91936731338501,380.61556523956233,692.4611549921959,456738678.2874748,False,1.0,0.7155865832178028,-39.231049700548624,-12.407912966893996
562,1241,hibrido,6.287479877471924,6.674458026885986,123.24868455990985,422.29810139862684,147898421.47189182,False,1.0,0.715574550891679,-48.44265748454563,-12.031362810765234
563,1840,hibrido,6.291098117828369,7.273412704467773,237.66815814213774,749.3846913063966,285201789.7705653,False,1.0,0.7154599507496694,-45.57521059972817,-9.454312992297192
564,3090,hibrido,6.052507400512695,7.883191108703613,344.53493258013054,665.5240049281357,413441919.09615666,False,1.0,0.7151332901535448,-39.25089837644861,-12.05802246262624
565,2213,hibrido,5.851387023925781,8.21474552154541,259.56945922431146,944.2375619785721,311483351.06917375,False,1.0,0.7150824473302078,-43.784658399187634,-8.338823143187593
566,4208,hibrido,5.8126630783081055,8.149410247802734,462.63225993996366,152.9885660217981,555158711.9279563,False,1.0,0.7146353270750225,-33.935465757525066,-9.008576556756637
567,2348,hibrido,5.864338397979736,7.8618083000183105,244.0150041067507,625.671433605386,292818004.9281008,False,1.0,0.7144647717518404,-42.89094227018441,-12.934961807619889
568,1697,hibrido,6.79890775680542,7.181084632873535,452.6075601977454,919.0043351377891,543129072.2372944,False,1.0,0.7144186021002155,-46.339713948107466,-7.678742688794401
569,1612,hibrido,6.041338920593262,6.957455158233643,72.98872032321997,482.97078046792956,87586464.38786396,False,1.0,0.7137459728293418,-46.616248385148516,-11.630518738209764
570,3752,hibrido,6.241933822631836,8.341666221618652,644.2705376308768,613.8390518569478,773124645.1570522,False,1.0,0.713338592733676,-35.85173329024337,-13.249477343877077
571,2200,hibrido,6.08532190322876,7.3251824378967285,209.47876534830203,556.7325402764242,251374518.41796243,False,1.0,0.7132470584849231,-43.62758236609853,-12.964829370060249
572,2128,hibrido,5.640979290008545,7.8086934089660645,120.04938065021406,572.9540821348504,144059256.78025687,False,1.0,0.7130568060121417,-44.02388198869867,-12.266793329552838
573,3907,hibrido,5.9264817237854,8.021281242370605,439.77231571676174,323.20273006520864,527726778.8601141,False,1.0,0.7129509523667844,-35.287963618017095,-10.797697915931524
574,4062,hibrido,5.899816513061523,7.611511707305908,366.2309617654059,41.49250364308616,439477154.11848706,False,1.0,0.7129009596778111,-34.698473911407596,-8.361296891552735
575,3832,hibrido,5.695990085601807,8.449785232543945,448.4278246415317,371.4546648775169,538113389.569838,False,1.0,0.7121398006611493,-35.63109533733745,-11.162384682754848
576,3839,hibrido,5.62231969833374,7.829361438751221,260.67032924471573,127.73729994204061,312804395.09365886,False,1.0,0.712099258738904,-35.76985785338147,-8.75461742795334
577,3908,hibrido,5.868059158325195,7.975076198577881,409.8535163989332,284.0418185480147,491824219.6787199,False,1.0,0.7115230450505237,-35.30959175561853,-10.454497819832689
578,1830,hibrido,5.693404197692871,7.558098316192627,123.13816845218027,402.6997241552235,147765802.14261633,False,1.0,0.7115006717526295,-45.4698902237719,-13.031018051944075
579,3529,hibrido,6.286436557769775,8.259991645812988,628.5468121526357,688.9075202975708,754256174.5831628,False,1.0,0.7114488488032721,-36.93118313856475,-13.668766174277952
580,3530,hibrido,6.491753101348877,7.791966915130615,592.4661794932039,652.0838301054606,710959415.3918446,False,1.0,0.7114261662588205,-36.9564845989442,-13.32267441722716
581,4360,hibrido,6.232295036315918,7.607591152191162,522.1239219963272,183.32450622597045,626548706.3955927,False,1.0,0.7114237235026003,-33.283328750580615,-7.613670174814798
582,4202,hibrido,6.096380710601807,8.156550407409668,581.1603191332262,370.52260600218557,697392382.9598714,False,1.0,0.7113348300258613,-33.804107928156355,-11.05135265253741
583,1543,hibrido,6.102237701416016,7.52730655670166,270.6600029996033,668.2882147225528,324792003.59952396,False,1.0,0.7108159317667241,-47.02446173317905,-9.84497058089203
584,4361,hibrido,6.464230060577393,7.238977432250977,525.3509352371177,196.53911708729916,630421122.2845412,False,1.0,0.7107073095207,-33.299947332332195,-7.274313301327719
585,2514,hibrido,5.935348987579346,8.232170104980469,370.900145004573,846.3714946380936,445080174.0054876,False,1.0,0.710592254614802,-42.379905516736144,-6.527955242998235
586,4207,hibrido,5.8126630783081055,8.149410247802734,476.0760366826612,185.43395420188523,571291244.0191934,False,1.0,0.7105630442459552,-33.91551939692589,-9.349166027288822
587,4282,hibrido,5.964219570159912,7.96870756149292,500.9596475382199,181.29309979500755,601151577.0458639,False,1.0,0.7105518364810259,-33.57222537634481,-8.989750713681078
588,2212,hibrido,6.050414085388184,7.6854777336120605,223.4888265648796,909.7491625048459,268186591.8778555,False,1.0,0.7105273741211626,-43.775111268470205,-8.69479012931699
589,1751,hibrido,6.040135383605957,7.300877571105957,286.27321237011495,250.0101663058095,343527854.84413797,False,1.0,0.7104407028850038,-45.77492702571485,-14.832051385570898
590,1162,hibrido,5.956219673156738,6.728353977203369,39.88635935802475,237.22078717188828,47863631.229629695,False,1.0,0.710035731619445,-48.77246624343791,-13.838745864322643
591,1614,hibrido,6.112584114074707,7.048941135406494,145.1499856420836,559.5916764317883,174179982.77050033,False,1.0,0.7099280490545625,-46.63463121909267,-10.913280262441932
592,3161,hibrido,5.895308017730713,8.457551002502441,470.04494993765036,723.6882187434614,564053939.9251804,False,1.0,0.709920967781046,-38.82128398389724,-13.086820622336836
593,1389,hibrido,6.0676093101501465,6.841465473175049,88.7124458014612,420.29669029396814,106454934.96175344,False,1.0,0.7098859084046003,-47.70816207399198,-12.015866398779151
594,4135,hibrido,5.7180256843566895,8.037075996398926,413.37254704005943,96.7655134641924,496047056.4480713,False,1.0,0.7097605100545255,-34.31762203556597,-8.685792791139741
595,1844,hibrido,6.178049087524414,7.899319171905518,381.9906887798649,900.5229339979409,458388826.5358379,False,1.0,0.7095968395765211,-45.607517728714626,-8.023170584100749
596,2271,hibrido,5.931578636169434,7.853693008422852,334.9887827058218,540.0785385453884,401986539.24698615,False,1.0,0.7095827859386711,-43.21097033794618,-14.015848169196001
597,3012,hibrido,6.156569957733154,8.103151321411133,471.5893438386334,806.3383375394425,565907212.6063601,False,1.0,0.7095772557812944,-39.536586506803125,-13.478202577432667
598,3014,hibrido,5.836085796356201,8.371097564697266,399.4280785197698,749.0133607024578,479313694.22372377,False,1.0,0.7095005660806779,-39.57839087737582,-12.777507502012885
599,3310,hibrido,5.952889442443848,8.282027244567871,468.50055603666715,642.8590524448546,562200667.2440006,False,1.0,0.7094977744600767,-38.10751590167587,-12.695940934857873
600,1534,hibrido,5.778040409088135,7.11936092376709,54.06569093528294,318.65314211589924,64878829.122339524,False,1.0,0.7094213396670243,-46.94437585293231,-13.075045504976101
601,1092,hibrido,6.4154744148254395,6.3421454429626465,121.70429065892682,401.0997759220728,146045148.79071218,False,1.0,0.709342402448017,-49.17068256099178,-12.405269372133372
602,1678,hibrido,6.007344722747803,7.170759201049805,232.92446033145876,235.13678426745173,279509352.3977505,False,1.0,0.7091579363156874,-46.15916618389806,-14.486785282082847
603,1677,hibrido,6.238983631134033,6.875227928161621,269.00509299089055,213.88845818012038,322806111.58906865,False,1.0,0.7090889654449682,-46.14632948171028,-14.844919772539741
604,1014,hibrido,5.967060089111328,6.630566120147705,5.350120599576019,277.77703367858095,6420144.719491222,False,1.0,0.7088865647110703,-49.512332288447276,-13.853365525509885
605,1691,hibrido,5.8755903244018555,7.782633304595947,236.1237642411546,685.9466155352293,283348517.0893855,False,1.0,0.7088334521406401,-46.29533067210012,-9.829267446625627
606,4218,hibrido,5.9354448318481445,8.125959396362305,513.644585558957,299.33760364845267,616373502.6707485,False,1.0,0.7088090577337895,-34.0930802481567,-5.600431600553322
607,2197,hibrido,6.094573974609375,7.4944586753845215,317.72066332659745,502.52165832303496,381264795.99191695,False,1.0,0.7088043936682255,-43.580894012369754,-14.03179825083788
608,2286,hibrido,5.829578399658203,7.986423492431641,206.22070718565524,931.0211326236682,247464848.62278628,False,1.0,0.708758675689047,-43.41177552604016,-8.685025149587348
609,2289,hibrido,6.158750057220459,7.7666473388671875,314.4626051639506,945.3572853418507,377355126.19674075,False,1.0,0.7087493621297296,-43.44011118492464,-7.618289091995886
610,1541,hibrido,6.436461925506592,6.677947521209717,198.49873768073965,589.5142647901904,238198485.2168876,False,1.0,0.7087223044070842,-47.00873574508347,-10.562871072057296
611,1904,hibrido,5.906147003173828,7.238113880157471,140.40628783140463,430.49259987633064,168487545.39768556,False,1.0,0.7086421872312171,-45.101353052517624,-13.018762195171377
612,1091,hibrido,6.010254383087158,6.852474212646484,85.62365799949502,363.51065386281044,102748389.59939402,False,1.0,0.708399661274907,-49.16392514370034,-12.765555096891314
613,3920,hibrido,5.851001739501953,7.678770542144775,335.473527582759,211.93573137527747,402568233.0993108,False,1.0,0.7082935295950418,-35.51263029790824,-6.33280241879431
614,1467,hibrido,6.26521110534668,6.991839408874512,215.76685705996402,583.4125964337154,258920228.47195682,False,1.0,0.7082271983261011,-47.37413298442052,-10.57069705780474
615,2198,hibrido,5.710137367248535,8.022566795349121,281.6400306671656,518.1399925277937,337968036.80059874,False,1.0,0.7081792358486725,-43.59690583380758,-13.676169540618396
616,2288,hibrido,5.875499248504639,8.113542556762695,278.38197250451884,942.6985981672267,334058367.0054226,False,1.0,0.7080919408210852,-43.43109155166661,-7.973884594123024
617,2442,hibrido,6.359245300292969,7.801726818084717,460.3295297026609,906.9302730425104,552395435.6431931,False,1.0,0.7078686743898681,-42.7566578491113,-5.826372667414614
618,1901,hibrido,6.140320777893066,7.081596851348877,248.64818580970004,357.6321772846725,298377822.97164005,False,1.0,0.7076925840631058,-45.06106736651391,-14.090339620636446
619,2590,hibrido,6.420758247375488,7.535475730895996,425.7932909442122,831.2917018476218,510951949.1330546,False,1.0,0.7076748564661242,-42.03445827283444,-5.811816243182345
620,3157,hibrido,6.386935710906982,8.137131690979004,614.3674805753776,853.0214757544193,737240976.6904532,False,1.0,0.7075792601569795,-38.72866428854833,-14.483309485781035
621,3165,hibrido,5.888296127319336,7.923495292663574,325.7224192999231,609.1006795250854,390866903.1599077,False,1.0,0.7074293787585532,-38.90373940468132,-11.689621417441922
622,2570,hibrido,5.790347099304199,8.101734161376953,295.81936224442376,733.3042853894877,354983234.69330853,False,1.0,0.7070738009080134,-41.786317208821885,-12.88661121165857
623,931,hibrido,6.214791774749756,6.1798505783081055,6.614316223940724,253.2468297313132,7937179.468728869,False,1.0,0.7070656331648828,-49.81746929984436,-17.104685536797884
624,1980,hibrido,5.56681489944458,7.681931972503662,85.51314189176534,515.7157732780819,102615770.27011842,False,1.0,0.7068549004358595,-44.75878605875792,-12.292236966943218
625,4440,hibrido,6.527002334594727,7.479300498962402,619.8601792722379,357.1947102878591,743832215.1266855,False,1.0,0.7068245868108012,-33.01062534120961,-5.565014588495553
626,4503,hibrido,6.281898498535156,7.850429058074951,627.3565451968349,302.3780715767148,752827854.2362019,False,1.0,0.7067588993514959,-32.46157041515464,-9.269380130697035
627,4362,hibrido,6.364609241485596,7.368753910064697,531.5767304803717,216.44254320238036,637892076.576446,False,1.0,0.7065611649965948,-33.31578841757112,-6.934917212970243
628,1163,hibrido,6.023545265197754,6.492548942565918,3.805726698592968,274.6174368815996,4566872.038311562,False,1.0,0.7064843574278679,-48.78041456066329,-13.478706153722241
629,1695,hibrido,6.73588752746582,6.882751941680908,380.4462948788818,840.884592828357,456535553.8546582,False,1.0,0.7063911727007497,-46.326176076299554,-8.3956352763203
630,4364,hibrido,6.205090522766113,7.730024814605713,552.5705845008189,269.9756922999415,663084701.4009826,False,1.0,0.7063094556931496,-33.34514885273563,-6.256014933030221
631,1694,hibrido,6.193312644958496,7.628660678863525,344.36566221945003,801.9637545943973,413238794.66334003,False,1.0,0.7062579051846728,-46.31893810657664,-8.754063248179799
632,1690,hibrido,5.993485450744629,7.408421993255615,200.0431315817228,647.5968843279487,240051757.89806736,False,1.0,0.7059025642666515,-46.286825136275624,-10.187640482585191
633,4142,hibrido,5.903872966766357,7.847201347351074,441.06503974153105,210.95453143557557,529278047.6898373,False,1.0,0.7057693938452492,-34.42881512846203,-6.295238091352581
634,3238,hibrido,5.551210403442383,8.59360408782959,379.07117133857923,607.4912135457912,454885405.6062951,False,1.0,0.7057672267057739,-38.51727994170068,-12.019538257282324
635,2291,hibrido,6.164957046508789,7.918799877166748,386.62387048281425,955.6881797290536,463948644.5793771,False,1.0,0.7057126437188361,-43.45688240905511,-6.907051409953385
636,1609,hibrido,5.664076805114746,7.23726224899292,35.253177655075376,370.72586970279525,42303813.186090454,False,1.0,0.7057033243571766,-46.586319166340964,-12.706251304452397
637,1311,hibrido,5.82569694519043,6.884891033172607,38.341965457041624,259.477085821847,46010358.54844995,False,1.0,0.7056554740767118,-48.04175696467623,-13.46235116291983
638,3018,hibrido,5.740018367767334,7.97069787979126,255.10554788204263,648.9221943812887,306126657.45845115,False,1.0,0.7055304213830946,-39.6547904183883,-11.375644254437638
639,2292,hibrido,6.419034004211426,7.609790325164795,422.70450314224604,963.3066214016651,507245403.77069527,False,1.0,0.7055106989670171,-43.46463723225024,-6.55141073205839
640,2791,hibrido,5.957658290863037,8.131538391113281,383.7043530415286,830.9419789241523,460445223.6498343,False,1.0,0.7052431734682484,-40.662985167416316,-13.186063734855868
641,4128,hibrido,5.899682998657227,8.276511192321777,551.3758754339673,361.9741908738444,661651050.5207608,False,1.0,0.7046019659533854,-34.16940114950508,-11.074219641798152
642,1914,hibrido,6.17949104309082,7.243237018585205,220.4000387629134,764.6791655838236,264480046.51549608,False,1.0,0.7045626247787172,-45.21108400229361,-9.44549184162134
643,4275,hibrido,6.089837551116943,8.25766372680664,637.5727894333362,420.6292171212886,765087347.3200034,False,1.0,0.704455246506668,-33.41384768835813,-11.367704581215646
644,2347,hibrido,5.884773254394531,7.750957012176514,280.0956367661825,607.555518497569,336114764.11941904,False,1.0,0.7044155560436092,-42.8748054156633,-13.289797375667778
645,1396,hibrido,6.440055847167969,7.095542907714844,341.2768744174838,699.8832411787319,409532249.30098057,False,1.0,0.7041856836047146,-47.76032198307242,-9.499659395770035
646,1539,hibrido,6.141866683959961,6.810375213623047,126.33747236187607,511.1213151935465,151604966.83425128,False,1.0,0.7040236659062664,-46.9918381056539,-11.280714250201054
647,4204,hibrido,5.871551036834717,8.197307586669922,532.6422317113131,294.15387382043644,639170678.0535758,False,1.0,0.7037876597497655,-33.85102375030377,-10.370637645361954
648,2788,hibrido,6.242100238800049,7.92043924331665,491.94625101982393,801.6492175630682,590335501.2237887,False,1.0,0.7036283271201955,-40.60216732456454,-14.241755398220054
649,3231,hibrido,6.530105113983154,7.869180679321289,631.6355999546017,832.0500734920487,757962719.9455221,False,1.0,0.7035711590290281,-38.358465536027666,-14.459764407925682
650,3612,hibrido,5.681565761566162,7.961801052093506,321.08923759697376,355.0112785314818,385307085.11636853,False,1.0,0.703523024593393,-36.76887491175349,-10.533267673543081
651,2145,hibrido,6.316843032836914,8.015206336975098,493.3213745601265,1050.1695212673987,591985649.4721519,False,1.0,0.7033552770743254,-44.1946978044722,-6.2094104332829385
652,1240,hibrido,5.8820600509643555,6.998412132263184,87.16805190047808,382.61554029066286,104601662.2805737,False,1.0,0.7032349924566843,-48.435122780862926,-12.391242236043452
653,1077,hibrido,6.214784145355225,6.121151924133301,7.255340664503367,256.44786731458987,8706408.797404042,False,1.0,0.7031630521086395,-49.04655624840249,-17.807976155866168
654,1239,hibrido,6.023191928863525,6.630277156829834,51.0874192410463,343.0067301073652,61304903.08925556,False,1.0,0.7030785318574411,-48.42734825722726,-12.751107506218295
655,2293,hibrido,6.455717086791992,7.616282939910889,458.7851358016779,972.5119005949234,550542162.9620135,False,1.0,0.7028553069526385,-43.471973544872135,-6.195756494315719
656,1973,hibrido,6.189698219299316,7.174768447875977,338.0775705077879,363.284345103153,405693084.6093455,False,1.0,0.702617113226826,-44.66099314225675,-14.790033905954862
657,4279,hibrido,6.256896018981934,7.57069730758667,546.2782466477639,274.6050584856458,655533895.9773167,False,1.0,0.7025259240162165,-33.5091145210201,-10.009197557132712
658,3233,hibrido,6.032893180847168,8.39922046661377,559.4743346357382,764.1641346746405,671369201.5628858,False,1.0,0.7024837663930856,-38.40710780417983,-13.762793239600029
659,1833,hibrido,5.531765460968018,7.451359272003174,14.896270473884844,498.3875722302877,17875524.568661813,False,1.0,0.7022721077058033,-45.50524552167447,-11.95820203842808
660,1462,hibrido,5.94560432434082,6.733272552490234,35.363693762805056,385.5711138203744,42436432.51536607,False,1.0,0.7020698597170244,-47.331943217661845,-12.366556029554019
661,1616,hibrido,5.879373550415039,7.569237232208252,217.31125096094718,637.0438869321935,260773501.1531366,False,1.0,0.7019448586742085,-46.651775576229014,-10.195979880947966
662,1016,hibrido,6.27050256729126,6.249087333679199,66.81114471928755,344.4446980071105,80173373.66314507,False,1.0,0.7016020908976626,-49.52580218784383,-13.132483614200716
663,1390,hibrido,5.819438934326172,7.243261337280273,124.79307846089299,460.20684767290544,149751694.15307158,False,1.0,0.7013587741577336,-47.716408288734016,-11.65644952038098
664,4287,hibrido,6.1183061599731445,7.50117301940918,485.6558911719848,161.13949809273515,582787069.4063817,False,1.0,0.7009262748077122,-33.66181749086583,-7.289745982912907
665,2126,hibrido,6.048462867736816,7.107758045196533,192.2106459690777,523.4446586689473,230652775.16289324,False,1.0,0.7009234837317136,-43.9959656734062,-12.97904278546966
666,1084,hibrido,6.100765228271484,6.618784427642822,166.9407706165276,143.36231046193677,200328924.73983312,False,1.0,0.7008611243663008,-49.11066201808749,-15.287158362323133
667,2123,hibrido,6.148555755615234,7.19251823425293,300.45254394737304,465.3721160213015,360543052.73684764,False,1.0,0.7005953888098507,-43.950867093024414,-14.047225986073862
668,4289,hibrido,6.326623916625977,7.248795509338379,502.21715930205903,213.55429700780317,602660591.1624708,False,1.0,0.700588274593969,-33.69227035060182,-6.609463393662704
669,2365,hibrido,6.026719093322754,7.9759840965271,369.3557511035899,916.2977592320676,443226901.3243079,False,1.0,0.700471946083972,-43.09504052528892,-6.899054442951873
670,2127,hibrido,5.888326168060303,7.280212879180908,156.13001330964585,547.2982235144016,187356015.97157502,False,1.0,0.7004409183675465,-44.01013683589683,-12.622930302263638
671,2719,hibrido,5.452859878540039,8.617081642150879,294.27496834344055,822.6723717074344,353129962.01212865,False,1.0,0.70042923862228,-41.06823631271908,-12.499537073249142
672,2480,hibrido,6.742122173309326,6.838331699371338,441.76010084105803,715.7665875755122,530112121.00926965,False,1.0,0.7004071881612144,-41.81712549694152,-18.561788233920048
673,2139,hibrido,6.225642204284668,7.398788928985596,276.8375786035357,925.0014933704963,332205094.32424283,False,1.0,0.7003899162848408,-44.147686537551145,-8.347875845309387
674,2068,hibrido,6.3010149002075195,7.700386047363281,402.3475959610555,1016.8058105375707,482817115.1532666,False,1.0,0.6998927352476692,-44.53511187624144,-7.286316911506579
675,1003,hibrido,6.198936462402344,6.192049980163574,35.3789017999037,278.9421049906451,42454682.159884445,False,1.0,0.6998671646115294,-49.423734921736845,-17.817140337787094
676,1696,hibrido,6.3074164390563965,7.59752082824707,416.5269275383136,879.9022293579445,499832313.04597634,False,1.0,0.6991108468862448,-46.33310090091848,-8.03719491160613
677,3980,hibrido,6.044851779937744,7.792195796966553,496.13650839426754,357.9133155654053,595363810.0731211,False,1.0,0.6990891182850073,-34.900145051665014,-11.118971879489187
678,1622,hibrido,6.418074131011963,7.457258701324463,433.795046917538,872.1646189312494,520554056.3010456,False,1.0,0.6989990850298526,-46.69591043264552,-8.043748545972345
679,1540,hibrido,5.992765426635742,7.101535797119141,162.4181050213079,550.2599691220048,194901726.02556947,False,1.0,0.698660373442147,-47.00043421106194,-10.92180007180109
680,2142,hibrido,6.226288318634033,7.7603373527526855,385.0794765818311,1029.075688912929,462095371.8981973,False,1.0,0.6984156568327753,-44.17296476624587,-7.27870560972644
681,3911,hibrido,5.635014533996582,7.82330322265625,333.0473699124991,168.9349122337977,399656843.8949989,False,1.0,0.6982614609579787,-35.370069709647474,-9.424614246927078
682,1836,hibrido,5.616657733917236,7.559437274932861,93.34562750441057,602.8376866723806,112014753.00529268,False,1.0,0.6982607569696789,-45.53735305248344,-10.885211285776608
683,1618,hibrido,6.285792350769043,7.113524436950684,289.4725162798108,715.0573287671523,347367019.535773,False,1.0,0.6979570335101956,-46.667695244495754,-9.478621724765148
684,2419,hibrido,5.731611251831055,8.150996208190918,369.5250214642705,616.1156135211161,443430025.7571246,False,1.0,0.6977740264577034,-42.47127720208167,-13.982395931682227
685,1243,hibrido,6.1619086265563965,6.84872579574585,195.40994987877346,501.8144637122599,234491939.85452816,False,1.0,0.6969513593322436,-48.457013573359696,-11.311563135230658
686,495,hibrido,6.658775806427002,5.696568489074707,79.44608239556248,484.89315387121786,95335298.87467498,False,1.0,0.6967618462292046,-52.0994608422754,-14.24844620207396
687,3009,hibrido,6.118364334106445,8.338789939880371,579.8312418169288,898.8449614357829,695797490.1803145,False,1.0,0.6965645420932196,-39.46928353514638,-14.528922410085844
688,4278,hibrido,5.987770080566406,7.99386739730835,566.2505695598616,309.8196058732335,679500683.4718338,False,1.0,0.6962527096794942,-33.48649708381244,-10.348909117537017
689,4509,hibrido,6.571977138519287,7.116920471191406,604.8615760679736,271.20287230265103,725833891.2815683,False,1.0,0.6962224160882463,-32.57627651358989,-7.242834847552429
690,4356,hibrido,6.197336673736572,7.488785743713379,539.5299148203711,213.37496276076783,647435897.7844453,False,1.0,0.6959624763905898,-33.209020150251455,-8.970667459813129
691,1385,hibrido,5.826762676239014,6.774884223937988,55.610084836266,260.93134878773685,66732101.8035192,False,1.0,0.695915304701609,-47.6724671866952,-13.453379849929721
692,1007,hibrido,6.076863765716553,6.361562728881836,78.39739162282298,181.03269602060348,94076869.94738758,False,1.0,0.6958947250781101,-49.45886310121299,-16.375993136261314
693,2065,hibrido,6.134047985076904,7.507786750793457,294.1056979827601,907.122346778018,352926837.5793121,False,1.0,0.6958920954001185,-44.510730837748625,-8.356619562403354
694,717,hibrido,6.110872268676758,6.333904266357422,27.641724257889518,376.0210137903795,33170069.10946742,False,1.0,0.6958863211419161,-50.98758307583906,-14.237016400517465
695,4201,hibrido,6.132093906402588,7.955907821655273,607.9203083475217,409.2276280949169,729504370.017026,False,1.0,0.6958371503454244,-33.77946215216937,-11.391624648525884
696,1991,hibrido,6.335968971252441,7.205394268035889,311.37381736198444,890.6818406762706,373648580.83438134,False,1.0,0.6954132221028311,-44.87379077309311,-8.365052282724289
697,3983,hibrido,5.583437919616699,8.138242721557617,412.1796703656276,238.2460730975413,494615604.4387531,False,1.0,0.6950798818798634,-34.966124047408485,-10.0914378335846
698,1902,hibrido,5.847848415374756,7.2704901695251465,212.5675531502682,379.264827003961,255081063.78032184,False,1.0,0.6950616488049999,-45.07488373275857,-13.733170379229596
699,4288,hibrido,6.088339805603027,7.493739128112793,492.3838541866927,184.89372030449763,590860625.0240313,False,1.0,0.6950179143883399,-33.67742565667928,-6.9496228889781895
700,2641,hibrido,6.290168285369873,7.442892074584961,421.32937960194346,731.7573924227001,505595255.52233213,False,1.0,0.6949916513161412,-41.362144847770324,-13.928396276292183
701,2644,hibrido,5.523919105529785,8.418807029724121,313.0874816236481,769.9947958812298,375704977.9483777,False,1.0,0.6949191152833415,-41.4182030699963,-12.869562568883092
702,2643,hibrido,5.69473934173584,8.22862434387207,349.1681142830799,755.3482315536376,419001737.1396959,False,1.0,0.6948853797940325,-41.40005406850308,-13.22254192526524
703,2275,hibrido,5.746159553527832,7.573254108428955,190.66625206809454,612.0857512548374,228799502.48171344,False,1.0,0.6947759462292544,-43.27440906723931,-12.59484080239052
704,1316,hibrido,5.873432159423828,7.095475673675537,142.06119784011733,459.3838612004598,170473437.4081408,False,1.0,0.6947240834819595,-48.0831713011116,-11.66418755164955
705,799,hibrido,6.508044242858887,6.605813980102539,299.0186661541196,577.6477228461015,358822399.38494354,False,1.0,0.6947092580300116,-50.65527227499812,-11.344514414108467
706,1911,hibrido,5.841031074523926,7.236034870147705,112.15814078461798,656.7428126436297,134589768.94154158,False,1.0,0.6946859532467788,-45.18204998181492,-10.517668334183941
707,1380,hibrido,5.981051921844482,6.837811470031738,236.01324813342495,66.18153001663235,283215897.76010996,False,1.0,0.6945548925241146,-47.621608449643674,-15.24989111892511
708,4510,hibrido,6.571977138519287,7.116920471191406,610.2767744532971,285.9558495776355,732332129.3439565,False,1.0,0.6944914397660978,-32.592577002796304,-6.904921506626656
709,4203,hibrido,6.036051273345947,7.876198768615723,555.9923846319487,332.1246024026375,667190861.5583384,False,1.0,0.6944181558810189,-33.82796038383761,-10.711023015527106
710,1538,hibrido,6.086743354797363,6.606368064880371,90.25683970244425,472.1270634820796,108308207.6429331,False,1.0,0.6942558000568227,-46.98294569014775,-11.639613113274436
711,4214,hibrido,6.050677299499512,7.399621963500977,453.3319968183173,157.2386756118269,543998396.1819807,False,1.0,0.6936804075703752,-34.039083678188604,-6.9641298922228945
712,1827,hibrido,6.044590473175049,6.928249835968018,231.38006643047567,323.64172091339833,277656079.7165708,False,1.0,0.6934486488926588,-45.431222551311684,-14.103643042329649
713,1995,hibrido,6.3632636070251465,7.662438869476318,455.6963479997116,1039.7491430159225,546835617.5996538,False,1.0,0.693336750315992,-44.904363749687825,-6.936499448433588
714,2867,hibrido,5.591655254364014,8.335555076599121,328.8112071018893,783.784020680121,394573448.52226716,False,1.0,0.693122544305107,-40.33321238226943,-12.464187533927584
715,3237,hibrido,5.483055114746094,8.618972778320312,415.15180399801096,636.8876074888558,498182164.79761314,False,1.0,0.692666884372038,-38.49653490766487,-12.368278396581193
716,1755,hibrido,6.031519412994385,6.704201698303223,141.95068173238775,346.2213487758008,170340818.0788653,False,1.0,0.6925799002989004,-45.826470633769674,-13.400674848435587
717,2418,hibrido,6.042696952819824,7.649696350097656,405.6056541237022,605.6875551400509,486726784.94844264,False,1.0,0.6924108739267418,-42.45314740888484,-14.336692790770904
718,3976,hibrido,6.136738300323486,8.036727905273438,626.6024050599433,517.709321539785,751922886.071932,False,1.0,0.6922138802772895,-34.8015513897968,-12.488263997773924
719,1767,hibrido,6.181240081787109,7.24520206451416,291.01691018079384,774.0553207773738,349220292.2169526,False,1.0,0.6921384397104717,-45.94758653554689,-9.104686529750394
720,3831,hibrido,5.732787609100342,8.189620018005371,482.60470229686825,410.071723112932,579125642.7562419,False,1.0,0.691803223368513,-35.608372954917094,-11.506163405398553
721,1766,hibrido,5.904119968414307,7.552562236785889,254.93627752136206,735.948778686937,305923533.02563447,False,1.0,0.691567333576741,-45.93935514785306,-9.462776327100588
722,1015,hibrido,5.801705360412598,6.716161727905273,30.730512059855762,310.32420983906576,36876614.47182691,False,1.0,0.6914254597756817,-49.51916562601791,-13.492931383742732
723,2646,hibrido,5.854887962341309,7.6493120193481445,240.92621630478448,804.4712892515896,289111459.56574136,False,1.0,0.6913255814087307,-41.452907795196666,-12.163504450944357
724,1771,hibrido,6.318238735198975,7.546023368835449,435.339440818521,928.0763862504202,522407328.9822252,False,1.0,0.6911745599555069,-45.97722117701601,-7.672192407231851
725,3901,hibrido,6.140862941741943,8.093460083007812,642.7428710369011,560.6616670924176,771291445.2442813,False,1.0,0.691020802563727,-35.142490922022056,-12.855787395936193
726,1684,hibrido,5.839879035949707,6.698048114776611,16.440664374867968,423.95225669107174,19728797.24984156,False,1.0,0.6904950600382962,-46.22898717185909,-12.337543071384767
727,1379,hibrido,6.055976390838623,6.723043441772461,272.09388079285674,35.19886564043466,326512656.95142806,False,1.0,0.6904254946368829,-47.61058389913066,-15.60913809794008
728,1619,hibrido,6.48512601852417,6.799472332000732,325.5531489392426,754.2201390818095,390663778.72709113,False,1.0,0.6902520294969493,-46.67519984075351,-9.119922268362002
729,4284,hibrido,5.808929443359375,7.814227104187012,485.0989578725071,143.20156409132193,582118749.4470086,False,1.0,0.6902378555086565,-33.61038450651886,-8.3098784097822
730,1247,hibrido,6.655385971069336,6.476204872131348,339.7324805165006,661.1973193251006,407678976.6198007,False,1.0,0.6899657174538564,-48.482912502845736,-9.871811968331087
731,1770,hibrido,6.255334377288818,7.493350028991699,399.25880815908926,889.3732309568745,479110569.7909071,False,1.0,0.6899394067707133,-45.970303161706994,-8.030335057692986
732,1916,hibrido,6.13162088394165,7.34867000579834,292.561304081777,838.4606704097163,351073564.8981324,False,1.0,0.6898028340824218,-45.22863028325899,-8.73062688322055
733,1998,hibrido,6.498970985412598,7.773115158081055,563.938245978007,1137.4323715991661,676725895.1736084,False,1.0,0.689795846155062,-44.9234607259956,-5.864955098867864
734,3457,hibrido,6.187280654907227,7.770033836364746,539.1174274545477,633.6966030740498,646940912.9454573,False,1.0,0.6897356697488132,-37.348994014158855,-12.999443018713661
735,1978,hibrido,5.741149425506592,7.273425579071045,157.674407210629,460.08769735983157,189209288.6527548,False,1.0,0.6896793403441216,-44.732852339459996,-13.006012350882996
736,1923,hibrido,6.397115707397461,7.853062629699707,545.1257326977997,1103.5413627203532,654150879.2373596,False,1.0,0.6895809503815463,-45.27884980055249,-6.22816878202366
737,2366,hibrido,6.221368789672852,7.590284824371338,405.4363837630217,924.2409499346842,486523660.515626,False,1.0,0.6895606513066218,-43.10304904605808,-6.543829082333612
738,1847,hibrido,6.476041793823242,7.491788864135742,490.2325867581604,1015.6597161329018,588279104.1097925,False,1.0,0.6894575039510559,-45.62816768688315,-6.949676160541977
739,4508,hibrido,6.120889663696289,7.725343227386475,602.060886430721,261.78473596210466,722473063.7168652,False,1.0,0.6894499261117247,-32.559176201404746,-7.5807070111369494
740,1845,hibrido,6.3141984939575195,7.483092784881592,418.0713214392967,938.7665255159179,501685585.72715604,False,1.0,0.6893013463740012,-45.61473961671529,-7.665351242916684
741,580,hibrido,6.95824670791626,6.37468957901001,459.06492227008806,742.986920401312,550877906.7241057,False,1.0,0.6890564866109772,-51.76261077714154,-10.270891682748886
742,1765,hibrido,5.786035537719727,7.5675249099731445,218.85564486193024,698.0541311945838,262626773.83431628,False,1.0,0.6889203053224625,-45.930791506316176,-9.820851508372344
743,1994,hibrido,6.008764266967773,8.033793449401855,419.61571534027985,1002.1662764378856,503538858.4083358,False,1.0,0.6889166830776353,-44.89727080318122,-7.293657456612169
744,1621,hibrido,6.5229082107543945,6.98146915435791,397.7144142581062,832.7845386067889,477257297.10972744,False,1.0,0.6885508409177737,-46.689306034378646,-8.40248516651639
745,1308,hibrido,5.820167064666748,6.815124988555908,146.58386343533704,139.66121060513214,175900636.12240446,False,1.0,0.6885247094698956,-48.01379356878622,-14.54106013208077
746,4283,hibrido,5.808929443359375,7.814227104187012,491.467988474636,158.38856649310827,589761586.1695632,False,1.0,0.6883185096003738,-33.591694109430236,-8.64983740772033
747,3386,hibrido,5.888719081878662,7.809675216674805,413.6074100970279,554.9495003467352,496328892.1164335,False,1.0,0.6881669013352893,-37.78386582498912,-11.979447614610267
748,4051,hibrido,6.010695457458496,8.108931541442871,615.2582789244303,477.60274106365875,738309934.7093164,False,1.0,0.6881367501216307,-34.4607619270304,-12.121706963081076
749,1549,hibrido,6.465681552886963,7.3756489753723145,487.143798956194,905.9002961556371,584572558.7474328,False,1.0,0.6877010371297986,-47.06473124529783,-7.690964562440275
750,2588,hibrido,5.8759446144104,7.873636245727539,353.63202562534866,807.5929628444003,424358430.75041837,False,1.0,0.6876025963027157,-42.01835077594471,-6.519666635684549
751,1466,hibrido,5.838843822479248,7.207301139831543,179.68622440053224,543.7179626465914,215623469.2806387,False,1.0,0.6870977438961607,-47.366257373421455,-10.929898190136749
752,1170,hibrido,6.110227584838867,6.961380481719971,248.75870191742965,546.8107351270662,298510442.3009156,False,1.0,0.687058294523263,-48.82973170675085,-10.958036851537473
753,2662,hibrido,5.5980753898620605,8.23482894897461,336.3639062461244,768.9395817199642,403636687.4953492,False,1.0,0.6870499630919505,-41.656807777278544,-6.5111460347442955
754,4050,hibrido,6.056155681610107,8.142356872558594,648.0451639749846,517.5757222948745,777654196.7699815,False,1.0,0.6869360437455899,-34.434540984845256,-12.463237753975871
755,1839,hibrido,5.889677047729492,7.3283586502075195,201.58752548270593,712.2052939928308,241905030.57924712,False,1.0,0.686803380263206,-45.566270955199144,-9.812061924269154
756,1320,hibrido,6.230435371398926,6.9264302253723145,286.38372847784456,619.3526225207411,343660474.17341346,False,1.0,0.6865539245167205,-48.11175240743,-10.225403832410862
757,2786,hibrido,6.099702835083008,8.068142890930176,564.1075163386876,791.681374337897,676929019.606425,False,1.0,0.6864960283607134,-40.5587451236891,-14.9453495449292
758,3381,hibrido,5.902106761932373,8.413783073425293,594.010573394187,723.0976407946544,712812688.0730244,False,1.0,0.6864919274644106,-37.66900502158547,-13.716682356003536
759,1451,hibrido,6.187482833862305,6.424086570739746,247.13875843522496,92.2697204397234,296566510.1222699,False,1.0,0.6864384985103836,-47.21354239928148,-16.31594638671832
760,1167,hibrido,5.958445072174072,6.791345596313477,140.51680393913423,428.92758798111305,168620164.72696108,False,1.0,0.6864140158976543,-48.80993528864407,-12.038403638569134
761,3091,hibrido,5.417776107788086,8.323668479919434,308.45429992069876,639.954647688447,370145159.9048385,False,1.0,0.6862034206154156,-39.270137640006766,-11.708092782384877
762,943,hibrido,6.162652015686035,6.3714375495910645,120.15989675794368,399.28232373170385,144191876.10953242,False,1.0,0.686139723478472,-49.90057950654992,-12.77798371840968
763,4129,hibrido,5.78941011428833,8.037839889526367,524.7814509338734,322.5601724038998,629737741.1206481,False,1.0,0.6855438655943948,-34.19288767165762,-10.733169514867036
764,4060,hibrido,5.719461441040039,7.584429740905762,386.99442746406476,118.66814203337432,464393312.9568777,False,1.0,0.6853843763721514,-34.662050705188165,-9.045440966417829
765,1018,hibrido,6.338128566741943,6.126901149749756,138.97241003815117,415.84157984880204,166766892.0457814,False,1.0,0.6845298916101938,-49.53849047384356,-12.411548617273732
766,3605,hibrido,5.953129768371582,8.127514839172363,573.6536662129963,599.7455778472593,688384399.4555956,False,1.0,0.6841269763510343,-36.613228170652675,-12.953196714527527
767,785,hibrido,6.051654815673828,6.1062235832214355,5.9732917833780546,296.8204927017675,7167950.140053665,False,1.0,0.6839193869729556,-50.58196958374464,-16.397191857782545
768,1156,hibrido,6.059410095214844,6.356018543243408,163.08858724930533,92.88430022687413,195706304.6991664,False,1.0,0.6838956948497232,-48.7198741237867,-15.99865233452497
769,3390,hibrido,5.4320268630981445,7.974431037902832,269.2848794593007,440.0544827460889,323141855.3511609,False,1.0,0.6836413052112169,-37.86378606587844,-10.588845624336752
770,1605,hibrido,5.943077087402344,6.707894802093506,179.57570829280266,233.3956541476678,215490849.95136318,False,1.0,0.6834963358722121,-46.54193072650363,-14.140305880510473
771,1161,hibrido,5.942791938781738,6.382323741912842,75.96699201745659,200.82994570900345,91160390.42094791,False,1.0,0.6830737239001579,-48.76428743478944,-14.198770425943303
772,1019,hibrido,6.362424373626709,6.196050643920898,175.05304269758295,452.6204307188493,210063651.23709956,False,1.0,0.6830095577598807,-49.54454483013656,-12.051062104038468
773,1774,hibrido,6.354086399078369,7.756295680999756,543.5813387968165,1044.7721680034103,652297606.5561798,False,1.0,0.6827279649597303,-45.996031696281186,-6.597695790751548
774,3900,hibrido,6.140862941741943,8.093460083007812,678.8067763893256,600.4346383948794,814568131.6671907,False,1.0,0.6826409668844327,-35.115586904818656,-13.198600873592081
775,1381,hibrido,5.921672821044922,6.668083190917969,199.93261547399317,103.54240526620697,239919138.5687918,False,1.0,0.6823627014357267,-47.632345783553475,-14.890625108630893
776,1469,hibrido,6.205875873565674,6.94055700302124,287.92812237882765,662.9120056413727,345513746.85459316,False,1.0,0.6823479006442141,-47.38905204974521,-9.852254083717835
777,1297,hibrido,6.176279544830322,5.9193034172058105,20.227196030334294,300.9217028481523,24272635.236401152,False,1.0,0.6822171516548419,-47.89027724399387,-18.4949017441438
778,3380,hibrido,6.134962558746338,8.096907615661621,630.0912060536189,758.5845029792896,756109447.2643427,False,1.0,0.6821750659722053,-37.643995544806934,-14.06397937411963
779,1604,hibrido,6.021275520324707,6.6343793869018555,215.65634095223442,204.28533134331678,258787609.1426813,False,1.0,0.68213782711983,-46.530018113942646,-14.4987704001162
780,3087,hibrido,5.558886528015137,8.528489112854004,452.7768305584259,749.8419508457816,543332196.6701111,False,1.0,0.6821098778010891,-39.1895087364178,-13.107571522299551
781,2069,hibrido,6.48030424118042,7.252747535705566,438.4282286204873,1053.866733091018,526113874.34458476,False,1.0,0.6820539997153539,-44.54247705262605,-6.929521837660208
782,4134,hibrido,5.765296936035156,7.565088748931885,424.61352711930726,130.93439056844306,509536232.5431687,False,1.0,0.6816240383164012,-34.29874097717617,-9.027141221034247
783,1079,hibrido,5.965706825256348,6.238701343536377,49.632806046859976,191.9572301220758,59559367.25623197,False,1.0,0.6815528047966918,-49.06601557476484,-17.087830062005978
784,2195,hibrido,5.760696887969971,7.774842262268066,389.88192864546096,479.8395018522287,467858314.37455314,False,1.0,0.6813188231676345,-43.547507010968644,-14.742969045466788
785,1169,hibrido,5.946343421936035,6.998548984527588,212.67806925799783,507.40609503358706,255213683.1095974,False,1.0,0.6812649809701103,-48.823353326128434,-11.318171654495867
786,2364,hibrido,6.046178817749023,7.5259575843811035,333.27511844415807,910.0449624118851,399930142.1329897,False,1.0,0.6812603475771626,-43.086598292237845,-7.254264912564264
787,1456,hibrido,5.700380325317383,7.001515865325928,181.12010219378575,155.6241471458395,217344122.6325429,False,1.0,0.681159474286235,-47.27183590404909,-14.521050691432016
788,1542,hibrido,5.707847595214844,7.552383899688721,234.5793703401715,628.8625471150972,281495244.4082058,False,1.0,0.6811446040098552,-47.016744382136444,-10.203927744229098
789,3830,hibrido,5.788386344909668,8.055627822875977,517.6167341241601,448.9310282597428,621140080.9489921,False,1.0,0.6809742386958714,-35.584913978612406,-11.849890148403544
790,949,hibrido,6.4427971839904785,6.626060485839844,336.6436927145345,616.3380425402958,403972431.2574414,False,1.0,0.6808175355398504,-49.93236151698458,-10.613924331343455
791,3383,hibrido,5.770028591156006,8.273368835449219,521.8493080753234,653.6892977919352,626219169.6903881,False,1.0,0.6808000470474943,-37.71697314991977,-13.021934065798739
792,1177,hibrido,6.632518768310547,6.960208892822266,501.32313053345223,824.2507042526478,601587756.6401427,False,1.0,0.6807767876404275,-48.86832436033239,-8.436778716926625
793,2140,hibrido,5.99832010269165,7.581075668334961,312.9182112629675,960.6085558179342,375501853.515561,False,1.0,0.6806546736195126,-44.15650912014772,-7.991500802060174
794,4438,hibrido,6.104611396789551,7.603981018066406,590.4796451868904,297.90696724432144,708575574.2242684,False,1.0,0.6803934923930441,-32.98396058054475,-6.242584014745806
795,1992,hibrido,6.259441375732422,7.218677043914795,347.4544500214162,927.6072315821166,416945340.02569944,False,1.0,0.680322259944081,-44.881985806229544,-8.00793450954686
796,3085,hibrido,5.812020778656006,8.34282112121582,524.9380958772896,811.0631611183491,629925715.0527475,False,1.0,0.6802897488418437,-39.14548269340896,-13.807058512912219
797,1082,hibrido,6.006259918212891,6.338992118835449,134.965026113905,132.17670942736726,161958031.336686,False,1.0,0.6802617879362212,-49.09347960121599,-16.0074777298117
798,725,hibrido,6.494833946228027,6.450770854949951,316.2867855333439,598.7654640973351,379544142.6400127,False,1.0,0.6797014368854467,-51.02169223710913,-11.348434144619336
799,1815,hibrido,6.171855926513672,6.527408599853516,217.0921239781366,403.796416824317,260510548.77376392,False,1.0,0.6796671484605684,-45.241892210984794,-18.391900445345765
800,3681,hibrido,5.6615495681762695,8.292121887207031,518.7605202733571,510.68184300221384,622512624.3280286,False,1.0,0.6793018950108703,-36.2943202456977,-12.239594754969277
801,3677,hibrido,6.213266372680664,7.930532932281494,663.0830509110842,662.6589959566692,795699661.093301,False,1.0,0.6792338056553435,-36.193650454977835,-13.619086138732163
802,2125,hibrido,5.4782938957214355,7.766343116760254,228.29127862850947,501.6505515955123,273949534.3542114,False,1.0,0.6792323376716826,-43.98136564590342,-13.335130049730193
803,1391,hibrido,6.042994022369385,6.65586519241333,160.8737111203248,500.13136016250957,193048453.34438977,False,1.0,0.6791927739587071,-47.724386959952774,-11.297018137342524
804,1399,hibrido,6.395885467529297,7.161387920379639,449.5187723957792,819.7924466605888,539422526.874935,False,1.0,0.6786318992359512,-47.77876756724051,-8.421098856415023
805,1011,hibrido,5.983801364898682,6.341864585876465,113.59201857787143,197.32454515433292,136310422.2934457,False,1.0,0.6783751695966562,-49.490637088365496,-14.934582630392814
806,1387,hibrido,5.715509414672852,6.6264753341674805,16.55118048259764,340.53962812883566,19861416.579117168,False,1.0,0.6780721820274964,-47.69086021719041,-12.734654839270872
807,1078,hibrido,5.909423828125,6.219810485839844,21.188732691178313,222.94964324521922,25426479.229413975,False,1.0,0.677991806062387,-49.0564022839963,-17.447912234651476
808,2294,hibrido,6.225833892822266,7.696386337280273,494.8657684611096,983.2594503798117,593838922.1533315,False,1.0,0.677901978111452,-43.47889275482805,-5.840089442984226
809,2440,hibrido,6.082242488861084,7.544068336486816,388.16826438379735,885.2587306748485,465801917.2605568,False,1.0,0.6778344680046704,-42.74147170630654,-6.5360099966907255
810,1698,hibrido,6.426610469818115,7.328453063964844,488.6881928571772,958.1805689821824,586425831.4286127,False,1.0,0.6777887823402351,-46.346016521285364,-7.3202791418769255
811,1620,hibrido,6.233089447021484,7.142998218536377,361.6337815986743,793.4664787938765,433960537.91840917,False,1.0,0.6777804395925332,-46.68240296011148,-8.761209911349386
812,1242,hibrido,5.880694389343262,6.85476541519165,159.32931721934165,462.0354112163417,191195180.66320997,False,1.0,0.6774838552401311,-48.44995391701705,-11.671469640461837
813,4274,hibrido,5.969501495361328,8.120922088623047,664.4688454638922,458.59479754311315,797362614.5566707,False,1.0,0.6772519161742385,-33.38801795361008,-11.707183469877124
814,1382,hibrido,5.7425079345703125,6.807255744934082,163.8519828145614,142.34487859168127,196622379.37747368,False,1.0,0.6771139545120398,-47.642798163602606,-14.531340522320033
815,2072,hibrido,6.302361488342285,7.803433418273926,546.6701265987826,1098.7329460162646,656004151.9185392,False,1.0,0.6770035264892633,-44.56230709173342,-5.8590633065427475
816,648,hibrido,6.443554878234863,6.173768520355225,225.3130069342729,530.226523255109,270375608.3211275,False,1.0,0.6769059580503829,-51.37775592976543,-12.435544665731493
817,1843,hibrido,6.1819915771484375,7.224660396575928,345.9100561204331,862.4387050007035,415092067.34451973,False,1.0,0.6766935603186979,-45.59995540546645,-8.38097701460028
818,727,hibrido,6.578679084777832,6.522364616394043,388.44805085220753,666.9348922808246,466137661.02264905,False,1.0,0.6763767215972165,-51.02893214108818,-10.626182055594931
819,1299,hibrido,5.93562650680542,6.30609655380249,77.11534274169763,220.9885535292942,92538411.29003716,False,1.0,0.6763715607270246,-47.915271110657415,-17.77620357684346
820,2858,hibrido,6.174601078033447,8.063684463500977,653.5369010367755,829.7193137689352,784244281.2441306,False,1.0,0.6762198207812737,-40.14069300314544,-15.62613779271134
821,4426,hibrido,6.160128593444824,7.61937141418457,635.6914570574206,352.86195825449744,762829748.4689047,False,1.0,0.6761343811469529,-32.75758515633727,-10.304566313737382
822,4427,hibrido,6.021293640136719,7.763057708740234,617.9675103186848,322.3837954141894,741561012.3824219,False,1.0,0.6757654548332558,-32.78087131275654,-9.966339411405409
823,1313,hibrido,5.815745830535889,6.468692779541016,33.81929986182201,339.4266159459748,40583159.83418641,False,1.0,0.675477828336753,-48.05909242757502,-12.743130865506203
824,1394,hibrido,6.340465068817139,6.519285202026367,269.1156090986202,619.9632906365578,322938730.91834426,False,1.0,0.6754516380994305,-47.74673366504577,-10.218641460025742
825,1611,hibrido,5.7173171043396,6.72581148147583,36.90808766378818,445.1064367236583,44289705.19654582,False,1.0,0.6752267011529006,-46.60658793638302,-11.989113466415176
826,1468,hibrido,6.080763339996338,6.891417980194092,251.84748971939584,623.1462849528177,302216987.663275,False,1.0,0.6751445664295741,-47.38173069946935,-10.211482198889854
827,2218,hibrido,6.1827168464660645,7.5757646560668945,439.97262252147044,1002.4459886379987,527967147.0257645,False,1.0,0.6746019186411808,-43.82623595611331,-6.558753225529987
828,2102,hibrido,6.390153408050537,5.670502185821533,73.61881577129915,392.6259875342336,88342578.92555898,False,1.0,0.6741708370471963,-43.519085067379464,-21.51643654151186
829,1979,hibrido,5.502826690673828,7.325157642364502,121.59377455119714,487.05412844450973,145912529.46143657,False,1.0,0.6737401766475666,-44.74601715283583,-12.649135902447918
830,4439,hibrido,6.005244731903076,7.718266487121582,604.0251870689859,326.4480220420525,724830224.4827831,False,1.0,0.6735866380307838,-32.99768223549753,-5.903815553541443
831,4354,hibrido,6.000148296356201,7.561724662780762,565.2717032708271,265.87473518226705,678326043.9249924,False,1.0,0.6733896509426971,-33.16711982874991,-9.648881062196722
832,4422,hibrido,6.282787322998047,7.7422776222229,724.5569457544635,488.7049843549397,869468334.9053563,False,1.0,0.6733355499611839,-32.65619930006161,-11.656872792379003
833,2793,hibrido,5.5797319412231445,8.011642456054688,311.54308772266495,815.8772606057972,373851705.26719797,False,1.0,0.6732172007353663,-40.700700147747156,-12.482081690322538
834,1457,hibrido,5.474570274353027,7.155269622802734,145.039469534354,192.24960324494543,174047363.44122478,False,1.0,0.6722454653276617,-47.282588384349424,-14.162012815862655
835,1772,hibrido,6.243715286254883,7.49181604385376,471.42007347795294,966.8851087324741,565704088.1735436,False,1.0,0.6720227803025192,-45.98381441935578,-7.314037941224612
836,2589,hibrido,5.918705463409424,7.662076950073242,389.7126582847804,818.5512467758242,467655189.94173646,False,1.0,0.6720205324729261,-42.026640117234926,-6.165748930742076
837,2050,hibrido,5.786259174346924,7.152240753173828,247.1037919087169,446.9400747634109,296524550.2904603,False,1.0,0.6719731487438154,-44.3358070916309,-13.705701021890922
838,1548,hibrido,6.2679338455200195,7.303903102874756,451.0631662967623,866.2068527793473,541275799.5561148,False,1.0,0.671810440669217,-47.05873123746148,-8.049994428475145
839,1837,hibrido,5.579524040222168,7.3218913078308105,129.42626016384233,638.8695573006091,155311512.1966108,False,1.0,0.6717086293975613,-45.547344066632824,-10.527511662632701
840,1915,hibrido,5.664174556732178,7.6761155128479,256.48067142234515,801.4207765281243,307776805.70681417,False,1.0,0.6713112192067932,-45.2200369119574,-9.088067014912053
841,3306,hibrido,6.022570610046387,8.064726829528809,612.8230866743943,777.4244409976184,735387704.0092732,False,1.0,0.6708844987166347,-38.01352022226595,-14.087875746724587
842,862,hibrido,5.953335285186768,6.304459571838379,107.48248941906729,257.4535296324688,128978987.30288075,False,1.0,0.6708316460287375,-50.22775862713553,-15.308725842505028
843,1384,hibrido,5.7646565437316895,6.5339155197143555,91.69071749569777,221.23321180875752,110028860.99483733,False,1.0,0.6707226755780057,-47.66285677150833,-13.812717439328516
844,3747,hibrido,6.4514665603637695,7.983952045440674,824.6737009280359,809.752821404372,989608441.1136432,False,1.0,0.6705606356412567,-35.710473064288685,-14.96945792043707
845,1095,hibrido,6.209336280822754,6.452199459075928,229.94618863722218,516.0466399112042,275935426.36466664,False,1.0,0.6705258987986904,-49.18970924434045,-11.324335380485248
846,3975,hibrido,6.144887924194336,7.803747177124023,661.249089824113,557.676601308254,793498907.7889355,False,1.0,0.6705240633881727,-34.7749769420561,-12.830440616508373
847,1745,hibrido,5.932058334350586,6.891871929168701,302.74485626546294,269.18186160743505,363293827.5185555,False,1.0,0.6704984652381628,-45.68657828078314,-16.97840752078696
848,2939,hibrido,5.894622325897217,7.739568710327148,418.2405917999772,805.5678604862874,501888710.15997267,False,1.0,0.6701445160016102,-39.92613366848657,-13.147728796244207
849,4366,hibrido,6.029587268829346,7.565104007720947,583.8618683583913,334.25495412596524,700634242.0300696,False,1.0,0.6696554620132741,-33.37143020145654,-5.576978338230762
850,3756,hibrido,5.832640647888184,7.759726524353027,499.94800699314965,459.6491938799344,599937608.3917795,False,1.0,0.6696537236463616,-35.951267117775146,-11.87242378062242
851,1814,hibrido,5.901612758636475,6.747740745544434,188.6480506224549,434.40823135293897,226377660.74694586,False,1.0,0.6694008335452306,-45.22349764755308,-18.74907146831279
852,867,hibrido,6.201916217803955,5.847021579742432,65.26675081830442,360.5377841295718,78320100.9819653,False,1.0,0.6693333461521082,-50.25799729450194,-13.505013112096938
853,4433,hibrido,6.073176383972168,7.324605464935303,561.929831217029,218.28836735019382,674315797.4604348,False,1.0,0.669240912831426,-32.90358751437311,-7.935871616543153
854,4432,hibrido,6.1427412033081055,7.21302604675293,564.6104143370995,221.42732748681667,677532497.2045194,False,1.0,0.6687112472048848,-32.88514070419981,-8.274404651076932
855,2642,hibrido,5.7461934089660645,7.809943199157715,385.24874694251173,742.5698055659404,462298496.3310141,False,1.0,0.6686851211296944,-41.38136922958835,-13.575486826948056
856,2714,hibrido,5.92378568649292,7.786693096160889,474.6781316405996,762.2890903757511,569613757.9687195,False,1.0,0.668543059878609,-40.97224087747457,-14.26176588915809
857,1613,hibrido,5.819991588592529,6.718618392944336,109.06935298265178,521.1543049412238,130883223.57918213,False,1.0,0.6685106136243888,-46.62559551528215,-11.271907497302376
858,1245,hibrido,6.185079097747803,6.6198835372924805,267.57121519763706,581.4635203834898,321085458.2371645,False,1.0,0.6683982905959738,-48.470428274233605,-10.591711760546241
859,2071,hibrido,6.073306083679199,7.926885604858398,510.5894939393509,1089.125491713017,612707392.7272211,False,1.0,0.6683846511971714,-44.556073344174074,-6.2158943757822644
860,1601,hibrido,5.754078388214111,7.102982521057129,323.8982389305297,150.69635789607398,388677886.71663564,False,1.0,0.6683696609757181,-46.49228374302762,-15.574037605899367
861,420,hibrido,6.2169671058654785,5.939083576202393,66.13651787391403,509.9250191789162,79363821.44869684,False,1.0,0.6683268348711304,-52.46763815559774,-14.612501417885724
862,947,hibrido,6.094997882843018,6.719422340393066,264.48242739567087,541.839933131977,317378912.87480503,False,1.0,0.6681613286935119,-49.92246513234466,-11.335322654822685
863,2273,hibrido,5.575735092163086,7.582553863525391,262.8275173869581,571.635283500993,315393020.8643497,False,1.0,0.6679395915667863,-43.243613709923565,-13.30540092898441
864,1687,hibrido,5.59076452255249,7.042449951171875,91.80123360342742,534.0024534329028,110161480.3241129,False,1.0,0.6677640706186656,-46.259375556351344,-11.262666949491544
865,2219,hibrido,6.005673885345459,7.86054801940918,476.05325518090217,1011.2950657937939,571263906.2170826,False,1.0,0.6676718082618296,-43.83333110989427,-6.202697295237676
866,3162,hibrido,5.750030517578125,7.880962371826172,433.9643172782185,693.3573306099412,520757180.7338622,False,1.0,0.667670209227995,-38.84284028579583,-12.73758418104443
867,1319,hibrido,5.984317779541016,6.88460111618042,250.30309581841274,579.358814768836,300363714.9820953,False,1.0,0.6676693394606174,-48.104980189413006,-10.585119113134397
868,4423,hibrido,6.080401420593262,7.879833221435547,699.9735586968441,453.2684763976214,839968270.4362129,False,1.0,0.667664205697475,-32.68279064797669,-11.318890459800382
869,2144,hibrido,6.185866832733154,7.5399250984191895,457.2407419006947,1041.6507444611836,548688890.2808336,False,1.0,0.6676109115342098,-44.18784490396638,-6.5658548908991765
870,3978,hibrido,6.012592792510986,7.5807695388793945,559.455989774245,437.7926924174306,671347187.729094,False,1.0,0.6675639052593672,-34.85237988083204,-11.80373146618941
871,4271,hibrido,6.522892951965332,7.409888744354248,752.1822923275018,574.1514943342318,902618750.7930022,False,1.0,0.6675631569454771,-33.30562483225447,-12.72523353796009
872,1747,hibrido,6.017130374908447,6.837390422821045,359.6330029768263,237.36247421271622,431559603.57219154,False,1.0,0.6675494971972082,-45.717530614892105,-16.263056276052566
873,2865,hibrido,5.654036521911621,8.064481735229492,400.9724724207529,834.9119062203976,481166966.90490353,False,1.0,0.6674366508178525,-40.29453166030102,-13.167126239722496
874,1752,hibrido,5.962693691253662,6.642358779907227,250.19257971068313,268.4140794169105,300231095.65281975,False,1.0,0.6673237136898321,-45.78835459879691,-14.474240624538968
875,1315,hibrido,5.652001857757568,6.874478340148926,105.98056518068556,419.3953947749955,127176678.21682267,False,1.0,0.6672716420906328,-48.075399331978254,-12.023849798571966
876,4052,hibrido,6.086728572845459,7.5213212966918945,583.3720639683902,437.63469724643573,700046476.7620683,False,1.0,0.6672106474846924,-34.48620021094456,-11.780115997112002
877,3899,hibrido,6.228941440582275,7.835300445556641,714.8874090487575,640.2358979485065,857864890.858509,False,1.0,0.6671815452251695,-35.08791060508076,-13.541352076364525
878,2421,hibrido,5.605165958404541,7.678622722625732,297.36375614540685,643.9569230705105,356836507.37448823,False,1.0,0.6669479187210597,-42.506044012532335,-13.2737059405275
879,2196,hibrido,5.5609893798828125,7.773441314697266,353.80129598602923,489.6804900246323,424561555.18323505,False,1.0,0.6669015270724284,-43.5644288557615,-14.387398345594558
880,935,hibrido,5.877758979797363,6.321834564208984,107.16197719878595,211.41924193610402,128594372.63854314,False,1.0,0.6668514637610754,-49.84817004397515,-15.662686849739927
881,2565,hibrido,5.7839250564575195,7.915729522705078,476.2225255415828,676.779137611187,571467030.6498994,False,1.0,0.6667973277872007,-41.69281725381645,-14.653585886187043
882,2143,hibrido,6.229776382446289,7.346181869506836,421.1601092412629,1034.6093579095827,505392131.08951545,False,1.0,0.6666946952999104,-44.180601024562655,-6.922286845880078
883,2417,hibrido,5.930455684661865,7.503347873687744,441.68628678313405,597.7594664064829,530023544.13976085,False,1.0,0.6663094380356497,-42.43451518493611,-14.690956372732982
884,2272,hibrido,5.765914440155029,7.330528736114502,298.9081500463899,554.640300167858,358689780.0556679,False,1.0,0.6661627654699924,-43.22752463482548,-13.660639062518882
885,1846,hibrido,5.9798173904418945,7.786806583404541,454.1519540987286,977.1507684089481,544982344.9184743,False,1.0,0.6661577017956091,-45.62162248673483,-7.307519574321282
886,1231,hibrido,5.741513252258301,6.709804058074951,219.65622174038728,54.086400464391616,263587466.08846474,False,1.0,0.6661040514310672,-48.35631433576336,-15.62947086828136
887,4424,hibrido,6.206247806549072,7.551761627197266,676.8627616499608,418.65506285996383,812235313.9799529,False,1.0,0.6659308863187814,-32.70854909658887,-10.980843889638278
888,1235,hibrido,5.77743673324585,6.408915042877197,93.23511139668096,186.25111491497358,111882133.67601715,False,1.0,0.6659154016486866,-48.39381906497645,-14.190418834158315
889,1818,hibrido,5.877321243286133,6.953993797302246,302.42434404518156,324.46055316334633,362909212.8542179,False,1.0,0.6659142833109427,-45.294595803607656,-17.320206261966643
890,3010,hibrido,5.748464107513428,8.311506271362305,543.7506091574969,867.2612147795803,652500730.9889963,False,1.0,0.6657009805646243,-39.49233643770174,-14.178727131977771
891,941,hibrido,5.838738918304443,6.304313659667969,47.99863143908006,333.982491305534,57598357.72689607,False,1.0,0.6654921027247196,-49.88857219579724,-13.499240965258247
892,3602,hibrido,6.325148582458496,7.620018482208252,681.8955641912918,712.6257841672341,818274677.0295502,False,1.0,0.665375818817682,-36.53587041058528,-13.989532941519343
893,1076,hibrido,6.0494608879089355,5.88431453704834,35.699414020185024,291.5895640746295,42839296.82422203,False,1.0,0.6651583792155134,-49.036475315629936,-18.16802145658807
894,4511,hibrido,6.070168972015381,7.4969892501831055,618.2377832766354,305.27118742214515,741885339.9319624,False,1.0,0.6651427318789146,-32.608080440354115,-6.566968970458649
895,2494,hibrido,5.862502574920654,7.392436981201172,350.712508184063,666.5555451056272,420855009.8208756,False,1.0,0.6646864768041949,-42.11967578745013,-13.611032321971924
896,3236,hibrido,5.645090579986572,8.019442558288574,451.2324366574428,667.3874995910694,541478923.9889314,False,1.0,0.6640860479926616,-38.47514932897369,-12.716975296743001
897,2120,hibrido,5.801846981048584,7.440068244934082,408.6944419256685,433.5298167960729,490433330.3108022,False,1.0,0.6640493989814125,-43.90182579196268,-15.115162304301005
898,3601,hibrido,6.040402889251709,8.196316719055176,717.9761968507236,750.7434703662138,861571436.2208682,False,1.0,0.6640320187760282,-36.5086302306058,-14.334863258024097
899,1547,hibrido,6.060851573944092,7.378820419311523,414.98253363733045,826.542967442669,497979040.3647965,False,1.0,0.6640227918710568,-47.05244831912727,-8.409013402101616
900,1013,hibrido,5.938145160675049,6.023961544036865,41.43075325900787,247.424828314182,49716903.91080945,False,1.0,0.6639815158084281,-49.50530074532985,-14.213785683840646
901,1100,hibrido,6.4421162605285645,6.643402576446533,410.34935193438116,711.3433126335619,492419222.3212574,False,1.0,0.6639534437338485,-49.21734395778184,-9.522545160565377
902,723,hibrido,6.480724811553955,5.955441474914551,244.12552021448036,533.8895123991097,292950624.25737643,False,1.0,0.6637255359893527,-51.01394400956955,-12.070646073621354
903,1470,hibrido,6.12714958190918,6.902044296264648,324.00875503825944,702.7043204623382,388810506.0459113,False,1.0,0.66368889886645,-47.39609850685036,-9.493013182161368
904,1083,hibrido,5.83226203918457,6.432590007781982,163.40909946958666,131.95346637362627,196090919.363504,False,1.0,0.6636606979808248,-49.102182243562325,-15.647326247142043
905,2047,hibrido,5.668850898742676,7.471510410308838,355.3456898870122,401.91084348474124,426414827.86441463,False,1.0,0.6635711389600452,-44.28977900625929,-14.774901720236903
906,1392,hibrido,5.813230514526367,6.910212516784668,196.95434377975664,540.0670441630103,236345212.53570798,False,1.0,0.663421815745048,-47.73209971218988,-10.93757269979513
907,792,hibrido,6.286281585693359,5.563251972198486,46.454237538097004,363.9912750307392,55745085.045716405,False,1.0,0.6633752361140919,-50.62228693321638,-13.871160734110392
908,2938,hibrido,5.896087646484375,7.752997875213623,454.32122445940905,833.7384649193027,545185469.3512908,False,1.0,0.6633613039976416,-39.90542565590936,-13.498604506713368
909,1841,hibrido,5.824166297912598,7.3214111328125,273.74879080156956,786.840803680994,328498548.9618835,False,1.0,0.6632992578997143,-45.58380343427312,-9.096548804861175
910,1375,hibrido,5.834403038024902,6.428051471710205,162.12705058846132,143.78741617574613,194552460.70615357,False,1.0,0.6631805121435007,-47.56356580870682,-17.045926569467184
911,4514,hibrido,6.137668609619141,7.526001453399658,656.3220264259537,382.9487534351092,787586431.7111444,False,1.0,0.662935723032266,-32.649834074002584,-5.552895884364496
912,1455,hibrido,5.6388421058654785,6.875339031219482,217.2007348532175,121.15213742192442,260640881.823861,False,1.0,0.6628190927667246,-47.26078451037521,-14.88006962725179
913,1158,hibrido,5.692784309387207,6.680715084075928,184.20888999575192,108.2107331764006,221050667.9949023,False,1.0,0.6626387482215758,-48.73835065618948,-15.278749312041366
914,1305,hibrido,5.940112113952637,6.381070137023926,247.77978287578762,21.957901283682755,297335739.45094514,False,1.0,0.6626345223600073,-47.98343084566465,-15.619612978618942
915,2937,hibrido,5.797880172729492,8.026726722717285,490.40185711884095,862.844179399465,588482228.5426091,False,1.0,0.6625712367592302,-39.88412041091771,-13.849439079433736
916,1166,hibrido,5.989134311676025,6.21737813949585,104.43617127970245,389.9203007773851,125323405.53564294,False,1.0,0.6624520824096651,-48.80289288230342,-12.398500036113479
917,1849,hibrido,6.72198486328125,6.9223809242248535,562.3938520770239,1092.9989608966264,674872622.4924287,False,1.0,0.6623915216388573,-45.6402501280508,-6.233956421463175
918,1085,hibrido,5.731808185577393,6.512172222137451,130.8601379570958,163.9932524037309,157032165.54851493,False,1.0,0.66239098561708,-49.11892073080965,-14.92697444612586
919,3531,hibrido,5.448938846588135,8.553767204284668,556.385546833772,615.6566181301606,667662656.2005264,False,1.0,0.661933904552288,-36.9810787150836,-12.976528925301434
920,2866,hibrido,5.745189189910889,7.7026472091674805,364.89183976132114,808.7630314937975,437870207.7135854,False,1.0,0.6619280559712385,-40.31415960421561,-12.815675604845046
921,2049,hibrido,5.881653785705566,6.9159626960754395,283.18442456814876,428.73581102650417,339821309.4817785,False,1.0,0.6617195110179436,-44.32088805101376,-14.062127769751088
922,4276,hibrido,5.697267532348633,8.097471237182617,612.1105104958522,383.07791408345025,734532612.5950226,False,1.0,0.6616074459647665,-33.438867864202805,-11.028164580922633
923,2789,hibrido,5.536376953125,8.292826652526855,455.86561836039215,809.5569793365062,547038742.0324706,False,1.0,0.6615739290356232,-40.623011202242516,-13.889897140559594
924,3229,hibrido,6.1603264808654785,8.052087783813477,703.7968652734654,901.9245117376539,844556238.3281585,False,1.0,0.6614907605105184,-38.307154631514194,-15.156530149140753
925,4499,hibrido,5.908712387084961,7.991026401519775,689.9676614643315,409.0886191531317,827961193.7571979,False,1.0,0.6613973539074516,-32.36875371061018,-10.619371565883878
926,4217,hibrido,5.878732204437256,7.3610053062438965,494.4194019659273,261.88404112419477,593303282.3591127,False,1.0,0.6613021371378041,-34.080700689505214,-5.941403164245217
927,1238,hibrido,5.8230671882629395,6.141077518463135,15.006786581614447,303.5005471592725,18008143.897937335,False,1.0,0.6612044713490703,-48.41933231044524,-13.110958211216587
928,1606,hibrido,5.532222270965576,6.94141149520874,143.4950756333708,265.3574309266405,172194090.76004493,False,1.0,0.6611793000394226,-46.55351477642148,-13.781821184573745
929,864,hibrido,5.721659183502197,6.368251323699951,42.975147159990996,286.64331400916114,51570176.5919892,False,1.0,0.6611008774216123,-50.24035769142311,-14.587281342907714
930,1020,hibrido,6.128738880157471,6.354392051696777,211.13367535701474,489.90436727700813,253360410.42841768,False,1.0,0.6610692485273815,-49.55040767628836,-11.690563391319305
931,1464,hibrido,5.478134632110596,7.096157550811768,107.52495908166863,464.48590221730325,129029950.89800236,False,1.0,0.6607935602222494,-47.34966603638486,-11.648257391303696
932,2268,hibrido,5.742221355438232,7.644049644470215,443.23068068411715,512.895431329248,531876816.82094055,False,1.0,0.6603932461213362,-43.15848208867818,-15.081293195323708
933,4352,hibrido,5.794600486755371,7.840076923370361,600.6427124766661,329.620804688239,720771254.9719994,False,1.0,0.660369815121641,-33.12201741852278,-10.326883875484945
934,3156,hibrido,6.121465682983398,7.929802894592285,650.4481132348093,886.9193244798469,780537735.8817711,False,1.0,0.6600887970992249,-38.703888294516744,-14.832310897961992
935,2638,hibrido,6.035539627075195,7.575334072113037,529.5712775802388,711.9310198652413,635485533.0962865,False,1.0,0.6599439678517939,-41.30119558448734,-14.98690183323448
936,861,hibrido,5.812819957733154,6.270866870880127,79.03841606338561,251.2792970923937,94846099.27606273,False,1.0,0.6599114795053808,-50.221203341026914,-15.669426827100144
937,1895,hibrido,5.8135600090026855,7.267494201660156,415.88012524762695,315.3641793095107,499056150.29715234,False,1.0,0.6597043540881851,-44.96984086142664,-16.232826509391998
938,3977,hibrido,6.012592792510986,7.5807695388793945,592.630398528959,477.74751864519794,711156478.2347507,False,1.0,0.6596741380464328,-34.82735080381535,-12.146027010813143
939,3234,hibrido,5.647249698638916,8.195917129516602,523.3937019763064,731.1405984388373,628072442.3715676,False,1.0,0.6592666013461763,-38.43044006565979,-13.414234060191854
940,1775,hibrido,6.388915061950684,7.454312801361084,579.6619714562482,1083.8311297464727,695594365.7474979,False,1.0,0.6592627304005244,-46.00165812256215,-6.239509218348329
941,2342,hibrido,6.051346778869629,7.205478668212891,460.49880006334143,552.646844008002,552598560.0760098,False,1.0,0.6592535187471867,-42.78689875833199,-15.063517218689306
942,4505,hibrido,6.027192115783691,7.415098667144775,609.5380753231772,269.577443595289,731445690.3878126,False,1.0,0.6592076889734838,-32.50304650262965,-8.594056477238878
943,1672,hibrido,5.86707067489624,6.767162799835205,303.06536848574433,214.57655668274649,363678442.1828932,False,1.0,0.6591724007160029,-46.07684440938389,-16.635247862424016
944,1898,hibrido,5.99169397354126,6.801455497741699,356.89008378799537,315.08359194104077,428268100.54559445,False,1.0,0.6590719553268686,-45.01725714598142,-15.161700225612414
945,4496,hibrido,6.11361026763916,7.890828609466553,755.9859311954793,507.8328942016639,907183117.4345752,False,1.0,0.6590478919822435,-32.29038237221169,-11.631225771424342
946,1523,hibrido,5.698009014129639,6.765985012054443,218.37417285926202,178.29313637287348,262049007.43111444,False,1.0,0.6587367190719104,-46.81261204573551,-17.020919567525777
947,1168,hibrido,6.087718963623047,6.262332916259766,176.59743659856602,468.1024572721922,211916923.91827923,False,1.0,0.6584254071407106,-48.81675497008421,-11.678294047470557
948,1317,hibrido,5.941870212554932,6.528604030609131,178.14183049954917,499.37417504754126,213770196.599459,False,1.0,0.658252147640193,-48.09069108715764,-11.30451140209512
949,932,hibrido,5.880403518676758,5.956151962280273,21.829757131740955,233.398782220323,26195708.558089145,False,1.0,0.6581521183702633,-49.825434014463504,-16.744209768234303
950,1521,hibrido,5.936301231384277,6.263634204864502,161.48602614789863,246.3866330216353,193783231.37747836,False,1.0,0.6578589395839602,-46.78442310354624,-17.73806742305578
951,1599,hibrido,6.238823890686035,6.0928053855896,303.38588070602566,161.32985693046265,364063056.8472308,False,1.0,0.6577206288962747,-46.46543716615185,-16.290771792294112
952,2122,hibrido,5.802770137786865,7.146984100341797,336.5331766068049,451.4755492794429,403839811.92816585,False,1.0,0.657591468448572,-43.93496237099159,-14.403233181270789
953,1236,hibrido,5.837619781494141,6.101036071777344,57.154478737249114,225.01224984440233,68585374.48469894,False,1.0,0.6571305914568117,-48.40256945743262,-13.830614285320992
954,3826,hibrido,6.032505035400391,7.809962749481201,661.5386570101012,605.8548244295106,793846388.4121215,False,1.0,0.6569847401292028,-35.483624071869706,-13.224243428911887
955,1970,hibrido,5.814814567565918,7.335355758666992,446.3194684860833,350.0748649619388,535583362.18329996,False,1.0,0.6568794143647422,-44.6129419020733,-15.860133966166496
956,2038,hibrido,5.876634120941162,7.008671283721924,329.90688074001935,468.6822091288455,395888256.8880232,False,1.0,0.6566979409408689,-44.128144867025284,-17.980929454729278
957,1530,hibrido,5.85650634765625,6.416772842407227,198.38822157301016,177.13183194575535,238065865.8876122,False,1.0,0.6566356288306587,-46.9009086176218,-14.51019311517486
958,565,hibrido,6.018832206726074,5.893573760986328,33.455828478215714,410.9915355489573,40146994.17385886,False,1.0,0.6566156498312166,-51.71354655077857,-15.690081201028176
959,498,hibrido,6.4729766845703125,5.699250221252441,187.6879803738579,540.8738068996165,225225576.44862947,False,1.0,0.6565417031345743,-52.1081588479371,-13.164412084764544
960,4431,hibrido,5.855576515197754,7.507235527038574,570.091838868286,231.53900620736619,684110206.6419432,False,1.0,0.6565357572928685,-32.865896097221004,-8.61289163299826
961,1905,hibrido,5.502931594848633,6.971844673156738,104.32565517197277,459.200297605796,125190786.20636733,False,1.0,0.6564566632278923,-45.1140114092826,-12.661524529225282
962,3005,hibrido,6.697531223297119,7.160794258117676,724.153772454656,911.4859989574181,868984526.9455872,False,1.0,0.656423087603428,-39.3707788067018,-15.92922786073158
963,3827,hibrido,5.815334320068359,8.01332950592041,625.4580243506693,566.4625479649757,750549629.2208033,False,1.0,0.6560885236138067,-35.510073826670094,-12.880741583276812
964,944,hibrido,6.14311408996582,6.045501232147217,156.24052941737546,433.7826746396843,187488635.30085054,False,1.0,0.6559869566553015,-49.90631526848007,-12.417336260079086
965,1681,hibrido,5.215817928314209,7.366764068603516,124.68256235316338,321.11121381002135,149619074.82379606,False,1.0,0.655899492773909,-46.195604542281835,-13.412254127540312
966,1252,hibrido,6.726311206817627,6.485005855560303,520.1356438136596,860.7479706322544,624162772.5763916,False,1.0,0.6556758211515481,-48.51011661194288,-8.071872206366288
967,863,hibrido,5.973201751708984,5.9507670402526855,79.05577981942277,269.487206919337,94866935.78330731,False,1.0,0.6552911065358125,-50.234142957448185,-14.948010573766329
968,1173,hibrido,6.066596984863281,6.923088073730469,357.0005998957251,665.4510382959138,428400719.8748701,False,1.0,0.6552072193153741,-48.84755976709455,-9.877561904989873
969,3679,hibrido,5.904167175292969,7.773496150970459,590.9217855922208,586.1368823467939,709106142.7106649,False,1.0,0.6551341751856344,-36.24544327100203,-12.929451377398367
970,1450,hibrido,5.709872245788574,6.634545803070068,218.69468507954332,122.36284786264038,262433622.09545198,False,1.0,0.6547799089805961,-47.20096024066739,-16.674863424904363
971,1848,hibrido,6.546690464019775,6.94428014755249,526.3132194175921,1054.2797037542437,631575863.3011105,False,1.0,0.6544748644816504,-45.6343764967573,-6.591821582819108
972,493,hibrido,6.217055320739746,5.514853477478027,10.527356370265343,461.34509981708754,12632827.644318411,False,1.0,0.6544182245870007,-52.093239348556175,-14.971078319109935
973,2121,hibrido,5.585233211517334,7.54085636138916,372.61380926623673,440.78241437721357,447136571.11948407,False,1.0,0.6543743786076803,-43.91861638752491,-14.759212203455789
974,1326,hibrido,6.456672668457031,6.852989673614502,502.86752443443544,859.327574130572,603441029.3213226,False,1.0,0.6543635250500728,-48.14725601525023,-8.066871273243219
975,1094,hibrido,5.805307388305664,6.7126359939575195,193.86555597779036,477.454814396792,232638667.17334843,False,1.0,0.6543515430375348,-49.183573284642634,-11.68465913966041
976,2940,hibrido,5.590671539306641,7.853207588195801,382.1599591405455,778.4338943101809,458591950.9686546,False,1.0,0.6543476182719581,-39.946248493948985,-12.796813114285879
977,877,hibrido,6.348523139953613,6.6764092445373535,426.07307741262235,705.2643770351315,511287692.89514685,False,1.0,0.6542023049266102,-50.30626222612988,-9.896678992511795
978,1520,hibrido,5.955050468444824,6.123978614807129,133.041952792217,282.78143177862466,159650343.35066038,False,1.0,0.6540926127503497,-46.76982050030921,-18.096605027549472
979,2717,hibrido,5.5189313888549805,7.933078289031982,366.4362336623042,793.0370493393086,439723480.394765,False,1.0,0.6540054601982472,-41.031493031371895,-13.20453702139278
980,4216,hibrido,5.628922462463379,7.570560932159424,477.77644333585323,225.30756985303384,573331732.0030239,False,1.0,0.6539976337488724,-34.06757627718735,-6.282344583005149
981,1224,hibrido,5.651505470275879,6.28549337387085,20.547708250615617,265.5900888670571,24657249.900738742,False,1.0,0.6539715135322907,-48.280724550900665,-18.14710894633361
982,1899,hibrido,5.6849045753479,7.12535285949707,320.80945112856364,324.99031475328206,384971341.35427636,False,1.0,0.6539580002133125,-45.032257045035585,-14.804605190423564
983,721,hibrido,6.055840969085693,6.230013847351074,171.9642548956168,473.6622656533038,206357105.87474015,False,1.0,0.653735929658183,-51.0056810630597,-12.79281538383301
984,653,hibrido,6.491143226623535,6.363737106323242,405.7161702314318,687.6375061237176,486859404.2777182,False,1.0,0.6537109080408946,-51.3944734096049,-10.629423913085962
985,1971,hibrido,5.668903350830078,7.413351058959961,410.23883582665155,349.9906368048847,492286602.99198186,False,1.0,0.6532900087963951,-44.62937771271342,-15.503461610597085
986,1963,hibrido,5.984364986419678,6.611276149749756,273.33924624893734,461.0479017058167,328007095.4987248,False,1.0,0.6532083244272596,-44.48583468846611,-18.356000880130217
987,1809,hibrido,5.844001293182373,6.121457576751709,46.42768384404656,370.8945532864696,55713220.612855874,False,1.0,0.6530323708579366,-45.12514229356903,-20.534444317630992
988,344,hibrido,6.214139461517334,5.802229881286621,97.19882441576432,533.8395310625568,116638589.29891719,False,1.0,0.6529455166760545,-52.83499044514293,-15.337505329543047
989,790,hibrido,5.949770450592041,5.841557502746582,25.707027780766623,322.1918353288381,30848433.33691995,False,1.0,0.6525987122195062,-50.61153263364335,-14.592951362624833
990,4123,hibrido,5.930099010467529,7.973081588745117,703.6435744339151,560.2915000662408,844372289.3206981,False,1.0,0.6519320041404151,-34.04015872546223,-12.778590382514471
991,2262,hibrido,6.176218032836914,6.900315761566162,471.16571085758363,540.569620715594,565398853.0291004,False,1.0,0.6517781491639714,-43.04045797828594,-17.211288479618652
992,4506,hibrido,6.1039533615112305,7.147027015686035,604.4144939545797,260.94395577945556,725297392.7454957,False,1.0,0.6517367639583455,-32.522564320229606,-8.256319831818208
993,1919,hibrido,6.101589679718018,7.181836128234863,400.80320206007235,951.0201891352349,480963842.47208685,False,1.0,0.651719739061164,-45.25226972983315,-7.658220785845415
994,1675,hibrido,5.872445106506348,6.722456455230713,341.1663583097542,190.43687404683743,409399629.971705,False,1.0,0.6516641253894039,-46.11960428860865,-15.56112156687043
995,3460,hibrido,5.382888317108154,8.065595626831055,430.8755294762523,531.2538325837918,517050635.3715028,False,1.0,0.6514664428583905,-37.417237476127106,-11.958810722655095
996,1773,hibrido,6.062571048736572,7.586235523223877,507.5007061373846,1005.787178413792,609000847.3648615,False,1.0,0.6513278422446301,-45.990084182961546,-6.955872216923821
997,2341,hibrido,5.678554058074951,7.782241344451904,496.5794327227733,549.79768953592,595895319.2673279,False,1.0,0.6513072374235918,-42.76784803757314,-15.418163617061722
998,2039,hibrido,6.085488796234131,6.6406168937683105,358.350954095701,447.6651068900321,430021144.91484123,False,1.0,0.6511800969854915,-44.14790231833317,-17.62483148316144
999,4507,hibrido,5.9082794189453125,7.446594715118408,601.9112025341099,258.28569069983274,722293443.0409318,False,1.0,0.6511424060501777,-32.541273154624136,-7.918536006161218
1000,1321,hibrido,5.998048305511475,6.864914894104004,322.4643611372763,659.3471815335897,386957233.36473155,False,1.0,0.651044471517903,-48.118278247434795,-9.865676366454366
1001,1378,hibrido,5.674951076507568,6.635056018829346,247.45927065550637,36.0267313172363,296951124.7866076,False,1.0,0.6509783285951648,-47.599269799526375,-15.968365589685389
1002,1924,hibrido,6.412789344787598,7.331495761871338,581.2063653572313,1141.9914947177424,697447638.4286776,False,1.0,0.6506893566658246,-45.28462169149961,-5.870628184168616
1003,1993,hibrido,6.033588409423828,7.2382731437683105,383.535082680848,964.7778038783891,460242099.2170176,False,1.0,0.6506208834875744,-44.88981197338414,-7.650802688680914
1004,1012,hibrido,5.898563385009766,5.947510242462158,77.51138591843966,220.17722610055156,93013663.10212758,False,1.0,0.6505212267322505,-49.49806952004319,-14.574191503642613
1005,1670,hibrido,5.899465084075928,6.4524383544921875,246.17722177438097,261.84161077240157,295412666.12925714,False,1.0,0.6503184294684162,-46.0465212489907,-17.351207854931705
1006,3082,hibrido,6.242068290710449,7.534993648529053,633.1799938555849,908.3854916476326,759815992.626702,False,1.0,0.6496853727765131,-39.074708734726045,-14.855945224554143
1007,4346,hibrido,6.16228723526001,7.674165725708008,749.1931504286478,547.1118488102474,899031780.5143774,False,1.0,0.6496371076734536,-32.967170743424575,-12.359468472823798
1008,2492,hibrido,5.654550552368164,7.670065879821777,422.87377350292655,644.6814912537212,507448528.2035119,False,1.0,0.6496255255598924,-42.0828318280142,-14.318737015524505
1009,1328,hibrido,6.656702518463135,6.721131801605225,575.028789753299,939.3220689449769,690034547.7039587,False,1.0,0.6495204173639639,-48.15716454813005,-7.347278951877592
1010,1026,hibrido,6.356385231018066,6.603816509246826,427.61747131360556,719.7586385135644,513140965.57632667,False,1.0,0.6494687847788964,-49.58162764164597,-9.527335037403583
1011,1377,hibrido,6.038649082183838,5.963132858276367,219.01519729982468,67.50474499200259,262818236.75978962,False,1.0,0.6492832576379214,-47.58766374735534,-16.327573137395262
1012,1233,hibrido,5.9549479484558105,5.986644268035889,165.39637671554453,111.38854636421384,198475652.05865344,False,1.0,0.6492455677135794,-48.375571199356095,-14.909978904263
1013,650,hibrido,6.27248477935791,6.254958629608154,297.47427225313646,590.1035803222504,356969126.7037638,False,1.0,0.6490357337836481,-51.38477879905846,-11.713126262270245
1014,3163,hibrido,5.376228332519531,8.058860778808594,397.88368461878673,664.0513066571004,477460421.54254407,False,1.0,0.6489413119602733,-38.86376563629548,-12.388304646463103
1015,934,hibrido,5.962969779968262,5.810854911804199,78.7179038431043,211.55864692294628,94461484.61172515,False,1.0,0.6488159410348058,-49.840782730360935,-16.0232100903909
1016,950,hibrido,6.092429161071777,6.81035852432251,372.7243253739662,654.0746268243192,447269190.4487595,False,1.0,0.6487426584998325,-49.937051745493555,-10.253209428771507
1017,1448,hibrido,5.617748737335205,6.5867180824279785,161.80653836818,193.62488732370537,194167846.041816,False,1.0,0.6485908105975053,-47.17485140353511,-17.3926315351085
1018,642,hibrido,5.932521820068359,5.82086706161499,8.829210977682033,395.845875721077,10595053.17321844,False,1.0,0.6485468385409106,-51.353934544824725,-14.602534690255741
1019,4124,hibrido,5.866093158721924,7.894677639007568,671.1888669188608,520.5250378309746,805426640.3026329,False,1.0,0.6484300728316451,-34.06759707516444,-12.437839857924061
1020,1608,hibrido,5.57406759262085,6.52200984954834,71.33381031450723,334.5095449967383,85600572.37740868,False,1.0,0.6482846604588784,-46.57570671006931,-13.06479337135091
1021,1922,hibrido,6.360121250152588,7.104574680328369,509.0451000383678,1065.2053813522184,610854120.0460414,False,1.0,0.6480314029443196,-45.272729883594195,-6.5856989465628155
1022,1627,hibrido,6.395866394042969,7.34539794921875,614.1982102146969,1069.7552506907066,737037852.2576363,False,1.0,0.6480293537912307,-46.72449589304951,-6.249905188547538
1023,1529,hibrido,5.4122633934021,7.072677135467529,234.46885423244188,147.76552749369617,281362625.07893026,False,1.0,0.6478248886256386,-46.88926010093947,-14.8689317698794
1024,2712,hibrido,5.725417613983154,7.96564245223999,546.8393969594632,751.7995662142616,656207276.3513559,False,1.0,0.6477477914463498,-40.929935595179245,-14.966392230638949
1025,4419,hibrido,6.521793842315674,7.260935306549072,805.7556217240896,598.4758239444466,966906746.0689075,False,1.0,0.6476931253983116,-32.57138046492314,-12.670413410336465
1026,1008,hibrido,5.585963249206543,6.449930667877197,106.84146497850465,171.79601800233107,128209757.97420557,False,1.0,0.647651839344522,-49.46711658159065,-16.015664315617073
1027,1824,hibrido,5.683883190155029,7.033711910247803,339.621964408771,275.9000891570695,407546357.2905252,False,1.0,0.647594350235705,-45.38917113630189,-15.17606055037316
1028,1172,hibrido,6.212794780731201,6.423629283905029,320.91996723629325,625.8466662019865,385103960.6835519,False,1.0,0.6474632044561252,-48.841833698065514,-10.237731584337874
1029,872,hibrido,5.9160237312316895,6.604943752288818,245.66991411546337,523.1564466294063,294803896.938556,False,1.0,0.64740225172698,-50.284119913044634,-11.7009838121069
1030,2067,hibrido,5.556578159332275,7.9257097244262695,366.2669633016237,979.9760311201478,439520355.96194845,False,1.0,0.6472953129870334,-44.52736679857349,-7.643098665809342
1031,1828,hibrido,5.553407192230225,6.898294448852539,195.29943377104382,347.3974644247638,234359320.52525258,False,1.0,0.6472692424506776,-45.44448407997464,-13.7461236158055
1032,1307,hibrido,5.755804538726807,6.312860488891602,182.66449609476882,99.8209345514358,219197395.31372258,False,1.0,0.6470051454076897,-48.00394199452093,-14.90059567025365
1033,2639,hibrido,5.695798873901367,7.820168495178223,493.490644920807,716.3705827428507,592188773.9049684,False,1.0,0.6469432981487464,-41.322062033512616,-14.634104794099294
1034,1842,hibrido,5.874932765960693,7.106494903564453,309.82942346100134,824.5359210551845,371795308.1532016,False,1.0,0.6468743819479903,-45.592051159869406,-8.738769950036088
1035,1152,hibrido,6.04340934753418,5.556240558624268,49.31229382657865,202.1468627922777,59174752.59189438,False,1.0,0.6467862602826338,-48.68000478884439,-17.438245374346476
1036,2264,hibrido,6.070420265197754,7.132614612579346,528.053857568947,519.324161181183,633664629.0827364,False,1.0,0.6467832938698357,-43.08176903073142,-16.501430430754066
1037,1474,hibrido,6.344403266906738,6.8158793449401855,468.33128567598663,862.065833384152,561997542.8111839,False,1.0,0.6466353992831219,-47.421562790449116,-8.055931095234712
1038,1850,hibrido,6.5496907234191895,7.081180095672607,598.4744847364557,1131.807299540904,718169381.6837468,False,1.0,0.6465586548605259,-45.6457897251292,-5.876081255910705
1039,1822,hibrido,5.759161472320557,7.091381549835205,411.7832297276346,270.25689565844715,494139875.6731615,False,1.0,0.646525012507821,-45.359218561561,-15.890882070496488
1040,1900,hibrido,5.62677526473999,7.0103840827941895,284.72881846913185,339.35194040465774,341674582.1629582,False,1.0,0.6465051174463443,-45.046859445860306,-14.447484772746623
1041,1961,hibrido,5.896406173706055,6.531294345855713,216.45109953757395,516.8008302251442,259741319.44508874,False,1.0,0.646289889651984,-44.445526646779385,-19.068814586439466
1042,3902,hibrido,5.581080913543701,8.141647338867188,607.0408664187659,520.9234635810793,728449039.702519,False,1.0,0.6461265939358836,-35.16862760739908,-12.512913431067618
1043,865,hibrido,5.851056098937988,5.831057548522949,6.894514500559211,308.06723980183875,8273417.400671053,False,1.0,0.646059138712186,-50.24640414721128,-14.226538472906995
1044,1591,hibrido,5.649190902709961,6.4406657218933105,75.83329386057227,409.02205876144535,90999952.63268672,False,1.0,0.6460198793624872,-46.34401698724127,-19.156730202955863
1045,568,hibrido,6.219069004058838,5.391356468200684,26.097330356906397,433.51718144935955,31316796.428287677,False,1.0,0.6458116653590756,-51.72515761165847,-14.6064456576857
1046,1592,hibrido,5.719515323638916,6.3700947761535645,104.27736721625395,372.07536780391723,125132840.65950474,False,1.0,0.6457955592367919,-46.360456220390475,-18.79857672919243
1047,2107,hibrido,5.887481689453125,6.543738842010498,215.81007509701138,526.6871870939154,258972090.11641365,False,1.0,0.6457400706232849,-43.64136640693735,-19.73953282725245
1048,1473,hibrido,6.429360866546631,6.525334358215332,432.2506530165549,822.2022052484069,518700783.6198659,False,1.0,0.6456381600343667,-47.415602356635574,-8.4152184517011
1049,573,hibrido,6.090325832366943,6.188888072967529,206.50049365406545,532.5808112170791,247800592.38487855,False,1.0,0.6455153513434951,-51.74247839056589,-12.800148361005947
1050,1886,hibrido,5.693041801452637,6.6685590744018555,159.88346504649203,496.1290547692577,191860158.05579045,False,1.0,0.6452405893873154,-44.80502168737017,-19.444620383900908
1051,1075,hibrido,5.746932029724121,6.165152549743652,64.1434873758667,327.8466701131238,76972184.85104004,False,1.0,0.6452367942781911,-49.0261572716353,-18.528047767971664
1052,938,hibrido,5.636533737182617,6.2628326416015625,60.243266539215355,252.4305848738302,72291919.84705843,False,1.0,0.6449133894476411,-49.869202677867584,-14.581027548907981
1053,1546,hibrido,6.0394721031188965,6.966314792633057,378.9019009778986,786.9131097242972,454682281.1734783,False,1.0,0.6448223724109252,-47.04588124447588,-8.768020994107005
1054,2270,hibrido,5.507237911224365,7.581644535064697,371.0694153652536,528.1512974748367,445283298.4383043,False,1.0,0.644625041296052,-43.19394747009101,-14.371027438117228
1055,4365,hibrido,5.823996067047119,7.414100646972656,567.0224564241385,301.17540469847785,680426947.7089661,False,1.0,0.644407079479452,-33.35867323851806,-5.916512492040763
1056,646,hibrido,6.170366287231445,5.840254306793213,153.15174161540924,476.29622759083713,183782089.93849108,False,1.0,0.644314839760274,-51.37027849391663,-13.157920436198332
1057,4502,hibrido,6.11804723739624,7.150582313537598,639.8406204420135,324.9811505426024,767808744.5304161,False,1.0,0.6437946953261069,-32.439605029886536,-9.60696306233111
1058,3533,hibrido,5.381129741668701,8.09951400756836,484.22428151490834,544.3092607813916,581069137.81789,False,1.0,0.6434492335899745,-37.028163328202076,-12.284082875835454
1059,1817,hibrido,5.764801502227783,6.712332725524902,273.98027068949995,348.32975150867554,328776324.8273999,False,1.0,0.6433596400594609,-45.27743745720654,-17.67746719512287
1060,4047,hibrido,6.027578830718994,7.872927665710449,750.6143409569938,637.5150025071437,900737209.1483926,False,1.0,0.6432582616490762,-34.35113394606308,-13.487450391298093
1061,1920,hibrido,5.919797420501709,7.474849224090576,436.8838347195042,988.9289331978244,524260601.66340506,False,1.0,0.6432559629546482,-45.25944114313418,-7.3007255549623755
1062,3086,hibrido,5.694394588470459,7.804379940032959,488.85746321785774,780.0276926402987,586628955.8614293,False,1.0,0.6432037077791941,-39.16780843556326,-13.457337089673041
1063,496,hibrido,6.058938980102539,5.917531490325928,115.52671505499433,501.06127913075227,138632058.0659932,False,1.0,0.643071459112015,-52.1024441115353,-13.887112682553186
1064,2493,hibrido,5.727012634277344,7.352016448974609,386.79314084349477,654.4885483628349,464151769.01219374,False,1.0,0.6430047469892645,-42.10151067534542,-13.964901524096232
1065,1977,hibrido,5.516119480133057,6.961130142211914,193.75503987006076,435.1317668119657,232506047.8440729,False,1.0,0.6429448458425346,-44.71928895160215,-13.362865647092852
1066,3603,hibrido,6.13002872467041,7.437021732330322,645.8149315318599,674.7260616149524,774977917.8382318,False,1.0,0.6427940983525042,-36.56238014753767,-13.644144006042207
1067,3754,hibrido,5.56034517288208,8.03504753112793,572.1092723120132,536.3188244967308,686531126.7744159,False,1.0,0.6426880599583098,-35.9029746166173,-12.561061464018998
1068,1826,hibrido,5.724673748016357,6.699547290802002,267.46069908990745,303.3198456132024,320952838.90788895,False,1.0,0.6420950383077316,-45.41758510954835,-14.461139416894662
1069,2042,hibrido,5.68935489654541,7.33415412902832,443.683174162746,402.2774567953951,532419808.9952952,False,1.0,0.6418599518483047,-44.20443877599076,-16.556339177287548
1070,4504,hibrido,5.850780963897705,7.45199728012085,617.2166961732287,283.64105509060573,740660035.4078745,False,1.0,0.6416921991559912,-32.482716362431454,-8.931743921011934
1071,2333,hibrido,6.033914566040039,6.882259368896484,413.9570519259389,626.3778581936652,496748462.3111267,False,1.0,0.6416606507037548,-42.59713914391361,-18.254017071354063
1072,940,hibrido,5.679603576660156,6.047123908996582,11.917998779648276,303.9790613277205,14301598.53557793,False,1.0,0.641522953177653,-49.88229814460018,-13.859850071421793
1073,1302,hibrido,5.725837230682373,6.216568946838379,162.44756280874265,101.2869444196874,194937075.37049118,False,1.0,0.6414799434849698,-47.95061107783626,-16.697998030482154
1074,1550,hibrido,6.295679092407227,7.031134128570557,523.2244316156259,945.6195753831664,627869317.9387511,False,1.0,0.6410212670781169,-47.07044952990159,-7.3319242927594575
1075,2343,hibrido,5.355482578277588,7.945367336273193,424.41816740390965,558.3543399714682,509301800.8846916,False,1.0,0.6409624268432534,-42.805454751882074,-14.708837150800123
1076,793,hibrido,5.991140842437744,5.802450656890869,82.53487019752879,389.39784677303015,99041844.23703454,False,1.0,0.6408912382261924,-50.627439288117515,-13.510246425025883
1077,1625,hibrido,6.548647403717041,6.708652019500732,542.0369448958334,990.6029612485512,650444333.875,False,1.0,0.6408532928574351,-46.713944335327525,-6.967472541766362
1078,1460,hibrido,5.386115074157715,6.586558818817139,36.79757155605857,307.2181867447727,44157085.86727028,False,1.0,0.6408444961990996,-47.31307444109665,-13.084790322733948
1079,1531,hibrido,5.553858280181885,6.578919887542725,162.30758891357834,210.0398073257266,194769106.696294,False,1.0,0.640727639231633,-46.91224212678179,-14.15143465933322
1080,2187,hibrido,6.046891212463379,6.753607273101807,414.5980763665017,518.7655244462981,497517691.63980204,False,1.0,0.6407141418633108,-43.39525348461747,-17.586381337214224
1081,2338,hibrido,5.859983444213867,7.488310813903809,556.1774187043474,558.6182910540333,667412902.4452168,False,1.0,0.6406108857767379,-42.707687942360266,-16.481892071251195
1082,1160,hibrido,5.660747528076172,6.221611499786377,112.04762467688838,166.10729159345246,134457149.61226606,False,1.0,0.6404876489449944,-48.75587642198327,-14.558779448024238
1083,1734,hibrido,5.565178871154785,6.222909927368164,10.139950647035421,317.29984417514316,12167940.776442505,False,1.0,0.6404663926886413,-45.488075947771684,-20.910791887561484
1084,1545,hibrido,5.819603443145752,7.116933345794678,342.8212683184668,747.3226930068395,411385521.9821602,False,1.0,0.6404142796349493,-47.03902870852815,-9.12701671479908
1085,1737,hibrido,5.869665622711182,6.005122661590576,75.19226942000961,429.2152458738757,90230723.30401152,False,1.0,0.6403207605385974,-45.547109277742784,-19.838691763834216
1086,1593,hibrido,5.759117603302002,6.264070510864258,132.72144057193563,335.8289953226036,159265728.68632275,False,1.0,0.6402646453129688,-46.37652816902249,-18.440396062514356
1087,1736,hibrido,5.777911186218262,6.035275936126709,46.74819606432794,391.37818270598285,56097835.27719353,False,1.0,0.6399285289860978,-45.52785186072457,-20.196091049805336
1088,3159,hibrido,5.829831600189209,7.68051815032959,542.206215256514,786.9467186685295,650647458.3078169,False,1.0,0.6395592037656004,-38.776261804086325,-13.785159050535785
1089,1225,hibrido,5.743905544281006,5.944762229919434,48.99178160629727,226.44895689179123,58790137.92755673,False,1.0,0.639426258283388,-48.29232142298812,-17.787505255467398
1090,1692,hibrido,5.831898212432861,6.858609199523926,272.20439690058646,724.4748402375369,326645276.2807037,False,1.0,0.6391693308024814,-46.303516935847306,-9.470879870208744
1091,797,hibrido,6.110797882080078,6.087930202484131,226.857400835256,510.09295443413885,272228881.0023072,False,1.0,0.6390351928226099,-50.646574913857826,-12.066469867150058
1092,1074,hibrido,6.024557590484619,5.722949504852295,92.5875607315484,364.8868377062872,111105072.87785807,False,1.0,0.638924418145471,-49.01559983944324,-18.888054721363456
1093,1665,hibrido,5.622926235198975,6.459914684295654,103.95685499597263,425.2715077065952,124748225.99516717,False,1.0,0.6388306912170972,-45.96416342975767,-19.140639656475084
1094,1600,hibrido,5.6013336181640625,6.893749237060547,331.8299540617073,150.89187357234513,398195944.87404877,False,1.0,0.6387588001629546,-46.479031325465456,-15.932416117147026
1095,2715,hibrido,5.38369607925415,8.081852912902832,438.59749898116786,770.6008643122968,526316998.77740145,False,1.0,0.6383291826199501,-40.992548324793276,-13.909393794327865
1096,869,hibrido,5.713123321533203,6.394782543182373,137.42801613716804,421.74585158718486,164913619.36460164,False,1.0,0.6382673050292574,-50.26893214455844,-12.783437093815866
1097,1453,hibrido,5.638221263885498,6.63765287399292,289.36200017208114,72.08169570676586,347234400.2064974,False,1.0,0.6382624320034848,-47.237775648489546,-15.598048764401664
1098,1301,hibrido,5.608426570892334,6.310237884521484,134.00348945306095,141.13118130628612,160804187.34367314,False,1.0,0.6382465928085601,-47.939114392027015,-17.05742040394358
1099,1324,hibrido,5.882015228271484,7.254298210144043,430.70625911557175,779.3342095116803,516847510.93868613,False,1.0,0.6382195044638479,-48.13639039901417,-8.786425147548972
1100,4273,hibrido,6.227912902832031,7.174411773681641,692.6316707734569,496.8797021122414,831158004.9281483,False,1.0,0.6379037474043544,-33.36137408171941,-12.046599261438997
1101,4500,hibrido,5.83849573135376,7.6355390548706055,671.2939662325632,378.9106072453966,805552759.4790758,False,1.0,0.6372905379946722,-32.39320068107835,-10.281960854967389
1102,939,hibrido,5.624431610107422,6.076501369476318,24.162633879783574,276.5180553828502,28995160.655740287,False,1.0,0.6371569704173512,-49.875842091109256,-14.220445712409576
1103,1544,hibrido,5.4656219482421875,7.50253963470459,306.7406356590351,707.7783358580748,368088762.7908421,False,1.0,0.6370303529871432,-47.03188934650886,-9.48600007397552
1104,3904,hibrido,5.617173671722412,7.669516086578369,537.4560856198585,441.58889799702445,644947302.7438302,False,1.0,0.6369517300466501,-35.21861801424306,-11.826991121015435
1105,1251,hibrido,6.240771293640137,6.835445404052734,484.0550111542279,820.8203422031982,580866013.3850734,False,1.0,0.6369412906143201,-48.505129161924096,-8.431880263018446
1106,3308,hibrido,5.7910966873168945,7.62806510925293,540.6618213555307,708.8217416144751,648794185.6266369,False,1.0,0.6369110070032475,-38.06185196590225,-13.392006024102345
1107,3084,hibrido,5.723288059234619,7.912165641784668,561.0187285367215,842.8544959605008,673222474.2440658,False,1.0,0.6368827361734616,-39.122527170202765,-14.156734527540449
1108,3232,hibrido,6.013713359832764,7.496587753295898,595.5549672951701,797.8264690774447,714665960.754204,False,1.0,0.636860380127265,-38.38311784039594,-14.111303811407524
1109,1524,hibrido,5.557319641113281,6.6917314529418945,246.81824621494368,148.7597971585236,296181895.4579324,False,1.0,0.6367087820740297,-46.82620446553495,-16.66231034686788
1110,1551,hibrido,6.594333171844482,6.610875606536865,559.3050642750576,985.3615661881729,671166077.1300691,False,1.0,0.6367056404873501,-47.07588722055937,-6.972874107773042
1111,1309,hibrido,5.2404937744140625,6.849895000457764,110.50323077590527,179.57251605036922,132603876.93108632,False,1.0,0.6365848110216579,-48.02337859358387,-14.181507247195492
1112,4501,hibrido,5.868910789489746,7.501064300537109,654.5347999410981,350.7035760375625,785441759.9293177,False,1.0,0.6364706907672159,-32.41681642787793,-9.94449065992746
1113,2346,hibrido,5.5016865730285645,7.359710216522217,316.1762694256143,591.5933343808742,379411523.31073713,False,1.0,0.6364670790410114,-42.85819163023972,-13.644603539241656
1114,2261,hibrido,5.794713973999023,7.204431056976318,442.7216375019021,555.2247113265332,531265965.0022825,False,1.0,0.6363695863095108,-43.01904902631835,-17.566161877825017
1115,1296,hibrido,5.844297885894775,5.716616153717041,8.216877325347385,340.90003882672505,9860252.790416861,False,1.0,0.6363296594506566,-47.87734204502353,-18.85421785778495
1116,1028,hibrido,6.312393665313721,6.730438232421875,499.77873663246913,797.7058149849718,599734483.9589629,False,1.0,0.6361802278267159,-49.59055202374121,-8.806177635854635
1117,639,hibrido,5.653461933135986,6.042651653289795,5.332267342815379,371.0402309810612,6398720.811378455,False,1.0,0.636152843546611,-51.340433790394464,-15.685866126447007
1118,1232,hibrido,5.7122650146484375,6.241257190704346,201.4770093749763,77.88692758199915,241772411.24997154,False,1.0,0.6361477106251213,-48.36606988934276,-15.26973360479569
1119,1250,hibrido,6.479702472686768,6.296140670776367,447.97437849479604,780.9001212713481,537569254.1937553,False,1.0,0.6360646876835927,-48.49991609293458,-8.79187867819858
1120,1956,hibrido,5.743118762969971,6.099339008331299,74.2307327591656,383.3841292601559,89076879.31099872,False,1.0,0.6360621353098572,-44.33664311021523,-20.850223421933034
1121,715,hibrido,5.897477149963379,5.730112552642822,44.51954106097404,345.12277998707464,53423449.27316885,False,1.0,0.6359914147658986,-50.97773284470097,-14.959043279570704
1122,1702,hibrido,6.44098424911499,7.168793678283691,633.0107234949044,1115.4703679914116,759612868.1938852,False,1.0,0.6359548988562103,-46.368145927601915,-5.886322368603063
1123,2412,hibrido,5.871685028076172,7.506525993347168,584.3009798397478,598.0060248975072,701161175.8076974,False,1.0,0.635922693849895,-42.33368146255432,-16.461743525810107
1124,2488,hibrido,5.753762722015381,7.678192615509033,567.1963041406536,629.8016243812376,680635564.9687843,False,1.0,0.6359179879214603,-42.00290220104955,-15.73372317762451
1125,1227,hibrido,5.4958391189575195,6.379964351654053,105.87992831766061,149.53661632964145,127055913.98119274,False,1.0,0.6356583099502028,-48.31470730605853,-17.06823733421982
1126,881,hibrido,6.6192307472229,6.471989154815674,570.3956080503497,856.7158108769956,684474729.6604196,False,1.0,0.6356492163608572,-50.321187113664884,-8.453064678389426
1127,866,hibrido,5.389086723327637,6.496316909790039,29.186118158872638,332.9361185153882,35023341.790647164,False,1.0,0.6355118289963492,-50.25228360236181,-13.865782287685592
1128,858,hibrido,5.895662784576416,5.544101238250732,6.293804003659376,270.0336661017295,7552564.804391251,False,1.0,0.634997240837908,-50.20049751818574,-16.751440870293568
1129,4049,hibrido,5.993265151977539,7.530475616455078,681.6027577098534,557.5525789973551,817923309.2518241,False,1.0,0.6349463418022527,-34.40753263617489,-12.804706508536377
1130,4195,hibrido,6.447028160095215,7.177743911743164,792.2662493753102,644.7858185641464,950719499.2503722,False,1.0,0.6349016237311552,-33.61467158035099,-13.431937599140088
1131,1748,hibrido,5.891562461853027,6.585847854614258,388.077076332508,230.395266742508,465692491.5990096,False,1.0,0.6348950083856099,-45.73243856489523,-15.905341959566242
1132,1957,hibrido,6.109124660491943,5.590749740600586,102.67480611484727,414.28521088846713,123209767.33781673,False,1.0,0.6348576449442778,-44.35936586771456,-20.494016108674682
1133,1025,hibrido,6.447238922119141,6.081377029418945,391.5368386541738,680.9636282078,469844206.3850085,False,1.0,0.6347101277421214,-49.57688999653878,-9.88789940054601
1134,956,hibrido,6.918625354766846,6.046099662780762,589.208121330557,884.6806350843149,707049745.5966684,False,1.0,0.6346820109733571,-49.96163947630724,-8.088721502060007
1135,2045,hibrido,5.502939701080322,7.464976787567139,427.5069552058758,389.9362211499185,513008346.24705094,False,1.0,0.6346787239529461,-44.256953898095574,-15.487564857652123
1136,4046,hibrido,6.302164554595947,7.419971466064453,785.9018218687464,677.4995412981651,943082186.2424957,False,1.0,0.6346355494252551,-34.32173332148643,-13.8287217231224
1137,874,hibrido,6.045299530029297,6.449019432067871,317.83117943432705,594.6215075120012,381397415.32119244,False,1.0,0.6344337464564602,-50.29344764415608,-10.979292629922496
1138,1476,hibrido,6.414250373840332,6.775271415710449,540.4925509948503,941.8277818339458,648591061.1938204,False,1.0,0.6343648620590666,-47.4326795734087,-7.337325521384784
1139,1164,hibrido,5.530383586883545,6.236372470855713,32.274905960838815,312.6591937116009,38729887.153006576,False,1.0,0.6342248980024363,-48.78813404493266,-13.118651684861941
1140,1368,hibrido,5.723934173583984,6.0252485275268555,36.98146290131033,421.7672078762335,44377755.4815724,False,1.0,0.633946828613408,-47.46963796212553,-19.559467766466692
1141,1081,hibrido,5.634167671203613,6.123113632202148,106.5209527582233,143.9779418594308,127825143.30986796,False,1.0,0.633895314058942,-49.08455222994854,-16.367612439886187
1142,948,hibrido,6.31754207611084,5.9311113357543945,300.5630600551027,578.9054740710562,360675672.06612325,False,1.0,0.6336619581307861,-49.9274996435255,-10.97462885526821
1143,3675,hibrido,5.76310396194458,8.194022178649902,735.2443162299478,739.9171879321243,882293179.4759374,False,1.0,0.6336561960852959,-36.13890302752641,-14.30848589534511
1144,1825,hibrido,5.658656597137451,6.756117820739746,303.54133174933924,287.16179058128176,364249598.0992071,False,1.0,0.6335851058266118,-45.40356893929961,-14.818612125195724
1145,2568,hibrido,5.539932727813721,7.494170665740967,367.9806275632873,704.4523443247593,441576753.0759448,False,1.0,0.6335573715237084,-41.75049568054147,-13.593504363599173
1146,1246,hibrido,6.157655239105225,6.228185653686523,303.6518478570689,621.3218653079336,364382217.42848265,False,1.0,0.6331116385471847,-48.47678604734047,-10.231767711492926
1147,2034,hibrido,5.653804302215576,6.7261152267456055,216.13058731729268,535.3629659301893,259356704.78075123,False,1.0,0.633008512953463,-44.04444203455881,-19.404970543502902
1148,4200,hibrido,5.519362926483154,8.037518501281738,636.0714472979104,448.1601294556806,763285736.7574924,False,1.0,0.6324082921354145,-33.754018673851114,-11.731837082454279
1149,1223,hibrido,5.593574047088623,6.027468681335449,7.896365105066064,304.9541941528961,9475638.126079276,False,1.0,0.632320486722836,-48.26885503039432,-18.506691907111396
1150,1001,hibrido,6.023688793182373,5.599458694458008,92.26704851126705,345.72623329836284,110720458.21352045,False,1.0,0.6323112859912422,-49.404875345979335,-18.53760818643362
1151,1089,hibrido,5.2539591789245605,6.582719326019287,13.462392680631398,290.2721583718113,16154871.216757677,False,1.0,0.6322935688451989,-49.14977920961578,-13.486085894989394
1152,3013,hibrido,5.102165222167969,8.428048133850098,435.5087111792016,777.1751826636843,522610453.4150419,False,1.0,0.6315968789976092,-39.55779232486498,-13.127875748548147
1153,875,hibrido,5.944140434265137,6.700740337371826,353.91181209375884,631.122628313083,424694174.5125106,False,1.0,0.6315926107873917,-50.297875201616044,-10.618431333431227
1154,1811,hibrido,5.907733917236328,5.889739513397217,103.31583055540993,443.23860441328594,123978996.66649191,False,1.0,0.6314082346620349,-45.16577793208783,-19.820394280881512
1155,2265,hibrido,5.959437370300293,7.123727798461914,551.4725786624126,513.0678504442744,661767094.3948952,False,1.0,0.6313826709855456,-43.10167976598247,-16.14644749438899
1156,1150,hibrido,5.549568176269531,6.048677921295166,7.575852884784688,276.0095733680661,9091023.461741626,False,1.0,0.630825125159498,-48.658577556274786,-18.157929152685426
1157,4125,hibrido,5.897521018981934,7.432790279388428,639.5894857715467,480.7973221341782,767507382.9258561,False,1.0,0.6307152475332753,-34.094235771879276,-12.097025616369981
1158,1976,hibrido,5.426151275634766,6.988311767578125,229.83567252949254,412.5513540347842,275802807.03539103,False,1.0,0.630565158278751,-44.70532423243191,-13.719695123118074
1159,1248,hibrido,6.079893112182617,6.585515022277832,375.8131131759325,701.0869631191755,450975735.81111896,False,1.0,0.6305584392118443,-48.488808878371586,-9.511844941421627
1160,1676,hibrido,5.789492130279541,6.4184675216674805,305.08572565032233,198.5125632540673,366102870.7803868,False,1.0,0.630405760622148,-46.133143101899186,-15.203032054100062
1161,1452,hibrido,5.767696857452393,6.257002830505371,275.58283179090665,72.48955844115585,330699398.14908797,False,1.0,0.6301524493560582,-47.225813331066874,-15.95700800561144
1162,724,hibrido,5.943225383758545,6.414941787719727,280.2061528739121,565.8436588163978,336247383.4486945,False,1.0,0.6301467134590808,-51.01788205268191,-11.709545283193576
1163,1615,hibrido,5.458039283752441,6.953929901123047,181.2306183015154,598.233966859713,217476741.96181846,False,1.0,0.6300583752551661,-46.64335732055693,-10.554637551385476
1164,1584,hibrido,5.721930503845215,6.025819778442383,123.27521962919944,214.7371277296283,147930263.55503932,False,1.0,0.6299978700550618,-46.21834196984625,-21.662996107389052
1165,2935,hibrido,5.732205867767334,7.816227912902832,562.5631224377045,875.1080245739317,675075746.9252454,False,1.0,0.6298599869360487,-39.83970139009336,-14.550980104365452
1166,4425,hibrido,6.020228862762451,7.177502155303955,655.3803577634129,385.0867585632353,786456429.3160955,False,1.0,0.6297132039623612,-32.73347914967149,-10.64273515475708
1167,3453,hibrido,5.717443466186523,8.090744018554688,683.4399580922749,778.1339119314574,820127949.7107298,False,1.0,0.62961127107048,-37.24832789107044,-14.386237363317578
1168,3523,hibrido,6.192124366760254,7.886927604675293,845.0306081092266,915.4644022286135,1014036729.731072,False,1.0,0.6293392524818624,-36.764241407911285,-15.744100594806701
1169,3385,hibrido,5.094523906707764,8.276705741882324,449.6880427564597,586.9831326133927,539625651.3077517,False,1.0,0.6292858250738362,-37.76223710124337,-12.326989730059172
1170,2414,hibrido,5.715022563934326,7.550240993499756,549.9281847614293,589.824783609214,659913821.7137152,False,1.0,0.6292814458610858,-42.375565623791495,-15.75353845830651
1171,873,hibrido,6.289947032928467,5.834075450897217,281.7505467748952,558.5997694439874,338100656.1298742,False,1.0,0.6292580305426287,-50.288862861266786,-11.340143566743368
1172,1088,hibrido,5.420803070068359,6.252252578735352,22.618239978800382,255.1801151204006,27141887.97456046,False,1.0,0.6289710498656195,-49.14238775227358,-13.846330222094126
1173,2790,hibrido,5.300989627838135,8.054000854492188,419.7849857009603,819.3433575525082,503741982.84115237,False,1.0,0.6289421595101637,-40.64328248193723,-13.537999556828987
1174,927,hibrido,5.948040962219238,5.763120174407959,120.39060964666739,367.11008931529597,144468731.57600087,False,1.0,0.6287921805771407,-49.78363376225274,-18.54642037734523
1175,1662,hibrido,5.470861434936523,6.265284538269043,18.624634928927637,379.6605704396649,22349561.914713167,False,1.0,0.6287880649841281,-45.91011318116769,-20.213954392521615
1176,1086,hibrido,5.689458847045898,5.955721855163574,94.77950529766402,190.87907587507547,113735406.35719682,False,1.0,0.6286315129987274,-49.12696013363658,-14.566774869658328
1177,1087,hibrido,5.612671375274658,6.005131244659424,58.698872638232245,221.75629952696238,70438647.1658787,False,1.0,0.6285504427609738,-49.13478192530285,-14.206560004376627
1178,4121,hibrido,6.39077091217041,7.0978264808654785,770.6840139608202,639.9117635436622,924820816.7529842,False,1.0,0.6283248478951111,-33.98286308781542,-13.459892557196898
1179,1402,hibrido,6.603172302246094,6.409997463226318,557.7606703740746,939.724832023003,669312804.4488895,False,1.0,0.6279331013860414,-47.79491806025317,-7.342444142121934
1180,2043,hibrido,5.827503204345703,6.953623294830322,472.1272475184276,394.1677143282286,566552697.0221132,False,1.0,0.6277819847721274,-44.22238557821233,-16.200111424715324
1181,1157,hibrido,5.648044109344482,6.194582462310791,191.53266060498697,92.56634378436434,229839192.72598436,False,1.0,0.6277551406428128,-48.72923219812745,-15.63870937352419
1182,787,hibrido,5.834909915924072,5.668694496154785,50.91485492798529,291.1777368441105,61097825.91358235,False,1.0,0.6277235459589141,-50.59425990757049,-15.675537671878335
1183,1090,hibrido,5.691885471343994,5.926321506500244,49.543025340063174,326.4949627464396,59451630.40807581,False,1.0,0.6275875529303614,-49.156957841838185,-13.125827395612708
1184,3382,hibrido,5.5386271476745605,7.915717124938965,557.9299407347552,688.1060587476717,669515928.8817062,False,1.0,0.6274338252196344,-37.693329341270974,-13.369333435804013
1185,2934,hibrido,5.746557235717773,7.8510284423828125,598.6437550971362,871.4774924808557,718372506.1165636,False,1.0,0.6273994545495277,-39.816578865254456,-14.90168418091357
1186,4494,hibrido,6.300616264343262,7.276360034942627,806.9413223389424,578.1476874539237,968329586.8067309,False,1.0,0.6273356600375289,-32.233896979138436,-12.305459023575205
1187,3455,hibrido,5.825929164886475,7.610542297363281,611.2786927734113,705.07580076377,733534431.3280935,False,1.0,0.627312130504019,-37.30005843725201,-13.692947362686803
1188,794,hibrido,5.729995250701904,6.131669044494629,118.61550285696056,417.09917027541707,142338603.42835268,False,1.0,0.6272449435857368,-50.63244323389471,-13.149319869424804
1189,1624,hibrido,6.3022074699401855,6.752779960632324,505.95631223640163,951.0800134906787,607147574.683682,False,1.0,0.627210014207048,-46.70822836791005,-7.326241723018289
1190,884,hibrido,6.819416522979736,6.410333156585693,678.637506028645,972.1034332443926,814365007.234374,False,1.0,0.6270025504929843,-50.330786260309566,-7.370268599222315
1191,4351,hibrido,5.456699848175049,7.934291362762451,621.4430406864651,363.9095010038389,745731648.8237581,False,1.0,0.6268217516776513,-33.09825568438681,-10.665801304716359
1192,2563,hibrido,5.610936641693115,7.7439141273498535,548.3837908604463,669.7372108221283,658060549.0325356,False,1.0,0.6267399518092432,-41.651689261264025,-15.360123444148531
1193,3379,hibrido,5.7676239013671875,7.925077438354492,666.1718387130505,794.500282062805,799406206.4556606,False,1.0,0.6265407426074004,-37.61829611893994,-14.411223026317181
1194,1602,hibrido,5.753438949584961,6.328132629394531,287.817606271098,160.78067998397898,345381127.5253176,False,1.0,0.6262369965830075,-46.50519721680999,-15.215636793882782
1195,4272,hibrido,5.654619216918945,8.03276252746582,721.9130253186618,535.4154353478151,866295630.3823941,False,1.0,0.6261424775330808,-33.33391133857145,-12.385949955853201
1196,1454,hibrido,5.490373134613037,6.593247890472412,253.2813675126493,91.30610948305608,303937641.01517916,False,1.0,0.6258935741516001,-47.24943188779761,-15.239069144756227
1197,4498,hibrido,5.71992826461792,7.807136058807373,710.4049258224994,440.833016411154,852485910.9869993,False,1.0,0.6258701581001181,-32.3434712851803,-10.95672069753718
1198,2274,hibrido,5.084299564361572,7.615690231323242,226.74688472752638,590.8535623284586,272096261.6730316,False,1.0,0.6258685585915768,-43.25924080725028,-12.950134574947594
1199,1442,hibrido,5.693516254425049,5.868277072906494,8.857901765910029,426.4321614903165,10629482.119092034,False,1.0,0.6258312322717341,-47.08875899990309,-19.54537301488557
1200,2048,hibrido,5.618927955627441,6.8466362953186035,319.2650572275805,413.610155682359,383118068.6730966,False,1.0,0.6256509779347142,-44.30554640333243,-14.418528239243944
1201,1552,hibrido,6.581623077392578,6.586193084716797,595.3856969344894,1025.1236271268838,714462836.3213873,False,1.0,0.6255262968264492,-47.08104538912506,-6.613814495426249
1202,2030,hibrido,5.902359962463379,5.767547607421875,102.35429389456591,410.87482731390816,122825152.6734791,False,1.0,0.625244689809132,-43.95304105697009,-20.828413283152376
1203,2118,hibrido,5.591915130615234,7.351110935211182,480.855707244532,429.9605010989946,577026848.6934384,False,1.0,0.6252053723715512,-43.86689684046318,-15.826972727329398
1204,4350,hibrido,5.751136779785156,7.52226448059082,644.0584116242502,399.26228842504497,772870093.9491003,False,1.0,0.62515600371386,-33.07368143485618,-11.004660093686981
1205,3309,hibrido,5.301980972290039,8.1029634475708,504.581188696099,675.4613322373361,605497426.4353188,False,1.0,0.625136600628798,-38.085015176744484,-13.043997202126006
1206,1505,hibrido,5.834783554077148,5.471560955047607,84.35436072475844,15.266758406283461,101225232.86971012,False,1.0,0.6246264461240354,-46.507625217214716,-23.471385006766717
1207,1807,hibrido,5.6494574546813965,5.81312370300293,10.46046286731674,302.4319408939841,12552555.440780088,False,1.0,0.6244074524916543,-45.08274015768283,-21.248355948517425
1208,2558,hibrido,5.975864887237549,7.229798793792725,583.6599553991849,693.4282642746537,700391946.4790219,False,1.0,0.6242928836190276,-41.539258014934944,-17.125767421535727
1209,2861,hibrido,5.675952911376953,7.73400354385376,545.2950030584801,835.3785034103402,654354003.6701761,False,1.0,0.6242714859690632,-40.21018958498542,-14.572531997164392
1210,1318,hibrido,5.7340617179870605,6.44862699508667,214.222463158981,539.3659253951638,257066955.79077718,False,1.0,0.6240714600375308,-48.09796022383768,-10.944821779455399
1211,1323,hibrido,5.881519794464111,6.888899326324463,394.62562645613997,739.3380656656511,473550751.747368,False,1.0,0.6240387368889577,-48.13059600567168,-9.14618659506291
1212,795,hibrido,5.932953834533691,5.8732709884643555,154.69613551639242,446.66850416993844,185635362.6196709,False,1.0,0.6238510940589279,-50.637299817399864,-12.788381381154892
1213,3524,hibrido,6.1185173988342285,7.782413959503174,808.9499754497946,877.2085394649621,970739970.5397534,False,1.0,0.6238100922860769,-36.79389280552781,-15.39836424637414
1214,1953,hibrido,5.835788726806641,5.4951910972595215,11.101487307879385,303.7052096878922,13321784.769455262,False,1.0,0.6233287433599267,-44.26555630698098,-21.918609855578666
1215,1897,hibrido,5.515493869781494,7.092960834503174,392.9707164474271,310.05908330106905,471564859.7369125,False,1.0,0.6232794381565693,-45.001856636791274,-15.518769227220583
1216,2490,hibrido,5.640780448913574,7.451270580291748,495.0350388217902,632.2437469988799,594042046.5861483,False,1.0,0.6229417226503604,-42.043917788238964,-15.02630313963997
1217,2856,hibrido,6.189807891845703,7.382040977478027,725.6981663556392,835.5549473824296,870837799.626767,False,1.0,0.6229272007346877,-40.091322182582154,-16.328310655387682
1218,2190,hibrido,5.804484844207764,7.065438747406006,499.9302964335467,480.1466168504677,599916355.720256,False,1.0,0.6229267740426573,-43.455922628449315,-16.52035401828609
1219,4048,hibrido,5.81810998916626,7.750211238861084,715.822676424818,597.5325333269667,858987211.7097816,False,1.0,0.6228417134873191,-34.379731977125054,-13.14611135114132
1220,1023,hibrido,6.251420974731445,5.93758487701416,319.37557333531015,603.8455045754608,383250688.0023722,False,1.0,0.6228280722883189,-49.56685900503117,-10.608997643600976
1221,946,hibrido,5.7778472900390625,6.367040634155273,228.40179473623905,505.2222069183977,274082153.6834869,False,1.0,0.6228213978810723,-49.91725695246358,-11.696005384947956
1222,1383,hibrido,5.382082939147949,6.445186614990234,127.77135015512962,181.66755140709503,153325620.18615556,False,1.0,0.6227456880081166,-47.652967783986334,-14.172037814572466
1223,937,hibrido,5.770358562469482,5.767334461212158,96.32389919864714,232.76633220200674,115588679.03837657,False,1.0,0.6226150599552476,-49.862378503645,-14.941595242361828
1224,1181,hibrido,6.423804759979248,6.899218559265137,645.6456611711794,983.4395571426146,774774793.4054153,False,1.0,0.6225340668026257,-48.88571395565369,-6.9958472646583125
1225,490,hibrido,5.860565662384033,5.7909064292907715,90.02346296929771,451.0168475859093,108028155.56315726,False,1.0,0.622462357661038,-52.08325964344615,-16.054935147304484
1226,1021,hibrido,5.69221830368042,6.570990085601807,247.21430801644652,527.5863188617145,296657169.61973584,False,1.0,0.6223421749635254,-49.55608021871279,-11.330052837579203
1227,1436,hibrido,5.841274738311768,5.860682964324951,179.52234190000013,209.86321193157903,215426810.28000015,False,1.0,0.6223272488217416,-46.990473827743074,-21.697187241949365
1228,1519,hibrido,5.958432197570801,5.555908679962158,104.59787943653532,320.0379717874114,125517455.32384239,False,1.0,0.6223270901513359,-46.75487494285876,-18.45511772651251
1229,1652,hibrido,5.8235907554626465,5.287124156951904,0.6088979213068583,98.25321787724761,730677.50556823,False,1.0,0.6221529908144082,-45.703223089008596,-23.78957116776722
1230,2860,hibrido,5.543961524963379,8.012153625488281,581.3756357179119,831.5745361584436,697650762.8614943,False,1.0,0.6221350131084166,-40.18762571113535,-14.923778565643905
1231,4196,hibrido,5.842701435089111,7.826437950134277,759.3852942564193,605.2838191988083,911262353.1077032,False,1.0,0.622055654309635,-33.6441747121831,-13.092052287572082
1232,2115,hibrido,5.783337116241455,6.901495456695557,443.36266194246474,451.932437634644,532035194.3309577,False,1.0,0.6220023035040677,-43.811078983552676,-16.894452491348886
1233,1096,hibrido,5.563380718231201,6.851672172546387,266.026821296654,554.8379667403929,319232185.5559848,False,1.0,0.6219937389489107,-49.19564062750529,-10.963999692353045
1234,1230,hibrido,5.765199661254883,5.873737812042236,191.2121483847056,54.62878309303169,229454578.06164673,False,1.0,0.6218315459551085,-48.34630246731086,-15.989190283996926
1235,1532,hibrido,5.460498332977295,6.353389739990234,126.2269562541465,245.0668387081316,151472347.5049758,False,1.0,0.6218107159476224,-46.92326298943089,-13.79265690493013
1236,1103,hibrido,6.423305034637451,6.397268772125244,518.5912499126766,829.5977415274203,622309499.8952119,False,1.0,0.6218012099748845,-49.231528361054764,-8.441347431481212
1237,1471,hibrido,5.904755592346191,6.719911575317383,360.0893876976912,742.5189538115545,432107265.23722947,False,1.0,0.6217563302193383,-47.40287148354145,-9.133759963668387
1238,2344,hibrido,5.298577308654785,7.632115364074707,388.3375347444779,566.8338413838246,466005041.6933735,False,1.0,0.6217254527893183,-42.823519800889,-14.35412427705711
1239,424,hibrido,5.990987777709961,5.993869304656982,204.95609975308233,574.6195822250529,245947319.70369878,False,1.0,0.621527463721166,-52.47711200544125,-13.166865011868124
1240,1578,hibrido,5.658673286437988,5.589295387268066,27.78625462594767,61.797748110816805,33343505.551137205,False,1.0,0.6214907752759493,-46.09509673642249,-23.809993991204802
1241,860,hibrido,5.849331378936768,5.505928039550781,50.594342707703966,251.39659976673994,60713211.24924476,False,1.0,0.6213337860030629,-50.21447569762545,-16.030113206491762
1242,1623,hibrido,6.103716850280762,6.8405256271362305,469.87567957696984,911.5986821449778,563850815.4923638,False,1.0,0.6210656339247048,-46.70221746194983,-7.685000561185168
1243,652,hibrido,6.230286598205566,6.127840518951416,369.63553757200003,654.2968019599948,443562645.08640003,False,1.0,0.621025245548362,-51.3913529212423,-10.990667597371235
1244,1144,hibrido,5.877375602722168,5.954061985015869,178.24029301887475,412.91526574457174,213888351.6226497,False,1.0,0.6209978419633861,-48.588097182148296,-20.316492067860047
1245,1226,hibrido,5.3897624015808105,6.265634536743164,77.43585496197896,187.6703622055154,92923025.95437476,False,1.0,0.6208319992011415,-48.30364818535744,-17.42788124730253
1246,928,hibrido,5.939579963684082,5.5360918045043945,91.9465362909857,335.1281134880415,110335843.54918285,False,1.0,0.6205896420406092,-49.792392813529396,-18.18601256550544
1247,870,hibrido,5.668511867523193,6.310197353363037,173.50864879659983,454.54438518583504,208210378.5559198,False,1.0,0.620568354230957,-50.274155583898384,-12.422630905373456
1248,2482,hibrido,5.9516825675964355,6.957343101501465,498.6482475524213,681.3250893923042,598377897.0629056,False,1.0,0.6204276639883854,-41.86690189230628,-17.855029960543185
1249,1159,hibrido,5.535499572753906,6.173629283905029,148.1282573363202,134.35251224872277,177753908.80358422,False,1.0,0.6204275043624141,-48.74723143711751,-14.918772540151412
1250,1300,hibrido,5.3830976486206055,6.340898036956787,105.55941609737931,181.0441260133528,126671299.31685518,False,1.0,0.6202944700509692,-47.92733525310612,-17.41682239789834
1251,2864,hibrido,5.487115859985352,7.692386150360107,437.05310508018476,857.9512505259298,524463726.09622175,False,1.0,0.6202638261745477,-40.274324713303095,-13.518538323299815
1252,1819,hibrido,5.60620641708374,6.712708950042725,330.86841740086334,303.9994824535623,397042100.881036,False,1.0,0.6200113604517324,-45.31134956577891,-16.962916646645592
1253,1148,hibrido,5.6809916496276855,5.885334014892578,64.46399959614806,352.56093805877555,77356799.51537767,False,1.0,0.6199830753939014,-48.63613062156327,-18.8775336097791
1254,2406,hibrido,5.898876190185547,6.794293403625488,413.6365397056577,680.856076697494,496363847.64678925,False,1.0,0.6198079765575041,-42.19523552311863,-18.585398450887055
1255,2040,hibrido,5.8458781242370605,6.583975315093994,386.7950274513826,429.35426246845736,464154032.94165915,False,1.0,0.6197059293882365,-44.16720107401245,-17.268699947993884
1256,933,hibrido,5.851839065551758,5.4450554847717285,50.273830487422615,219.12559484208776,60328596.58490714,False,1.0,0.6196255244523958,-49.83320459780088,-16.383717841456274
1257,1303,hibrido,5.801780700683594,5.781621932983398,190.8916361644243,61.64478796172376,229069963.39730918,False,1.0,0.6195019247822713,-47.961827788738766,-16.33855571236714
1258,3828,hibrido,5.617250442504883,7.606539726257324,589.3773916912376,527.1618045813179,707252870.0294851,False,1.0,0.6194885568159636,-35.53576892833462,-12.537180941293421
1259,1974,hibrido,5.483700275421143,6.885118007659912,301.99693784835614,376.1868553923646,362396325.41802734,False,1.0,0.6194535425307459,-44.67617931545933,-14.43327992805296
1260,1102,hibrido,6.27480936050415,6.46470832824707,482.5106172532448,790.1211160160367,579012740.7038938,False,1.0,0.6194222958985273,-49.22699756136232,-8.801756094827178
1261,720,hibrido,5.7490057945251465,6.046209812164307,135.88362223618492,445.8866527839243,163060346.6834219,False,1.0,0.6193475951296218,-51.001354443963535,-13.153883293256444
1262,2936,hibrido,5.476385593414307,7.962313652038574,526.4824897782727,880.5424972405694,631778987.7339272,False,1.0,0.6191405129854904,-39.86221375812789,-14.200231339761695
1263,1813,hibrido,5.661686420440674,6.267864227294922,160.20397726677322,466.4434335417527,192244772.72012788,False,1.0,0.6189346676162351,-45.2046831684943,-19.106211220620377
1264,2626,hibrido,5.8732686042785645,6.9700608253479,442.31008071590776,759.2702881733859,530772096.8590893,False,1.0,0.6188920041661662,-41.00613096843067,-19.217082883415966
1265,1444,hibrido,5.561567306518555,6.008880138397217,48.03024494545328,347.7448172140621,57636293.93454394,False,1.0,0.6187159795191924,-47.118775259923055,-18.827890253442803
1266,2556,hibrido,6.213587760925293,6.61279296875,526.7718086878216,718.4432393369852,632126170.425386,False,1.0,0.6186088478472573,-41.490344224432235,-17.83172374773106
1267,3604,hibrido,5.333954811096191,8.204766273498535,609.7342988724281,637.0832035024025,731681158.6469138,False,1.0,0.6184967823941633,-36.58816444902288,-13.298698063936312
1268,196,hibrido,6.322017669677734,5.352451801300049,173.91840462644137,613.4093441560144,208702085.55172965,False,1.0,0.6184894435381512,-53.58000863396571,-15.340150350844155
1269,953,hibrido,6.510153770446777,6.042410850524902,480.9662233522616,768.6590413013298,577159468.0227139,False,1.0,0.6184307554143827,-49.950101926364376,-9.171005916051131
1270,1107,hibrido,6.423881530761719,6.880083084106445,662.9137805504038,987.9253776673987,795496536.6604846,False,1.0,0.6181334035395865,-49.2476989452957,-6.9996273938214495
1271,645,hibrido,5.877966403961182,5.769140243530273,117.07110895597744,452.2356262439896,140485330.74717292,False,1.0,0.6181222655564662,-51.36636738117921,-13.519091598248973
1272,3678,hibrido,5.758651256561279,7.544333457946777,627.0024182516526,624.2889514357596,752402901.901983,False,1.0,0.6181073893431565,-36.219913709417106,-13.27429730728501
1273,2044,hibrido,5.864299297332764,6.706681251525879,463.58758786530757,390.01182263068523,556305105.438369,False,1.0,0.617952615573997,-44.23988940079929,-15.843853074829767
1274,2112,hibrido,5.751129150390625,6.6897172927856445,358.03044187541974,502.4139964884381,429636530.25050366,False,1.0,0.6177585562444567,-43.7510577695741,-17.961630668908583
1275,789,hibrido,5.577411651611328,5.96935510635376,61.787660440198415,307.0285719271028,74145192.5282381,False,1.0,0.6176814782861462,-50.60592841854222,-14.953827059700469
1276,644,hibrido,5.9941935539245605,5.4525628089904785,80.99047629654567,430.55316381525336,97188571.5558548,False,1.0,0.617679695898633,-51.36234025468588,-13.880251221596028
1277,4120,hibrido,5.942811489105225,7.783957004547119,805.0923140491866,679.7553347779631,966110776.8590239,False,1.0,0.6175680215329049,-33.95299541015635,-13.80044030665281
1278,569,hibrido,6.046196937561035,5.326493740081787,62.177963016338175,447.97118365444663,74613555.61960581,False,1.0,0.6174437462810635,-51.72882280955485,-14.245209259403921
1279,2194,hibrido,5.443970203399658,7.3479814529418945,425.96256130489274,473.1859177583648,511155073.5658713,False,1.0,0.6173336796926919,-43.53012501953947,-15.098509566550392
1280,1749,hibrido,5.293032646179199,7.190256595611572,358.4344776889785,230.26726582456405,430121373.2267742,False,1.0,0.6172209419264868,-45.746971928882516,-15.547602643398454
1281,3454,hibrido,5.688713550567627,7.80247688293457,647.3593254328431,741.4257446705046,776831190.5194117,False,1.0,0.6171748176168923,-37.27454494975179,-14.039619910812652
1282,2932,hibrido,5.877711296081543,7.671487808227539,670.8050204159998,869.7073935265711,804966024.4991997,False,1.0,0.6171060251545224,-39.768484895543644,-15.602953453596157
1283,3974,hibrido,5.4864702224731445,8.14273452758789,696.4697721793317,597.6482591660969,835763726.615198,False,1.0,0.6170976684475821,-34.7476226096931,-13.172555042528044
1284,2859,hibrido,5.780804634094238,7.644086837768555,617.4562683773437,829.6837797704387,740947522.0528125,False,1.0,0.6170746632745774,-40.164461724171474,-15.27498088600681
1285,514,hibrido,7.2156829833984375,5.905606746673584,764.9781029247667,1041.7298264701785,917973723.5097201,False,1.0,0.6169728748679005,-52.142273984483666,-7.3814519151143205
1286,1365,hibrido,5.817314147949219,5.757763862609863,122.31368296835538,334.89456661399316,146776419.56202644,False,1.0,0.6167437064625237,-47.424641050414,-20.636340515411792
1287,1325,hibrido,6.080938816070557,6.716989040374756,466.7868917750036,819.3307298570979,560144270.1300043,False,1.0,0.6166653085597029,-48.14194336579191,-8.426653230668014
1288,719,hibrido,5.518411159515381,6.253589630126953,99.80298957675316,420.0879340779533,119763587.4921038,False,1.0,0.6166197584284029,-50.996896533893484,-13.514939633863639
1289,505,hibrido,6.333985328674316,6.152471542358398,440.25240898988045,733.8472037153695,528302890.7878565,False,1.0,0.6164524329800868,-52.12557654637797,-10.634636719996672
1290,1921,hibrido,5.956254482269287,7.114564418792725,472.96446737893604,1026.9963338243988,567557360.8547232,False,1.0,0.6164133884701151,-45.26626075099206,-6.943218072858062
1291,1962,hibrido,5.475344657897949,6.785962104797363,244.89517289325562,488.0820964698125,293874207.4719067,False,1.0,0.6163567794347674,-44.46590793556093,-18.712424865727613
1292,801,hibrido,6.077885627746582,6.298110485076904,371.1799314729831,648.042406988327,445415917.76757973,False,1.0,0.6162963394778426,-50.663399073259896,-10.62251756866724
1293,1699,hibrido,6.044337272644043,7.086591720581055,524.768825516609,997.4221962378759,629722590.6199309,False,1.0,0.616159357375406,-46.352009860243875,-6.96180480412379
1294,1660,hibrido,5.550717353820801,5.918120384216309,38.26351178243573,302.72835671919506,45916214.13892287,False,1.0,0.6161449131968472,-45.87208298291031,-20.929344204407393
1295,2116,hibrido,5.5334343910217285,7.282892227172852,471.80673529814646,441.1167226022614,566168082.3577758,False,1.0,0.6160955364274309,-43.83014660030914,-16.538658376096773
1296,4198,hibrido,5.96705961227417,7.279204368591309,695.8638197235746,526.5054621832655,835036583.6682895,False,1.0,0.6160304938366933,-33.70072031666765,-12.412075511114734
1297,1293,hibrido,5.854208469390869,5.679824352264404,93.54909739239237,421.9209977952934,112258916.87087084,False,1.0,0.6159328594405722,-47.83674889608091,-19.932029052227865
1298,2191,hibrido,5.815584659576416,7.007413864135742,528.3743697892284,473.37280070354575,634049243.747074,False,1.0,0.615907764995756,-43.47518196220512,-16.164942147154896
1299,497,hibrido,5.76589298248291,6.07058572769165,151.6073477144261,519.8109658492351,181928817.25731134,False,1.0,0.6158454929045878,-52.105343243248434,-13.525767885388046
1300,1304,hibrido,5.2611284255981445,6.64811897277832,219.335709520106,23.261871287902004,263202851.42412722,False,1.0,0.6158043527556275,-47.972766932082216,-15.979093883848739
1301,3450,hibrido,6.178719997406006,7.515143871307373,791.6818560705702,889.9624346063015,950018227.2846843,False,1.0,0.6156763019763372,-37.16540436225013,-15.425743829605667
1302,3825,hibrido,5.569289207458496,8.029694557189941,697.619289669533,645.3218718763948,837143147.6034397,False,1.0,0.6156756012750227,-35.45641477157499,-13.567684741392572
1303,3528,hibrido,5.806875228881836,7.6201300621032715,664.6274448120674,726.0673670948784,797552933.7744809,False,1.0,0.6156320084925538,-36.90516954623571,-14.014802646675111
1304,1735,hibrido,5.647937774658203,5.740227699279785,18.30412270864626,354.01700030634674,21964947.250375513,False,1.0,0.6156272559767045,-45.50817554808723,-20.553457970274515
1305,1881,hibrido,5.474869728088379,5.996267795562744,17.663098268083672,326.9553670221185,21195717.921700407,False,1.0,0.6156098365748268,-44.69803511457066,-21.2277875401028
1306,2619,hibrido,6.044839859008789,6.222538471221924,333.38948712797,635.5701792536839,400067384.553564,False,1.0,0.6155298808441583,-40.79357939540334,-21.681317602252406
1307,2046,hibrido,5.685705661773682,6.758847236633301,391.426322546444,393.9432590331343,469711587.0557328,False,1.0,0.6155163402369158,-44.27358261849102,-15.131247498918205
1308,2716,hibrido,5.361396789550781,7.654397010803223,402.51686632173596,780.875615480358,483020239.5860832,False,1.0,0.6154283058321461,-41.0122977376576,-13.556983823199102
1309,2710,hibrido,5.603953838348389,7.839461803436279,619.0006622783268,749.7469694597063,742800794.7339921,False,1.0,0.6154061308511699,-40.88534804811677,-15.670854331700504
1310,1664,hibrido,5.699700832366943,5.901730537414551,75.512781640291,457.6459761991133,90615337.96834919,False,1.0,0.6153031812799646,-45.94654059033575,-19.49844110807812
1311,2621,hibrido,5.86537504196167,6.567046642303467,345.38160378735535,661.2466586238659,414457924.5448264,False,1.0,0.6152998155699821,-40.857517710618616,-20.97753641587365
1312,4497,hibrido,5.893812656402588,7.442512512207031,732.4581512954741,473.82908141617645,878949781.5545689,False,1.0,0.6152520550462277,-32.31734901942856,-11.294006140681752
1313,951,hibrido,5.878152847290039,6.745054721832275,408.804958033398,692.0654970653727,490565949.6400776,False,1.0,0.6149251308100243,-49.94157128412096,-9.892484493924877
1314,1750,hibrido,5.24129581451416,7.1410417556762695,322.35384502954673,236.9895535319848,386824614.03545606,False,1.0,0.6148744008268128,-45.76113376105709,-15.189838921562382
1315,1404,hibrido,6.458693504333496,6.705113887786865,629.9219356929382,1019.6885943593757,755906322.8315258,False,1.0,0.6148382200668576,-47.804424438998865,-6.623294649812962
1316,4342,hibrido,6.168486595153809,7.574843406677246,871.188564958501,700.323050640724,1045426277.9502013,False,1.0,0.6147844016507233,-32.84728683130279,-13.713175325775277
1317,3896,hibrido,5.951310157775879,7.844013690948486,823.1293070270526,759.7649341306512,987755168.4324632,False,1.0,0.6146958943764981,-35.00019613856267,-14.569213938759294
1318,959,hibrido,6.696878910064697,6.488471984863281,697.4500193088523,1001.6401202088971,836940023.1706228,False,1.0,0.6146771662890663,-49.97168528713669,-7.006365619382474
1319,1744,hibrido,5.698132038116455,6.303917407989502,274.3007829097813,292.09217696726364,329160939.49173754,False,1.0,0.6144629884385807,-45.67052732397264,-17.336043247534242
1320,1653,hibrido,5.537728786468506,5.699008464813232,27.564055630249385,93.287406521822,33076866.75629926,False,1.0,0.614459447419912,-45.72584541233815,-23.432165897844
1321,1972,hibrido,5.639623641967773,6.731706619262695,374.1582031672197,354.4495459498541,448989843.80066365,False,1.0,0.6143316630538598,-44.645393683903485,-15.146761361404524
1322,1153,hibrido,5.657401084899902,5.705038070678711,77.7563671822603,167.34511916912598,93307640.61871237,False,1.0,0.6141719919404935,-48.69034191843093,-17.07837471487158
1323,2416,hibrido,5.437772274017334,7.555379390716553,477.7669194425658,592.4317217246172,573320303.3310789,False,1.0,0.6141160957483071,-42.415376758239,-15.045185780821285
1324,3008,hibrido,5.404649257659912,8.275140762329102,615.9118744763605,911.3889568204727,739094249.3716326,False,1.0,0.6140948183918309,-39.44560605992562,-14.87907137479204
1325,798,hibrido,6.067153453826904,5.883458137512207,262.9380334946878,543.4481179802883,315525640.19362533,False,1.0,0.6140126480207808,-50.650995350937734,-11.705497474200007
1326,2336,hibrido,5.6166887283325195,7.3102216720581055,499.2892719929839,578.4222726989259,599147126.3915807,False,1.0,0.6139900111226777,-42.66503294140678,-17.190859925010276
1327,1882,hibrido,5.297750473022461,6.364522457122803,46.1071716237653,358.2578085916649,55328605.948518366,False,1.0,0.6139301676259672,-44.72035214329917,-20.871226632255514
1328,3824,hibrido,5.8204121589660645,7.728017330169678,733.6999223289648,684.8507635679431,880439906.7947577,False,1.0,0.6139113796547303,-35.428440878289194,-13.911063769922263
1329,2186,hibrido,5.696762561798096,6.824912071228027,386.15400301082,537.0071085014365,463384803.612984,False,1.0,0.6139092726640347,-43.37405255653317,-17.941651610579104
1330,3903,hibrido,5.246171474456787,8.029389381408691,571.9080596880353,481.2286409512294,686289671.6256424,False,1.0,0.6138089913853638,-35.19400175699549,-12.169980752688817
1331,3973,hibrido,5.8859686851501465,7.571902751922607,732.1816224993925,637.6234717463019,878617946.9992709,False,1.0,0.6136716986943341,-34.719483385573874,-13.514605436923551
1332,2249,hibrido,5.614419460296631,6.160811424255371,133.6552041446076,445.84278282622256,160386244.97352913,False,1.0,0.6132931211310114,-42.72107785593955,-21.821404910879178
1333,923,hibrido,5.9938836097717285,5.877748012542725,234.1669030693941,506.56261072567173,281000283.6832729,False,1.0,0.6132700228839912,-49.74654437130588,-19.98787017134592
1334,572,hibrido,5.871492862701416,5.897007465362549,170.41986099463358,508.0366972017603,204503833.1935603,False,1.0,0.6131224186722488,-51.73921381882953,-13.16143031775983
1335,1674,hibrido,5.286564350128174,7.099569797515869,359.9535151971077,190.59162684588742,431944218.2365293,False,1.0,0.6128542667431806,-46.10571020125566,-15.919187748921646
1336,1098,hibrido,6.091320991516113,6.11226224899292,338.18808661551753,632.8722137071205,405825703.93862104,False,1.0,0.612711675215003,-49.2068944658864,-10.243294030523039
1337,1894,hibrido,5.526851177215576,6.900079727172852,387.43605189194534,325.44359083962945,464923262.2703344,False,1.0,0.612657961252829,-44.953218887429266,-16.589813471451354
1338,878,hibrido,6.209468841552734,6.36057710647583,462.1537100720542,742.7912737019203,554584452.086465,False,1.0,0.6125147455538724,-50.31022340061914,-9.5357886155245
1339,1475,hibrido,5.987290382385254,6.979817867279053,504.41191833541836,901.9415368311195,605294302.0025021,False,1.0,0.6125133423418333,-47.427254819912385,-7.696633295895102
1340,492,hibrido,5.597146987915039,5.901205539703369,33.13531625793438,454.4208031684613,39762379.50952125,False,1.0,0.6124829900125809,-52.08999980156169,-15.33237637602518
1341,716,hibrido,5.762538433074951,5.472499370574951,8.438908401542264,358.67919933971046,10126690.081850717,False,1.0,0.612079608206724,-50.9827255670655,-14.598036225496683
1342,1968,hibrido,5.653350353240967,6.7962751388549805,415.5596130273457,363.6898974843563,498671535.6328148,False,1.0,0.6120302264836238,-44.57879695096416,-16.57339222831877
1343,1528,hibrido,5.607198238372803,6.255417823791504,270.5494868918737,124.4733559542814,324659384.2702484,False,1.0,0.6120192634329861,-46.877294140994465,-15.227650119646299
1344,1967,hibrido,5.526073932647705,6.932995796203613,387.115539671664,376.73506175986927,464538647.6059968,False,1.0,0.6119034223543289,-44.56108064683087,-16.929976741077613
1345,2404,hibrido,6.164295673370361,6.057008266448975,356.7483929942944,666.1735292308593,428098071.5931533,False,1.0,0.611625748170693,-42.14469348893146,-19.292937856846557
1346,4421,hibrido,5.939603328704834,7.403436660766602,750.4682221169322,524.7978770640204,900561866.5403187,False,1.0,0.6115793513036238,-32.628770392625725,-11.994788799687393
1347,2267,hibrido,5.6310834884643555,7.130434513092041,479.3113133435489,509.8241743046776,575173576.0122586,False,1.0,0.6115001603626873,-43.14003233548218,-15.436378037492256
1348,1477,hibrido,6.073622703552246,7.0946197509765625,576.573183654282,981.7232835209826,691887820.3851385,False,1.0,0.6114767759884829,-47.43783812420867,-6.978008239124412
1349,1626,hibrido,6.204408645629883,6.9277238845825195,578.1175775552651,1030.1627354973425,693741093.0663182,False,1.0,0.6114391126765739,-46.719366488757466,-6.608693527189692
1350,2711,hibrido,5.7768144607543945,7.392167568206787,582.9200296188949,749.707645010362,699504035.5426738,False,1.0,0.6114239179868755,-40.90792930057134,-15.318644348442486
1351,1398,hibrido,5.971817970275879,6.625063419342041,413.43813973634735,779.8196078765812,496125767.6836168,False,1.0,0.6114027737066896,-47.77287559844377,-8.780630097409649
1352,4194,hibrido,5.902322769165039,7.811590671539307,825.7757532560117,684.3456742458281,990930903.907214,False,1.0,0.6113829083771164,-33.58434117965427,-13.771751517187163
1353,1730,hibrido,5.558967113494873,5.848254203796387,83.68776373766357,184.61800980466393,100425316.48519629,False,1.0,0.6111660138478598,-45.40335263188376,-22.339784614227096
1354,1080,hibrido,5.75667142868042,5.4918389320373535,78.07687940254166,164.88969940268737,93692255.28305,False,1.0,0.6110684663675355,-49.075398212571514,-16.727730007230665
1355,1332,hibrido,6.549208164215088,6.816097259521484,719.3513203910261,1099.3134622567616,863221584.4692314,False,1.0,0.6110072044552954,-48.1741410894626,-5.907992687673623
1356,782,hibrido,6.126856327056885,5.076881408691406,91.30551185042303,342.168526560835,109566614.22050764,False,1.0,0.6108077364478622,-50.562344859909466,-17.479561995829947
1357,1875,hibrido,5.5054779052734375,5.880946636199951,57.62140201151415,213.08857236033435,69145682.41381697,False,1.0,0.6107897976241903,-44.55408502071691,-23.366335382607467
1358,576,hibrido,6.057733535766602,6.049039363861084,314.74239163236075,616.0076499488858,377690869.9588329,False,1.0,0.6104070731259563,-51.75168436570637,-11.71623954641702
1359,2266,hibrido,5.478121757507324,7.4596381187438965,515.3919460029807,509.88200000831296,618470335.2035768,False,1.0,0.6101984987313049,-43.121099528383155,-15.791429749295856
1360,2192,hibrido,5.468931198120117,7.389881610870361,498.1238266237563,469.91791114926434,597748591.9485075,False,1.0,0.6101144527575669,-43.49396622522738,-15.809496913288882
1361,509,hibrido,6.565917015075684,6.19138240814209,584.5749396276077,865.7342880426668,701489927.5531292,False,1.0,0.6100616172016206,-52.13377319208417,-9.188851891213753
1362,929,hibrido,5.448513031005859,6.057965278625488,63.50246293530406,305.0440742303031,76202955.52236487,False,1.0,0.6100178562334092,-49.800950505803414,-17.825587267434944
1363,2334,hibrido,5.755317687988281,6.886078357696533,442.40112528162064,608.18603733418,530881350.33794475,False,1.0,0.6099946087432159,-42.620298139175304,-17.899671854175626
1364,1663,hibrido,5.749737739562988,5.618823051452637,47.068708284609315,418.5582326736694,56482449.94153118,False,1.0,0.6099092758146714,-45.928525170916224,-19.856212884918452
1365,2183,hibrido,5.535241603851318,6.840981960296631,300.821782943775,604.4448115933882,360986139.53253,False,1.0,0.6098209504249034,-43.30745319909268,-19.00723427389321
1366,1219,hibrido,5.729641437530518,5.870572090148926,121.67265852779273,433.8001789175634,146007190.2333513,False,1.0,0.6096856364054887,-48.218597136626165,-19.944808176692533
1367,3451,hibrido,5.980985164642334,7.604242324829102,755.6012234111384,852.4393731948535,906721468.0933661,False,1.0,0.6095857494468339,-37.19376284333351,-15.079300867532966
1368,1234,hibrido,5.396056652069092,6.1819610595703125,129.31574405611275,148.1500693017106,155178892.8673353,False,1.0,0.6094581748180613,-48.384820275109185,-14.550207177242866
1369,2114,hibrido,5.571712970733643,6.974300384521484,414.918588586783,465.9419421059048,497902306.3041396,False,1.0,0.6094181604596378,-43.79154440412892,-17.25021310051922
1370,2252,hibrido,5.549104690551758,6.402976036071777,186.74465656572073,503.510003053794,224093587.87886488,False,1.0,0.6093784230318111,-42.802913781133256,-20.758195391981694
1371,2853,hibrido,5.871514797210693,7.537436485290527,667.7101265851047,858.3291709923109,801252151.9021257,False,1.0,0.6093681727420109,-40.012606858657264,-17.38119964714417
1372,791,hibrido,5.650979042053223,5.599623680114746,10.373604878665153,341.39216968983663,12448325.854398184,False,1.0,0.6093161882926854,-50.6169850874553,-14.232062483884073
1373,1298,hibrido,5.437736988067627,5.982791423797607,48.67126938601598,260.9500067407562,58405523.26321918,False,1.0,0.6092414867744181,-47.90291934065139,-18.13556350457658
1374,1952,hibrido,5.363539695739746,5.989716053009033,1.497693904099966,283.5277922871632,1797232.6849199592,False,1.0,0.6091670717574857,-44.24087009919215,-22.274657585879847
1375,3301,hibrido,5.982093334197998,7.7912983894348145,793.2262499715536,956.707902992425,951871499.9658643,False,1.0,0.6091065645265477,-37.88076958686879,-15.826620843846339
1376,1527,hibrido,5.417983531951904,6.602303981781006,306.6301195513055,111.14216827807617,367956143.46156657,False,1.0,0.6088900699465474,-46.8650082260423,-15.586347659387377
1377,2345,hibrido,5.115013599395752,7.627796173095703,352.2569020850462,577.963353951539,422708282.5020554,False,1.0,0.6086790951598726,-42.841097574511885,-13.999379455599417
1378,636,hibrido,5.679798126220703,5.803018569946289,90.66448740986037,383.9892559533041,108797384.89183244,False,1.0,0.6085644491943332,-51.32583915926445,-16.769078203565694
1379,4267,hibrido,6.007194995880127,7.789151191711426,881.0546747826186,730.4594024286323,1057265609.7391423,False,1.0,0.6084794300863586,-33.18413770062989,-14.081655880595596
1380,2189,hibrido,5.9324564933776855,6.542346477508545,471.486223077865,490.10176382051594,565783467.693438,False,1.0,0.6079076480226189,-43.43618421081301,-16.875731717691977
1381,732,hibrido,6.319478988647461,6.4934539794921875,568.8512141493665,846.4675566177834,682621456.9792397,False,1.0,0.6077079931503095,-51.04484588140798,-8.820392415267353
1382,775,hibrido,6.101287841796875,5.802435398101807,290.41402534019477,544.6944622061341,348496830.4082337,False,1.0,0.607623378094647,-50.51079714984618,-20.004531512628347
1383,1445,hibrido,5.516620635986328,5.942540645599365,76.47431830113497,308.65432553620644,91769181.96136196,False,1.0,0.6072992239447997,-47.13328409263874,-18.469111484682536
1384,1525,hibrido,5.699909687042236,6.04082727432251,275.2623195706254,125.18191572113813,330314783.48475045,False,1.0,0.6072415458181861,-46.83946609613748,-16.303678281606395
1385,1010,hibrido,5.7218017578125,5.700860500335693,149.6726512373032,180.54346110395505,179607181.48476383,False,1.0,0.6072263543444574,-49.48300187766724,-15.294958710136822
1386,1306,hibrido,5.389429569244385,6.330625534057617,218.74512875420058,60.192891621461364,262494154.5050407,False,1.0,0.60722226934145,-47.993821798996855,-15.260113429853833
1387,2185,hibrido,5.743812561035156,6.57730770111084,357.70992965513835,557.52632207646,429251915.586166,False,1.0,0.6071831279420395,-43.35235530098355,-18.29688441828849
1388,1441,hibrido,5.341139793395996,6.200805187225342,37.30197512159171,409.00708390431066,44762370.145910054,False,1.0,0.6069833072702017,-47.073244927627236,-19.90407601667009
1389,124,hibrido,6.0774149894714355,5.72238302230835,214.41557545217313,665.2791010773301,257298690.54260775,False,1.0,0.6069481611621628,-53.95268158725578,-14.617530511452806
1390,1810,hibrido,5.311982154846191,6.349887371063232,74.87175719972825,406.7082677422523,89846108.6396739,False,1.0,0.6068720109589054,-45.14567862388588,-20.177436261795147
1391,4357,hibrido,5.225650310516357,7.581552982330322,530.7285033044337,194.29005300225296,636874203.9653205,False,1.0,0.6067120502802492,-33.22877872222232,-8.631486499580598
1392,1965,hibrido,5.503606796264648,6.7553229331970215,330.2273929603007,413.33671166891827,396272871.55236083,False,1.0,0.6065663781332231,-44.524341678627884,-17.64305301450097
1393,1668,hibrido,5.510173320770264,6.264824867248535,189.28907506301766,322.3025901012087,227146890.0756212,False,1.0,0.6062693479588065,-46.014714785870154,-18.06706314804212
1394,2184,hibrido,5.718655586242676,6.541784763336182,329.26585629945663,580.0815158537079,395119027.5593479,False,1.0,0.6061748405805202,-43.33015709798177,-18.65207892129921
1395,1700,hibrido,6.0832438468933105,6.996694087982178,560.8494581760408,1036.721791186506,673019349.8112489,False,1.0,0.6061648759679542,-46.35769514174332,-6.603320208125545
1396,714,hibrido,5.852306842803955,5.330305099487305,51.23536714826663,335.8105098013427,61482440.57791996,False,1.0,0.6061506331499937,-50.97260384768641,-15.320037265296321
1397,4122,hibrido,5.747657299041748,7.655325889587402,736.8405964714818,600.0890059682972,884208715.7657782,False,1.0,0.6061480741246573,-34.011915767746586,-13.119275263069149
1398,2566,hibrido,5.545764923095703,7.2232513427734375,440.14189288215096,683.7916611649422,528170271.45858115,False,1.0,0.6060702384698325,-41.71257456483038,-14.300261093214935
1399,428,hibrido,6.04514741897583,6.143626689910889,349.2786303908095,671.9760437458841,419134356.4689714,False,1.0,0.6059875501124818,-52.48551704038975,-11.721060131952076
1400,802,hibrido,6.244327545166016,5.992462635040283,407.260564132415,684.0321600832768,488712676.958898,False,1.0,0.6059792055647473,-50.66725061278155,-10.261504423693479
1401,499,hibrido,5.862235069274902,5.994157791137695,223.76861303328974,563.9907000678759,268522335.6399477,False,1.0,0.6059413010937156,-52.11089151642039,-12.80304555636209
1402,2478,hibrido,6.1620097160339355,6.073662281036377,384.87195412969464,696.2915367858241,461846344.9556336,False,1.0,0.6059365289180878,-41.765059619762525,-19.268361074741097
1403,1768,hibrido,5.323190689086914,7.377971172332764,327.09754284022563,812.3439384870992,392517051.4082708,False,1.0,0.605905926349944,-45.95548730255017,-8.746582678511015
1404,1004,hibrido,5.430866718292236,5.8109130859375,6.93482844422202,248.49493497771962,8321794.133066423,False,1.0,0.6058467148038171,-49.43283786952126,-17.456879450840248
1405,4416,hibrido,6.075706481933594,7.659046173095703,895.7128313465828,711.5574902694839,1074855397.6158993,False,1.0,0.6058165040236639,-32.4788881648977,-13.68329978067395
1406,885,hibrido,6.639191150665283,6.494161605834961,714.7181386880768,1010.8046891949525,857661766.4256922,False,1.0,0.6057577343336857,-50.333685806523604,-7.009322117725874
1407,567,hibrido,5.776017189025879,5.407310962677002,9.983302302525383,422.36963886959,11979962.763030458,False,1.0,0.6057178711313183,-51.7213903746604,-14.96766996541226
1408,1244,hibrido,5.689664363861084,6.269679546356201,231.49058253820527,541.6260617472095,277788699.04584634,False,1.0,0.6054752047955476,-48.463837895758715,-10.951643705201121
1409,1032,hibrido,6.505850791931152,6.459298610687256,644.1012672701963,954.6196658107951,772921520.7242357,False,1.0,0.6054670952868626,-49.60622153097802,-7.363758286237103
1410,2193,hibrido,5.257334232330322,7.552934646606445,462.04319396432453,469.8551670375212,554451832.7571894,False,1.0,0.6051751806994484,-43.51227931583689,-15.454019120287253
1411,1877,hibrido,5.4636101722717285,5.713709831237793,1.2754949084016827,230.44398550457558,1530593.8900820191,False,1.0,0.6050913218795239,-44.60401815727704,-22.653646786900765
1412,2862,hibrido,5.467316627502441,7.665348052978516,509.2143703990484,841.0697228726456,611057244.4788581,False,1.0,0.6050354353410468,-40.2321578308723,-14.221242336976468
1413,2779,hibrido,5.9235310554504395,7.269632339477539,639.5865654497044,819.7390774281522,767503878.5396453,False,1.0,0.6050217582136763,-40.388080434141834,-17.406526480922615
1414,1966,hibrido,5.459219455718994,6.864717483520508,358.67146631598234,393.43140696472557,430405759.5791788,False,1.0,0.6050064636839028,-44.542930172161306,-17.286530572261498
1415,1006,hibrido,5.701981067657471,5.430904865264893,49.95331826714131,198.0701952730879,59943981.92056958,False,1.0,0.6049022267399997,-49.450400049980786,-16.7363054997044
1416,643,hibrido,5.867671012878418,5.33228874206543,44.90984363711381,411.62481958496545,53891812.36453657,False,1.0,0.6048278484143949,-51.35819626747815,-14.241399015425806
1417,564,hibrido,5.632626533508301,5.761772155761719,61.899901833897374,411.0632646198402,74279882.20067684,False,1.0,0.604806106978428,-51.70946828427042,-16.051267578678562
1418,1950,hibrido,5.556556224822998,5.739429473876953,57.843601007212435,257.4690626358149,69412321.20865493,False,1.0,0.6047643709939308,-44.189978305693764,-22.986626709335383
1419,710,hibrido,5.777313709259033,5.467184066772461,62.54092627446004,345.5496482434348,75049111.52935205,False,1.0,0.6045824066637088,-50.95070271492477,-16.763876620895747
1420,3893,hibrido,6.235342025756836,7.6206841468811035,931.3712050053481,879.422256511157,1117645446.0064178,False,1.0,0.6042675313064069,-34.90533759572549,-15.59644952487467
1421,1522,hibrido,5.29705286026001,6.480463981628418,189.93009950358032,211.29933200251017,227916119.4042964,False,1.0,0.6040386567471072,-46.798685924160736,-17.379505431017076
1422,1024,hibrido,5.745932102203369,6.5899763107299805,355.456205994742,642.3164548483574,426547447.1936904,False,1.0,0.604002219314744,-49.571967450507586,-10.2484537229779
1423,807,hibrido,6.3205156326293945,6.503392696380615,587.663727429574,869.2555262366981,705196472.9154888,False,1.0,0.6039435818382773,-50.684420240980955,-8.456304361998303
1424,578,hibrido,6.00358772277832,6.288595676422119,386.90365695122443,677.7517940525775,464284388.34146935,False,1.0,0.6039337736877147,-51.757338215043426,-10.993584092101177
1425,4345,hibrido,5.63796854019165,7.897482395172119,778.4023133415747,585.0740339017856,934082776.0098896,False,1.0,0.6036863489755432,-32.9384661503608,-12.698003652550526
1426,1879,hibrido,5.249584674835205,6.181473255157471,39.22504844327969,271.2971087938473,47070058.131935626,False,1.0,0.6036836352455498,-44.65198688910938,-21.940795512658415
1427,1401,hibrido,5.904330730438232,7.016368389129639,521.6800377146428,899.7453668386919,626016045.2575713,False,1.0,0.6035716684544922,-47.78978770277698,-7.7020054309934
1428,887,hibrido,6.799270153045654,6.466426849365234,786.8794040069404,1088.4889476905323,944255284.8083285,False,1.0,0.603448384149382,-50.33903816558247,-6.287409506918384
1429,2176,hibrido,5.485171318054199,6.112385272979736,106.19179507886342,427.07130463061804,127430154.09463611,False,1.0,0.6030977966332556,-43.13393936004622,-21.492152975050463
1430,796,hibrido,5.94390869140625,5.646015644073486,190.7767681758242,477.75913114285885,228932121.81098905,False,1.0,0.6030255598853369,-50.64201005115029,-12.427431275098025
1431,783,hibrido,5.836593151092529,5.325727939605713,62.86143849474139,322.83174463144405,75433726.19368967,False,1.0,0.602978897337986,-50.56904685771885,-17.11878717321231
1432,2713,hibrido,5.4246745109558105,7.630917549133301,510.75876430003143,756.005041340943,612910517.1600378,False,1.0,0.6029453954620909,-40.951371356173304,-14.614099054762002
1433,559,hibrido,6.054353713989258,5.490239143371582,204.12026861230572,466.11997774722727,244944322.33476686,False,1.0,0.6028249942084767,-51.687477449500214,-17.856996204122318
1434,4191,hibrido,6.3512701988220215,7.336094379425049,929.3895571634488,803.2868428971059,1115267468.5961385,False,1.0,0.6027994225920165,-33.48833060194922,-14.790744544795661
1435,1369,hibrido,5.627011299133301,5.562134742736816,8.537389545628706,381.87512672689616,10244867.454754448,False,1.0,0.6027380222153135,-47.483992131650375,-19.200460424192187
1436,4270,hibrido,6.138896942138672,7.102139472961426,783.324955339333,613.0499070090233,939989946.4071996,False,1.0,0.6025717308577327,-33.27650951106816,-13.064447976946864
1437,3230,hibrido,5.765524387359619,7.606659889221191,667.7162326140336,866.7684666828071,801259479.1368403,False,1.0,0.6025429470879129,-38.333146109059186,-14.808173650502535
1438,2783,hibrido,5.595696926116943,7.83003568649292,672.3494143169829,791.7930879684629,806819297.1803795,False,1.0,0.6025040313802668,-40.48920983795001,-16.000418162225646
1439,1892,hibrido,5.619745254516602,6.452341556549072,330.54790518058195,358.37335457962564,396657486.21669835,False,1.0,0.6024475801097365,-44.91872924508541,-17.30370071478905
1440,3599,hibrido,5.764893531799316,7.915085792541504,790.1374621695871,827.5120895627977,948164954.6035045,False,1.0,0.6024286546981187,-36.45193773809907,-15.025341516937152
1441,960,hibrido,6.637113571166992,6.522000789642334,733.5306519682842,1040.7804596479812,880236782.3619411,False,1.0,0.6023973502316288,-49.97470559687908,-6.645566079784695
1442,635,hibrido,5.956864833831787,5.341890335083008,119.10856076554205,396.3668930607135,142930272.91865045,False,1.0,0.6023569544032408,-51.320726360897375,-17.13012105717251
1443,730,hibrido,6.669939041137695,5.569674491882324,496.689948830503,773.4502277849185,596027938.5966036,False,1.0,0.6023461052701315,-51.03885176337688,-9.542734041012261
1444,1964,hibrido,5.853546619415283,6.054995536804199,301.783319604619,436.01169988924084,362139983.5255428,False,1.0,0.6022133766679364,-44.505311207688116,-17.999543355952802
1445,350,hibrido,6.386780261993408,5.1147027015686035,222.22421913230662,609.1230200566259,266669062.95876795,False,1.0,0.6022067734277442,-52.84607171132402,-13.168788501998925
1446,649,hibrido,5.933218955993652,5.918915748596191,261.3936395937047,559.5365946353908,313672367.5124456,False,1.0,0.6021578142663327,-51.38132381187966,-12.074340645348421
1447,574,hibrido,5.968752861022949,5.806456089019775,242.58112631349724,558.9126544010353,291097351.5761967,False,1.0,0.6020792037389315,-51.74564456972649,-12.438855722678712
1448,1587,hibrido,5.298356533050537,6.124823093414307,37.9429995621544,332.3530806274738,45531599.47458528,False,1.0,0.6020210715266341,-46.27451342199366,-20.589061020126124
1449,3972,hibrido,5.779794216156006,7.68754768371582,768.2361610874135,677.6016099149615,921883393.3048962,False,1.0,0.6017558609596173,-34.69055410420324,-13.856589945858671
1450,2709,hibrido,5.718127250671387,7.533572673797607,655.0812949377588,751.9172051769029,786097553.9253106,False,1.0,0.6016490112299818,-40.86218728109573,-16.023021095528044
1451,1959,hibrido,5.681387901306152,5.9628825187683105,159.56295282621065,480.13532128512406,191475543.3914528,False,1.0,0.6014844998932338,-44.40338265470347,-19.78148830185649
1452,1628,hibrido,5.940318584442139,7.467480182647705,650.2788428741287,1109.377001363065,780334611.4489545,False,1.0,0.6014616402853722,-46.729333553858325,-5.8911080346303075
1453,2552,hibrido,5.980434894561768,6.402418613433838,413.01481837388104,727.3627962380468,495617782.04865724,False,1.0,0.6014392892954931,-41.38553784323172,-19.243074097382053
1454,2637,hibrido,5.613260746002197,7.4110426902771,565.6519102396707,709.7215949042227,678782292.2876048,False,1.0,0.6013129291202042,-41.27977355546961,-15.339659360866332
1455,4492,hibrido,5.925384998321533,7.681910514831543,862.318889524488,650.7036565007157,1034782667.4293855,False,1.0,0.6011924359366071,-32.173975591779644,-12.979403148700069
1456,4349,hibrido,5.778884410858154,7.187829971313477,668.3045880062957,435.42005580352475,801965505.6075549,False,1.0,0.6011830006856015,-33.04829035861068,-11.343458234285261
1457,4490,hibrido,6.2664642333984375,7.355024337768555,921.3215707685191,724.8280821398156,1105585884.9222229,False,1.0,0.601074548678308,-32.11057608236897,-13.653040570832871
1458,1808,hibrido,5.34593391418457,5.978699684143066,17.98361048836489,336.02667195512333,21580332.586037867,False,1.0,0.6010429324736789,-45.104164369663074,-20.891417773244942
1459,1036,hibrido,6.711678981781006,6.59488582611084,788.4237979079235,1112.4130732082351,946108557.4895082,False,1.0,0.6010217216968917,-49.619026210784654,-5.921218947669138
1460,637,hibrido,5.832496643066406,5.344326019287109,62.22041405417872,375.4847313281076,74664496.86501446,False,1.0,0.6009907234374376,-51.330827280083916,-16.40802124402503
1461,347,hibrido,5.75478982925415,5.798682689666748,122.6264765897909,560.0069189251127,147151771.9077491,False,1.0,0.6008187168565765,-52.84076391138675,-14.25319715943416
1462,2026,hibrido,5.302472114562988,6.06242561340332,29.89284645135448,319.72291464782234,35871415.741625376,False,1.0,0.60066001386,-43.85361982415945,-22.251206927997888
1463,1151,hibrido,5.662746429443359,5.379653453826904,20.868220470896965,238.5839880708488,25041864.56507636,False,1.0,0.6006556097520532,-48.6694174383919,-17.798096983616066
1464,1806,hibrido,5.707510471343994,5.384180545806885,38.90453622299847,270.58498384161766,46685443.46759817,False,1.0,0.6005844170497215,-45.060864837445074,-21.605258158162552
1465,1322,hibrido,5.556537628173828,6.900338649749756,358.5449937967082,699.3423629162312,430253992.5560498,False,1.0,0.6005231874742656,-48.12455902565825,-9.505937144340182
1466,804,hibrido,6.518642902374268,5.722041130065918,479.4218294512786,757.2199585154447,575306195.3415344,False,1.0,0.600415825116006,-50.674533902495945,-9.539450296806843
1467,352,hibrido,5.943544387817383,6.045596122741699,294.38548445117027,652.1601974276281,353262581.3414043,False,1.0,0.6003100729765988,-52.84935655560139,-12.44579707096574
1468,1884,hibrido,5.510584831237793,6.0132060050964355,102.99531833512866,425.2603299175337,123594382.0021544,False,1.0,0.6001846538444054,-44.76359706794936,-20.157994600602198
1469,1732,hibrido,5.670185089111328,5.496517181396484,67.02809735839878,246.94432637520254,80433716.83007854,False,1.0,0.600171147645324,-45.4465887216214,-21.625358139784037
1470,4268,hibrido,6.110819339752197,7.353257179260254,847.8428835521314,691.224050911753,1017411460.2625577,False,1.0,0.5998651445147116,-33.2157714058932,-13.742661220720967
1471,199,hibrido,6.128129959106445,5.427275657653809,189.30729716740063,636.3129165880721,227168756.60088077,False,1.0,0.5997482838444201,-53.58209049374779,-14.255647240469955
1472,197,hibrido,6.424975872039795,4.873589038848877,170.03183593711668,618.5564309510336,204038203.12454003,False,1.0,0.5996971623763756,-53.58072148426791,-14.978660703862502
1473,3006,hibrido,5.4891157150268555,8.103614807128906,688.073139795224,909.6965214116032,825687767.7542689,False,1.0,0.5996056848181428,-39.39635857678344,-15.579225363195004
1474,2781,hibrido,6.096355438232422,7.039721965789795,696.4747121610676,801.9066183843953,835769654.5932811,False,1.0,0.5993120463064234,-40.439863954587665,-16.70356899199882
1475,1526,hibrido,5.365994930267334,6.522331714630127,303.706392926307,111.40712183959859,364447671.51156837,False,1.0,0.5992339088647248,-46.8523997670123,-15.945023882661484
1476,722,hibrido,5.856210708618164,5.795286178588867,208.04488755504858,503.08744436408864,249653865.06605828,False,1.0,0.599075488933694,-51.00987729402931,-12.431736209079947
1477,1671,hibrido,5.4715681076049805,6.373071193695068,274.62129513006266,236.0128469063811,329545554.1560752,False,1.0,0.5989514411920815,-46.06186658635707,-16.99324065900589
1478,1439,hibrido,5.750538349151611,5.492620468139648,94.19012183295507,329.22500497264815,113028146.19954608,False,1.0,0.598867051009737,-47.041187593756106,-20.621402770865505
1479,733,hibrido,6.30903434753418,6.50054931640625,604.9318468087984,883.4298835671394,725918216.170558,False,1.0,0.5988657430362003,-51.04765911110279,-8.459209658520379
1480,657,hibrido,6.352424144744873,6.224620819091797,550.0387008691591,826.9277350046508,660046441.0429909,False,1.0,0.5987478915999754,-51.40585952072553,-9.184360519133783
1481,1589,hibrido,5.298859596252441,6.085883617401123,18.94514714920896,411.52917391995385,22734176.579050753,False,1.0,0.5986952523690021,-46.310022112249754,-19.872953347632382
1482,276,hibrido,6.318688869476318,5.250749588012695,241.3024949184042,644.2624021695782,289562993.902085,False,1.0,0.5985679373831186,-53.21503638216499,-13.170182086721079
1483,806,hibrido,6.273530960083008,6.35786247253418,551.5830947701421,831.6634746819591,661899713.7241706,False,1.0,0.5985219677956846,-50.68126235725867,-8.817361207271402
1484,876,hibrido,6.058903217315674,6.110719680786133,389.99244475319057,668.0245554931219,467990933.7038287,False,1.0,0.5985090482485617,-50.30214643871177,-10.257560009845735
1485,1816,hibrido,5.520956516265869,6.324695587158203,245.53619733381828,374.95677219264434,294643436.80058193,False,1.0,0.5984776248751802,-45.259870852512485,-18.034698804631194
1486,936,hibrido,5.532360076904297,5.8516035079956055,132.4045318580789,218.7215824599985,158885438.2296947,False,1.0,0.5984387118116654,-49.855368122693534,-15.302148454979998
1487,1659,hibrido,5.527792930603027,5.714315891265869,66.70758513811735,264.9445462159401,80049102.16574082,False,1.0,0.5983936644131056,-45.85245624020995,-21.286991301588905
1488,2933,hibrido,5.392045021057129,8.057262420654297,634.724387756568,869.6734934029846,761669265.3078816,False,1.0,0.5983895288098323,-39.792841605814985,-15.252342367755809
1489,1330,hibrido,6.07102632522583,7.116690158843994,647.1900550721626,1019.3174278668102,776628066.0865952,False,1.0,0.5983368671966176,-48.16612387445969,-6.627651613439303
1490,3979,hibrido,5.032303333282471,7.927787780761719,527.229759903562,397.84694481240166,632675711.8842744,False,1.0,0.5982991971897192,-34.87664316536961,-11.461379161027232
1491,1594,hibrido,5.6603217124938965,5.791930675506592,161.1655139276173,300.5364351827551,193398616.71314076,False,1.0,0.5982226634367874,-46.39223634905485,-18.08218875562902
1492,2041,hibrido,5.745231628417969,6.464104652404785,415.2391008070643,414.10882322500925,498286920.96847713,False,1.0,0.5981154076546193,-44.18604523193354,-16.912535598076268
1493,1479,hibrido,6.420524597167969,6.583868026733398,648.7344489731457,1061.5378820151252,778481338.7677748,False,1.0,0.5980258337574953,-47.44736063833166,-6.259347019744906
1494,660,hibrido,6.486477375030518,6.391185760498047,658.2805988474544,935.7524155666546,789936718.6169453,False,1.0,0.5978865753328293,-51.41326436888265,-8.100478381857496
1495,855,hibrido,5.92379093170166,5.191300868988037,91.62602407070439,333.9087847143786,109951228.88484527,False,1.0,0.5978707597094655,-50.17820002823332,-17.833314856743915
1496,726,hibrido,5.827635765075684,6.339304447174072,352.36741819277574,632.5038464457477,422840901.8313309,False,1.0,0.5978114394540206,-51.02537534775511,-10.987312965781273
1497,3527,hibrido,5.671359539031982,7.682070732116699,700.7080774714993,763.5142903689685,840849692.9657992,False,1.0,0.5975924974786977,-36.878438884232686,-14.360782272109532
1498,2640,hibrido,5.46872091293335,7.290497303009033,457.41001226137524,722.9992023455493,548892014.7136503,False,1.0,0.597385673019245,-41.34237709794161,-14.281269269045747
1499,4348,hibrido,5.833100318908691,7.14047908782959,694.0106678694335,472.1979193447229,832812801.4433203,False,1.0,0.5972783215117724,-33.0220779908515,-11.682193704483456
1500,4118,hibrido,6.394697666168213,6.9845452308654785,875.3360518530579,759.4918138032708,1050403262.2236695,False,1.0,0.5971942466174454,-33.89079313972331,-14.481319256017208
1501,1954,hibrido,5.38863468170166,5.834442138671875,17.342586047802243,327.544958416246,20811103.25736269,False,1.0,0.5970028391685789,-44.28974358889514,-21.562521065631763
1502,2177,hibrido,5.292859077453613,6.411273002624512,130.17929326781865,447.92716442657496,156215151.92138237,False,1.0,0.5969503935286107,-43.16032743401128,-21.137295967994362
1503,1017,hibrido,5.245573043823242,6.350124359130859,102.89177737871938,379.7146096190909,123470132.85446326,False,1.0,0.596827667776543,-49.5322433576573,-12.772022573112986
1504,1661,hibrido,5.633262634277344,5.421202659606934,9.819438426754045,341.0180396316858,11783326.112104854,False,1.0,0.5966550198951652,-45.89130052193594,-20.57166503289995
1505,1154,hibrido,5.4540324211120605,5.802873134613037,106.20044053794199,135.4452792927757,127440528.64553039,False,1.0,0.596589674348501,-48.70043107304356,-16.71848539513194
1506,2325,hibrido,5.647902965545654,6.070253372192383,195.60312627541106,516.4380029921924,234723751.53049326,False,1.0,0.5965541137634344,-42.39219471539227,-21.08719736180992
1507,123,hibrido,6.247697353363037,5.257350921630859,210.02577278073892,658.0693333967869,252030927.3368867,False,1.0,0.5965174657996825,-53.95260314291082,-14.979041216257384
1508,2337,hibrido,5.594053268432617,7.133330345153809,527.7333453486656,567.1978141064717,633280014.4183987,False,1.0,0.5964971192498766,-42.686618147952956,-16.83639503716158
1509,1960,hibrido,5.32106876373291,6.576618194580078,188.00702618189234,514.5665866901028,225608431.4182708,False,1.0,0.5963835084138469,-44.42468640079113,-19.425169310773317
1510,1228,hibrido,5.4545183181762695,5.857236385345459,134.32400167334228,112.70418979029763,161188802.00801075,False,1.0,0.5963488567832046,-48.32550118385935,-16.708573928232784
1511,4488,hibrido,6.328711986541748,7.414781093597412,983.2970081801309,800.0851509268027,1179956409.816157,False,1.0,0.5962330992143244,-32.04365364260846,-14.326353424198764
1512,3303,hibrido,5.8929924964904785,7.460820198059082,721.0649846526898,883.9284538768293,865277981.5832278,False,1.0,0.5961925042415764,-37.935938546909654,-15.131289293150605
1513,1502,hibrido,5.83729362487793,4.853798866271973,0.16449992991026985,112.63453171756188,197399.91589232383,False,1.0,0.5961176570547826,-46.44478966923812,-24.54550990788578
1514,3083,hibrido,5.253741264343262,8.143558502197266,597.0993611961532,875.3193425249842,716519233.4353838,False,1.0,0.5960340344254783,-39.098937389233136,-14.506363859448879
1515,780,hibrido,5.568902015686035,5.946591854095459,148.19365856178638,390.38087942786694,177832390.27414367,False,1.0,0.5959895726426357,-50.54845226506089,-18.201064463995667
1516,491,hibrido,5.880314350128174,5.247472286224365,61.57938961361605,450.9514736413447,73895267.53633927,False,1.0,0.595867302863976,-52.08667347123984,-15.693662074162098
1517,2635,hibrido,5.657135963439941,7.453652381896973,637.8131755585342,712.055245558556,765375810.6702411,False,1.0,0.5957341368325663,-41.23524533640956,-16.04505174085304
1518,1104,hibrido,6.280004978179932,6.34074068069458,554.6718825721083,869.1222281821846,665606259.08653,False,1.0,0.5955653548163354,-49.23586305191759,-8.080929851419697
1519,1370,hibrido,5.323170185089111,5.936845779418945,19.906683810052975,342.0082560197225,23888020.57206357,False,1.0,0.5955234933707586,-47.49802929464165,-18.841428983014428
1520,1820,hibrido,5.543711185455322,6.482766151428223,359.312490756545,287.67467755261805,431174988.907854,False,1.0,0.5955222051924478,-45.32770231528891,-16.605598987120324
1521,2400,hibrido,5.968181133270264,5.731602191925049,250.17494152863242,570.9569068489876,300209929.8343589,False,1.0,0.5954452571988342,-42.03676395564414,-20.707451041474094
1522,1229,hibrido,5.484169006347656,5.844165325164795,162.76807502902395,79.01436052551756,195321690.03482872,False,1.0,0.5954118648065756,-48.33603214956824,-16.348891441026943
1523,712,hibrido,5.72173547744751,5.235658645629883,5.652779563096707,331.1897174537573,6783335.475716048,False,1.0,0.5953458531354872,-50.96193261852796,-16.041984848324603
1524,1069,hibrido,5.859090328216553,5.71420955657959,234.80792750995673,399.01809249821065,281769513.01194805,False,1.0,0.5953389114561244,-48.95913759030847,-20.687786225509836
1525,2483,hibrido,5.561391830444336,7.252779960632324,527.092320908103,667.0419118829044,632510785.0897236,False,1.0,0.5953189257195927,-41.89094472135261,-17.501583833709464
1526,200,hibrido,5.937667369842529,5.732261657714844,210.00111077126834,648.7180917700599,252001332.925522,False,1.0,0.595187156880425,-53.58274694433712,-13.894123929576077
1527,1406,hibrido,6.25364875793457,6.992459774017334,702.0832010118017,1099.6576280881873,842499841.2141621,False,1.0,0.5951855765919785,-47.8129312139493,-5.904112253567435
1528,1431,hibrido,5.749387741088867,5.218087673187256,112.74951327201293,28.254924536616635,135299415.92641553,False,1.0,0.5948188488157119,-46.89868137230821,-23.48957900478833
1529,1329,hibrido,6.420386791229248,6.353630542755127,611.1094224127307,979.3196536269662,733331306.8952769,False,1.0,0.5947533667299106,-48.16176240051294,-6.987469445430051
1530,1673,hibrido,5.600600719451904,6.219141006469727,331.509441841426,198.9576172223445,397811330.2097112,False,1.0,0.5945655262949908,-46.09145791303728,-16.27723003619812
1531,205,hibrido,6.343128681182861,5.57613468170166,365.2622829513971,740.6350899428362,438314739.5416765,False,1.0,0.5944477999673331,-53.585754082592544,-12.086351851273383
1532,1516,hibrido,5.135972499847412,6.302830696105957,19.265659369490333,434.7426814414393,23118791.2433884,False,1.0,0.5944168428117527,-46.70794747204567,-19.53050118003943
1533,713,hibrido,5.668140888214111,5.351983547210693,22.791293792584955,331.10068517003805,27349552.551101945,False,1.0,0.5941781287730966,-50.96733748169228,-15.681017886505268
1534,4199,hibrido,5.356400489807129,7.798534393310547,665.4372027727117,487.26558638105485,798524643.3272539,False,1.0,0.5941353907201427,-33.727772958456306,-12.071988019613467
1535,3007,hibrido,5.443076133728027,7.986283302307129,651.9925071357924,909.6641115496096,782391008.5629508,False,1.0,0.5939953520406436,-39.421299343613626,-15.229172778436098
1536,3751,hibrido,5.761930465698242,7.3222222328186035,680.3511702903088,652.8235838434282,816421404.3483706,False,1.0,0.5939790002908866,-35.8249950203348,-13.593597915931769
1537,2629,hibrido,6.029887676239014,6.556286811828613,526.4512964675405,770.5689223487028,631741555.7610486,False,1.0,0.5939384956708338,-41.087849909566835,-18.160171450490893
1538,868,hibrido,5.681122303009033,5.598937511444092,101.3473834777362,390.2928753616068,121616860.17328344,False,1.0,0.5939289442964242,-50.26354642199234,-13.144231271914
1539,2033,hibrido,5.698984622955322,5.909287929534912,187.68651396161096,502.3590945700448,225223816.75393316,False,1.0,0.5938850664297579,-44.02232549079406,-19.760889277058563
1540,942,hibrido,5.266216278076172,6.197973728179932,84.07926409851183,365.9034562171013,100895116.91821419,False,1.0,0.5935176874399295,-49.89466555910159,-13.13861873398437
1541,2408,hibrido,5.766944408416748,6.709213733673096,470.5246864170211,644.5518340070423,564629623.7004253,False,1.0,0.5934354746098012,-42.24355400471218,-17.877681101298773
1542,2562,hibrido,5.652159214019775,7.236109733581543,584.4644235198781,669.7812305423578,701357308.2238537,False,1.0,0.593328393041569,-41.63031026522846,-15.71333423457831
1543,856,hibrido,5.4309258460998535,5.816468715667725,63.18195071502271,308.92735599555164,75818340.85802725,False,1.0,0.593211622864418,-50.18581200655589,-17.47270628500249
1544,930,hibrido,5.328538417816162,5.876673698425293,35.05838957962238,277.475984539188,42070067.495546855,False,1.0,0.5932056518065429,-49.80930872384239,-17.465144813992843
1545,563,hibrido,5.681334972381592,5.576942443847656,90.34397518957906,415.00840081491333,108412770.22749487,False,1.0,0.5931673463791466,-51.70528461850059,-16.412440765352837
1546,3897,hibrido,5.493078708648682,8.103646278381348,787.0486743676211,719.9045110964454,944458409.2411453,False,1.0,0.5931004576874618,-35.03022056905242,-14.226660433776328
1547,3898,hibrido,5.899755954742432,7.305118560791016,750.968041708189,680.0604789718863,901161650.0498269,False,1.0,0.5930745324885014,-35.05945691531627,-13.884039202123125
1548,2774,hibrido,5.8405890464782715,6.835958003997803,505.3237992771749,825.2035123569386,606388559.1326098,False,1.0,0.592895003587214,-40.247672873171375,-19.16301227909512
1549,423,hibrido,6.005635738372803,5.379360675811768,168.87546709365054,554.8392825886837,202650560.51238066,False,1.0,0.5924213266125454,-52.474844924862786,-13.528290582350065
1550,2474,hibrido,5.529753684997559,6.524527072906494,285.0341535243759,605.8271392321653,342040984.2292511,False,1.0,0.5924183565858709,-41.65388000918466,-20.680917165515364
1551,850,hibrido,5.985773086547852,5.533717632293701,233.84639084911274,489.683471892393,280615669.01893526,False,1.0,0.5922116584618917,-50.137379621573665,-19.636103783806124
1552,1143,hibrido,5.706981658935547,5.810726165771484,206.68436637455642,377.69057612359956,248021239.6494677,False,1.0,0.5920363891147675,-48.57541914229226,-20.676177223869566
1553,3373,hibrido,5.992796897888184,7.794961452484131,882.6556346696414,1016.4212701548121,1059186761.6035696,False,1.0,0.5917215462433465,-37.44932332494412,-16.49348072030474
1554,1073,hibrido,5.527339935302734,5.8770060539245605,121.03163408723007,402.49393729387447,145237960.90467608,False,1.0,0.5915753237435737,-49.00480067786071,-19.248041948275567
1555,351,hibrido,5.877499580383301,5.889675140380859,258.30485179173843,629.7395400765889,309965822.1500861,False,1.0,0.5915182903882977,-52.84773926573273,-12.807297842178295
1556,2993,hibrido,5.948904991149902,6.832709789276123,559.9224864876519,876.6518693781612,671906983.7851822,False,1.0,0.5913507228102818,-39.01196980346286,-20.12487335036803
1557,1554,hibrido,6.26222562789917,6.820095539093018,667.546962253353,1104.6992895986293,801056354.7040235,False,1.0,0.5911236671326284,-47.090527163303335,-5.895668938611353
1558,945,hibrido,5.7316060066223145,5.793399333953857,192.32116207680724,469.1571629960767,230785394.4921687,False,1.0,0.5910003731086617,-49.91187403417187,-12.056676701263244
1559,356,hibrido,6.298511505126953,5.812615871429443,438.7080150888974,756.4899617316273,526449618.1066769,False,1.0,0.5909893734644346,-52.8553296452363,-10.99969824863089
1560,1443,hibrido,5.634510517120361,5.392612934112549,19.586171589771602,387.02121792774153,23503405.907725923,False,1.0,0.5908517453907581,-47.10393465471049,-19.186644261689064
1561,2931,hibrido,5.541983604431152,7.892975330352783,706.8856530754317,871.5789783959988,848262783.690518,False,1.0,0.5907237994499371,-39.74350387749828,-15.953516217157615
1562,1105,hibrido,6.1526103019714355,6.605072498321533,590.7525152315402,908.6883306686261,708903018.2778482,False,1.0,0.5907036253341307,-49.24000250169924,-7.720503732767794
1563,1031,hibrido,6.368230819702148,6.308176040649414,608.0206346107645,915.2910310823247,729624761.5329175,False,1.0,0.5906979830182211,-49.60257452907623,-7.724375283599155
1564,2330,hibrido,5.749941825866699,6.287178993225098,328.6248318588939,637.1439695204159,394349798.2306727,False,1.0,0.5906581033638543,-42.52443658544061,-19.316798628932464
1565,2110,hibrido,5.845171928405762,5.976716041564941,301.14229516405635,548.2132380028288,361370754.19686764,False,1.0,0.5906179553652167,-43.70865233099611,-18.67290476183167
1566,2340,hibrido,5.547924041748047,7.110492706298828,532.6600653822051,549.8513113979695,639192078.458646,False,1.0,0.5905412078915484,-42.74829869153088,-15.772775476525862
1567,1254,hibrido,5.946075916290283,6.970337867736816,592.2969091325232,940.6216766019601,710756290.9590278,False,1.0,0.5905070004120409,-48.51941859081209,-7.351828811938426
1568,1595,hibrido,5.5682053565979,5.866845607757568,189.60958728329896,266.5767875215833,227531504.73995876,False,1.0,0.5905036415287576,-46.407584180472014,-17.723955358723014
1569,1009,hibrido,5.414783477783203,5.880936145782471,135.2855383341863,171.62431813244385,162342646.00102356,False,1.0,0.5904838884219523,-49.47516226607271,-15.6553193894866
1570,1255,hibrido,6.063415050506592,6.914536952972412,628.3775417919551,980.5662513397305,754053050.150346,False,1.0,0.590451316927911,-48.52373497092828,-6.991794296053872
1571,1738,hibrido,5.4475626945495605,5.992845058441162,103.6363427756913,467.4126364176575,124363611.33082956,False,1.0,0.5902244418667161,-45.565952075377425,-19.481260745826553
1572,1733,hibrido,5.72934103012085,5.189105987548828,38.584024002717044,281.4788548385764,46300828.80326045,False,1.0,0.5902185636086098,-45.4675485493878,-21.26809215960388
1573,2173,hibrido,5.749230861663818,5.4583001136779785,116.04673274659254,383.2014653702368,139256079.29591104,False,1.0,0.5899333715250358,-43.05145906422173,-22.556443197455685
1574,349,hibrido,5.693570137023926,5.921151161193848,186.45020860676584,590.4996348770554,223740250.328119,False,1.0,0.5895420212697097,-52.84435354337032,-13.530268784264862
1575,808,hibrido,6.187016010284424,6.617867469787598,623.7443600890058,907.0535842308368,748493232.106807,False,1.0,0.5893260785962087,-50.687441420479196,-8.095239750180966
1576,4418,hibrido,5.659770488739014,7.828782558441162,834.9023336332741,635.888010488895,1001882800.359929,False,1.0,0.5891297863711451,-32.541409324997296,-13.008117759209433
1577,2263,hibrido,5.580672740936279,6.918270111083984,499.60978421326524,528.5419090418187,599531741.0559183,False,1.0,0.5888424840174143,-43.06136318686875,-16.856377710493994
1578,1147,hibrido,5.768710136413574,5.350991725921631,92.90807295182972,391.35428996232395,111489687.54219566,False,1.0,0.5888369755419532,-48.62451861104535,-19.237305117244837
1579,343,hibrido,6.081122875213623,5.034562110900879,118.25564554585374,530.8894519126571,141906774.6550245,False,1.0,0.5887875192961396,-52.83296058967304,-15.698917848406992
1580,1178,hibrido,5.965559482574463,6.689185619354248,537.4037631928841,864.0198251394206,644884515.8314608,False,1.0,0.588749893500605,-48.87298580706613,-8.076558769001029
1581,3971,hibrido,5.741253852844238,7.675464630126953,804.3167937468453,717.5821846986507,965180152.4962144,False,1.0,0.5887491285663636,-34.6608294395226,-14.198506700054066
1582,2773,hibrido,5.691771984100342,6.93098783493042,483.4068587249058,804.18405319547,580088230.469887,False,1.0,0.5887408980700831,-40.21766807645078,-19.51414411214881
1583,1596,hibrido,5.503242015838623,5.993428707122803,218.05366063898066,234.52978151675416,261664392.7667768,False,1.0,0.5885919488951271,-46.42257498921643,-17.36569641956941
1584,2332,hibrido,5.4136457443237305,6.965776443481445,385.51297857025725,646.5355260635833,462615574.2843087,False,1.0,0.5883940013025915,-42.57344593243805,-18.608320561687147
1585,2113,hibrido,5.534747123718262,6.627439022064209,386.4745152311014,482.8673302683184,463769418.2773217,False,1.0,0.588334675937935,-43.771538744528705,-17.60593942205153
1586,489,hibrido,5.6066365242004395,5.730886459350586,118.4675363249794,454.6154001278029,142161043.5899753,False,1.0,0.5881634662361838,-52.0797575821991,-16.416195330927145
1587,2484,hibrido,5.500343322753906,7.304908752441406,555.5363942637846,654.8938440551793,666643673.1165415,False,1.0,0.5881390207537297,-41.9144307207821,-17.148094387275226
1588,1249,hibrido,5.7987494468688965,6.49072790145874,411.89374583536426,740.9885050583695,494272495.0024371,False,1.0,0.5881096322297099,-48.49447636201413,-9.151867041203303
1589,1518,hibrido,5.124575138092041,6.3087873458862305,76.15380608085364,357.8872289043448,91384567.29702437,False,1.0,0.5879363816525375,-46.73958316984725,-18.813604999975656
1590,1106,hibrido,6.583113670349121,5.99346923828125,626.833147890972,948.2908399147931,752199777.4691664,False,1.0,0.5878321556033733,-49.243947537323436,-7.360069453978264
1591,1035,hibrido,6.468857288360596,6.640307903289795,752.3431652484918,1072.9034489047096,902811798.2981901,False,1.0,0.5878206350670534,-49.61609123139073,-6.281863754506122
1592,1590,hibrido,5.442117691040039,5.781770706176758,47.38922050489064,446.4952516886179,56867064.605868764,False,1.0,0.5875221627624895,-46.327206855767884,-19.514855928465032
1593,269,hibrido,5.82329797744751,5.56028938293457,150.94501549725516,570.8649572696963,181134018.59670618,False,1.0,0.5875146054633301,-53.206116171775534,-15.700591455538916
1594,345,hibrido,5.749866008758545,5.481791019439697,90.06012009844628,539.7459399551418,108072144.11813553,False,1.0,0.5875135049940367,-52.836967337337256,-14.976080870738437
1595,859,hibrido,5.560896873474121,5.351921558380127,22.150269352022278,257.7968494790217,26580323.222426735,False,1.0,0.5874682507069187,-50.2075742526373,-16.390784660592217
1596,1072,hibrido,5.53308629989624,5.912745952606201,149.4757074429117,440.5227971233229,179370848.93149403,False,1.0,0.5873875157564399,-48.99375738014618,-19.60800908035721
1597,2777,hibrido,6.075163841247559,6.599018573760986,582.7194824929321,844.8018025056647,699263378.9915185,False,1.0,0.5873866627956007,-40.333816890773626,-18.109281238567263
1598,1805,hibrido,5.473862171173096,5.603485107421875,67.3486095786801,241.1791618034914,80818331.49441612,False,1.0,0.5873171957660351,-45.038533460290104,-21.96212371153045
1599,136,hibrido,6.477430820465088,5.932519435882568,562.6736385454341,898.158504722796,675208366.2545209,False,1.0,0.5872661684728061,-53.95346144415004,-10.278602610520009
1600,3378,hibrido,5.665220260620117,7.582571029663086,702.2524713724822,830.7893525048436,842702965.6469786,False,1.0,0.5869537162023241,-37.5919018038616,-14.758411836799219
1601,1171,hibrido,5.727409362792969,6.096198081970215,284.8393345768614,586.2960129688515,341807201.4922337,False,1.0,0.5869351061638896,-48.83589141308155,-10.597890030706798
1602,2029,hibrido,5.588352203369141,5.550972938537598,73.91022053888429,383.8870645488072,88692264.64666115,False,1.0,0.5867528221423874,-43.92895099235007,-21.184174567405915
1603,707,hibrido,5.575660705566406,5.790907859802246,147.87314634150505,397.4688102005671,177447775.60980606,False,1.0,0.5867442934068152,-50.93278890915752,-17.846604539090098
1604,2555,hibrido,5.475967884063721,7.228953838348389,498.32773533214,733.9071149512395,597993282.398568,False,1.0,0.5866533882190235,-41.4650229819738,-18.18463321349284
1605,2024,hibrido,5.248182773590088,6.061525821685791,86.23875355446695,296.85863869227575,103486504.26536034,False,1.0,0.586639508968247,-43.80079125788485,-22.962343989571313
1606,2402,hibrido,5.583393096923828,6.386448860168457,299.8789813843736,615.214987027487,359854777.6612483,False,1.0,0.586216124796175,-42.09188479206564,-20.000291407565825
1607,1373,hibrido,5.221965789794922,6.081141471862793,105.23890387709798,222.6943005659533,126286684.65251757,False,1.0,0.5859232061999777,-47.538269385565826,-17.764194722565225
1608,1099,hibrido,5.937800407409668,6.0624589920043945,374.2687192749493,672.0627006876072,449122463.1299392,False,1.0,0.5858826265145947,-49.21221921031293,-9.882924808426036
1609,2181,hibrido,5.687170505523682,6.000046253204346,243.9336362324117,552.8418636468905,292720363.478894,False,1.0,0.5858464838686482,-43.26050866228034,-19.717424110151555
1610,1598,hibrido,5.26279878616333,6.452173709869385,274.941807350344,180.23952941637,329930168.8204128,False,1.0,0.585822612239463,-46.45149838314897,-16.649104094160272
1611,1880,hibrido,5.205611705780029,5.905889511108398,10.780975087598062,297.74312188904446,12937170.105117675,False,1.0,0.5857784488466633,-44.67524840974841,-21.584310744039247
1612,2031,hibrido,5.494735240936279,5.890985488891602,130.7983672502476,439.8488025589789,156958040.70029712,False,1.0,0.5854644060697489,-43.97663003005191,-20.472611439372606
1613,3597,hibrido,5.879295349121094,7.72281551361084,862.2987274884509,904.8407365098398,1034758472.9861411,False,1.0,0.5854111081254512,-36.392259483695106,-15.715565606285189
1614,500,hibrido,5.8794846534729,5.754570484161377,259.8492456927215,588.9198116348454,311819094.8312658,False,1.0,0.5853189721132233,-52.11354182012578,-12.441668577318914
1615,2119,hibrido,5.2497100830078125,7.158409595489502,444.7750745851003,429.8919251140542,533730089.5021204,False,1.0,0.5852272499841685,-43.88458712970744,-15.471082731244865
1616,2705,hibrido,6.052030563354492,6.625565052032471,611.463004314304,781.2908193170892,733755605.1771649,False,1.0,0.5851480894594918,-40.763653167626856,-17.43123394765817
1617,2481,hibrido,5.694505214691162,6.7366862297058105,470.2041741967397,697.6122437733317,564245009.0360876,False,1.0,0.5850580776939117,-41.84229720658269,-18.208431764600963
1618,729,hibrido,6.188681125640869,5.9394659996032715,460.6093161710711,737.4850643149143,552731179.4052854,False,1.0,0.5850210016275859,-51.035669661817494,-9.903892281838047
1619,2097,hibrido,5.53635311126709,5.756171226501465,142.8068596532777,333.0329400007802,171368231.58393326,False,1.0,0.5850031225284591,-43.38353698256557,-23.292235935606108
1620,4042,hibrido,6.394577503204346,7.00701904296875,929.8268111043649,837.452463492339,1115792173.3252378,False,1.0,0.5849443612346195,-34.19599473682792,-15.19309128065735
1621,4420,hibrido,5.493617534637451,7.803475856781006,777.5746505472396,561.420574799716,933089580.6566875,False,1.0,0.5848204434133132,-32.60049910715557,-12.332636378668399
1622,2028,hibrido,5.303465366363525,5.877892017364502,45.46614718320256,359.333317319124,54559376.61984307,False,1.0,0.5845573480036124,-43.90435446526818,-21.539894482344
1623,566,hibrido,5.364648818969727,5.7116241455078125,5.011755122534041,414.79522305091564,6014106.147040849,False,1.0,0.58446043024367,-51.71752029670415,-15.328881905158918
1624,3154,hibrido,5.768454551696777,7.535213947296143,722.6093785536729,956.1309472090471,867131254.2644074,False,1.0,0.5841259113351971,-38.6523576139565,-15.530159401744717
1625,2331,hibrido,5.893183708190918,6.052300930023193,357.0689052145756,665.8838361820825,428482686.2574907,False,1.0,0.5840866896797751,-42.549213470523235,-18.96258139398648
1626,2175,hibrido,5.677328586578369,5.438540935516357,93.84426614574758,409.07340887249603,112613119.3748971,False,1.0,0.5839471844129127,-43.10700265361521,-21.84696379550666
1627,2329,hibrido,5.78844690322876,6.0093994140625,300.1807585032123,609.6749892392658,360216910.20385474,False,1.0,0.5837975049764872,-42.49910996319286,-19.670971318792937
1628,952,hibrido,6.095536708831787,6.0174560546875,444.88559069282985,730.2709682037965,533862708.8313958,False,1.0,0.5835892403984781,-49.94592105071475,-9.531749873810014
1629,1446,hibrido,5.51436710357666,5.604738235473633,104.91839165681665,269.8305532091937,125902069.98817998,False,1.0,0.5834179206479693,-47.14746434102829,-18.11030844820589
1630,2409,hibrido,5.512198448181152,7.026148319244385,498.96875977270275,629.4347476067801,598762511.7272433,False,1.0,0.5833002831830605,-42.2668922607795,-17.523758131428302
1631,1728,hibrido,5.141914367675781,5.878662586212158,27.341856634551107,141.3722701224232,32810227.961461328,False,1.0,0.5832602529167321,-45.35832810535521,-23.054066039860036
1632,1400,hibrido,5.987120151519775,6.4159016609191895,485.599405055211,859.7678118973304,582719286.0662532,False,1.0,0.5832571793137803,-47.78440456143855,-8.061557151656645
1633,1579,hibrido,5.381921768188477,5.4905290603637695,55.95920817750391,53.55190999303155,67151049.81300469,False,1.0,0.5831973276915432,-46.11667814102175,-23.452245691500774
1634,2997,hibrido,6.067780017852783,6.754183769226074,627.5292782723882,948.2161576631985,753035133.9268658,False,1.0,0.5828923133281829,-39.14249294338367,-18.72728873683052
1635,737,hibrido,6.488975524902344,6.483813285827637,749.2543774465255,1033.5436605539824,899105252.9358306,False,1.0,0.5828454543399185,-51.057699442168726,-7.01440637278957
1636,1253,hibrido,6.239180564880371,6.232524871826172,556.2162764730914,900.6820214262708,667459531.7677097,False,1.0,0.5828308737876289,-48.51487943863396,-7.711854919040879
1637,1803,hibrido,5.410823345184326,5.478057384490967,27.119657638852836,194.08682928928255,32543589.166623402,False,1.0,0.5827526853124048,-44.99248208087063,-22.67574205878078
1638,3820,hibrido,5.9422526359558105,7.565572738647461,878.0224529666921,843.4106760705356,1053626943.5600305,False,1.0,0.5826228663644524,-35.3087928706943,-15.283921511385696
1639,2854,hibrido,5.709712982177734,7.436203956604004,696.1541999407864,848.9228472301335,835385039.9289436,False,1.0,0.5824747058751076,-40.03947347865936,-17.030287634335405
1640,3750,hibrido,5.5316667556762695,7.645216464996338,716.4318029497406,691.9240432733338,859718163.5396887,False,1.0,0.5824346879730466,-35.79750508306806,-13.937657980757319
1641,3080,hibrido,5.759603500366211,7.462436676025391,705.3412591744484,949.6865650213025,846409511.009338,False,1.0,0.5820852594343994,-39.02431563354697,-15.55495886603802
1642,3076,hibrido,5.924583911895752,7.421570777893066,781.2808186969359,966.509406415729,937536982.436323,False,1.0,0.5820810461498568,-38.915643893025795,-16.952352856729267
1643,483,hibrido,5.91746711730957,5.678725719451904,289.1319764590694,541.6908282365026,346958371.7508833,False,1.0,0.5819321150087071,-52.05684824106653,-18.58347116014504
1644,579,hibrido,6.394965171813965,5.422867298126221,422.9842896106562,709.9919218656338,507581147.53278744,False,1.0,0.5818658509542174,-51.76002187914505,-10.632242360868656
1645,2174,hibrido,5.544936656951904,5.615996837615967,97.65651660179412,394.3250035874349,117187819.92215295,False,1.0,0.5817343300544762,-43.07951128448476,-22.201727511927146
1646,641,hibrido,5.666375637054443,5.209416389465332,27.251421681749747,383.60516491884897,32701706.018099695,False,1.0,0.5816140877473124,-51.34955418375639,-14.963657957961251
1647,1801,hibrido,5.558774471282959,5.206071853637695,29.22624946425963,173.12425167751493,35071499.35711156,False,1.0,0.5815981048804714,-44.94454374896772,-23.389205349834864
1648,1180,hibrido,6.445769309997559,6.061167240142822,609.5650285117478,943.6166211867471,731478034.2140973,False,1.0,0.5814604155897524,-48.881679738357825,-7.356092648636464
1649,711,hibrido,5.1084089279174805,6.092219352722168,34.09685291877839,336.07379275113163,40916223.50253407,False,1.0,0.5814129054547855,-50.956388095529455,-16.40293785719626
1650,1726,hibrido,5.276627063751221,5.626950263977051,29.00405046856137,136.70562524965757,34804860.562273644,False,1.0,0.5812264602141554,-45.31147345263651,-23.768197060588758
1651,1029,hibrido,6.0312275886535645,6.431785583496094,535.8593692919009,836.8247140433933,643031243.1502811,False,1.0,0.5812035807901131,-49.59474055975795,-8.44558532208295
1652,2486,hibrido,5.847494125366211,6.770498752593994,612.4245409751479,637.4700122572884,734909449.1701775,False,1.0,0.5811313254097816,-41.95975165371023,-16.440989506115674
1653,4344,hibrido,6.050623416900635,6.976381778717041,808.5356802156768,623.2911640506775,970242816.2588122,False,1.0,0.581047374615374,-32.90892083507971,-13.03646792394649
1654,1478,hibrido,6.074488639831543,6.734225273132324,612.6538163137138,1021.6269574459106,735184579.5764565,False,1.0,0.5809566350274369,-47.442731490990326,-6.6186819162726165
1655,784,hibrido,5.523680210113525,5.383923530578613,34.417365139059704,307.50832527713936,41300838.166871645,False,1.0,0.5809077780018054,-50.575587957625,-16.757997026337488
1656,570,hibrido,5.489297866821289,5.755204200744629,98.25859567577004,465.42369531184704,117910314.81092405,False,1.0,0.5808005171736703,-51.732386745482756,-13.883961049489342
1657,1823,hibrido,5.464067459106445,6.40359354019165,375.7025970682028,270.1477825633774,450843116.48184335,False,1.0,0.5807565061805546,-45.37438870591357,-15.53348407290508
1658,1873,hibrido,5.433121204376221,5.678522109985352,113.96730911462666,224.7421831474854,136760770.937552,False,1.0,0.580674425923357,-44.50214124806564,-24.07885520818809
1659,125,hibrido,5.7871575355529785,5.8070878982543945,225.91425975539158,674.7868679095862,271097111.7064699,False,1.0,0.5805384990611132,-53.95275790647097,-14.256008614851586
1660,984,hibrido,5.853711128234863,5.285118103027344,198.60156790087132,289.5572580226111,238321881.48104557,False,1.0,0.5805027664699037,-49.20686936344102,-24.65830805542633
1661,2489,hibrido,5.549225330352783,7.007956504821777,531.115671481222,629.7548101016891,637338805.7774664,False,1.0,0.580316486927994,-42.02367473000261,-15.380031893269283
1662,487,hibrido,5.821988582611084,5.426859378814697,175.3556830363427,472.00963177399706,210426819.64361122,False,1.0,0.5802564348857554,-52.07248570380077,-17.138675980154254
1663,415,hibrido,5.8657450675964355,5.292818546295166,146.59109746037973,494.285698073263,175909316.95245567,False,1.0,0.5801614851204947,-52.45424363426319,-16.419284013830826
1664,1397,hibrido,5.640655517578125,6.518759727478027,377.35750707691557,739.8497050454342,452829008.49229866,False,1.0,0.5800070591423631,-47.76672748001938,-9.14015042660444
1665,1281,hibrido,5.670406818389893,5.194604396820068,113.19391126340949,128.9619466066268,135832693.51609138,False,1.0,0.5799463712139385,-47.64600039120454,-24.241003555099873
1666,2703,hibrido,5.51686429977417,7.274540901184082,554.5748576029407,807.5476919682395,665489829.1235288,False,1.0,0.5798735504293974,-40.710780419395476,-18.135052180924816
1667,62,hibrido,6.694064140319824,5.5337910652160645,579.9417579246585,927.540774786909,695930109.5095903,False,1.0,0.5798582408484034,-54.318609146407674,-10.278449406914579
1668,2253,hibrido,5.602638244628906,5.937376976013184,215.16905065644863,527.4193479268328,258202860.78773835,False,1.0,0.5798439693593922,-42.82907488095356,-20.403698204999905
1669,3749,hibrido,5.5236029624938965,7.751695156097412,752.5124356091724,731.1218309538151,903014922.7310069,False,1.0,0.5798377382219398,-35.76925833732459,-14.281655824497435
1670,2393,hibrido,5.735770225524902,5.81651496887207,260.188093488908,493.00088410897087,312225712.1866896,False,1.0,0.5798193376676485,-41.82491727255953,-23.180862384376155
1671,734,hibrido,6.352174282073975,6.251940727233887,641.0124794682301,920.6461828261813,769214975.3618761,False,1.0,0.5796242012194033,-51.050350553121774,-8.098019359374543
1672,651,hibrido,5.974201679229736,5.742234706878662,333.55490491256825,621.7421252272582,400265885.8950819,False,1.0,0.5795470190986165,-51.388121605791284,-11.351901813543137
1673,1507,hibrido,5.301852703094482,5.828319072723389,140.70026782787087,89.0548409515362,168840321.39344504,False,1.0,0.579414614249533,-46.54749508539862,-22.755135926030626
1674,2258,hibrido,5.671494483947754,6.289374351501465,357.38941743485697,612.9040510134722,428867300.9218284,False,1.0,0.5792492767586473,-42.9517540365745,-18.630549144408484
1675,426,hibrido,5.8297576904296875,5.8117218017578125,277.1173650719459,620.0562344033259,332540838.0863351,False,1.0,0.5791881522040098,-52.48144628273491,-12.443982547306387
1676,571,hibrido,5.667974472045898,5.556003570556641,134.33922833520182,485.55149153380637,161207074.00224218,False,1.0,0.5791273235447083,-51.73585017226795,-13.522701308332168
1677,1222,hibrido,5.344900608062744,5.676702976226807,36.34043846074775,344.464839654896,43608526.1528973,False,1.0,0.5786921776956796,-48.256710250700394,-18.866253724557996
1678,1174,hibrido,5.854179382324219,6.16303825378418,393.0812325551569,705.1000773947474,471697479.0661883,False,1.0,0.5786578785701665,-48.85307077861288,-9.517381385448594
1679,1501,hibrido,5.299592018127441,5.558858871459961,28.337453481466518,152.43914307978991,34004944.17775982,False,1.0,0.5786019402908122,-46.42301644435293,-24.90348295030351
1680,1887,hibrido,5.266671180725098,6.3542256355285645,188.32753840217367,490.63865258233466,225993046.0826084,False,1.0,0.578446923220564,-44.82506286602184,-19.087881724539045
1681,2551,hibrido,5.620193958282471,6.518324375152588,385.8902553094241,703.4257544040429,463068306.3713089,False,1.0,0.5784113912281297,-41.35785034577797,-19.595788295231586
1682,584,hibrido,6.227382659912109,6.29499626159668,603.3874529078151,880.7915207240029,724064943.4893782,False,1.0,0.5784085577556605,-51.77202898959674,-8.825405383882808
1683,1097,hibrido,5.742763519287109,5.987546920776367,302.1074539560858,593.7896968705185,362528944.74730295,False,1.0,0.5783873877870973,-49.2013686457702,-10.603652450495012
1684,2554,hibrido,5.564276695251465,6.883760452270508,469.8836619764583,751.1848098857449,563860394.37175,False,1.0,0.57822642897799,-41.43911849195679,-18.537495473727198
1685,413,hibrido,5.903846740722656,5.372251033782959,203.4792441717431,510.3295815194675,244175093.0060917,False,1.0,0.5781773341196298,-52.448388359016285,-17.141908575361512
1686,1588,hibrido,5.491368770599365,5.374965667724609,9.498926206472724,371.89704972600396,11398711.447767269,False,1.0,0.5779572047261132,-46.29245894095884,-20.231021899502252
1687,2108,hibrido,5.424984455108643,6.303564071655273,244.25414845269307,558.2546358439265,293104978.1432317,False,1.0,0.5778974510351149,-43.664291766317106,-19.384028965580722
1688,4119,hibrido,5.621444225311279,7.795095920562744,839.996082673834,719.6162624598207,1007995299.2086009,False,1.0,0.5778181508951138,-33.922307295737674,-14.140916536792835
1689,2178,hibrido,5.508404731750488,5.84903621673584,158.60141616536663,471.2617001450104,190321699.39843994,False,1.0,0.577749502911667,-43.18617275098148,-20.782393682669014
1690,2339,hibrido,5.53710412979126,7.023990154266357,568.740698041637,552.8068648932443,682488837.6499643,False,1.0,0.5777219330219904,-42.72824670475116,-16.1273519217511
1691,1513,hibrido,5.5401291847229,5.408187389373779,66.0665606975547,328.3654017263484,79279872.83706565,False,1.0,0.5774565732259708,-46.657810407864034,-20.605641634847522
1692,4117,hibrido,5.794550895690918,7.776020050048828,911.0614624930702,799.3798003901044,1093273754.9916842,False,1.0,0.577427708783859,-33.85844716910963,-14.821646455202222
1693,1295,hibrido,5.308475017547607,5.747855186462402,36.660950681029064,380.8829238743758,43993140.817234874,False,1.0,0.5774068737437946,-47.864110889957054,-19.213511406876055
1694,1740,hibrido,5.237448215484619,6.236006259918213,160.52448948705464,410.79642251801454,192629387.38446558,False,1.0,0.577334015372587,-45.60241035278677,-18.766306027451936
1695,207,hibrido,6.163172721862793,5.830750942230225,437.1636211879143,788.6839709291493,524596345.4254972,False,1.0,0.5770587147357847,-53.58683088270629,-11.36317531156963
1696,1885,hibrido,5.5478739738464355,5.6827592849731445,131.43939169081037,460.32075077483023,157727270.02897245,False,1.0,0.5767479531456301,-44.78453458842257,-19.801324910398762
1697,1746,hibrido,5.49650764465332,6.141128063201904,331.18892962114467,250.59910093895655,397426715.5453736,False,1.0,0.5765848316995579,-45.70224493315458,-16.620744996237985
1698,65,hibrido,6.689262866973877,5.865188121795654,688.1836559029539,1011.6100994015464,825820387.0835446,False,1.0,0.5765554493998625,-54.31758235894058,-9.193534796826372
1699,2699,hibrido,5.567748546600342,6.808992385864258,449.69458942239703,769.9852324962009,539633507.3068764,False,1.0,0.5764460894326232,-40.59760435366006,-19.542066360644593
1700,3302,hibrido,5.961451530456543,7.161816596984863,757.1456173121217,920.1683333013707,908574740.774546,False,1.0,0.5764378635330266,-37.90870234290769,-15.478983788142152
1701,2561,hibrido,5.397756099700928,7.475793361663818,620.54505617931,672.2096860458543,744654067.415172,False,1.0,0.5761997266694264,-41.608382183339565,-16.06650503743918
1702,488,hibrido,5.958530426025391,5.048191547393799,146.91160968066106,461.6645180868823,176293931.61679327,False,1.0,0.5760935898733054,-52.07616652927711,-16.777442362227124
1703,422,hibrido,5.572198867797852,5.70342493057251,132.79483443421876,537.3133115143866,159353801.3210625,False,1.0,0.5760839955096393,-52.47251058693585,-13.889705351843181
1704,1889,hibrido,5.228489398956299,6.485264301300049,245.215685113537,431.5186635057016,294258822.1362444,False,1.0,0.5760345535569249,-44.86382487074021,-18.37430479611952
1705,131,hibrido,6.001188278198242,5.918713092803955,385.5081521146686,773.940259801132,462609782.5376023,False,1.0,0.5759540886768867,-53.9531720670036,-12.08665648594557
1706,1739,hibrido,5.0017828941345215,6.5445451736450195,132.08041613137294,444.5364619248123,158496499.35764754,False,1.0,0.5758072530816079,-45.58438441646488,-19.12379862519433
1707,4347,hibrido,5.718796253204346,7.085699558258057,721.0205211246694,509.46160313710214,865224625.3496032,False,1.0,0.5757511935402125,-32.9950397115159,-12.020864467811883
1708,777,hibrido,5.679052352905273,5.754820346832275,233.5258786288314,478.9301898021962,280231054.3545977,False,1.0,0.5756935902267669,-50.52636859629225,-19.283195739366576
1709,647,hibrido,5.505326747894287,5.9335527420043945,189.23237427484108,502.3934028132053,227078849.1298093,False,1.0,0.5756759953354866,-51.37407441253188,-12.796738027561494
1710,3673,hibrido,5.768980503082275,7.514044761657715,807.4055815488114,817.7028464377902,968886697.8585737,False,1.0,0.5756566233274422,-36.081159756954584,-14.997637287452797
1711,1376,hibrido,5.3553466796875,5.828061103820801,190.571123944143,104.95644726964733,228685348.7329716,False,1.0,0.5752841504969185,-47.575763266867845,-16.68676028347871
1712,853,hibrido,5.724593639373779,5.358405590057373,148.51417078206774,391.42433108264385,178217004.93848127,False,1.0,0.5752433017593761,-50.16242927238987,-18.554482153314645
1713,575,hibrido,5.7946600914001465,5.779783725738525,278.661758972929,586.7916069803488,334394110.7675148,False,1.0,0.575220397970157,-51.748713015769574,-12.077552688728849
1714,2479,hibrido,5.690040111541748,6.4460368156433105,413.3160274853763,722.6830215190463,495979232.98245156,False,1.0,0.5751837914685661,-41.79138145326388,-18.915098347449607
1715,1798,hibrido,5.402520656585693,5.619190216064453,113.74511011892834,205.97444099183315,136494132.142714,False,1.0,0.5749944477025819,-44.86900018537178,-24.45909697039852
1716,2784,hibrido,5.532776355743408,7.3829803466796875,636.268781657551,789.732441354414,763522537.9890612,False,1.0,0.5749821697990185,-40.51298127480296,-15.648773133987
1717,1176,hibrido,5.978605270385742,6.172065258026123,465.2424978740204,784.5050596956128,558290997.4488244,False,1.0,0.5749439786732266,-48.86345203161014,-8.796989398064653
1718,1969,hibrido,5.351022720336914,6.757257461547852,444.0036863830273,354.6989939443734,532804423.65963274,False,1.0,0.5748464792312064,-44.59608282472131,-16.21677773704508
1719,3304,hibrido,5.428755283355713,7.735837936401367,684.984351993258,848.0266868062236,821981222.3919096,False,1.0,0.5747296691893697,-37.962483512662544,-14.783538822599084
1720,2636,hibrido,5.582379341125488,7.130307674407959,601.7325428991023,709.7631347854187,722079051.4789228,False,1.0,0.5746632641355046,-41.257791623598344,-15.692376343778745
1721,871,hibrido,5.6763763427734375,5.6825385093688965,209.58928145603164,488.4174780625053,251507137.74723798,False,1.0,0.5745991565647474,-50.27921782426817,-12.061813035034362
1722,1218,hibrido,5.763095855712891,5.292628765106201,150.11673188347442,396.40099626082707,180140078.2601693,False,1.0,0.5745073262720969,-48.20532371871416,-20.304281277643035
1723,342,hibrido,5.882721900939941,5.203033924102783,146.27058524009843,530.9449833826029,175524702.28811812,False,1.0,0.57441230620847,-52.830877334733124,-16.060318173053524
1724,1258,hibrido,6.268487930297852,6.728428363800049,736.6194397702504,1100.424135315724,883943327.7243005,False,1.0,0.5743823344817472,-48.535355817047844,-5.9116444071426635
1725,2771,hibrido,5.774970054626465,6.42778205871582,447.1490679348513,766.690485547608,536578881.52182156,False,1.0,0.5743602058663534,-40.15568563903778,-20.21623252488569
1726,800,hibrido,5.8102498054504395,5.920976161956787,335.0992988135514,612.5503460796145,402119158.5762617,False,1.0,0.5743392254761677,-50.659406566310174,-10.98352100568539
1727,1000,hibrido,5.692743301391602,5.305287837982178,120.71112186694873,381.0322737219316,144853346.24033847,False,1.0,0.5741413427445783,-49.39511455982248,-18.897814450416824
1728,1776,hibrido,5.785857200622559,7.190707206726074,615.74260411568,1122.9563449130533,738891124.9388161,False,1.0,0.5741409761180102,-46.00696456040575,-5.881313054620865
1729,3823,hibrido,5.7452192306518555,7.340911388397217,769.7805549883966,724.4313759060519,923736665.9860759,False,1.0,0.5741286166301935,-35.399697187187805,-14.254378749227183
1730,3152,hibrido,6.042431831359863,7.1584577560424805,794.7706438725367,994.5749408413689,953724772.647044,False,1.0,0.5738437284296422,-38.5981546698908,-16.227793065912493
1731,2111,hibrido,5.5015130043029785,6.318737983703613,329.586368519738,524.2888412836146,395503642.2236856,False,1.0,0.5735800726876269,-43.73009712417297,-18.317286048371287
1732,339,hibrido,5.947535991668701,5.336474418640137,231.6028053071434,548.8893067461283,277923366.36857206,False,1.0,0.573415585412722,-52.82430260953324,-17.14444346686123
1733,2117,hibrido,5.293768405914307,7.0523247718811035,500.250808653828,433.73378670830965,600300970.3845936,False,1.0,0.5733055088700905,-43.84875125640922,-16.182831531032782
1734,736,hibrido,6.36001443862915,6.403255939483643,713.1737447870937,995.726600778726,855808493.7445124,False,1.0,0.5732141253704878,-51.055370215143604,-7.375617399229905
1735,1179,hibrido,5.868129253387451,6.72947359085083,573.4843958523157,903.8093233680011,688181275.0227789,False,1.0,0.5730717360627802,-48.87743730371807,-7.716329948196127
1736,1108,hibrido,6.363157272338867,6.380264759063721,698.9944132098356,1027.5882378716883,838793295.8518027,False,1.0,0.5728499063764988,-49.25125747208894,-6.639177931374601
1737,1182,hibrido,5.967891693115234,6.971196174621582,681.7262938306113,1023.2763054648685,818071552.5967336,False,1.0,0.5728293164749355,-48.88954075728587,-6.63559419080439
1738,1876,hibrido,5.484134674072266,5.220794677734375,29.448448459957923,218.30159198434455,35338138.15194951,False,1.0,0.5725443559589033,-44.57929997310907,-23.010011797590174
1739,656,hibrido,6.054756164550781,6.150612831115723,513.9580682097272,791.3712429365581,616749681.8516726,False,1.0,0.5724670602162847,-51.40317618658158,-9.545639061114615
1740,2327,hibrido,5.140824794769287,6.673107147216797,243.31149811710344,559.2905342657172,291973797.7405241,False,1.0,0.5722675315210899,-42.44678552762014,-20.379179228517582
1741,1256,hibrido,6.186648368835449,6.5541205406188965,664.4581744513869,1020.5151679614665,797349809.3416642,False,1.0,0.572208276648756,-48.52782943551046,-6.63175178248135
1742,50,hibrido,6.310538291931152,4.921268463134766,253.7203953104412,704.4426673737694,304464474.37252945,False,1.0,0.5720505169087713,-54.32394803937461,-14.617310270744847
1743,506,hibrido,6.041280746459961,6.0353569984436035,476.33304164931235,765.8150907195783,571599649.9791749,False,1.0,0.5718940322280919,-52.127743611841744,-10.27320293423792
1744,2930,hibrido,5.471678733825684,7.806358814239502,742.9662857348635,875.2764596450907,891559542.8818362,False,1.0,0.571887600945725,-39.71789355167136,-16.30402942683848
1745,1883,hibrido,5.417119026184082,5.594707012176514,74.55124497944699,391.1489522026561,89461493.97533639,False,1.0,0.5717619839797935,-44.742204502398934,-20.51462874589017
1746,1701,hibrido,5.909453392028809,6.857095718383789,596.9300908354727,1076.0730026786873,716316109.0025673,False,1.0,0.571757264498826,-46.36307348007661,-6.244825885834215
1747,1515,hibrido,5.408010482788086,5.44010591506958,9.178413986191348,408.31547587077046,11014096.783429617,False,1.0,0.5717019508490477,-46.69159655917336,-19.888909035918303
1748,346,hibrido,5.364452362060547,5.885892391204834,99.8701106261856,548.5131853210354,119844132.75142273,False,1.0,0.5715757591715138,-52.83889168934654,-14.614644728081327
1749,2188,hibrido,5.272176742553711,6.957939624786377,443.04214972218335,503.04940525460495,531650579.66662,False,1.0,0.5714851387310794,-43.415962579241395,-17.231074430792585
1750,4266,hibrido,5.755669116973877,7.726820468902588,914.8098844692367,769.7734657897317,1097771861.363084,False,1.0,0.5714378352018571,-33.15165333345266,-14.42057310636551
1751,4343,hibrido,5.702786445617676,7.506680011749268,839.4937349070211,661.7190682012945,1007392481.8884254,False,1.0,0.5714053779751365,-32.87852953724661,-13.37485918732368
1752,3078,hibrido,5.709333419799805,7.577762603759766,777.5025244933121,954.7892449310596,933003029.3919744,False,1.0,0.5713916517492673,-38.97130807453313,-16.253764966303255
1753,354,hibrido,6.085537910461426,5.590573787689209,366.54674977003384,701.7086237568844,439856099.7240406,False,1.0,0.5713592301045278,-52.852441679601064,-11.722766266692748
1754,2998,hibrido,5.70298433303833,7.2341508865356445,649.5097737083729,969.4135995775454,779411728.4500475,False,1.0,0.5709261624241615,-39.17338106062864,-18.377733982183326
1755,1221,hibrido,5.24853515625,5.820843696594238,64.78451181642943,384.07680349834214,77741414.17971532,False,1.0,0.5708537216838605,-48.24428752751555,-19.225793984931105
1756,3449,hibrido,5.577436447143555,7.900240421295166,827.7624887300021,927.6925056547111,993314986.4760026,False,1.0,0.570798342284295,-37.136321321124804,-15.77212551589285
1757,560,hibrido,5.509426116943359,5.761913299560547,175.67619525662403,448.5631153227432,210811434.30794883,False,1.0,0.5707492693319781,-51.692092037622714,-17.49587847628623
1758,195,hibrido,5.658166885375977,5.691478252410889,186.50575782926006,610.8436696282795,223806909.39511207,False,1.0,0.5707254644522302,-53.57927668465875,-15.70162827406179
1759,274,hibrido,5.823358535766602,5.401050090789795,179.1660306117388,611.2217055237627,214999236.73408654,False,1.0,0.5706495303995155,-53.2126637792904,-13.893211403615634
1760,275,hibrido,5.567425727844238,5.913590431213379,208.71914212526482,626.6841374060351,250462970.5503178,False,1.0,0.5706157238347198,-53.21386742141581,-13.531702008666754
1761,1005,hibrido,5.334780216217041,5.40907621383667,21.509244911459636,221.11256744597344,25811093.89375156,False,1.0,0.5703841292667166,-49.44172560001646,-17.09660105477581
1762,3305,hibrido,4.984973907470703,8.254638671875,648.9037193338262,812.5078531915863,778684463.2005914,False,1.0,0.5703277036267064,-37.98834240101192,-14.43573382753138
1763,1217,hibrido,5.508301258087158,5.686431884765625,178.56080523915608,359.5621009564863,214272966.2869873,False,1.0,0.5702753219206065,-48.19176085358902,-20.663731160532432
1764,2036,hibrido,5.514680862426758,6.077945709228516,273.01873402865596,517.4755488020248,327622480.8343871,False,1.0,0.5702099548195122,-44.087236902987925,-18.69302168569713
1765,2182,hibrido,5.562036991119385,6.055766582489014,272.37770958809335,582.9948298166124,326853251.50571203,False,1.0,0.5701791834390727,-43.28423872488222,-19.362349623439993
1766,414,hibrido,5.597476005554199,5.651852607727051,175.0351708160614,500.77671326331046,210042204.97927368,False,1.0,0.5701011923557677,-52.4513521410056,-16.78060287028488
1767,1294,hibrido,5.5615692138671875,5.329067230224609,65.10502403671069,420.86906149790167,78126028.84405282,False,1.0,0.5699173933579162,-47.850580845279836,-19.572781951868937
1768,1438,hibrido,5.542586326599121,5.401364326477051,122.63419518863677,289.37909134370165,147161034.2263641,False,1.0,0.569595574616599,-47.02463712499023,-20.980025520571346
1769,2101,hibrido,5.225253105163574,5.799098491668701,54.31186778164667,372.9695975477069,65174241.337976,False,1.0,0.5695861964579384,-43.49306003870988,-21.871688240595358
1770,728,hibrido,6.128066062927246,5.653097152709961,424.5286835116393,701.9566833605933,509434420.2139672,False,1.0,0.5694380421827298,-51.03236334552816,-10.265041723981165
1771,658,hibrido,6.364472389221191,5.862027168273926,586.1193335285908,862.873405368882,703343200.234309,False,1.0,0.5694275135626988,-51.40843498561197,-8.82307402149787
1772,191,hibrido,6.025196552276611,5.368444919586182,287.8499275779441,626.550755831534,345419913.09353286,False,1.0,0.569269550226466,-53.576154677400936,-17.14741779620387
1773,3158,hibrido,5.351224899291992,7.449195384979248,578.2868479159457,819.6739522887783,693944217.4991349,False,1.0,0.5692620319333623,-38.7527872251041,-14.13425842629546
1774,589,hibrido,6.811373710632324,5.860105037689209,783.7906162049741,1061.8375002061975,940548739.4459689,False,1.0,0.5692541679727029,-51.78172704933837,-7.018381713385416
1775,1597,hibrido,4.931617259979248,6.663796901702881,246.4977339946623,205.29309094868603,295797280.7935948,False,1.0,0.5692028090029755,-46.4372120090158,-17.007412483631107
1776,2025,hibrido,5.225054740905762,5.745045185089111,58.06580000291071,305.89850728397624,69678960.00349286,False,1.0,0.5691952805844567,-43.827470242850836,-22.60679780121653
1777,1500,hibrido,5.427068710327148,5.312500476837158,56.510407033022766,192.32484746014197,67812488.43962732,False,1.0,0.5691874804933774,-46.40082054906376,-25.261420740653588
1778,3227,hibrido,5.436363220214844,7.997401237487793,775.9581305923291,973.3592989992374,931149756.7107949,False,1.0,0.5691331470955093,-38.253135069088785,-15.853079295529275
1779,1447,hibrido,5.184525012969971,5.954785346984863,133.3624650124983,231.4077834001021,160034958.01499796,False,1.0,0.5690419222588148,-47.16131910612177,-17.751481635157152
1780,1449,hibrido,5.336860656738281,5.800416946411133,190.25061172386162,156.94467739967047,228300734.06863394,False,1.0,0.5689814724231312,-47.188064165138314,-17.03375863613802
1781,127,hibrido,5.866203784942627,5.624159812927246,266.0144362426718,700.2994978215874,319217323.49120617,False,1.0,0.568884251573287,-53.95290423386364,-13.532932259190824
1782,2180,hibrido,5.456296920776367,5.991507053375244,215.48956287673,524.0088556582162,258587475.452076,False,1.0,0.568622150606651,-43.23625786185446,-20.072456866829686
1783,1480,hibrido,6.172857761383057,6.646061897277832,684.8150816325775,1101.4552690536857,821778097.959093,False,1.0,0.5686133611930388,-47.451726477175555,-5.900004016231587
1784,2410,hibrido,5.597459316253662,6.717280864715576,527.4128331283844,616.5461347440108,632895399.7540612,False,1.0,0.5685895909929395,-42.28968976899756,-17.16979357948116
1785,271,hibrido,5.896609306335449,5.082463264465332,130.04162884302306,579.1104117389621,156049954.61162767,False,1.0,0.5685878168960231,-53.20884218521697,-14.977673841235045
1786,1743,hibrido,5.208001136779785,6.298342704772949,245.85670955409967,318.3972441345971,295028051.4649196,False,1.0,0.5684339020120023,-45.654088632226895,-17.693651571367177
1787,278,hibrido,6.064484596252441,5.407678604125977,311.6536038303945,685.0956957938456,373984324.5964734,False,1.0,0.5683617059721696,-53.217271233770106,-12.447111707632507
1788,2564,hibrido,5.338635444641113,7.140401363372803,512.3031582010145,672.0780954121129,614763789.8412174,False,1.0,0.568322386826376,-41.672523517618814,-15.006873664400914
1789,2318,hibrido,5.567268371582031,5.858911991119385,256.1652708465975,454.0553855954439,307398325.015917,False,1.0,0.568314468105775,-42.18256416645029,-23.563650541846854
1790,2415,hibrido,5.294857025146484,7.1418776512146,513.8475521019976,589.7747961151147,616617062.5223972,False,1.0,0.568183204176172,-42.395728240221736,-15.399380112316232
1791,3226,hibrido,6.026906967163086,7.153161525726318,812.0387632517609,1009.5586040373424,974446515.9021131,False,1.0,0.568165294475608,-38.225096377324824,-16.20126910299102
1792,1955,hibrido,5.030700206756592,6.04954195022583,45.786659403483974,354.30854516400547,54943991.28418077,False,1.0,0.567979193629055,-44.313437413966405,-21.20639199655381
1793,879,hibrido,6.051334857940674,6.029232025146484,498.23434273148604,780.563841758437,597881211.2777833,False,1.0,0.5679427802608803,-50.31403076541232,-9.174889213707322
1794,3746,hibrido,5.8832316398620605,7.379174709320068,860.7543335874677,849.1642254651814,1032905200.3049613,False,1.0,0.567886077997295,-35.67992345602845,-15.313258670577163
1795,504,hibrido,5.9621195793151855,5.841359615325928,404.17177633044867,702.702414701912,485006131.5965384,False,1.0,0.5678707850415113,-52.123330153491274,-10.996061746587868
1796,3598,hibrido,5.790343761444092,7.443383693695068,826.2180948290189,866.1157592436062,991461713.7948227,False,1.0,0.5675840016431907,-36.42247463020779,-15.370486165459836
1797,4269,hibrido,5.843909740447998,7.133631229400635,815.2409278389306,652.0816195242072,978289113.4067167,False,1.0,0.5672855804879186,-33.24656016146071,-13.403591225795685
1798,1651,hibrido,5.237257957458496,5.447298526763916,28.781851472863103,117.49403998033304,34538221.76743572,False,1.0,0.5672729839337421,-45.68015256419595,-24.14693936260183
1799,1510,hibrido,5.150186538696289,6.012412071228027,151.39878076459976,208.5121120556424,181678536.91751972,False,1.0,0.5672606154572801,-46.60436275117041,-21.680524740705728
1800,503,hibrido,6.174455642700195,5.354920387268066,368.0911436710168,672.4950920675398,441709372.4052202,False,1.0,0.5670612091609666,-52.12100397219451,-11.35747772887067
1801,3153,hibrido,5.962181091308594,7.074268341064453,758.6900112131048,991.3225245713835,910428013.4557257,False,1.0,0.5670163925465034,-38.625592800244455,-15.879003775608105
1802,2918,hibrido,5.7857584953308105,6.519009590148926,510.2805821451317,824.8847928894221,612336698.5741581,False,1.0,0.5670128851897602,-39.35945701421747,-20.505858726931624
1803,2037,hibrido,5.276023864746094,6.469857692718506,301.46280738433757,492.0589175911009,361755368.8612051,False,1.0,0.5668660579740945,-44.10792450605921,-18.336993108691924
1804,781,hibrido,5.780073642730713,5.027124881744385,119.74958520610473,364.88116667737705,143699502.24732566,False,1.0,0.5667937366751792,-50.55548049843315,-17.840321192813523
1805,1514,hibrido,5.01901912689209,6.0364251136779785,37.622487341873025,368.3377287805852,45146984.81024763,False,1.0,0.5666553584177642,-46.67488545063398,-20.24728936464618
1806,2179,hibrido,5.256378650665283,6.180149078369141,187.04548952104832,496.7257144701686,224454587.42525798,False,1.0,0.5665767385192313,-43.21148103499096,-20.427447018605218
1807,2785,hibrido,5.498064994812012,7.197015762329102,600.1881489981192,789.6951080642277,720225778.7977431,False,1.0,0.5662779796466537,-40.536158150413996,-15.297083218381438
1808,1575,hibrido,5.365098476409912,5.337737083435059,56.732606028721044,160.84907676006907,68079127.23446526,False,1.0,0.566179850971677,-46.027764602037045,-24.88302486041627
1809,1890,hibrido,5.352210998535156,6.178118705749512,273.65975846921873,404.65959982028846,328391710.16306245,False,1.0,0.5660420265505001,-44.882554109859946,-18.01746790963965
1810,3001,hibrido,6.033851623535156,6.797821998596191,724.7570622654283,935.8646201259701,869708474.718514,False,1.0,0.5660227451809138,-39.2619654875917,-17.328711223481378
1811,3821,hibrido,5.998322486877441,7.066917896270752,841.9418203072602,803.7171881154571,1010330184.3687122,False,1.0,0.565887897197604,-35.33987879192754,-14.940809423689117
1812,1503,hibrido,5.521798133850098,4.920086860656738,28.008453621645945,73.04370696759744,33610144.34597513,False,1.0,0.5658552577533923,-46.46614547991191,-24.187502189429633
1813,3822,hibrido,5.7452192306518555,7.340911388397217,805.8611876478284,764.0556710310292,967033425.177394,False,1.0,0.5657538909166847,-35.37017833385262,-14.597627899059406
1814,4417,hibrido,5.586505889892578,7.686019420623779,864.9171587340601,673.5976632390183,1037900590.4808722,False,1.0,0.5657536339206664,-32.510580382184536,-13.345747272729636
1815,2032,hibrido,5.1782307624816895,6.188816547393799,159.2424406059293,470.4421478831392,191090928.72711515,False,1.0,0.5654926848197426,-43.99972314302853,-20.116769838739906
1816,4487,hibrido,6.231031894683838,7.195885181427002,1015.2304127942134,838.0432559069404,1218276495.3530562,False,1.0,0.5653679493486865,-32.0088565707676,-14.662882470419321
1817,130,hibrido,6.430317401885986,4.93567419052124,352.63766330686576,753.0222380302422,423165195.9682389,False,1.0,0.5652327022013979,-53.953108175530474,-12.448240163915633
1818,2620,hibrido,5.494981288909912,6.322189807891846,337.0734358876242,647.3007787334213,404488123.06514907,False,1.0,0.5652200704384577,-40.8258761940704,-21.329456794787372
1819,3892,hibrido,5.8927812576293945,7.6794209480285645,967.4518376647801,919.3278823601055,1160942205.197736,False,1.0,0.5651189424933253,-34.87210324200041,-15.93871346951307
1820,484,hibrido,5.779938697814941,5.531247138977051,260.6879031033877,520.5477770277356,312825483.72406524,False,1.0,0.5650967931099395,-52.06089643418712,-18.222293770115733
1821,4197,hibrido,5.128435134887695,7.939266204833984,727.218151840695,565.8517930928158,872661782.2088339,False,1.0,0.5650142285593537,-33.67285590267478,-12.752097593371648
1822,2622,hibrido,5.930790424346924,5.693411350250244,357.99218327829885,677.2709863367552,429590619.93395865,False,1.0,0.5649637000929566,-40.88851083012842,-20.62555767680619
1823,1576,hibrido,5.287293910980225,5.3265299797058105,28.559652477164796,123.77912136907572,34271582.972597755,False,1.0,0.5645496945219326,-46.0506452672706,-24.52538418472207
1824,2106,hibrido,5.484124660491943,5.77644157409668,187.3660017413297,496.33713104760494,224839202.08959565,False,1.0,0.5645115781082173,-43.6179377188014,-20.094996765225964
1825,494,hibrido,5.541547775268555,5.256331443786621,43.36544973613069,471.5721958493816,52038539.68335683,False,1.0,0.5644553455979098,-52.09639280491966,-14.609768171291948
1826,348,hibrido,5.723515510559082,5.3533854484558105,152.64490337108055,574.0633972105927,183173884.04529667,False,1.0,0.5642790786775285,-52.84258440102051,-13.891738424396047
1827,2704,hibrido,5.35544490814209,7.349238395690918,583.0189309586225,793.5202011141239,699622717.150347,False,1.0,0.5641128132259341,-40.73752167790144,-17.78316802553141
1828,996,hibrido,5.650209903717041,5.592593193054199,234.4874152896754,454.7851694828873,281384898.3476105,False,1.0,0.5639315572693664,-49.35381345915637,-20.338446985571682
1829,709,hibrido,5.484504699707031,5.374697685241699,90.98499963014173,359.2541226321453,109181999.55617008,False,1.0,0.5638360099304958,-50.944875243176334,-17.124800848550088
1830,3452,hibrido,5.443438529968262,7.602538108825684,719.5205907517067,815.1519091158983,863424708.902048,False,1.0,0.5637810065474738,-37.22140224512528,-14.732798194941907
1831,2995,hibrido,5.941585540771484,6.505691051483154,589.2818451147036,909.6242031019691,707138214.1376444,False,1.0,0.5636024641823194,-39.07863883281487,-19.42621073715271
1832,203,hibrido,6.22559118270874,5.038057804107666,296.7997773216591,698.4685153310027,356159732.78599095,False,1.0,0.5635941236282077,-53.58460573369646,-12.809490750369996
1833,1364,hibrido,5.333559513092041,5.727165699005127,150.75775632403708,295.8133285625252,180909307.58884448,False,1.0,0.563490684171752,-47.40898604356019,-20.995246769904135
1834,1403,hibrido,6.013660907745361,6.458747863769531,593.8413030335064,979.7059735929092,712609563.6402076,False,1.0,0.563380651967815,-47.799796650643785,-6.982873732590693
1835,562,hibrido,5.4040069580078125,5.631527900695801,118.7880485452607,422.71850914524987,142545658.25431284,False,1.0,0.5633638831525553,-51.70099464824332,-16.773600489905665
1836,2405,hibrido,5.512659072875977,6.438497543334961,385.19246634997603,693.7117675520809,462230959.6199712,False,1.0,0.5633416518906266,-42.17024509011558,-18.9391908878985
1837,1821,hibrido,5.404845714569092,6.253045558929443,387.75656411222656,276.22048236503355,465307876.9346719,False,1.0,0.5631199716556623,-45.34365752312822,-16.24825391796461
1838,2616,hibrido,5.754765033721924,5.87110710144043,350.62614986127124,614.8194178615039,420751379.8335255,False,1.0,0.5628882825202474,-40.69268574195826,-22.736530272134164
1839,202,hibrido,5.843432903289795,5.54017448425293,265.0035736624065,679.9391385526545,318004288.3948878,False,1.0,0.5626924186791264,-53.58400443196235,-13.17104542651953
1840,638,hibrido,5.451364517211914,5.258583068847656,33.776340698497044,371.1196818191002,40531608.83819646,False,1.0,0.5626097564361016,-51.335691806538144,-16.046950458000477
1841,2857,hibrido,5.4781575202941895,7.457512855529785,689.6175336962074,831.6808912486949,827541040.4354489,False,1.0,0.5626082158389146,-40.116314789067054,-15.97724811076307
1842,4045,hibrido,5.7809271812438965,7.233108997344971,821.6212377871738,717.4858036900556,985945485.3446085,False,1.0,0.5624724923699248,-34.291524719816294,-14.16992342480735
1843,3525,hibrido,5.445300579071045,7.748054027557373,772.8693427903629,839.1153506358415,927443211.3484355,False,1.0,0.5624196245454545,-36.82280583682956,-15.052564667578718
1844,2701,hibrido,5.635005474090576,6.643558502197266,498.7635971710978,815.2146643963761,598516316.6053174,False,1.0,0.5620741825532561,-40.655446236435544,-18.838666103316825
1845,2485,hibrido,5.582393646240234,6.817456245422363,583.9804676194664,645.0015362418437,700776561.1433597,False,1.0,0.561935562270766,-41.93736478008586,-16.794562615920842
1846,3674,hibrido,5.338608741760254,7.855740547180176,771.3249488893796,778.7539374121477,925589938.6672555,False,1.0,0.561867097716277,-36.11040854773383,-14.65309348080058
1847,4491,hibrido,6.1555891036987305,6.780980587005615,891.4110454762488,687.6012642665387,1069693254.5714985,False,1.0,0.5617371750747805,-32.14271333920837,-13.316261307229844
1848,2559,hibrido,5.26527738571167,7.4425950050354,612.1040287548668,684.0934091686075,734524834.5058402,False,1.0,0.5616779659630081,-41.56286073095516,-16.772722648868424
1849,1658,hibrido,5.117292881011963,5.833670616149902,95.15165849379909,227.9183344473117,114181990.19255891,False,1.0,0.5616260669249832,-45.8324158538877,-21.644605715024376
1850,2926,hibrido,5.592308044433594,7.259503364562988,668.2408854174323,907.7140197865007,801889062.5009187,False,1.0,0.5614626443362543,-39.609054024353384,-17.705561713356595
1851,1656,hibrido,5.039585113525391,5.9425787925720215,112.08291628491808,158.26900009973224,134499499.5419017,False,1.0,0.5613615806288468,-45.79107579467869,-22.359734032174032
1852,924,hibrido,5.829268932342529,5.191502094268799,205.7228297137124,470.47498696336396,246867395.6564549,False,1.0,0.5613073551805705,-49.75612879562307,-19.627535598118172
1853,2776,hibrido,5.470262050628662,7.095493793487549,555.2405282606749,859.8540868914043,666288633.9128098,False,1.0,0.5612278206672524,-40.30574120978232,-18.460579611155836
1854,3075,hibrido,5.84625768661499,7.14243221282959,754.6719596023937,974.7817180872422,905606351.5228724,False,1.0,0.5611698588534308,-38.88680172375529,-17.30156158621894
1855,1669,hibrido,5.181170463562012,6.1184844970703125,217.73314841869933,290.8951604253959,261279778.1024392,False,1.0,0.5609990620921977,-46.03080510957329,-17.70914887666618
1856,2260,hibrido,5.128921031951904,6.999405384063721,414.27756414622036,572.3053776565996,497133076.9754644,False,1.0,0.5609119138483848,-42.997131827459874,-17.92099703827078
1857,2035,hibrido,5.4069108963012695,6.0464067459106445,244.57466067297426,544.6465907678004,293489592.8075691,False,1.0,0.5609076782811728,-44.06607760461101,-19.049014420848675
1858,773,hibrido,5.909062385559082,5.4841628074646,347.30217205155805,507.42142794155524,416762606.46186966,False,1.0,0.5608762354867568,-50.49453020373825,-20.72579648301676
1859,3228,hibrido,5.551135063171387,7.542064666748047,739.8774979328972,937.4689727722972,887852997.5194767,False,1.0,0.560755268885337,-38.28048602715281,-15.504832502106566
1860,4414,hibrido,5.961301326751709,7.35892391204834,959.3440705875744,788.0828395756935,1151212884.7050893,False,1.0,0.5607058077840659,-32.412891175279874,-14.358165006994465
1861,2778,hibrido,5.629877090454102,6.958197593688965,611.1424920940227,831.4031033679084,733370990.5128273,False,1.0,0.5606440311499097,-40.36126140734092,-17.7579297947517
1862,1371,hibrido,5.273791313171387,5.496119022369385,48.350757165734656,302.1765741393947,58020908.59888159,False,1.0,0.5606219222626516,-47.51175255722318,-18.48237390923698
1863,48,hibrido,5.899387359619141,5.391047954559326,252.68084903254257,693.0782077592203,303217018.83905107,False,1.0,0.5605392455228753,-54.325036760357854,-15.340308838000082
1864,666,hibrido,7.1617841720581055,5.485511302947998,874.7643948040453,1160.033961518646,1049717273.7648544,False,1.0,0.5603051461425567,-51.4252131927719,-5.932532468015106
1865,1666,hibrido,5.31451416015625,5.735744476318359,132.40092835165433,389.86778533242483,158881114.0219852,False,1.0,0.5602204988650472,-45.981397572946896,-18.782809121210633
1866,2852,hibrido,5.469054698944092,7.3246355056762695,639.2878175258551,869.4756644112464,767145381.0310261,False,1.0,0.5601751578085298,-39.98510479589442,-17.732059042780257
1867,2413,hibrido,5.396814346313477,7.049770355224609,586.0088174208612,592.5809991779075,703210580.9050335,False,1.0,0.5601032252364093,-42.3548847813194,-16.1076599034636
1868,699,hibrido,5.895209789276123,5.600064277648926,375.42573318695844,538.5552640004375,450510879.8243501,False,1.0,0.5600898140444655,-50.87848712209094,-20.733180648146188
1869,1346,hibrido,5.713781356811523,5.225197792053223,168.75782324785112,437.0655652110244,202509387.89742136,False,1.0,0.5599873234933184,-47.06615855056933,-27.45056592825279
1870,4187,hibrido,6.336082458496094,7.205826282501221,1072.6049478411092,962.2841327392667,1287125937.409331,False,1.0,0.5599102164655821,-33.34838211446936,-16.148277320676378
1871,273,hibrido,5.619842052459717,5.4765143394470215,154.3931758881413,598.0392449751173,185271811.06576955,False,1.0,0.5598717469999701,-53.2114252020222,-14.254710012187685
1872,283,hibrido,6.156698703765869,5.7354302406311035,492.0567671275535,813.0567546365374,590468120.5530642,False,1.0,0.5597246313929207,-53.222267656612686,-10.639270004016728
1873,2320,hibrido,5.341690540313721,5.943413734436035,204.72134168309694,455.4821445160005,245665610.01971632,False,1.0,0.5597071392107044,-42.24548160353554,-22.856360069678797
1874,2541,hibrido,5.925572395324707,5.444044589996338,328.95558758956867,572.9915689044287,394746705.1074824,False,1.0,0.5597040022743255,-41.04659458884401,-23.119908639399185
1875,485,hibrido,5.624264240264893,5.599545955657959,232.24382974770606,501.7081053177098,278692595.69724727,False,1.0,0.5596183781301947,-52.06485149576626,-17.86110194063299
1876,2700,hibrido,5.4652605056762695,6.7841715812683105,473.1756278692042,791.9129394413014,567810753.443045,False,1.0,0.5593877288301186,-40.626841747205134,-19.190393531953728
1877,880,hibrido,6.042298793792725,6.037323474884033,534.3149753909179,818.5480717915468,641177970.4691014,False,1.0,0.5592482916958252,-50.31768509062977,-8.813981122590596
1878,3521,hibrido,5.874524116516113,7.532865047454834,917.19187342809,992.3888208876974,1100630248.113708,False,1.0,0.5590133653270897,-36.70270045841563,-16.43537705850407
1879,512,hibrido,6.5165228843688965,5.837929725646973,692.8168376059032,970.2159356615672,831380205.1270838,False,1.0,0.55896558552538,-52.13910376391234,-8.10443239210683
1880,925,hibrido,5.49313497543335,5.588484764099121,177.27875635803073,435.0721183104549,212734507.62963688,False,1.0,0.558871935658205,-49.765503774364056,-19.26718222264868
1881,2623,hibrido,5.668424606323242,6.0805253982543945,374.47076567070036,695.2300585603986,449364918.80484045,False,1.0,0.558679482591372,-40.91886226206617,-20.273521775441875
1882,3081,hibrido,5.315084934234619,7.697011470794678,669.2606265150166,941.9896238671911,803112751.81802,False,1.0,0.5585898693530198,-39.049836449667076,-15.205477328447927
1883,4193,hibrido,5.838090896606445,7.189323902130127,859.8403220551163,723.9539017758783,1031808386.4661396,False,1.0,0.5585504931676836,-33.55317801767597,-14.111492013952555
1884,425,hibrido,5.393823623657227,6.063869476318359,241.0367324125142,596.4299615625151,289244078.895017,False,1.0,0.5584951464482663,-52.47931230462261,-12.805428909857458
1885,1374,hibrido,5.252861499786377,5.630976676940918,133.68297723277968,183.1223259942058,160419572.67933562,False,1.0,0.5584822477838155,-47.551068748527136,-17.40507153595968
1886,731,hibrido,5.929873943328857,6.1945343017578125,532.7705814899347,809.7939797463991,639324697.7879215,False,1.0,0.5583952621565397,-51.04191029664577,-9.18156731426999
1887,1146,hibrido,5.258188724517822,5.800111770629883,121.35214630751136,430.36861583873156,145622575.56901363,False,1.0,0.5582667652965878,-48.61264415021373,-19.597055623318564
1888,2407,hibrido,5.578968524932861,6.3798065185546875,442.08061306133936,661.7446878886698,530496735.67360723,False,1.0,0.5582581014409147,-42.21967010350551,-18.23156153015813
1889,285,hibrido,6.091572284698486,6.068343639373779,564.2180324464172,871.8620050248988,677061638.9357007,False,1.0,0.5580627137410326,-53.22403428172456,-9.91607266275758
1890,1553,hibrido,5.963046550750732,6.6339311599731445,631.4663295939212,1064.9035100264941,757759595.5127054,False,1.0,0.5580052748479891,-47.085925050536446,-6.254745943295105
1891,2256,hibrido,5.258126258850098,6.454843521118164,300.50127072349363,609.3584370012175,360601524.8681924,False,1.0,0.5579960418416064,-42.90428598888095,-19.339937723467003
1892,659,hibrido,6.0801849365234375,6.272324085235596,622.1999661880226,899.1615808439882,746639959.4256271,False,1.0,0.5579946872257032,-51.410903102276436,-8.461779873631123
1893,788,hibrido,5.397550582885742,5.3336358070373535,79.35892828366696,296.52235869597945,95230713.94040035,False,1.0,0.5579661127418953,-50.60017125225141,-15.314689265585715
1894,362,hibrido,6.384728908538818,5.902763366699219,655.1918110454882,942.7212052555799,786230173.2545859,False,1.0,0.5577243687288351,-52.86283356251302,-8.830292839879244
1895,508,hibrido,6.023799419403076,6.093136310577393,548.4943069681759,831.8382190785502,658193168.3618112,False,1.0,0.5576640319391122,-52.13184151706565,-9.550310231768641
1896,3071,hibrido,5.908524990081787,6.729323387145996,661.8534296923808,982.7250962528767,794224115.630857,False,1.0,0.557581284519927,-38.76456163210624,-18.697796102397803
1897,585,hibrido,6.555170059204102,5.55293607711792,639.468085567247,916.3704151445913,767361702.6806965,False,1.0,0.5574027397181374,-51.77415159017537,-8.464014392486698
1898,1741,hibrido,5.093751430511475,6.196583271026611,188.96856284273628,378.2786479918846,226762275.41128352,False,1.0,0.5573121167898197,-45.6200338273365,-18.408783574366634
1899,1101,hibrido,5.7303009033203125,6.206539630889893,446.42998459381295,750.6999022255554,535715981.5125755,False,1.0,0.5572234279003376,-49.22226974383914,-9.162155463669418
1900,888,hibrido,6.591875076293945,6.188355922698975,822.9600366663722,1127.4525373679426,987552043.9996465,False,1.0,0.5571526183484834,-50.34149204424725,-5.926444057783937
1901,454,hibrido,5.497683525085449,5.029935359954834,87.26540651213254,126.30022982969498,104718487.81455906,False,1.0,0.5570890486232252,-51.89397986817904,-29.050266730583132
1902,554,hibrido,5.826605796813965,5.623988628387451,346.34063539071406,587.8457789167413,415608762.4688569,False,1.0,0.5570575593211551,-51.662730125507224,-19.66236166519479
1903,1110,hibrido,6.2372660636901855,6.600155830383301,771.1556785286992,1106.9867461528977,925386814.2344391,False,1.0,0.5570134932048485,-49.257798670036095,-5.918258317386043
1904,502,hibrido,5.892571926116943,5.524102210998535,332.0105110115851,643.3572989264674,398412613.2139021,False,1.0,0.5570109143926223,-52.11859752374304,-11.71888438294668
1905,1220,hibrido,5.416858673095703,5.434879302978516,93.22858517211107,423.7616738362911,111874302.20653328,False,1.0,0.5568962841905024,-48.23158410148391,-19.585312273939753
1906,829,hibrido,5.618442058563232,4.932608604431152,58.181198134486706,339.3033552898115,69817437.76138406,False,1.0,0.5567733338230341,-49.910535899115,-27.202440525248743
1907,439,hibrido,6.54903507232666,5.946129322052002,746.1655896445593,1024.3550096870858,895398707.5734712,False,1.0,0.5567553950310201,-52.50333518250828,-7.744371969632841
1908,3670,hibrido,6.2462477684021,6.8306145668029785,915.6474795271068,935.0821863264675,1098776975.4325283,False,1.0,0.5563802695029457,-35.98883119385412,-16.03086889466608
1909,3748,hibrido,5.588153839111328,7.401241302490234,788.593068268604,770.4020909465393,946311681.9223249,False,1.0,0.5563554397921916,-35.74024948412399,-14.625589718822454
1910,266,hibrido,5.628016471862793,5.6052045822143555,231.28229308686204,579.3649067035601,277538751.7042344,False,1.0,0.5563296518664856,-53.201753875736955,-16.784876833266246
1911,1257,hibrido,6.152958393096924,6.486602306365967,700.5388071108187,1060.467935777593,840646568.5329823,False,1.0,0.5562724107329592,-48.53170279558046,-6.271701682413938
1912,957,hibrido,6.334639072418213,5.854804039001465,625.2887539899888,923.5804571698968,750346504.7879865,False,1.0,0.5559441305943582,-49.965152878959636,-7.7279436817184015
1913,213,hibrido,6.299186706542969,6.022233009338379,653.6474171445052,958.7849678829896,784376900.5734062,False,1.0,0.5559066547276925,-53.58964059228216,-9.193441235479343
1914,2845,hibrido,5.456393718719482,6.7796549797058105,484.35447377051145,803.0249272475249,581225368.5246137,False,1.0,0.5556873818938113,-39.77430425091603,-20.186495910383936
1915,1055,hibrido,5.4431915283203125,5.263758182525635,85.68755469894808,324.5483055698142,102825065.6387377,False,1.0,0.5556354082979654,-48.76598794482836,-25.724018797151146
1916,1574,hibrido,5.605602264404297,4.885956287384033,84.90555958027728,199.05672584023077,101886671.49633273,False,1.0,0.5555355159079598,-46.0044400179533,-25.240628434924425
1917,640,hibrido,5.4048943519592285,5.189453601837158,23.1118060128663,375.2491009708728,27734167.215439558,False,1.0,0.5553069162945597,-51.34505425258333,-15.324768531801903
1918,854,hibrido,5.432165145874023,5.403953552246094,120.07009742638606,361.59928337382553,144084116.91166326,False,1.0,0.5552289905622585,-50.17040635637997,-18.193906917560643
1919,1057,hibrido,5.384613990783691,5.4647626876831055,142.03346180206057,273.18362585064483,170440154.1624727,False,1.0,0.5551656099631586,-48.79695701298972,-25.00485420315663
1920,2403,hibrido,5.315892696380615,6.418712615966797,328.3043196386127,639.9518151045161,393965183.56633526,False,1.0,0.5551095461089555,-42.118575259046565,-19.646638364326503
1921,360,hibrido,6.2143073081970215,5.877316474914551,583.0305457266247,877.7478005057006,699636654.8719497,False,1.0,0.555032971892726,-52.860523461428734,-9.553459321476533
1922,4415,hibrido,5.682791709899902,7.59583044052124,927.2115513760732,749.7294925479106,1112653861.6512878,False,1.0,0.5549822820475224,-32.446327032950926,-14.02077309455233
1923,4192,hibrido,5.604146957397461,7.641600131988525,894.3965363294733,763.6029740212244,1073275843.5953679,False,1.0,0.5548408709288761,-33.52117643482037,-14.45115704423217
1924,122,hibrido,5.890902996063232,5.165394306182861,213.18445409505492,653.2336586431552,255821344.9140659,False,1.0,0.5547543307651159,-53.95252255670515,-15.340540478298585
1925,1367,hibrido,5.136374473571777,5.769615650177002,65.42553625699202,413.5844067808189,78510643.50839043,False,1.0,0.5547397571950357,-47.45496359382848,-19.918450542137982
1926,735,hibrido,6.320037841796875,6.033233642578125,677.0931121276619,958.0868586539466,812511734.5531943,False,1.0,0.5546591249923243,-51.05292074909168,-7.736821833973924
1927,416,hibrido,5.6678361892700195,5.117929458618164,118.14702410469805,490.97798941779655,141776428.92563766,False,1.0,0.554616427744159,-52.457063467875095,-16.057952260086793
1928,214,hibrido,6.470612049102783,5.8470234870910645,689.7280498039369,989.9543673378861,827673659.7647243,False,1.0,0.5543903014548487,-53.590048543001174,-8.831791919523603
1929,4495,hibrido,5.521992206573486,7.25407600402832,780.8549884144998,542.655045559128,937025986.0973997,False,1.0,0.554241959180154,-32.26256664482185,-11.968377450672792
1930,355,hibrido,6.033520698547363,5.521770000457764,402.62738242946557,728.5163192597336,483152858.91535866,False,1.0,0.5542124127987826,-52.85391015412722,-11.36123677351516
1931,1896,hibrido,5.215640068054199,6.561983108520508,429.05134910685894,310.154155807286,514861618.9282307,False,1.0,0.5542058639503578,-44.98605231010189,-15.87581154099445
1932,2487,hibrido,5.545244216918945,6.795048713684082,603.2769368000855,632.3836266857932,723932324.1601026,False,1.0,0.5541669884820898,-41.98159596349818,-16.087376036394218
1933,3672,hibrido,5.652565002441406,7.48999547958374,843.4862142082432,856.7486183881507,1012183457.0498918,False,1.0,0.5541469192932331,-36.051151104598524,-15.342115609077313
1934,1511,hibrido,5.062001705169678,5.8971171379089355,122.95470740891801,248.44747184513383,147545648.89070162,False,1.0,0.5540734658993121,-46.622553055167266,-21.32225986101189
1935,3817,hibrido,5.857407093048096,7.647278308868408,986.2643509449875,962.6434015887608,1183517221.133985,False,1.0,0.5540010645159648,-35.21075740531387,-16.312822784334582
1936,3891,hibrido,5.889146327972412,7.640974998474121,1003.5324703242118,959.2413696887019,1204238964.389054,False,1.0,0.5539937622582328,-34.83805116147318,-16.280900273842736
1937,2477,hibrido,5.159862518310547,6.75934362411499,356.44680085009844,671.2473901679103,427736161.0201181,False,1.0,0.5538960176426289,-41.73815439209846,-19.62157537562948
1938,2697,hibrido,5.617396354675293,6.213415145874023,410.4696354768564,730.7390556673162,492563562.5722277,False,1.0,0.5536114729638342,-40.5372059644733,-20.245243410632394
1939,1149,hibrido,5.1197686195373535,5.608105182647705,36.019926240466376,314.0704535894022,43223911.48855965,False,1.0,0.5535605538489345,-48.64748276550267,-18.51774149147349
1940,56,hibrido,6.100945949554443,5.383415699005127,377.827105410036,787.8360744815417,453392526.4920432,False,1.0,0.5535470113963876,-54.32102762073117,-12.44805370929633
1941,786,hibrido,5.308697700500488,5.241033554077148,22.470781572303625,291.2789722254063,26964937.88676435,False,1.0,0.5534635332302189,-50.58819311933777,-16.036371971314388
1942,2095,hibrido,5.636717796325684,5.245309829711914,199.15276675639018,340.6071759973587,238983320.10766822,False,1.0,0.5534275666028514,-43.325433773824514,-24.00222178940144
1943,2259,hibrido,5.310191631317139,6.516568660736084,385.8334907905387,591.6015639953075,463000188.9486464,False,1.0,0.5532206978395358,-42.974701750999124,-18.275793087341135
1944,857,hibrido,5.266352653503418,5.335829257965088,34.737877359341056,287.36239499170955,41685452.831209265,False,1.0,0.5531463699143948,-50.19324396199686,-17.112081517473882
1945,511,hibrido,6.2133684158325195,6.104259490966797,656.7362049464712,934.9748269545448,788083445.9357654,False,1.0,0.5530979901023293,-52.13740394821123,-8.465912680090975
1946,3969,hibrido,5.881708145141602,7.140659332275391,876.4780590657087,797.5491783407278,1051773670.8788505,False,1.0,0.5530879024169959,-34.59897183942932,-14.882129386718894
1947,2557,hibrido,5.314246654510498,7.071593284606934,555.2158820435034,704.9125640261988,666259058.452204,False,1.0,0.5524417843550257,-41.515087517279056,-17.47876813426939
1948,4489,hibrido,5.7690205574035645,7.490235805511475,951.9733302617693,762.3358831224094,1142367996.3141232,False,1.0,0.5521644603416644,-32.07755813593513,-13.98973869708146
1949,260,hibrido,6.063426971435547,5.381879806518555,401.94673322095207,664.5430659346397,482336079.86514246,False,1.0,0.5521516051413469,-53.19201332575506,-18.953095615546946
1950,2837,hibrido,5.977569103240967,5.791233062744141,477.1159689555672,732.9790383375383,572539162.7466806,False,1.0,0.5520825583275991,-39.492095444914874,-22.987762489293143
1951,1175,hibrido,5.54080867767334,6.375809192657471,429.1618652145886,744.7866499307355,514994238.2575063,False,1.0,0.5519463810892986,-48.85836784469698,-9.157190418726973
1952,429,hibrido,6.105046272277832,5.2950286865234375,385.3592630502413,699.9234516297761,462431115.6602895,False,1.0,0.551939297334659,-52.487454664602346,-11.359584628427362
1953,3148,hibrido,5.770371437072754,7.1762237548828125,761.12862438814,1023.2375940404731,913354349.265768,False,1.0,0.551911544643189,-38.481557794431474,-17.62237141611015
1954,1405,hibrido,5.91638708114624,6.703186988830566,666.0025683523701,1059.6725268872306,799203082.0228441,False,1.0,0.5518990395560187,-47.80880233910945,-6.263707341079016
1955,353,hibrido,5.866504669189453,5.50783634185791,330.46611711060206,676.2055588959706,396559340.5327225,False,1.0,0.5518908945368285,-52.8509239182722,-12.084286456067339
1956,3967,hibrido,5.754791259765625,7.599205017089844,948.6393243845727,877.5221888630804,1138367189.2614872,False,1.0,0.5518299940412018,-34.533864676997105,-15.56545821350798
1957,1372,hibrido,5.056128025054932,5.752931118011475,76.79483052141634,262.3961065480777,92153796.62569961,False,1.0,0.5518296966930651,-47.52516494116175,-18.123295667842537
1958,2695,hibrido,5.697534084320068,5.9506731033325195,384.1164140481745,698.4854162349371,460939696.85780936,False,1.0,0.5517520535380446,-40.47419961856738,-20.948187510332207
1959,2257,hibrido,5.237629413604736,6.488356113433838,328.9453440791753,636.0112742520812,394734412.89501035,False,1.0,0.551649539821322,-42.928283791645974,-18.985264321584918
1960,3671,hibrido,6.001271724700928,7.016150951385498,879.5668468676752,895.8785883966341,1055480216.2412102,False,1.0,0.5515841398188103,-36.020376876801315,-15.686526724015788
1961,1888,hibrido,5.17561149597168,6.119351863861084,216.7716117578553,460.29047587450464,260125934.10942638,False,1.0,0.551541952908665,-44.84466250579807,-18.731109630741937
1962,2842,hibrido,5.786076068878174,6.060166835784912,456.0585522721801,761.9071450012078,547270262.7266161,False,1.0,0.5515286303438195,-39.67381459552747,-21.237480269291538
1963,2103,hibrido,5.236428737640381,5.6585798263549805,102.0337816742847,415.2156204667233,122440538.00914164,False,1.0,0.551515518192327,-43.54457972695362,-21.161140686357435
1964,2248,hibrido,5.314753532409668,5.636294841766357,136.35894741929962,432.35048468331394,163630736.90315956,False,1.0,0.5511420750668794,-42.692661495975244,-22.175710883321077
1965,418,hibrido,5.563408851623535,5.076584339141846,62.02911790285739,494.1067249478396,74434941.48342887,False,1.0,0.5511266987424408,-52.462490581560075,-15.335251086278491
1966,1742,hibrido,4.8623127937316895,6.524333953857422,217.41263619841797,347.3266046526485,260895163.43810156,False,1.0,0.5510352874664026,-45.637258676510555,-18.051231884103803
1967,2319,hibrido,5.735072612762451,5.225445747375488,228.5626318690129,453.0067754245636,274275158.2428155,False,1.0,0.5509355368199473,-42.21433208762342,-23.210033113311972
1968,2693,hibrido,5.407598972320557,6.357412338256836,373.37048281024266,674.2285857987822,448044579.3722912,False,1.0,0.5508930020348046,-40.40853111286398,-21.65088870279087
1969,2768,hibrido,5.954861640930176,5.626606464385986,416.33212198207093,723.5107217258259,499598546.37848514,False,1.0,0.5506796551137567,-40.0576799941727,-21.26890784989761
1970,655,hibrido,5.992665767669678,5.76458215713501,477.8774355502954,756.25882432801,573452922.6603545,False,1.0,0.5505697780565896,-51.40038443901185,-9.906909342949605
1971,3596,hibrido,5.872284889221191,7.300113677978516,898.3793601478825,943.6720873720967,1078055232.177459,False,1.0,0.5503171426793998,-36.36128649615446,-16.06057815500934
1972,2919,hibrido,5.938732147216797,6.040955066680908,521.9733935441651,839.692662188112,626368072.2529981,False,1.0,0.5500748541261241,-39.39306469669219,-20.15604049739401
1973,708,hibrido,5.476984977722168,5.2577996253967285,119.42907298582338,376.7260143064499,143314887.58298805,False,1.0,0.5500137543986564,-50.93890441029963,-17.48571025065481
1974,187,hibrido,5.990842819213867,5.476795196533203,401.6262210006708,680.5892377500473,481951465.20080495,False,1.0,0.5499098983245558,-53.57271360856941,-18.593000245648724
1975,1874,hibrido,5.348251819610596,5.229459285736084,85.79435556307041,215.30883464974602,102953226.6756845,False,1.0,0.5498549400124861,-44.52836744746736,-23.72261677696274
1976,2613,hibrido,5.794685363769531,5.740667819976807,404.3869975724076,617.135625614465,485264397.08688915,False,1.0,0.5494286577672076,-40.58562901445557,-23.791161807558506
1977,1512,hibrido,5.316621780395508,5.360622406005859,94.5106340532364,288.40074836687296,113412760.86388369,False,1.0,0.549323772424156,-46.6403675907015,-20.96396531253927
1978,882,hibrido,6.096144199371338,6.054579734802246,606.4762407097815,895.0435829497899,727771488.8517377,False,1.0,0.5491148128088671,-50.32453753955192,-8.092140217981019
1979,411,hibrido,5.87685489654541,5.126153945922852,260.3673908831064,537.9165476427518,312440869.05972767,False,1.0,0.5489709890186694,-52.44224131910952,-17.864479524464247
1980,776,hibrido,5.506131172180176,5.7098069190979,261.96995198451305,511.3052825181827,314363942.38141567,False,1.0,0.5489007121814601,-50.518668913444124,-19.64387233012217
1981,3155,hibrido,5.433091163635254,7.377359867095947,686.5287458942412,921.3067557406322,823834495.0730894,False,1.0,0.548853646791365,-38.67845439947091,-15.181261320974157
1982,2335,hibrido,5.274715900421143,6.741902828216553,470.8451986373023,592.1412760323516,565014238.3647628,False,1.0,0.548816174433548,-42.64292781662065,-17.54528583348202
1983,1201,hibrido,5.229063987731934,5.355692386627197,27.4486574986734,344.82369142346033,32938388.99840808,False,1.0,0.5487962275888962,-47.932607659410195,-26.41142813787185
1984,3307,hibrido,5.038848876953125,7.552853584289551,576.7424540149626,742.8381461818708,692090944.8179551,False,1.0,0.5487054031075695,-38.03802183851988,-13.73996600709626
1985,3600,hibrido,5.581210613250732,7.206841945648193,754.0568295101554,789.047532367377,904868195.4121864,False,1.0,0.5486451904572232,-36.48065444585646,-14.680133329744093
1986,364,hibrido,6.3051323890686035,6.145761013031006,727.3530763643519,1009.854118367832,872823691.6372223,False,1.0,0.5486188720950773,-52.86495501494165,-8.107097996815254
1987,272,hibrido,5.473841190338135,5.473047733306885,137.01838926394714,587.2903062008083,164422067.11673656,False,1.0,0.548589611803376,-53.210151427517765,-14.616197576705686
1988,1891,hibrido,4.980156421661377,6.557787895202637,302.10383182490034,380.1189636149255,362524598.18988043,False,1.0,0.5485083516615974,-44.90085425941103,-17.660599655799118
1989,134,hibrido,6.303178310394287,5.33798360824585,490.5123732265705,844.9891301430752,588614847.8718846,False,1.0,0.5484721612609428,-53.95335166028177,-11.0018501929681
1990,1944,hibrido,5.623428821563721,5.243972301483154,226.88132231654987,317.4858199362019,272257586.77985984,False,1.0,0.5484593026581147,-44.02471367702991,-25.12146512601658
1991,204,hibrido,6.058255672454834,5.176255702972412,330.3835976293715,718.748427255089,396460317.1552458,False,1.0,0.5484182630585928,-53.58518891000788,-12.44792613792048
1992,1802,hibrido,5.0799946784973145,5.372649669647217,1.053295912703403,179.50167662513164,1263955.0952440836,False,1.0,0.5483467900825226,-44.9687515125541,-23.032493442666386
1993,1327,hibrido,5.7731404304504395,6.380107402801514,538.948157093867,899.3246991126747,646737788.5126405,False,1.0,0.5482170562597999,-48.152329406318714,-7.7070797040606465
1994,2242,hibrido,5.415280818939209,5.8328166007995605,284.1160254024554,427.824577662263,340939230.4829465,False,1.0,0.5480290047684118,-42.50976211712193,-24.30045721625107
1995,1729,hibrido,5.161000728607178,5.37040376663208,55.51481018610735,159.48342908246357,66617772.223328814,False,1.0,0.547994429390973,-45.38106647806989,-22.696943790830392
1996,1125,hibrido,5.349243640899658,5.295475959777832,55.39941205453133,429.96137267856545,66479294.4654376,False,1.0,0.5477269476518585,-48.297243037527195,-27.14626853721288
1997,2925,hibrido,5.507900238037109,7.110863208770752,641.931405907077,920.0020146412718,770317687.0884924,False,1.0,0.5477179904070629,-39.580216976982605,-18.05580829304515
1998,2398,hibrido,5.261798858642578,5.9887213706970215,219.19762604001855,535.0645743215447,263037151.24802226,False,1.0,0.547693817143642,-41.97928303773783,-21.414408536693333
1999,3376,hibrido,5.7438063621521,7.083800315856934,774.4137366913458,904.3071648010421,929296484.0296149,False,1.0,0.5476519543664008,-37.5370079912707,-15.45261896712771
2000,45,hibrido,6.174632549285889,4.847537517547607,295.0558763603712,693.2058119720475,354067051.63244545,False,1.0,0.54731983317723,-54.32678101468791,-16.42471824324741
2001,277,hibrido,5.856690406799316,5.285157203674316,275.84435433444435,663.7884283582265,331013225.2013332,False,1.0,0.5472959461564308,-53.21617090711238,-12.808651898821344
2002,1433,hibrido,5.302178859710693,5.387869358062744,169.0954203751254,92.17392009260257,202914504.4501505,False,1.0,0.5472148639220018,-46.936513642231205,-22.772712737297137
2003,2020,hibrido,5.624575138092041,5.139425277709961,198.9305677606919,313.5756205397606,238716681.31283027,False,1.0,0.5471750634253711,-43.68865654251417,-24.38406477334845
2004,116,hibrido,5.953808784484863,5.323051929473877,344.4175620690261,675.1799790770666,413301074.4828313,False,1.0,0.5469031076512454,-53.95199305608268,-17.509281937948987
2005,2027,hibrido,5.0743184089660645,5.540445804595947,17.111740864921813,337.7448556872961,20534089.037906177,False,1.0,0.5468246249335146,-43.87924596225869,-21.89557221080633
2006,2928,hibrido,5.489701271057129,7.328373908996582,724.2777610761868,888.046626739219,869133313.2914242,False,1.0,0.5467754663381643,-39.664764246617636,-17.004902204403734
2007,3968,hibrido,5.958639621734619,7.046627998352051,912.5586917251406,837.5350392129938,1095070430.0701687,False,1.0,0.5466178562879844,-34.56682742818127,-15.22383149861378
2008,1133,hibrido,5.393286228179932,5.325407028198242,169.9842163579185,200.4038856141233,203981059.6295022,False,1.0,0.5465277792366628,-48.43307979504438,-24.27172273466896
2009,1580,hibrido,5.408513069152832,4.944684028625488,84.13216172906014,71.5307797821018,100958594.07487217,False,1.0,0.5463747457181737,-46.13783683474041,-23.09446272724628
2010,126,hibrido,6.046111583709717,4.8897905349731445,243.5168711304548,686.4971608653589,292220245.35654575,False,1.0,0.5463030955599752,-53.95283211677115,-13.894475779241557
2011,2326,hibrido,5.246415138244629,5.9861531257629395,217.0956795110207,536.8026232488972,260514815.41322485,False,1.0,0.5462616245846271,-42.41977635374447,-20.733212508200555
2012,2254,hibrido,5.1568121910095215,6.220628261566162,243.61312401213027,553.1907572979678,292335748.8145563,False,1.0,0.5462542083454806,-42.854686910240595,-20.049155580570748
2013,501,hibrido,5.594839572906494,5.708380222320557,295.9298783521533,615.4409633011039,355115854.02258396,False,1.0,0.54623491983883,-52.11611031138911,-12.080281426197008
2014,1155,hibrido,5.028533935546875,5.73239278793335,134.64451389362364,109.0250359122484,161573416.67234838,False,1.0,0.5460430880013282,-48.710274434908875,-16.358577805043435
2015,1572,hibrido,5.402567386627197,5.285164833068848,141.25146668338974,276.9943849928464,169501760.0200677,False,1.0,0.5458258715117259,-45.95643633631021,-25.955721786969278
2016,2929,hibrido,5.261666297912598,7.757556438446045,752.7218344318684,880.7768423589911,903266201.3182421,False,1.0,0.5458183315918957,-39.69164877255417,-16.654491840359803
2017,2850,hibrido,5.372771263122559,7.118696212768555,585.6184863285108,896.719499875764,702742183.594213,False,1.0,0.5456342359681217,-39.92817163045659,-18.433615015035652
2018,634,hibrido,5.627326965332031,5.0518574714660645,147.5526341212237,412.2689403067299,177063160.94546843,False,1.0,0.5456279469399762,-51.31548776978625,-17.491149526922584
2019,999,hibrido,5.102341175079346,5.911861419677734,149.1551952226304,417.1864797003085,178986234.26715648,False,1.0,0.5454147652324325,-49.385130237663084,-19.258001809816573
2020,1278,hibrido,5.051534652709961,5.4833831787109375,28.675050608740786,219.73767882538735,34410060.73048894,False,1.0,0.5453725790279246,-47.5907201409426,-25.31761875058911
2021,2022,hibrido,5.140008449554443,5.724175930023193,142.58466065757943,294.6648275270795,171101592.7890953,False,1.0,0.5453571365111272,-43.74582045252014,-23.673298905425565
2022,852,hibrido,5.710731506347656,5.003465175628662,176.9582441377494,422.93258586981227,212349892.96529928,False,1.0,0.5453542752360986,-50.154267008730116,-18.915040250867523
2023,1427,hibrido,5.502747058868408,4.609938144683838,0.05769906578798078,154.2820767011993,69238.87894557693,False,1.0,0.5452854586580504,-46.81839433976467,-24.922930968173574
2024,1129,hibrido,5.189530372619629,5.405675411224365,57.29240215169359,297.9367983312962,68750882.58203231,False,1.0,0.5452712492905526,-48.367746047740546,-25.709220648380935
2025,2105,hibrido,5.031935214996338,6.092250823974609,158.92192838564802,467.44165653505206,190706314.0627776,False,1.0,0.5450743183987499,-43.59400057567967,-20.450419948105644
2026,2546,hibrido,5.499639987945557,5.842931747436523,297.592899570177,609.5601405909246,357111479.4842124,False,1.0,0.5450042196602517,-41.21020027626864,-21.358563853946038
2027,1033,hibrido,6.265200138092041,6.004539966583252,680.1818999296281,994.001881852184,816218279.9155537,False,1.0,0.5449189484437501,-49.60968952749764,-7.0031337890653464
2028,2999,hibrido,5.886406421661377,6.567232608795166,673.1514667564345,957.8937924726249,807781760.1077214,False,1.0,0.5447512910655298,-39.20358508973479,-18.028118569866557
2029,433,hibrido,6.321788787841797,5.33268404006958,529.6817936879685,821.7402127395345,635618152.4255621,False,1.0,0.5444887986529153,-52.49456263378947,-9.913593780775196
2030,3377,hibrido,5.50223445892334,7.291255950927734,738.3331040319141,867.4048641049682,885999724.8382969,False,1.0,0.5444248404574904,-37.564807509056145,-15.105544317393207
2031,2702,hibrido,5.343130588531494,6.915578365325928,526.151192070008,823.2813856940174,631381430.4840096,False,1.0,0.5443785528867052,-40.68342384041053,-18.486885261351357
2032,557,hibrido,5.69754695892334,5.319703102111816,261.0084153236691,508.9064394455404,313210098.38840294,False,1.0,0.5443580509367654,-51.67791662417213,-18.579187806937764
2033,357,hibrido,5.807583332061768,5.981307506561279,474.78864774832914,785.5049948750727,569746377.297995,False,1.0,0.5443151824661552,-52.856700445316854,-10.638150965518719
2034,632,hibrido,5.513452529907227,5.407991886138916,204.44078083258705,453.08234306326256,245328936.99910447,False,1.0,0.5441158176517084,-51.304628584730104,-18.213162210922633
2035,803,hibrido,5.445518970489502,6.421931266784668,443.34119679184676,720.4450227471647,532009436.1502161,False,1.0,0.54408379628796,-50.67096197077338,-9.900481892282476
2036,212,hibrido,6.3130269050598145,5.675117015838623,617.5667844850734,928.2928308811914,741080141.3820881,False,1.0,0.5437800834310359,-53.58921555347699,-9.555083301377682
2037,1958,hibrido,5.084332466125488,5.889715671539307,131.11887947052898,446.63305000104447,157342655.36463478,False,1.0,0.5437771139262255,-44.38161074155346,-20.137770817236504
2038,2109,hibrido,5.175413131713867,6.2493367195129395,272.6982218083747,573.9309362184418,327237866.1700496,False,1.0,0.543742833260209,-43.686718788074955,-19.028486004579264
2039,378,hibrido,5.532232761383057,4.921558856964111,152.25281212122383,106.3801874592056,182703374.5454686,False,1.0,0.5437054231929382,-52.29262948044735,-29.777502157861697
2040,2767,hibrido,5.6947550773620605,5.918295860290527,413.35515569599056,713.0350054940443,496026186.8351887,False,1.0,0.5436358896281498,-40.023641709524725,-21.619672469955997
2041,1027,hibrido,5.55804443359375,6.3217291831970215,463.6981039730374,758.6788071956861,556437724.7676449,False,1.0,0.5436199714055495,-49.58618134436801,-9.166760995146143
2042,421,hibrido,5.470097541809082,5.228823661804199,97.14552362732178,522.2686664520352,116574628.35278614,False,1.0,0.5435561440453662,-52.47010849983458,-14.251109052452673
2043,2991,hibrido,5.6274800300598145,6.501678943634033,540.9004425652098,849.9534159585202,649080531.0782517,False,1.0,0.5434130602812365,-38.94243005410976,-20.823265107561106
2044,558,hibrido,5.616420745849609,5.335448265075684,232.5643419679874,486.3402089917166,279077210.36158484,False,1.0,0.5433221869506799,-51.682752660283384,-18.218099401904293
2045,1183,hibrido,5.9920806884765625,6.587826728820801,717.806926490043,1063.1253134503006,861368311.7880516,False,1.0,0.5432364986078261,-48.89316090233765,-6.275333821817906
2046,702,hibrido,5.4826579093933105,5.755609035491943,290.0935131199134,535.0479242249327,348112215.74389607,False,1.0,0.5432252179712616,-50.89999293467441,-19.65083929078758
2047,263,hibrido,5.9959716796875,5.059876441955566,316.614513153907,611.7520664458093,379937415.7846884,False,1.0,0.5431347873102361,-53.19705602477783,-17.869047051708947
2048,2322,hibrido,5.109796047210693,5.983207702636719,175.6437583513919,470.70338298929016,210772510.02167028,False,1.0,0.5430979781121578,-42.305953558475004,-22.148851371116777
2049,55,hibrido,6.214029788970947,4.9275994300842285,348.8410925022832,769.3793898211183,418609311.0027398,False,1.0,0.5428043424023462,-54.32147895473236,-12.809622147076416
2050,2401,hibrido,5.335607051849365,5.989147186279297,273.23515956496533,592.1491660645122,327882191.4779584,False,1.0,0.5427064649902212,-42.064616328699216,-20.353895974105946
2051,2632,hibrido,5.46441125869751,6.850901126861572,611.7835165345854,732.119913954366,734140219.8415024,False,1.0,0.5426570246582455,-41.164173827242344,-17.10281788141687
2052,955,hibrido,5.656758785247803,6.472096920013428,553.1274886711252,845.8834383768356,663752986.4053502,False,1.0,0.5426317766260316,-49.957960348027996,-8.449491381085046
2053,2625,hibrido,5.385272026062012,6.435977935791016,417.0950208876574,736.3711870453398,500514025.0651889,False,1.0,0.5425863163621437,-40.977666044715825,-19.569283212600922
2054,926,hibrido,5.57251501083374,5.082545280456543,148.83468300234907,400.5356200191383,178601619.60281888,False,1.0,0.5424286437025204,-49.77467141357432,-18.906810372847477
2055,998,hibrido,5.4925713539123535,5.338736057281494,177.59926857831204,453.9862597830102,213119122.29397443,False,1.0,0.5423454356299553,-49.37492015103573,-19.61816991692813
2056,3298,hibrido,5.627365589141846,7.6066789627075195,873.1383736746787,1067.8158838305346,1047766048.4096144,False,1.0,0.5423191859613187,-37.792736521694295,-16.869172538667698
2057,2708,hibrido,5.604128837585449,6.859442234039307,691.1619275971905,756.2000057313381,829394313.1166285,False,1.0,0.5421776432005713,-40.83844230805013,-16.375143546332566
2058,2397,hibrido,5.295722961425781,5.813295364379883,213.48922269740552,520.8121094037293,256187067.23688662,False,1.0,0.5420387135345073,-41.94964186665903,-21.767808866432258
2059,267,hibrido,5.355731010437012,5.730759143829346,202.8382197311804,573.7636533387192,243405863.67741647,False,1.0,0.5419650545442214,-53.203244822228314,-16.423460843965394
2060,3003,hibrido,5.588667392730713,7.27457857131958,780.8453955672687,920.2850953641836,937014474.6807225,False,1.0,0.5418702552881545,-39.31768171492625,-16.629077466047406
2061,654,hibrido,5.736206531524658,5.908838272094727,441.79680289086355,721.6553017895834,530156163.4690363,False,1.0,0.5418287415650556,-51.39748371044191,-10.268171061114783
2062,954,hibrido,5.904850959777832,5.91982364654541,517.0468560116934,807.203664849986,620456227.214032,False,1.0,0.541808328693365,-49.95411475584266,-8.810252968873318
2063,261,hibrido,5.9483489990234375,5.302637100219727,373.5026598652704,644.9484640300958,448203191.8383245,False,1.0,0.541692615920329,-53.193733148956525,-18.591760005420614
2064,1070,hibrido,5.449277400970459,5.460056304931641,206.36385415427506,432.50928722195596,247636624.98513007,False,1.0,0.5416596006505975,-48.970928413301195,-20.32788158712566
2065,270,hibrido,5.256363391876221,5.693757057189941,135.08372021752504,573.6094788368661,162100464.26103005,False,1.0,0.5414406177201788,-53.20749719594775,-15.33913855162324
2066,3296,hibrido,5.731912136077881,7.320485591888428,826.940576750221,1100.785535554004,992328692.1002651,False,1.0,0.5413855412093445,-37.73046051703366,-17.563892360062926
2067,2855,hibrido,5.346263885498047,7.429704666137695,724.5982732964678,841.3150630544336,869517927.9557614,False,1.0,0.5410869673672126,-40.065710141570186,-16.679324231695194
2068,3885,hibrido,6.353292942047119,7.059768199920654,1065.8689425849213,1198.8434032631208,1279042731.1019056,False,1.0,0.5410640503999083,-34.61619262566374,-18.33229130047521
2069,2471,hibrido,5.398556709289551,5.7751970291137695,253.44548825032425,558.8201736276421,304134585.9003891,False,1.0,0.5410523672161591,-41.56413841596462,-21.73978466814003
2070,437,hibrido,6.4091033935546875,5.652774333953857,674.0043243256957,954.8932486540533,808805189.1908349,False,1.0,0.5408498491476288,-52.50065954784673,-8.467474281615276
2071,3894,hibrido,5.575253963470459,7.526760101318359,895.2905723459163,839.5256131945198,1074348686.8150995,False,1.0,0.540619805031451,-34.93776049354228,-15.254110357939027
2072,2924,hibrido,5.785478591918945,6.4861273765563965,617.094789182504,933.8429590520185,740513747.0190048,False,1.0,0.5406142378504023,-39.550717475047826,-18.405997692022588
2073,3077,hibrido,5.644797325134277,7.276129722595215,808.9929967047872,959.834083299324,970791596.0457447,False,1.0,0.540600799179068,-38.943810791744085,-16.60308686201887
2074,60,hibrido,6.199328422546387,5.454888343811035,508.9264943387074,876.1562756417153,610711793.2064489,False,1.0,0.5403932450178867,-54.319360726066684,-11.001685958696825
2075,1354,hibrido,5.409719944000244,4.819708824157715,56.62580516459875,130.4494976299357,67950966.1975185,False,1.0,0.5403781154480647,-47.2334374443111,-24.58277518545873
2076,586,hibrido,6.005531311035156,6.302244186401367,675.548718226679,952.3002533472516,810658461.8720148,False,1.0,0.5402573988402982,-51.77618229681631,-8.102616229901928
2077,1804,hibrido,5.133391380310059,5.336925506591797,55.29261119040906,215.21743120830362,66351133.42849088,False,1.0,0.5401978189166097,-45.01574094620855,-22.31895191240275
2078,983,hibrido,5.555559158325195,5.052908420562744,170.42861434931507,307.2369773989439,204514337.21917808,False,1.0,0.5401868703006945,-49.19295977497015,-25.018145874839192
2079,3522,hibrido,5.525518417358398,7.6581645011901855,881.1112407686584,953.8633664133105,1057333488.9223901,False,1.0,0.5400267965223248,-36.73384592128618,-16.089772081181067
2080,3220,hibrido,5.558459758758545,7.342216491699219,751.1550093437507,1072.0386777075216,901386011.2125009,False,1.0,0.5399751469220909,-38.04210058661396,-18.289129674067976
2081,1583,hibrido,5.2639923095703125,5.356691837310791,151.7192929848811,176.24752092791806,182063151.58185732,False,1.0,0.5399404355342452,-46.19882569765255,-22.02091179904831
2082,2560,hibrido,5.251552104949951,7.182918071746826,640.5481021105483,676.99691819158,768657722.5326579,False,1.0,0.5397535927674089,-41.585900540603184,-16.41963484681777
2083,419,hibrido,5.364634990692139,5.187623977661133,50.10813538884246,500.48225783902575,60129762.46661095,False,1.0,0.5397418844920047,-52.46509902985783,-14.973882183487804
2084,813,hibrido,6.425211429595947,6.097250461578369,804.1475233861648,1098.3858058673432,964977028.0633978,False,1.0,0.5396288780642315,-50.70051702106865,-6.289811635600754
2085,417,hibrido,5.310539245605469,5.3732075691223145,89.70295074901638,490.9179369973264,107643540.89881966,False,1.0,0.5394187951155924,-52.459812252670815,-15.696607864986923
2086,958,hibrido,6.033862590789795,6.208680152893066,661.3693866494207,962.570462687862,793643263.9793048,False,1.0,0.5392328251726984,-49.96850125952217,-7.367158270507635
2087,1331,hibrido,5.936427116394043,6.511147499084473,683.2706877315944,1059.3153701924552,819924825.2779133,False,1.0,0.5391035817455069,-48.17024983256875,-6.267825884617696
2088,1291,hibrido,5.452953338623047,5.173892498016357,150.43724410375575,345.13712868352536,180524692.9245069,False,1.0,0.5387656549925116,-47.80816680709431,-20.650451151561434
2089,1871,hibrido,5.4910125732421875,5.094066619873047,170.31321621773913,261.5556501038169,204375859.46128696,False,1.0,0.5387253219896149,-44.44813816441745,-24.79120005232943
2090,1131,hibrido,5.444467544555664,4.992457389831543,113.63830925480607,240.96478287204343,136365971.10576728,False,1.0,0.5387028467311303,-48.40104243478008,-24.99052632904639
2091,341,hibrido,5.296641826629639,5.659396171569824,174.7146585957801,534.0051878083053,209657590.3149361,False,1.0,0.5386409381559797,-52.8287402307869,-16.421706051054045
2092,591,hibrido,6.792820453643799,5.660848140716553,855.9518815238378,1136.037387760669,1027142257.8286053,False,1.0,0.538630868539831,-51.7849710738985,-6.295528358303255
2093,208,hibrido,5.93800687789917,5.696905612945557,473.24425384734616,814.5940343346127,567893104.6168154,False,1.0,0.5385732603700629,-53.58734273314944,-11.001573590364366
2094,2915,hibrido,5.55112361907959,6.362066268920898,493.3319565500113,791.0046683574146,591998347.8600135,False,1.0,0.5385454649668999,-39.25435324115813,-21.554907658200676
2095,3819,hibrido,5.677114963531494,7.41799783706665,914.1030856261239,883.1318239919217,1096923702.7513487,False,1.0,0.5385359300986661,-35.27691471256638,-15.626962333887272
2096,3448,hibrido,5.813853740692139,7.125638961791992,863.8431213894338,965.6053205556901,1036611745.6673206,False,1.0,0.5384908300595987,-37.106508079375544,-16.118444346884985
2097,2846,hibrido,5.2988176345825195,6.8153815269470215,499.86919020394373,820.1816135303367,599843028.2447325,False,1.0,0.5384678538013763,-39.806421252173045,-19.836040220364833
2098,4339,hibrido,5.890328884124756,7.168095588684082,969.963334365475,816.9413230895793,1163956001.23857,False,1.0,0.5384283668044514,-32.74839348396197,-14.72765155180055
2099,2994,hibrido,5.584495544433594,6.618342399597168,573.3961474653908,892.3941648602138,688075376.9584689,False,1.0,0.5383848876574564,-39.04565960253341,-19.775575177948912
2100,805,hibrido,5.9892144203186035,5.710599899291992,515.5024621107104,794.3066790271254,618602954.5328525,False,1.0,0.5383385188114231,-50.6779671329535,-9.178409960468198
2101,1724,hibrido,4.921946048736572,5.696710109710693,85.34995757167381,173.7548191856336,102419949.08600858,False,1.0,0.5381890629641547,-45.26274476826401,-24.48217222851574
2102,2395,hibrido,5.4178361892700195,5.564326286315918,224.1377837417591,500.7470045011698,268965340.49011093,False,1.0,0.5381839178823935,-41.888525283150145,-22.474447359700658
2103,581,hibrido,6.015779972076416,5.5922064781188965,495.1455549295198,776.6405852518876,594174665.9154238,False,1.0,0.5381786307310564,-51.765105438519086,-9.909532351047893
2104,340,hibrido,5.749023914337158,4.997035980224609,203.1587319514617,540.0189865488198,243790478.34175405,False,1.0,0.5379654476068629,-52.82654881470976,-16.78308123186449
2105,2996,hibrido,5.670019149780273,6.597878932952881,607.3903555666874,928.2591428374008,728868426.6800249,False,1.0,0.5378951736416403,-39.110914377865576,-19.07678145346014
2106,507,hibrido,5.788334369659424,6.020936012268066,512.4136743087441,798.5072247305,614896409.170493,False,1.0,0.537617570657519,-52.129831793347904,-9.911760675657504
2107,1292,hibrido,5.389430522918701,5.211681365966797,121.99317074807406,383.36468667346264,146391804.89768887,False,1.0,0.5375827163941986,-47.8226119443299,-20.29125226636313
2108,3375,hibrido,5.6460862159729,7.211881637573242,810.4943693507777,941.4625315688563,972593243.2209332,False,1.0,0.5374987103428707,-37.508497852090365,-15.799634271799103
2109,1657,hibrido,4.934863567352295,5.786977767944336,123.59573184948071,192.08831766899004,148314878.21937686,False,1.0,0.5374470819652724,-45.811957265348326,-22.00218683116672
2110,51,hibrido,5.821333885192871,5.1901655197143555,263.5094927338037,713.4286974811429,316211391.2805644,False,1.0,0.5373531272414579,-54.32342555898594,-14.255794046857504
2111,1517,hibrido,4.760371208190918,6.031074047088623,47.70973272517195,396.15935409865284,57251679.27020635,False,1.0,0.5371246466635775,-46.72394182836055,-19.172066325892057
2112,1366,hibrido,5.365586280822754,5.154871463775635,93.8696096126737,374.17003640044203,112643531.53520843,False,1.0,0.5370476313137094,-47.43996574658707,-20.27740828203073
2113,289,hibrido,6.39703369140625,5.745495319366455,708.5405630841443,998.3523901398307,850248675.7009732,False,1.0,0.5370405068017176,-53.227177949914214,-8.46958600953146
2114,194,hibrido,5.661971569061279,5.191795349121094,206.2066534792867,610.8919331207229,247447984.17514405,False,1.0,0.5368926089836898,-53.57852547898521,-16.063094225402278
2115,2851,hibrido,5.582145690917969,6.695628643035889,611.734388916737,882.2963766390574,734081266.7000843,False,1.0,0.5368249323480857,-39.95696165147851,-18.082864582352297
2116,3300,hibrido,5.561422824859619,7.434420108795166,829.3068826309852,993.5140973764309,995168259.1571822,False,1.0,0.536664197696405,-37.85213480957565,-16.174198983425217
2117,703,hibrido,5.64637565612793,5.2727274894714355,261.6494397642318,504.199678689285,313979327.71707815,False,1.0,0.5364690329088471,-50.906852737184636,-19.29002484302586
2118,201,hibrido,5.5281829833984375,5.52738618850708,235.71949492883803,663.3070159155238,282863393.9146056,False,1.0,0.5362265709378741,-53.5833848789018,-13.532589905871756
2119,2548,hibrido,5.562540054321289,5.691714763641357,321.09412324404246,641.2965427802455,385312947.89285094,False,1.0,0.5362208606177835,-41.271127870882985,-20.653617213985708
2120,209,hibrido,6.223369598388672,5.316506385803223,509.324886506778,841.6082672755236,611189863.8081336,False,1.0,0.5360660832452253,-53.58783702580939,-10.639963258579046
2121,1002,hibrido,5.127900123596191,5.3860249519348145,63.822975155585354,311.55683777385315,76587570.18670243,False,1.0,0.5360116564992287,-49.41441476387001,-18.177383366018123
2122,282,hibrido,5.652392864227295,6.045990943908691,455.97613446812176,785.060667392737,547171361.3617461,False,1.0,0.5360060138830319,-53.22133503242525,-11.000856217770718
2123,1054,hibrido,5.461238861083984,4.860066890716553,57.51460114739187,354.23545454387215,69017521.37687024,False,1.0,0.5358357870300771,-48.75005460374471,-26.08356115809413
2124,2782,hibrido,5.447865962982178,7.092097759246826,708.4300469764148,795.8613317542606,850116056.3716978,False,1.0,0.53571520389443,-40.464839043361216,-16.352017164336463
2125,4114,hibrido,6.249867916107178,6.766075611114502,1019.2561958024529,919.1021789683373,1223107434.9629436,False,1.0,0.5357017749412115,-33.75635806526033,-15.842154566151997
2126,3374,hibrido,5.854021072387695,6.977566242218018,846.5750020102096,978.8421468171365,1015890002.4122515,False,1.0,0.5356684612912324,-37.47927153543048,-16.14658870352797
2127,2172,hibrido,5.331399440765381,5.326876163482666,143.029058648976,376.02462375430014,171634870.3787712,False,1.0,0.535616204946102,-43.02283964264103,-22.91110991549004
2128,810,hibrido,6.353545188903809,5.7414703369140625,695.9056254078695,983.1725556645414,835086750.4894434,False,1.0,0.5354307457130547,-50.693076068071434,-7.373088532629112
2129,386,hibrido,5.6916303634643555,5.045015811920166,256.72506696957,364.5774873519424,308070080.36348397,False,1.0,0.5353411828884324,-52.338172415664054,-26.891318784581923
2130,66,hibrido,6.361733913421631,5.855753421783447,724.2642885623856,1041.1993219284075,869117146.2748626,False,1.0,0.5352682491492105,-54.31726663634509,-8.831881742558013
2131,1504,hibrido,4.937028408050537,5.420374870300293,56.18140717320219,34.41262152033809,67417688.60784262,False,1.0,0.5352145520910908,-46.48708899868683,-23.829460366577585
2132,1425,hibrido,5.595239162445068,4.518587589263916,56.2882080373245,233.46363401302386,67545849.6447894,False,1.0,0.5349465834105889,-46.77586257031658,-25.639408153297907
2133,3074,hibrido,5.4204325675964355,7.347411155700684,729.2871968960374,984.6107673310031,875144636.2752448,False,1.0,0.5349322927749045,-38.85727847056453,-17.650711673238135
2134,2628,hibrido,5.145016193389893,6.973971843719482,498.00722311185865,787.0422030086266,597608667.7342304,False,1.0,0.534914944183076,-41.06121709493454,-18.51252587108494
2135,3297,hibrido,5.720670223236084,7.288215637207031,849.4119545483366,1092.0026694371602,1019294345.4580039,False,1.0,0.5348533935676174,-37.76196127194486,-17.216564931112206
2136,4341,hibrido,5.747869968414307,7.084582328796387,903.5426389942895,739.0755206988464,1084251166.7931473,False,1.0,0.534664666659093,-32.81518712425753,-14.051414204587877
2137,280,hibrido,6.022499084472656,5.170731067657471,383.81486914925813,732.4194030343486,460577842.97910976,False,1.0,0.5345100259148002,-53.21937020269774,-11.72400237391346
2138,2913,hibrido,5.488025188446045,6.395952224731445,498.0326467674458,777.9400327650942,597639176.120935,False,1.0,0.5341919535165557,-39.180641395511486,-22.253921090516197
2139,3966,hibrido,6.072139739990234,6.932358741760254,984.7199570440042,917.5104587875783,1181663948.452805,False,1.0,0.5341758698103648,-34.50007742123045,-15.907007576769919
2140,3745,hibrido,5.839850902557373,7.038003921508789,896.8349662468994,888.6282303907649,1076201959.4962792,False,1.0,0.5341340591686548,-35.64859487244331,-15.656990194495235
2141,2099,hibrido,4.823197841644287,5.9424729347229,86.46095255016525,344.39603643223137,103753143.06019829,False,1.0,0.5340509061980253,-43.43939533542522,-22.582055680102645
2142,2553,hibrido,5.211015701293945,6.658863544464111,441.43958862077665,752.6655849336837,529727506.34493196,False,1.0,0.5337494936043237,-41.41262531015734,-18.890309460887966
2143,774,hibrido,5.580371379852295,5.522091388702393,318.85809869587644,534.1585447473255,382629718.43505174,False,1.0,0.5337079799943157,-50.502751523598214,-20.36517299410577
2144,262,hibrido,5.786795139312744,5.339704513549805,345.0585865095887,627.2954296244703,414070303.8115064,False,1.0,0.5336349334220456,-53.19541392377964,-18.230410406060237
2145,1030,hibrido,5.945522308349609,5.932649612426758,571.9400019513328,876.0231942173541,686328002.3415993,False,1.0,0.5334800322828087,-49.59874779380414,-8.08498441684466
2146,2255,hibrido,5.070443630218506,6.257423400878906,272.05719736781197,580.5763165615981,326468636.84137434,False,1.0,0.5334596833515401,-42.87975546345155,-19.69456844687282
2147,361,hibrido,5.983699798583984,6.03202486038208,619.1111783860563,909.9352922409176,742933414.0632676,False,1.0,0.5334519618432813,-52.86170220646908,-9.191879766448848
2148,3004,hibrido,5.375128269195557,7.420170307159424,760.2344051140878,915.0222355344341,912281286.1369054,False,1.0,0.5332634484952509,-39.344554934943886,-16.279178991834204
2149,2473,hibrido,5.08320426940918,6.231166839599609,269.02512451761834,587.8585520666478,322830149.421142,False,1.0,0.5332542098885469,-41.624582084034124,-21.033927153112504
2150,830,hibrido,5.433213710784912,4.963658809661865,86.35415168604293,376.2004344906104,103624982.0232515,False,1.0,0.5332378729975625,-49.92357530465043,-26.84236085431268
2151,537,hibrido,5.877885341644287,4.8769636154174805,284.4536225297297,470.5175361516421,341344347.03567564,False,1.0,0.5331741007990618,-51.55593642900984,-25.79746118322953
2152,2849,hibrido,5.373994827270508,6.831491470336914,561.140856181457,880.593217865223,673369027.4177485,False,1.0,0.5331542315261866,-39.89872877888281,-18.78430907767863
2153,577,hibrido,5.632544994354248,5.615633010864258,350.82302429179254,646.3795011976465,420987629.150151,False,1.0,0.5331399160911431,-51.75455923443198,-11.354916584280796
2154,4041,hibrido,5.609557151794434,7.580479621887207,965.9074437637969,877.4433763194797,1159088932.5165563,False,1.0,0.5331168216443933,-34.1624970679245,-15.53399490605392
2155,2104,hibrido,5.1783061027526855,5.556170463562012,130.47785502996632,440.28724359433784,156573426.03595957,False,1.0,0.5330987858419685,-43.56954971340818,-20.805801537218787
2156,3079,hibrido,5.295380592346191,7.524887561798096,741.4218918338803,951.4008287830067,889706270.2006563,False,1.0,0.5330114693938309,-38.99814124002856,-15.904388521180579
2157,961,hibrido,6.394513130187988,5.9259772300720215,769.6112846277159,1079.983796155309,923533541.5532591,False,1.0,0.5329545755891105,-49.97756279007089,-6.284760003622254
2158,2634,hibrido,5.402789115905762,6.939581394195557,668.6716632459487,716.5763308639815,802405995.8951385,False,1.0,0.5329350507251048,-41.212130109623494,-16.397684502789303
2159,2475,hibrido,5.376688003540039,5.87689733505249,305.47409011075706,625.8397303004685,366568908.13290846,False,1.0,0.5325187871020327,-41.68257057618812,-20.32785448697487
2160,1205,hibrido,5.220662593841553,5.149150371551514,85.24315670755153,211.42081197516237,102291788.04906183,False,1.0,0.5324038255463979,-48.00522250190764,-24.975165966164678
2161,2166,hibrido,5.3421549797058105,5.764022350311279,312.0667799583135,419.4060625641458,374480135.94997615,False,1.0,0.5320670197271651,-42.838834942718066,-25.03802814149368
2162,3293,hibrido,5.9355854988098145,6.658356189727783,768.1281561790817,1088.5094461051883,921753787.414898,False,1.0,0.5318428940388593,-37.63154149013991,-18.605469294192428
2163,2922,hibrido,5.763526916503906,6.216950416564941,572.5959105066366,893.4373526496192,687115092.6079639,False,1.0,0.531690236272881,-39.48970664448978,-19.10619967729427
2164,1355,hibrido,5.165421009063721,5.126547336578369,84.79875871615498,98.31539464517442,101758510.45938598,False,1.0,0.5316319761565926,-47.25260767532063,-24.224155131784677
2165,2021,hibrido,5.0345001220703125,5.757500648498535,170.75761420913568,301.6264497507301,204909137.0509628,False,1.0,0.531574165790176,-43.71751591762732,-24.02870590753018
2166,1654,hibrido,5.253417491912842,4.9045729637146,55.73700918180562,104.64886816349936,66884411.01816674,False,1.0,0.5314657788664008,-45.74802486404478,-23.074724194891054
2167,2396,hibrido,5.375572204589844,5.505265712738037,215.19223302504435,509.3097367115892,258230679.63005322,False,1.0,0.5313879047182917,-41.91939152643841,-22.12115550004482
2168,2698,hibrido,5.5725812911987305,5.992002964019775,428.66685514760854,749.5521415284561,514400226.1771303,False,1.0,0.5313036504429487,-40.567727874806785,-19.893683390634514
2169,627,hibrido,5.893024921417236,5.101729869842529,346.66114761099544,591.2515841254472,415993377.1331945,False,1.0,0.5312888978201892,-51.27519473855398,-20.017923051766214
2170,2549,hibrido,5.290563583374023,6.118518352508545,339.36910147433537,660.2348833363995,407242921.7692024,False,1.0,0.5310553783478363,-41.30065149906862,-20.30106096906438
2171,1109,hibrido,6.305261135101318,5.927440643310547,735.0750458692675,1067.276262916594,882090055.043121,False,1.0,0.5307459446805192,-49.254623824508336,-6.278721446010587
2172,2324,hibrido,4.970422267913818,6.045685768127441,180.5287565876334,498.45698464584683,216634507.9051601,False,1.0,0.53062279130214,-42.36403454737386,-21.441132795018788
2173,193,hibrido,5.520125389099121,5.3916754722595215,231.20979688323467,613.5535177790155,277451756.2598816,False,1.0,0.5305102361919346,-53.577754854769374,-16.42454795868185
2174,1071,hibrido,5.520729064941406,5.1122050285339355,177.9197807985934,467.02583325291357,213503736.95831206,False,1.0,0.5304489786402788,-48.98246747263241,-19.96795574936411
2175,3372,hibrido,5.712896823883057,7.351771354675293,905.222396369956,1054.1785657376372,1086266875.6439471,False,1.0,0.5303727218435172,-37.41864734134251,-16.840308765524185
2176,624,hibrido,5.868745803833008,5.326810359954834,431.9933676780404,548.7788205083915,518392041.21364844,False,1.0,0.5302524708234388,-51.25591371313214,-21.10058310110078
2177,3895,hibrido,5.662379741668701,7.078607082366943,859.2099396864845,799.6392969158617,1031051927.6237814,False,1.0,0.5301253060277065,-34.96937803251536,-14.911697868510863
2178,412,hibrido,5.532805442810059,5.282232761383057,231.92331752742473,522.7764790050005,278307981.0329097,False,1.0,0.5297993329379547,-52.44535164060374,-17.50320087685306
2179,3000,hibrido,5.768553256988525,6.5750555992126465,698.2856494658733,946.0980670261182,837942779.359048,False,1.0,0.5296927154381429,-39.23311122291986,-17.678443866112513
2180,997,hibrido,5.508932113647461,5.215368270874023,206.0433419339937,487.72778860129785,247252010.32079244,False,1.0,0.5296451651031329,-49.36448200946773,-19.97831842447215
2181,3970,hibrido,5.441758632659912,7.337677955627441,840.3974264062771,757.5648103195061,1008476911.6875325,False,1.0,0.5294739572742753,-34.63030390263122,-14.540353814260163
2182,2090,hibrido,5.512347221374512,5.531351566314697,340.01753451417136,429.84767229709024,408021041.41700566,False,1.0,0.529406823445512,-43.16999382214719,-25.776287085060748
2183,553,hibrido,5.731229782104492,5.431294918060303,374.7847087463958,617.1074663437977,449741650.4956749,False,1.0,0.5291107152863913,-51.65743803812712,-20.023388307901698
2184,333,hibrido,5.8242292404174805,5.388041973114014,402.26724544123346,653.0185773945724,482720694.52948016,False,1.0,0.5290903581895523,-52.8096462840861,-19.31233134265235
2185,3818,hibrido,5.5760416984558105,7.564473628997803,950.1837182855556,922.8770603849895,1140220461.9426668,False,1.0,0.5290407106944108,-35.24423829049909,-15.969930045858273
2186,2923,hibrido,5.5295515060424805,6.632777214050293,593.9158423401093,914.1548821189403,712699010.8081311,False,1.0,0.5290393537046186,-39.520549444054105,-18.75612859600668
2187,264,hibrido,5.796050548553467,5.063715934753418,288.17043979822535,598.4827696548055,345804527.75787044,False,1.0,0.5289421405032743,-53.19865981611403,-17.50767017876582
2188,2763,hibrido,5.504547595977783,6.043895244598389,439.29794049813955,692.9816285375512,527157528.5977675,False,1.0,0.5288810031343034,-39.88044172455742,-23.02205941804745
2189,443,hibrido,6.5142340660095215,6.077070236206055,890.4881202822864,1167.333424931757,1068585744.3387437,False,1.0,0.5286713833077954,-52.50795159656049,-6.2980937313136565
2190,2411,hibrido,5.244114875793457,6.713359355926514,555.8569064840661,606.0281932721851,667028287.7808794,False,1.0,0.5285315384475778,-42.3119512924634,-16.815788396481505
2191,834,hibrido,5.649920463562012,4.868494033813477,199.04596589226787,396.580696183732,238855159.07072145,False,1.0,0.5285282556423267,-49.973343428630656,-25.4018042361392
2192,41,hibrido,5.772751808166504,5.519288539886475,400.9851965601081,724.9621773995865,481182235.8721297,False,1.0,0.5283638766500292,-54.32931956378787,-17.870422070642114
2193,135,hibrido,6.024874210357666,5.587635040283203,526.5930058860022,871.0612290952455,631911607.0632026,False,1.0,0.5282864569757117,-53.953407538911506,-10.640230561788508
2194,4337,hibrido,6.060694694519043,6.978525638580322,1038.3007461935174,895.1835708090459,1245960895.432221,False,1.0,0.5278061912065345,-32.67810043508662,-15.40355377203492
2195,279,hibrido,5.770240783691406,5.347760200500488,347.7342364898263,708.0234086301261,417281083.78779155,False,1.0,0.5276614615493406,-53.218337591712796,-12.085561777400958
2196,886,hibrido,6.410102367401123,5.734743595123291,750.7987713475087,1049.603331964735,900958525.6170105,False,1.0,0.5276199889347524,-50.336436258893855,-6.648368973681118
2197,57,hibrido,5.98502779006958,5.25456428527832,408.6765656932955,807.8531518954754,490411878.8319546,False,1.0,0.527555786343427,-54.32059022026721,-12.086475607477151
2198,2323,hibrido,5.020087718963623,5.8787713050842285,173.5531068619619,483.125780878951,208263728.2343543,False,1.0,0.5273495084033394,-42.33528962457519,-21.795017803207852
2199,2100,hibrido,5.005195140838623,5.473399639129639,60.661585276793204,356.73165727555585,72793902.33215185,False,1.0,0.5271982928520225,-43.466498794688,-22.226894913159928
2200,218,hibrido,6.750107765197754,5.46315336227417,834.0505804416642,1120.2561262957818,1000860696.5299971,False,1.0,0.5267951617825706,-53.59151106546658,-7.385127687840748
2201,3138,hibrido,5.717977523803711,6.350194931030273,615.3188379422559,916.8650010827957,738382605.530707,False,1.0,0.5266811273442881,-38.13997908276619,-21.104256247589493
2202,631,hibrido,5.632950305938721,5.030440330505371,232.88485418826875,477.2238204686842,279461825.0259225,False,1.0,0.5266135604837529,-51.299005594625356,-18.574145877148975
2203,432,hibrido,6.035420894622803,5.373692035675049,493.6011610285368,790.0100901002763,592321393.2342442,False,1.0,0.5262264731966944,-52.492881277824,-10.275104259029465
2204,2834,hibrido,5.664485931396484,6.0272650718688965,527.0956219430185,741.425474653536,632514746.3316222,False,1.0,0.5261112264527948,-39.37417303473417,-24.037053913480733
2205,2914,hibrido,5.63972806930542,6.010446548461914,494.07131904192215,783.4791254212774,592885582.8503066,False,1.0,0.5260387527150079,-39.21786677277899,-21.904450600417352
2206,1145,hibrido,5.355227947235107,5.208743095397949,149.79621966319303,448.94082246688606,179755463.59583163,False,1.0,0.5256291492771277,-48.600504583534374,-19.956784737212534
2207,1581,hibrido,5.151027679443359,5.128097057342529,112.30511528061638,102.78860758162519,134766138.33673966,False,1.0,0.5252838159550555,-46.1585777856572,-22.736645695786986
2208,1731,hibrido,4.9106364250183105,5.567192554473877,95.47217071408042,214.319049401981,114566604.8568965,False,1.0,0.5251348955435582,-45.425191709552806,-21.982589176749492
2209,779,hibrido,5.208791732788086,5.486537933349609,176.63773191746805,418.15809958663453,211965278.30096164,False,1.0,0.5250717115363425,-50.54125860825098,-18.56179151042672
2210,2545,hibrido,5.185218811035156,6.0081467628479,293.4136718371318,597.0885358176741,352096406.20455813,False,1.0,0.5250280399211484,-41.17878303137014,-21.71095194568902
2211,705,hibrido,5.344285488128662,5.368793487548828,204.76129305286838,446.8773719224507,245713551.66344205,False,1.0,0.5250001943028757,-50.9201184833538,-18.56834662948631
2212,2023,hibrido,4.863694667816162,5.762019157409668,114.41170710602319,293.0464228989962,137294048.52722782,False,1.0,0.5249197935075833,-43.773576753000285,-23.31784464369149
2213,3445,hibrido,5.623226642608643,7.4619340896606445,915.8682236777466,1080.2473722245659,1099041868.413296,False,1.0,0.5249195734124208,-37.012628291636446,-17.15700768938245
2214,4044,hibrido,5.303004741668701,7.535472393035889,857.6655457855014,757.4735167214137,1029198654.9426017,False,1.0,0.5247596406066746,-34.26050259311489,-14.511053558081521
2215,434,hibrido,5.946639060974121,5.749774932861328,565.7624263474003,854.1650964574616,678914911.6168803,False,1.0,0.5245637623906416,-52.49618081601289,-9.552075260329003
2216,1582,hibrido,5.288496017456055,4.999858379364014,140.4780688321726,138.6158116554642,168573682.59860712,False,1.0,0.5243723462786101,-46.178905834514495,-22.378795190115998
2217,2171,hibrido,4.837460041046143,6.0249104499816895,171.2020122005322,373.02234822759505,205442414.64063865,False,1.0,0.5243637952703465,-42.993646504133906,-23.2657267193458
2218,198,hibrido,5.596831321716309,5.018527030944824,175.42530888240313,626.2212812128391,210510370.65888375,False,1.0,0.5241732774703551,-53.5814153881991,-14.61715958311997
2219,2624,hibrido,4.8879923820495605,6.861263275146484,394.3327343698947,714.978097369583,473199281.24387366,False,1.0,0.523985879302323,-40.94857854391936,-19.92142989662512
2220,592,hibrido,6.511416435241699,6.013825416564941,892.0325141832695,1173.4231892898033,1070439017.0199234,False,1.0,0.5238947469652695,-51.78645834311745,-5.934093485650096
2221,121,hibrido,5.695833683013916,5.008074760437012,223.5719072322518,650.8249979920511,268286288.67870215,False,1.0,0.5238114456567449,-53.95243981138266,-15.702028048471142
2222,3212,hibrido,5.858628749847412,6.218911647796631,655.1902316374313,955.8640925164106,786228277.9649177,False,1.0,0.5237069221415479,-37.75694194121891,-21.069110416626856
2223,1585,hibrido,5.190073490142822,5.121226787567139,94.83114627351772,253.69446075526463,113797375.52822126,False,1.0,0.5236781232228762,-46.23745912704787,-21.305048696095486
2224,1423,hibrido,5.190696716308594,5.215804576873779,112.63411514043695,313.0616195286474,135160938.16852432,False,1.0,0.5232954603583657,-46.731683873716435,-26.355747034225594
2225,3518,hibrido,5.8562726974487305,7.119541168212891,929.8395664820338,1108.592044863888,1115807479.7784405,False,1.0,0.5232579300915617,-36.60470281415067,-17.471776226181458
2226,2844,hibrido,5.325692653656006,6.4169111251831055,471.73011903828194,787.5278968954427,566076142.8459383,False,1.0,0.5232261576698747,-39.741502154881225,-20.536888715129365
2227,985,hibrido,5.3118815422058105,5.305093765258789,226.77452145242754,276.5723251988651,272129425.74291307,False,1.0,0.5231810919244717,-49.22051148759584,-24.298445802342933
2228,683,hibrido,5.348998546600342,5.188753128051758,171.31741033210824,394.28005195364364,205580892.3985299,False,1.0,0.5229911950636076,-50.738483102251244,-26.50280964542492
2229,2251,hibrido,5.174172878265381,5.5202765464782715,161.2563663928081,481.74005208504076,193507639.67136973,False,1.0,0.5229152775748088,-42.77619786707441,-21.112646204422422
2230,2927,hibrido,5.545370101928711,6.777526378631592,695.8561862893159,897.0427952388543,835027423.5471791,False,1.0,0.522836672109339,-39.63723452970784,-17.355259254242352
2231,556,hibrido,5.676198959350586,5.1064677238464355,289.4524886793508,533.5210673780076,347342986.4152209,False,1.0,0.5228245470707592,-51.67296826554947,-18.94026115829205
2232,3069,hibrido,5.829272270202637,6.160370349884033,625.7076476185124,945.5426611319863,750849177.1422149,False,1.0,0.522807645994091,-38.699230998676256,-19.39553330026553
2233,1277,hibrido,4.998818874359131,5.154941082000732,0.5020970571845401,255.4130030034401,602516.4686214481,False,1.0,0.5227876515157613,-47.57157384083882,-25.67642972035153
2234,851,hibrido,5.338467597961426,5.349799633026123,205.4023174934311,455.77509521424827,246482780.99211732,False,1.0,0.5226555091316946,-50.145917747936466,-19.27558089807935
2235,2098,hibrido,5.120606899261475,5.3431291580200195,114.63390610172145,336.3923074594558,137560687.32206574,False,1.0,0.522508482179448,-43.41174350393755,-22.937169653362346
2236,2631,hibrido,5.30903959274292,6.704874515533447,583.3394431789037,743.0064156086266,700007331.8146844,False,1.0,0.5223962111846632,-41.13932292300075,-17.455316355987154
2237,44,hibrido,6.084621429443359,4.657495975494385,318.11123276370904,697.8490259209773,381733479.31645083,False,1.0,0.5223323948359768,-54.32739257732346,-16.786163474376725
2238,140,hibrido,6.118707656860352,5.962681293487549,706.9961691831612,1015.1122296070346,848395403.0197935,False,1.0,0.5218613117114909,-53.95365754567682,-8.832013025259315
2239,3224,hibrido,5.477312088012695,7.410096645355225,841.7325301286389,1045.2052688908832,1010079036.1543667,False,1.0,0.5217910968058053,-38.16693349177542,-16.897471989091862
2240,1586,hibrido,5.052838325500488,5.267827033996582,66.38707291783608,292.932969824563,79664487.5014033,False,1.0,0.5217508400968902,-46.25618152903884,-20.947070142433116
2241,2389,hibrido,5.400887966156006,5.744544506072998,369.0792840485207,515.804701571139,442895140.85822487,False,1.0,0.5217086768394289,-41.68999419914319,-24.592986315521898
2242,2388,hibrido,5.6952595710754395,5.355487823486328,397.25223760007697,528.9665819033921,476702685.12009233,False,1.0,0.5216856024602718,-41.65461287031694,-24.945863499856358
2243,387,hibrido,5.630340099334717,5.035924434661865,284.8980205211263,403.1336556079828,341877624.62535155,False,1.0,0.5216803210848704,-52.34340411626171,-26.530456636131134
2244,2167,hibrido,5.532418251037598,5.192061901092529,283.89382640675717,402.67889280156464,340672591.6881086,False,1.0,0.5216764292416842,-42.871000462720836,-24.683675486642098
2245,582,hibrido,5.876051902770996,5.681218147277832,531.2261875889517,810.8709104619326,637471425.106742,False,1.0,0.5215583693798125,-51.7675063721146,-9.548164660176939
2246,633,hibrido,5.259492874145508,5.356412887573242,175.99670747690539,431.305743491395,211196048.97228646,False,1.0,0.521541402345954,-51.31012223809998,-17.852163336441283
2247,1667,hibrido,4.8984880447387695,5.8342204093933105,160.845001707336,355.4404659193699,193014002.04880318,False,1.0,0.5214712780926347,-45.99824679928323,-18.424950090147902
2248,1812,hibrido,4.934019088745117,5.802423477172852,131.7599039110916,480.322085516137,158111884.69330993,False,1.0,0.5213857656229653,-45.18544466923662,-19.463319045243164
2249,1577,hibrido,5.129519939422607,4.769958972930908,0.38669892560857855,89.27550772319456,464038.71073029423,False,1.0,0.5211354773260783,-46.07308752249247,-24.167707024478943
2250,129,hibrido,5.452883243560791,5.702943801879883,321.38778417697597,733.6902999189138,385665341.0123712,False,1.0,0.5208832426576896,-53.95304224876763,-12.809814192694562
2251,2465,hibrido,5.229339122772217,5.949673652648926,341.4892519430454,537.7610195051565,409787102.3316545,False,1.0,0.5207283895427147,-41.36753031242916,-23.85597632676189
2252,3742,hibrido,5.638427734375,7.554912090301514,1005.076864225195,1007.2739855471523,1206092237.070234,False,1.0,0.5206730185153582,-35.549874869287706,-16.68775141055617
2253,188,hibrido,5.73421573638916,5.325640678405762,373.1821476449891,663.8845873449386,447818577.1739869,False,1.0,0.520656196959904,-53.57360443094005,-18.231624877677312
2254,555,hibrido,5.58500337600708,5.322498798370361,317.89656203503245,559.914006400268,381475874.44203895,False,1.0,0.520648392886657,-51.66790647836676,-19.30131919682295
2255,1650,hibrido,4.859496593475342,5.408504486083984,56.954805024419315,145.4510365675209,68345766.02930318,False,1.0,0.520590328074493,-45.65662836867017,-24.504269834848557
2256,2766,hibrido,5.630318641662598,5.64341926574707,414.2372915211994,704.6772833485965,497084749.8254393,False,1.0,0.5205209641613622,-39.988906409793444,-21.97037129778401
2257,430,hibrido,5.6557722091674805,5.641992092132568,421.4398957096731,728.9951117218197,505727874.85160774,False,1.0,0.5204324389769771,-52.48932765752455,-10.99809996284247
2258,281,hibrido,5.630086898803711,5.70433235168457,419.8955018086899,758.1419502402968,503874602.1704279,False,1.0,0.5203958507042339,-53.22036928078037,-11.362433764455723
2259,286,hibrido,5.81705379486084,6.032019138336182,600.298665105849,902.4878894361995,720358398.1270187,False,1.0,0.5203822009212326,-53.22486864408788,-9.55446208226383
2260,3526,hibrido,5.246364593505859,7.2553391456604,736.788710130931,801.2080389232063,884146452.1571172,False,1.0,0.5203620921752286,-36.85098606259551,-14.70670347530617
2261,2847,hibrido,5.4617719650268555,6.32084321975708,518.0146314234607,838.8961345515668,621617557.7081529,False,1.0,0.5201887582338135,-39.83785995505413,-19.4855229761621
2262,1434,hibrido,5.005039215087891,5.546080112457275,197.26837392668165,130.93844713288482,236722048.71201798,False,1.0,0.5201864475300361,-46.954867853471626,-22.414233867264432
2263,2696,hibrido,5.268406391143799,6.1794514656066895,395.49383129812026,713.6741007527365,474592597.5577443,False,1.0,0.5200021373027588,-40.506032107957836,-20.59674519640054
2264,435,hibrido,5.923305034637451,5.842892646789551,601.8430590068322,887.2085700550654,722211670.8081986,False,1.0,0.5199419176831205,-52.497736154036524,-9.190548980703705
2265,1655,hibrido,5.09930944442749,5.067561149597168,83.90996273336184,128.06338664987453,100691955.2800342,False,1.0,0.5199129760698685,-45.76976663788653,-22.717246695735515
2266,1426,hibrido,5.091245651245117,4.981138706207275,28.11525448576826,193.78883816902598,33738305.38292191,False,1.0,0.519889818727637,-46.797331671182285,-25.281186575669793
2267,2241,hibrido,5.32144021987915,5.617605209350586,312.28897895401167,439.98298132945996,374746774.744814,False,1.0,0.5198157242339012,-42.477146898575796,-24.65439054917525
2268,482,hibrido,5.637954235076904,5.222806453704834,317.57604981475106,564.878676020417,381091259.77770126,False,1.0,0.5196050216438058,-52.05270601542632,-18.944633858873566
2269,3225,hibrido,5.689302444458008,7.039921283721924,848.1193959111927,1039.0356533296788,1017743275.0934312,False,1.0,0.5194736279415691,-38.196364416204084,-16.549400485106435
2270,132,hibrido,5.872196197509766,5.32761287689209,419.618575746125,796.3193834850516,503542290.89535,False,1.0,0.5194631728789573,-53.95323393647685,-11.725063421631901
2271,2250,hibrido,5.138815879821777,5.45056676864624,142.59615930513047,462.41175632823615,171115391.16615656,False,1.0,0.5193379654651834,-42.7489212426348,-21.467049696006374
2272,752,hibrido,5.131153106689453,4.849173069000244,2.057490027072498,213.756317192606,2468988.0324869975,False,1.0,0.5191925277641334,-50.277468621260596,-28.294230043971893
2273,1499,hibrido,4.934523105621338,5.41694974899292,84.683360584579,232.24986880132587,101620032.70149481,False,1.0,0.5191712523859862,-46.37819658996699,-25.6193226983317
2274,3146,hibrido,5.620392799377441,6.776240825653076,716.6427846254419,1037.4161138854677,859971341.5505303,False,1.0,0.5191341743384178,-38.4190704412046,-18.31929334641147
2275,3360,hibrido,5.906843662261963,6.357603549957275,734.9749480398068,1034.0916930647654,881969937.6477681,False,1.0,0.519082485035147,-36.991393902134625,-20.99666681521756
2276,455,hibrido,5.264984607696533,4.842591762542725,94.44526769234123,162.33221508694376,113334321.23080948,False,1.0,0.5190042504454508,-51.90124205489611,-28.689609211001475
2277,1573,hibrido,5.179840087890625,5.0994367599487305,113.07851313183353,237.85444017276407,135694215.75820023,False,1.0,0.5190038716290948,-45.980665862586015,-25.598194286280027
2278,328,hibrido,6.014245510101318,5.345720291137695,544.4876122196418,690.0864157711826,653385134.6635702,False,1.0,0.5189531618157831,-52.7958271568236,-21.118504548392828
2279,427,hibrido,5.488767147064209,5.511167049407959,313.1979977313777,645.2989761307555,375837597.2776533,False,1.0,0.5188372062572253,-52.483514384724735,-12.082526196693948
2280,3065,hibrido,5.5291242599487305,6.4071044921875,580.3707918854486,888.2879839619711,696444950.2625383,False,1.0,0.5188200657390878,-38.559878796569954,-20.790189276282483
2281,2547,hibrido,5.282618045806885,5.810463905334473,306.9714724990303,624.349589884995,368365766.9988364,False,1.0,0.5188036052287683,-41.24097964771853,-21.006118557389915
2282,2550,hibrido,5.143401622772217,6.236595630645752,361.16663479498646,680.9984923379515,433399961.75398374,False,1.0,0.5186766612282543,-41.3295569172997,-19.948450955726084
2283,529,hibrido,5.067074775695801,5.048637390136719,59.53928226712643,151.6138246539933,71447138.72055171,False,1.0,0.5184594183274496,-51.49203468253987,-28.682649499242064
2284,1184,hibrido,6.132330417633057,6.092336654663086,753.8875591494747,1102.9852523364805,904665070.9793696,False,1.0,0.5183791266360486,-48.896575107664816,-5.915066552635971
2285,139,hibrido,6.080813407897949,5.836558818817139,670.9155365237294,984.739459920641,805098643.8284754,False,1.0,0.5181598179277399,-53.953611427827326,-9.19367154333859
2286,366,hibrido,6.721267223358154,5.236335754394531,799.5143416832154,1078.74344027225,959417210.0198585,False,1.0,0.5181272656894678,-52.86688953332557,-7.383877052326535
2287,3002,hibrido,5.106584548950195,7.599689960479736,752.424581175583,927.2451789987884,902909497.4106995,False,1.0,0.5180720935260662,-39.29015374935573,-16.978921981293006
2288,1424,hibrido,5.029008865356445,5.2802605628967285,84.46116158888073,273.2332758179965,101353393.90665688,False,1.0,0.5180596134059996,-46.75398177201718,-25.997595155928625
2289,2630,hibrido,5.070356845855713,6.948890686035156,554.8953698232222,755.8554748512511,665874443.7878666,False,1.0,0.5177135951994889,-41.11388337688412,-17.807767910564877
2290,2690,hibrido,5.236752033233643,6.123263835906982,388.83886672121844,654.7042460006079,466606640.0654621,False,1.0,0.5176872362830237,-40.304911144373754,-22.704462694456375
2291,2245,hibrido,5.414246082305908,5.092167377471924,199.59716474778674,413.0138077944793,239516597.6973441,False,1.0,0.5176846112880717,-42.60391000451004,-23.238323533723477
2292,2627,hibrido,5.125753879547119,6.6401686668396,469.58296237890727,783.5433720574952,563499554.8546888,False,1.0,0.5175092643450251,-41.03397935728426,-18.864830057308154
2293,2469,hibrido,5.117840766906738,5.858232498168945,262.4780246176247,540.1687659135434,314973629.5411497,False,1.0,0.5174398929387328,-41.50118638356865,-22.445418136602246
2294,3067,hibrido,5.536397933959961,6.4432501792907715,598.1389121107384,913.867185774766,717766694.532886,False,1.0,0.5173276033661933,-38.63102232798812,-20.093001663996322
2295,170,hibrido,6.07609748840332,5.07196569442749,510.94824592067107,630.406006451653,613137895.1048052,False,1.0,0.5172992774908207,-53.55421776740305,-24.73407729892719
2296,738,hibrido,6.091522693634033,6.19940185546875,785.3350101059573,1071.5192639632264,942402012.1271487,False,1.0,0.5171376523738954,-51.05990889606082,-6.653189073003674
2297,3364,hibrido,5.650529861450195,6.859670639038086,762.9337969055155,1077.7481204970334,915520556.2866186,False,1.0,0.5171228295420669,-37.14627807547484,-19.612438152891865
2298,661,hibrido,6.0444016456604,5.933449745178223,694.3612315068862,972.6117509118416,833233477.8082634,False,1.0,0.5170755139010774,-51.41551926097118,-7.739169853366589
2299,363,hibrido,6.062820911407471,5.897530555725098,691.27244370492,976.0452374821068,829526932.445904,False,1.0,0.5170592714585784,-52.8639177589106,-8.468698822670534
2300,600,hibrido,5.006789207458496,5.090825080871582,83.99982993459193,34.95362066209851,100799795.92151031,False,1.0,0.5170585335330709,-51.052068985211676,-29.75568370545584
2301,118,hibrido,5.471243858337402,5.448312282562256,287.74077988781266,658.2933036971029,345288935.8653752,False,1.0,0.5169081004053243,-53.952178440076565,-16.786418145486504
2302,1204,hibrido,4.928643703460693,5.317009449005127,57.07020315599528,241.76417092675905,68484243.78719434,False,1.0,0.5166848184528977,-47.98758453826369,-25.33427568634134
2303,1279,hibrido,4.89627742767334,5.319506645202637,56.84800416029703,185.8318941621779,68217604.99235643,False,1.0,0.5166398846488038,-47.60950362061135,-24.958777088322694
2304,849,hibrido,5.475753307342529,5.247692584991455,262.29046420479443,524.4510157027241,314748557.0457533,False,1.0,0.5166008308041883,-50.12865070915943,-19.99660859789569
2305,3441,hibrido,5.748104095458984,6.983323097229004,841.0319844857752,1160.5698085697195,1009238381.3829303,False,1.0,0.5165694377830028,-36.87686114854989,-18.540780322709313
2306,1948,hibrido,4.862207889556885,5.59120512008667,114.18950811032492,254.93651647007653,137027409.7323899,False,1.0,0.5163303852664841,-44.1370215128397,-23.69842204357013
2307,1800,hibrido,5.139758110046387,4.909584999084473,57.39920301581588,175.84982549484016,68879043.61897905,False,1.0,0.5162473214638106,-44.91985315396636,-23.745877059599977
2308,2618,hibrido,4.979568958282471,6.337998867034912,334.4825841113607,626.1793731545508,401379100.93363285,False,1.0,0.5160526777857064,-40.76062025016829,-22.033117613097332
2309,336,hibrido,5.529327869415283,5.363142013549805,316.9350253741884,591.1483457993756,380322030.4490261,False,1.0,0.5160511989910044,-52.8172302764391,-18.228450040281338
2310,2466,hibrido,5.384507656097412,5.546019077301025,316.04566164758245,533.8874033834841,379254793.97709894,False,1.0,0.5160271368303104,-41.40193186414268,-23.50342829192511
2311,265,hibrido,5.615976810455322,5.057772636413574,259.72636644254374,587.6416087605234,311671639.73105246,False,1.0,0.5160075998279994,-53.20022565176806,-17.14628002575031
2312,4265,hibrido,5.670454025268555,7.096840858459473,949.0505305245505,809.1547680582968,1138860636.6294606,False,1.0,0.5160058090351537,-33.11831242129821,-14.759410780452331
2313,368,hibrido,6.376348495483398,6.023958683013916,871.6756070020789,1149.0733133600952,1046010728.4024947,False,1.0,0.5157962987534609,-52.868638674537806,-6.660632282514714
2314,747,hibrido,5.659435272216797,4.230057239532471,143.53170068003527,98.4467528146357,172238040.81604233,False,1.0,0.5157782422239816,-50.2117648249935,-30.094765195296144
2315,2470,hibrido,4.810789585113525,6.314010143280029,254.88166756518177,548.115992341853,305858001.0782181,False,1.0,0.515607653482222,-41.53297937778593,-22.092629971906177
2316,4493,hibrido,5.471477508544922,6.918003082275391,834.1307346360244,614.1945933870313,1000956881.5632292,False,1.0,0.5153869168512571,-32.20436835571212,-12.642468318949087
2317,663,hibrido,6.1507463455200195,5.999234676361084,766.5224968257497,1047.022295635454,919826996.1908997,False,1.0,0.5153147984986484,-51.41971171204935,-7.016532919112459
2318,2706,hibrido,5.15838098526001,7.017022609710693,639.9070776699857,770.9451206941632,767888493.2039828,False,1.0,0.5152292891776544,-40.789180290304174,-17.079251089141092
2319,206,hibrido,5.974090576171875,5.0122389793396,401.0829885284825,763.9904261360884,481299586.23417896,False,1.0,0.5151943365550296,-53.586301369002335,-11.72476815409427
2320,1429,hibrido,5.209949493408203,4.687322616577148,56.40360616890044,76.81568834490986,67684327.40268053,False,1.0,0.5150934584720754,-46.859320773925894,-24.20631982413749
2321,1492,hibrido,5.656285285949707,4.972414493560791,281.89403544547264,512.052813498663,338272842.5345672,False,1.0,0.5150252421852743,-46.20735958001569,-28.123583261782617
2322,1350,hibrido,5.1649556159973145,4.934843063354492,56.0660090416262,280.0387292189554,67279210.84995145,False,1.0,0.5149551065934788,-47.152957729230536,-26.01693725860229
2323,3147,hibrido,5.265788555145264,7.3428778648376465,738.1374071332145,1034.1538275734258,885764888.5598575,False,1.0,0.5149345818404167,-38.45066829769221,-17.97086419051065
2324,2170,hibrido,5.352022647857666,5.112872123718262,199.37496575208843,374.2951066804045,239249958.9025061,False,1.0,0.514838978109719,-42.96387296387311,-23.620292651908994
2325,211,hibrido,6.103110313415527,5.419977188110352,581.4861518256415,898.5469075637883,697783382.1907698,False,1.0,0.5148269965373411,-53.58877334017576,-9.91671784259029
2326,284,hibrido,5.859589099884033,5.617286205291748,528.1373997869854,842.0227556503849,633764879.7443825,False,1.0,0.5148222737256559,-53.22316734494099,-10.277675394725073
2327,1719,hibrido,5.177957057952881,5.439682483673096,226.21472532945498,339.0376236180334,271457670.395346,False,1.0,0.5147714917184091,-45.13241476771632,-26.26639162565694
2328,1893,hibrido,4.73883581161499,6.5262770652771,358.9919785362637,339.9595506021608,430790374.2435164,False,1.0,0.5146673984486213,-44.93618288413614,-16.946771762654908
2329,438,hibrido,6.174612522125244,5.7393035888671875,710.0849569851276,989.4251619491293,852101948.3821532,False,1.0,0.5145498481124188,-52.502028195381186,-8.105926433703457
2330,1508,hibrido,5.076588153839111,5.256219863891602,168.87322137942712,128.76183475408075,202647865.65531254,False,1.0,0.5145273985435401,-46.56683809254293,-22.3969633204913
2331,441,hibrido,6.307531356811523,5.917157173156738,818.326854963423,1095.2557945142164,981992225.9561076,False,1.0,0.5144317731419863,-52.50576521505413,-7.021244347113038
2332,4190,hibrido,5.500380516052246,7.419560432434082,964.7718557932667,843.0005943112617,1157726226.95192,False,1.0,0.514290159079301,-33.45463451793885,-15.130252433791302
2333,1647,hibrido,5.187994480133057,5.0990095138549805,141.47366567908807,249.8188701070536,169768398.81490567,False,1.0,0.5142397176378719,-45.58327690316302,-25.576028354863723
2334,4486,hibrido,6.174311637878418,6.582407474517822,1047.7177939830083,876.1830566774539,1257261352.77961,False,1.0,0.5141831157213034,-31.97316071203949,-14.9993235333366
2335,367,hibrido,6.425732135772705,5.784830093383789,835.5949743426472,1113.745233302203,1002713969.2111766,False,1.0,0.5141543402530204,-52.86778718484836,-7.0222575027401914
2336,2780,hibrido,5.418271541595459,6.686300754547119,668.030638805386,809.8846768742616,801636766.5664632,False,1.0,0.5139627046415103,-40.41427949277709,-17.055072487004747
2337,1275,hibrido,5.100844860076904,5.065052032470703,55.843810045927896,329.7546228918826,67012572.05511347,False,1.0,0.513910003173033,-47.53217378432766,-26.393957697710388
2338,59,hibrido,5.725465297698975,5.67771053314209,474.4923211976632,852.1201702655515,569390785.4371959,False,1.0,0.5138230559131419,-54.31975685919648,-11.363291466578913
2339,516,hibrido,6.170866012573242,6.198954105377197,837.1393682436303,1114.3980890613223,1004567241.8923564,False,1.0,0.5138030127496795,-52.145140421610584,-6.658446865896827
2340,1353,hibrido,5.199217319488525,4.682605266571045,28.452851613042505,166.03682133662042,34143421.935651004,False,1.0,0.513757780908881,-47.21389213824082,-24.941363926912512
2341,2762,hibrido,5.414872646331787,5.982421398162842,454.4367166859094,693.6675659840403,545324060.0230913,False,1.0,0.5134356630271285,-39.842840677879785,-23.372481382117265
2342,359,hibrido,5.766721725463867,5.802247047424316,546.9499130671928,846.2270183110594,656339895.6806314,False,1.0,0.5134236018718301,-52.85929708785646,-9.915031225191816
2343,1276,hibrido,4.836678981781006,5.375202178955078,27.670856494371673,292.21046646364584,33205027.79324601,False,1.0,0.513412752648871,-47.552060002416844,-26.03520952714072
2344,119,hibrido,5.358739852905273,5.4962849617004395,262.026659282575,653.3690446182886,314431991.13909,False,1.0,0.5132878953494643,-53.95226777168043,-16.424967126337016
2345,845,hibrido,5.478011131286621,5.420496940612793,376.06675762752104,426.63045824371846,451280109.15302527,False,1.0,0.5130639415211348,-50.091786904226666,-21.438440969203786
2346,3063,hibrido,5.742648124694824,5.92901086807251,573.3152308865238,869.3433450982158,687978277.0638285,False,1.0,0.5130167904675939,-38.485740571548654,-21.48708394242661
2347,3595,hibrido,5.726589202880859,7.066492080688477,934.4599928073144,982.5972005469744,1121351991.3687773,False,1.0,0.512955821523866,-36.32954969861696,-16.40552211134638
2348,189,hibrido,5.718265533447266,5.131499767303467,344.7380742893074,649.217821757173,413685689.1471689,False,1.0,0.5127973276695826,-53.57447475540517,-17.870235857219168
2349,2840,hibrido,5.227935791015625,6.3124237060546875,454.1470037260204,744.0462397050494,544976404.4712244,False,1.0,0.512356317920991,-39.60330056120341,-21.937803926734215
2350,220,hibrido,6.501425266265869,5.895554065704346,906.2118457605278,1188.131246137887,1087454214.9126334,False,1.0,0.5123562588325321,-53.592141778552,-6.661759294049139
2351,2707,hibrido,5.3181962966918945,6.7818684577941895,668.3511510256674,762.5597772601874,802021381.2308009,False,1.0,0.5123027300472207,-40.8141083004541,-16.727220581511414
2352,630,hibrido,5.474961757659912,5.156069755554199,261.3289275439504,503.3900476268456,313594713.05274045,False,1.0,0.5121732140699837,-51.29325201810247,-18.935114063509666
2353,3744,hibrido,5.829010009765625,6.828474998474121,932.9155989063313,928.1381265118695,1119498718.6875975,False,1.0,0.5117606365533435,-35.61648135894248,-16.00065070093425
2354,2328,hibrido,5.12736177444458,5.814552307128906,271.73668514753064,583.65636046527,326084022.17703676,False,1.0,0.5117599451177564,-42.47322814565511,-20.025098507133283
2355,587,hibrido,6.0670599937438965,5.871344566345215,711.6293508861107,988.5427695847097,853955221.0633329,False,1.0,0.5116760708916959,-51.778121518755995,-7.741211195525816
2356,680,hibrido,5.131113529205322,5.01918363571167,86.79854967743952,276.14626444796954,104158259.61292742,False,1.0,0.5116511162392592,-50.70704553566421,-27.58402431012769
2357,2019,hibrido,4.985036373138428,5.690384864807129,227.10352131224812,329.9709447884194,272524225.57469773,False,1.0,0.5111992272083571,-43.6592355504017,-24.73937461647722
2358,3149,hibrido,5.541898250579834,6.947053909301758,785.4850309946204,1013.7831171560834,942582037.1935445,False,1.0,0.5111496420812264,-38.51174518022286,-17.273816480617818
2359,2472,hibrido,5.077300071716309,5.834892749786377,258.2722721626978,572.1265872563185,309926726.5952374,False,1.0,0.5109395499922855,-41.59467040690172,-21.386883355892397
2360,846,hibrido,5.231386661529541,5.729058742523193,347.62268427183943,451.0680583831879,417147221.1262073,False,1.0,0.5109394971663618,-50.101299246417284,-21.078011523571817
2361,4040,hibrido,5.749796390533447,7.126651763916016,1001.9880764232286,917.4350814550689,1202385691.7078743,False,1.0,0.5108196591423256,-34.12816199022661,-15.874819034061964
2362,583,hibrido,5.94925594329834,5.51386833190918,567.3068202483834,845.6078690541689,680768184.29806,False,1.0,0.5104769243933288,-51.7698140663736,-9.186788905616991
2363,3676,hibrido,4.96847677230835,7.352006435394287,699.163683570516,701.2112341939779,838996420.2846192,False,1.0,0.5103242186339133,-36.16664858613463,-13.96381622237535
2364,2399,hibrido,4.95581579208374,5.92866849899292,231.77046903179283,551.8540967377426,278124562.8381514,False,1.0,0.5102042045736717,-42.00832160235992,-21.0609555768452
2365,1428,hibrido,5.016083240509033,4.87762975692749,28.230652617344226,115.11648267545584,33876783.140813075,False,1.0,0.5101806164738831,-46.83905570720456,-24.564641871912443
2366,53,hibrido,5.514413833618164,5.367526054382324,298.60288057804553,737.6059760709495,358323456.69365466,False,1.0,0.5101117658356807,-54.32242380334662,-13.532728985062006
2367,1947,hibrido,5.204054832458496,5.018259525299072,142.36246166188113,262.9520527350258,170834953.99425736,False,1.0,0.5100127938324784,-44.109753476962744,-24.05425250738804
2368,2243,hibrido,4.981542587280273,5.832697868347168,255.94307185089923,419.14521904016453,307131686.22107905,False,1.0,0.5098322830055747,-42.541756118414,-23.94646757487298
2369,2392,hibrido,5.085814952850342,5.807657718658447,285.0050752877137,493.96460029023655,342006090.3452564,False,1.0,0.5096982769929276,-41.792161146399856,-23.533983331056955
2370,902,hibrido,5.091160774230957,4.854603290557861,1.6130920356759966,323.3601253743295,1935710.442811196,False,1.0,0.5096902258421525,-49.49248049556111,-27.54997873936263
2371,840,hibrido,5.61074686050415,5.051999092102051,368.0836872016053,350.384532962824,441700424.64192635,False,1.0,0.5091541050283398,-50.04116097981629,-23.24028800710144
2372,1943,hibrido,5.615414619445801,4.716288089752197,255.05427586810612,343.1448680488004,306065131.04172736,False,1.0,0.5088698018501049,-43.9952661066604,-25.47710692178699
2373,3295,hibrido,5.47002649307251,7.165227890014648,805.8292414788325,1110.940034615706,966995089.774599,False,1.0,0.5086367342773785,-37.69822797025645,-17.911153276347036
2374,442,hibrido,6.201433181762695,6.124747276306152,854.4074876228548,1131.1614783884468,1025288985.1474258,False,1.0,0.5084064646765183,-52.50688874818158,-6.6596717679993445
2375,561,hibrido,5.0858893394470215,5.347311973571777,147.23212190094242,433.99297598119455,176678546.2811309,False,1.0,0.508388733858606,-51.69659744122793,-17.134746482830543
2376,113,hibrido,5.9134202003479,5.038790702819824,429.7497821360711,716.6902398021065,515699738.5632853,False,1.0,0.5083294349848363,-53.95169786881248,-18.59347845568641
2377,481,hibrido,5.660547256469727,5.1024489402771,346.0201231704327,589.8702262782977,415224147.8045193,False,1.0,0.5081868359209029,-52.04846883079084,-19.305781616378034
2378,1878,hibrido,4.782323837280273,5.333838939666748,26.897458643154547,248.50206407103911,32276950.371785454,False,1.0,0.5078944368178242,-44.62824527670233,-22.29724110831649
2379,1435,hibrido,5.026230812072754,5.376336097717285,207.96641525568174,170.27543078760678,249559698.3068181,False,1.0,0.5078807359636961,-46.97285319238709,-22.055725197271254
2380,3214,hibrido,5.7857136726379395,6.129427909851074,666.1937719165392,976.4086512044477,799432526.299847,False,1.0,0.5078632034611511,-37.83280968344723,-20.37456362013293
2381,304,hibrido,5.161274433135986,5.075018405914307,186.9649733383612,145.19552511244166,224357968.00603345,False,1.0,0.507841644173809,-52.706251443339966,-29.782194613726322
2382,334,hibrido,5.582173824310303,5.336980819702148,373.8231720855518,630.5349294015361,448587806.5026621,False,1.0,0.5077806479256178,-52.81223205003023,-18.951051891675657
2383,2316,hibrido,5.126399993896484,5.761829853057861,312.51117794971,466.5496783875857,375013413.539652,False,1.0,0.5076637681313427,-42.1171438734319,-24.27071424426057
2384,4188,hibrido,5.772969722747803,7.136568546295166,1036.5243151816774,922.502304649816,1243829178.2180128,False,1.0,0.5075094377032934,-33.38466671685188,-15.809020952905128
2385,698,hibrido,5.681041240692139,5.154959201812744,403.86980654264016,515.1630101145143,484643767.8511682,False,1.0,0.5074949287699015,-50.87100427204644,-21.093926183363983
2386,740,hibrido,6.211871147155762,6.112926959991455,857.496275424821,1147.883096221141,1028995530.5097852,False,1.0,0.5072908342808904,-51.06397022439834,-5.930736930122308
2387,1126,hibrido,4.9032206535339355,5.254378318786621,27.226458502975117,398.5220189938093,32671750.20357014,False,1.0,0.5069963193243311,-48.3153684523982,-26.78705017510954
2388,217,hibrido,6.221211910247803,5.869732856750488,797.9699477822325,1086.9373274160114,957563937.338679,False,1.0,0.5068144887573902,-53.59117067587075,-7.7468032349351175
2389,43,hibrido,5.5912041664123535,5.286299228668213,344.2841016458742,704.7355732513349,413140921.9750491,False,1.0,0.5066781484682265,-54.32801943097189,-17.14759601548615
2390,608,hibrido,5.308436393737793,4.948010444641113,171.53960932780652,350.45934942214035,205847531.1933678,False,1.0,0.5063998021018498,-51.13061420080984,-26.871969298328597
2391,3216,hibrido,5.393095016479492,6.823662757873535,686.4066169900029,1002.9314756909149,823687940.3880035,False,1.0,0.5063328137974573,-37.905585663627015,-19.67970929228215
2392,2848,hibrido,5.182497024536133,6.62473201751709,538.5249385334178,859.0666853963633,646229926.2401013,False,1.0,0.5062604268003974,-39.86862698078885,-19.134945494397822
2393,2467,hibrido,5.462642669677734,5.195538520812988,293.8618915407297,532.995876985829,352634269.84887564,False,1.0,0.5061483084122781,-41.43566999168165,-23.15081846071235
2394,317,hibrido,5.732723236083984,5.155942440032959,425.9849872746057,568.0508256421055,511181984.7295269,False,1.0,0.5060695553904553,-52.75986412539281,-25.09066065090713
2395,431,hibrido,5.794644832611084,5.309967517852783,457.52052836910497,759.061860250716,549024634.042926,False,1.0,0.5060412311713699,-52.4911364048144,-10.636606413257253
2396,3223,hibrido,5.572102069854736,6.936636447906494,817.0946709060845,1052.859448997963,980513605.0873014,False,1.0,0.5059669312600201,-38.136797749070496,-17.24548214832368
2397,3591,hibrido,5.840254783630371,6.93728494644165,946.9892479053614,1139.0426939640647,1136387097.4864337,False,1.0,0.5058087979030989,-36.19483904397249,-17.784577421928034
2398,268,hibrido,5.424909591674805,4.949563503265381,174.703130879577,570.9166004466529,209643757.0554924,False,1.0,0.5057698056285064,-53.204698815847024,-16.062032302510683
2399,114,hibrido,5.659699440002441,5.315645694732666,401.3057087803894,700.8465842112452,481566850.5364673,False,1.0,0.50570661832816,-53.95179857456513,-18.232093151798093
2400,1799,hibrido,5.098785400390625,4.887531757354736,85.57215656737212,187.28138117344164,102686587.88084655,False,1.0,0.5052866764654032,-44.894673944154206,-24.10250784457057
2401,117,hibrido,5.615147590637207,5.108864784240723,315.9734887133444,665.5892418898289,379168186.45601326,False,1.0,0.5051476558301276,-53.95208687488716,-17.147856495758194
2402,4043,hibrido,5.557999610900879,6.937192916870117,893.7461784449331,797.4624621710083,1072495414.1339197,False,1.0,0.5050745673834991,-34.22866122672469,-14.852110167655628
2403,962,hibrido,6.103797435760498,6.078606605529785,805.6919172871478,1119.2435100240702,966830300.7445774,False,1.0,0.5048321778750373,-49.980257434573495,-5.92394774324798
2404,410,hibrido,5.714835166931152,4.766256332397461,288.81146423878806,555.529636882613,346573757.08654565,False,1.0,0.5046551653732071,-52.43905670853387,-18.225744269844217
2405,1046,hibrido,5.4213385581970215,4.662824630737305,167.86902726505795,280.4135842366739,201442832.71806955,False,1.0,0.5045556048816527,-48.61127006052548,-28.958891925315164
2406,2633,hibrido,5.089388847351074,6.9154205322265625,640.227589890267,723.2845934910528,768273107.8683205,False,1.0,0.5045519587304718,-41.1884412248546,-16.750273571820177
2407,49,hibrido,5.451013565063477,5.1988325119018555,250.02164952688912,697.6377547436076,300025979.43226695,False,1.0,0.5039051299864379,-54.32448506832024,-14.978815284956777
2408,2694,hibrido,5.220424652099609,5.918121814727783,376.6636012247416,685.2977683464026,451996321.46968997,False,1.0,0.5038614760207054,-40.44170163404232,-21.299569101016594
2409,1274,hibrido,4.961250305175781,5.2415900230407715,84.01676359748417,367.81689184461595,100820116.316981,False,1.0,0.503860563910191,-47.51191021857127,-26.752673755892033
2410,3210,hibrido,5.808559417724609,5.958836078643799,653.8610995661357,941.6891592120796,784633319.4793628,False,1.0,0.5036420181772165,-37.677918953168664,-21.763336387603417
2411,3292,hibrido,5.784303188323975,6.385575294494629,751.7651982244445,1071.169439849686,902118237.8693334,False,1.0,0.5036080357440366,-37.59707410976334,-18.952521215838015
2412,3743,hibrido,5.829010009765625,6.828474998474121,968.9962315657631,967.6882927484985,1162795477.8789158,False,1.0,0.5033899014014721,-35.58357679057753,-16.34423838158921
2413,1951,hibrido,4.751700401306152,5.335239887237549,29.670647455656194,267.8416763815873,35604776.94678743,False,1.0,0.5033865662456858,-44.215679352317906,-22.63066346884251
2414,1432,hibrido,5.095427989959717,4.899500846862793,140.92246682356918,55.20132383289092,169106960.18828303,False,1.0,0.5032226855515716,-46.917786279338095,-23.131161289930926
2415,210,hibrido,5.537136077880859,6.024768352508545,545.4055191662098,869.6237751576703,654486622.9994518,False,1.0,0.5031076553329534,-53.588313862250466,-10.27834458570685
2416,1130,hibrido,4.957810878753662,5.151832103729248,85.46535570324984,267.9835464953721,102558426.84389982,False,1.0,0.5031057722048049,-48.38455363298472,-25.349887349147185
2417,4037,hibrido,5.931886672973633,7.112055778503418,1110.229974401524,1037.4140344130165,1332275969.2818289,False,1.0,0.5030108653961506,-34.02006733505426,-16.89679404189749
2418,142,hibrido,6.110286712646484,5.924038410186768,779.1574345020249,1077.7452891308333,934988921.4024298,False,1.0,0.5027789647725758,-53.95374402306344,-8.10867539403297
2419,1421,hibrido,5.039069175720215,5.354887962341309,168.98002224354943,392.8229713716243,202776026.6922593,False,1.0,0.502610956154823,-46.68581445846758,-27.071943198301863
2420,3217,hibrido,5.314764976501465,6.94025182723999,699.7313733864576,1018.2928804248265,839677648.0637491,False,1.0,0.5025269130355849,-37.94083321371982,-19.33217087248991
2421,3740,hibrido,5.930295467376709,6.942562580108643,1036.4229451893686,1086.5364154206366,1243707534.2272425,False,1.0,0.5025259958008029,-35.480052892967755,-17.374546118418102
2422,331,hibrido,5.7036237716674805,5.356075763702393,459.15539215259673,702.6743149400675,550986470.583116,False,1.0,0.5025014041471585,-52.80429853717285,-20.034846124134308
2423,1034,hibrido,6.005706310272217,5.874577522277832,716.2625325890599,1033.4315535625242,859515039.1068718,False,1.0,0.5024998811703197,-49.612979209565125,-6.642502156791181
2424,480,hibrido,5.538478374481201,5.311910152435303,374.46419652611445,616.4461445062667,449357035.83133733,False,1.0,0.5024973494041738,-52.04413573465328,-19.666914184685588
2425,1506,hibrido,4.916354179382324,5.094729423522949,112.52731427631466,49.81886494662054,135032777.13157758,False,1.0,0.5024878452942922,-46.52775899959825,-23.11327667340324
2426,4263,hibrido,5.485246658325195,7.443568229675293,1018.7916759679359,888.0832949372248,1222550011.161523,False,1.0,0.50247943176204,-33.04903656084774,-15.436838906969841
2427,2016,hibrido,5.366937637329102,5.2247314453125,311.62238196691686,399.66772227384183,373946858.36030024,False,1.0,0.5024479421367055,-43.56753245228743,-25.80500099219344
2428,3282,hibrido,5.89918327331543,5.954212665557861,701.7488174019705,974.1229465239754,842098580.8823646,False,1.0,0.5024219150121209,-37.20942343657548,-22.4187563821989
2429,536,hibrido,5.391935348510742,5.0520853996276855,256.28066897817354,430.56561849062194,307536802.77380824,False,1.0,0.5022239257315109,-51.54846356961598,-26.158181555573726
2430,2309,hibrido,5.75038480758667,5.326539516448975,509.72185281060365,598.9379639472047,611666223.3727244,False,1.0,0.5022104017024169,-41.86756264361088,-26.743523002428557
2431,1051,hibrido,5.361634731292725,4.43199348449707,27.004259507276835,403.27630506199864,32405111.408732202,False,1.0,0.5020879689265496,-48.70041130129373,-27.1620239995873
2432,1127,hibrido,5.156082630157471,4.658908367156982,0.9464950485811575,363.6875651094437,1135794.058297389,False,1.0,0.5020861856233024,-48.333157781570954,-26.427802467474006
2433,120,hibrido,5.5760722160339355,4.894425868988037,240.25233388903138,650.870296786068,288302800.66683763,False,1.0,0.5018979523132907,-53.95235488915273,-16.06350367957138
2434,4340,hibrido,5.677536487579346,6.79290246963501,936.4876321911985,777.9542887174101,1123785158.6294382,False,1.0,0.5018325658630481,-32.78222465340459,-14.38957367064202
2435,3519,hibrido,5.714428901672363,7.024242877960205,949.8797663121022,1069.7644936610843,1139855719.5745227,False,1.0,0.501770918490237,-36.638135215889754,-17.126380818522332
2436,3218,hibrido,5.24138069152832,7.104759693145752,715.0482123290258,1034.9730603818748,858057854.7948309,False,1.0,0.501755821452483,-37.975330203861176,-18.98456041448923
2437,2838,hibrido,5.506842613220215,5.711490631103516,466.1647765394198,734.5114812135726,559397731.8473037,False,1.0,0.5017361468069552,-39.52989899594701,-22.63784846859905
2438,2692,hibrido,5.314647674560547,5.70279598236084,374.3468530391518,665.3836040329609,449216223.6469822,False,1.0,0.5015163683728772,-40.37468083044104,-22.002145035278748
2439,2093,hibrido,5.36738395690918,5.0185041427612305,255.49867385950265,365.94474658919216,306598408.63140315,False,1.0,0.5013037381217543,-43.26503181063695,-24.712005864809083
2440,3444,hibrido,5.531946182250977,7.200929641723633,895.0668422464289,1118.7111491513886,1074080210.6957147,False,1.0,0.5011962713150838,-36.97983455168925,-17.50305900251314
2441,3221,hibrido,5.270857334136963,7.239089012145996,771.6889263918769,1072.4882049693397,926026711.6702522,False,1.0,0.5011772338178311,-38.074387566896995,-17.941312494102853
2442,979,hibrido,4.896121501922607,5.2663445472717285,57.73680014309015,410.608303267121,69284160.17170818,False,1.0,0.5010928600848428,-49.13457725316159,-26.457245913572258
2443,464,hibrido,5.596385955810547,5.0110392570495605,341.0217286285404,513.7623458906207,409226074.3542485,False,1.0,0.5010741884757302,-51.96087471907499,-25.44277513073413
2444,1648,hibrido,4.878332138061523,5.2774176597595215,113.30071212753181,213.20955244523807,135960854.55303818,False,1.0,0.5010045657481031,-45.608196371312346,-25.218814993073398
2445,1124,hibrido,5.450244426727295,4.423861503601074,83.57236560608754,402.07807947665617,100286838.72730505,False,1.0,0.5007583005693119,-48.278776924127,-27.50545714333679
2446,1794,hibrido,4.9659576416015625,5.541505336761475,226.43692432515329,322.22676607098145,271724309.19018394,False,1.0,0.5006386823158439,-44.76123549365359,-25.885021936948416
2447,2756,hibrido,5.7303338050842285,5.70131778717041,595.573907439462,744.366589621149,714688688.9273545,False,1.0,0.5006215739969025,-39.60145187960058,-25.473434783204553
2448,3145,hibrido,5.486725330352783,6.619843006134033,696.7832731216142,1017.6361569622474,836139927.7459371,False,1.0,0.5005780601795439,-38.38675780591074,-18.667657411368584
2449,1494,hibrido,5.3135085105896,5.0681304931640625,225.54812834236017,432.0830644639571,270657754.0108322,False,1.0,0.5005768578914889,-46.25845701891911,-27.408274329945986
2450,530,hibrido,5.001475811004639,4.977446556091309,87.24294766883611,191.27663690637135,104691537.20260333,False,1.0,0.5005594883833647,-51.50055171303286,-28.322074282140758
2451,3135,hibrido,5.431217193603516,6.380347728729248,617.0959562059178,897.2708030653587,740515147.4471014,False,1.0,0.5005078474014064,-38.022778018983516,-22.147382363439718
2452,71,hibrido,6.421353340148926,5.837385654449463,904.6674518595447,1198.249223596252,1085600942.2314537,False,1.0,0.5004567496393785,-54.31588425324878,-7.02351751061579
2453,70,hibrido,6.597231388092041,5.4195556640625,868.5868192001129,1165.7873592881558,1042304183.0401355,False,1.0,0.5003391482128193,-54.31613475613488,-7.385202624357593
2454,1351,hibrido,4.699994087219238,5.339820861816406,27.893055490069987,241.3929063889435,33471666.588083982,False,1.0,0.5002110012030458,-47.173657210114875,-25.658445468642046
2455,3143,hibrido,5.481223106384277,6.494185447692871,662.545868295015,981.7767858185607,795055041.954018,False,1.0,0.50013261286323,-38.31996165224511,-19.36418430058578
2456,234,hibrido,5.395383834838867,4.766313552856445,220.79291966684204,263.14774698161415,264951503.60021046,False,1.0,0.5001046484186424,-53.13208244311364,-28.34219981461561
2457,2239,hibrido,5.2388410568237305,5.619175910949707,368.6348860571242,473.5898363298059,442361863.2685491,False,1.0,0.5000663256689514,-42.4100221293406,-25.362084045327844
2458,976,hibrido,4.869953155517578,5.148524284362793,26.782060511578557,346.9823834912662,32138472.61389427,False,1.0,0.4999833674179973,-49.08780576187147,-27.536297457512227
2459,911,hibrido,5.596301555633545,4.5751237869262695,255.16967399968206,315.368860089643,306203608.7996185,False,1.0,0.49972452266550704,-49.61434437340092,-24.310300024187548
2460,54,hibrido,5.566783905029297,5.192910671234131,322.22180878060766,752.5979077226744,386666170.5367292,False,1.0,0.499710203095632,-54.32194431645667,-13.171180659050894
2461,2921,hibrido,5.024569511413574,6.829084873199463,553.3499125104175,874.0603284197415,664019895.012501,False,1.0,0.49963671737311216,-39.458182668655894,-19.456209594325433
2462,1645,hibrido,5.399667263031006,4.7412919998168945,197.81957278220048,325.44089644188443,237383487.33864057,False,1.0,0.49961281138234387,-45.53200071556723,-26.290333286021205
2463,515,hibrido,6.022812843322754,6.074117660522461,801.0587355841985,1077.93416595382,961270482.7010382,False,1.0,0.49945306509237114,-52.143745026594154,-7.019952314413011
2464,601,hibrido,4.954555034637451,4.811230182647705,44.27898875076774,72.26171598702787,53134786.50092129,False,1.0,0.4994430187498777,-51.06252927949911,-29.395297756070132
2465,2769,hibrido,4.888997554779053,6.556581974029541,423.0867367901426,736.0140011199239,507704084.1481711,False,1.0,0.4991974174061367,-40.09102864482219,-20.918078774194726
2466,1497,hibrido,5.165043830871582,4.9412922859191895,141.02926768769143,312.1575095581804,169235121.2252297,False,1.0,0.4989345761431226,-46.331642199880164,-26.335016769198216
2467,1420,hibrido,5.090510845184326,5.324812889099121,197.15297579510565,432.7366883508933,236583570.95412678,False,1.0,0.4988972964530296,-46.662231416929835,-27.429986362643206
2468,676,hibrido,4.907605171203613,4.870084762573242,25.893264528785377,124.3252161412476,31071917.43454245,False,1.0,0.4987371601791079,-50.66231225215095,-29.025326496399977
2469,2315,hibrido,5.137633323669434,5.686199188232422,340.6841315012662,477.72351523786836,408820957.80151945,False,1.0,0.49865354293005404,-42.08347641255311,-24.624158330574847
2470,128,hibrido,5.258993148803711,5.55952262878418,292.27879508073534,716.072916274688,350734554.0968824,False,1.0,0.49856677376312175,-53.95297427295671,-13.171378311006755
2471,901,hibrido,5.080607891082764,4.73174524307251,26.55986151588028,290.7950664679545,31871833.819056336,False,1.0,0.4984947739007372,-49.47762201156137,-27.90981787971727
2472,3447,hibrido,5.617137432098389,6.927299976348877,899.9237540488657,1003.6801707331862,1079908504.8586388,False,1.0,0.49822988180596695,-37.075958833977346,-16.464698728358872
2473,137,hibrido,5.964308261871338,5.447525501251221,598.7542712048659,926.1909815901134,718505125.445839,False,1.0,0.49811959219932367,-53.95351338704316,-9.916966609226375
2474,2770,hibrido,5.376595497131348,5.78570556640625,433.44242743571937,750.4435056930622,520130912.92286325,False,1.0,0.49804260108722664,-40.12369485589883,-20.567186563873655
2475,837,hibrido,5.401576042175293,4.977382659912109,283.5648265469365,354.43304693915735,340277791.8563238,False,1.0,0.4979647640457735,-50.00824715643579,-24.321145200874238
2476,809,hibrido,5.94437313079834,5.6616692543029785,659.8249927484376,945.0329303463328,791789991.2981251,False,1.0,0.4977412053665325,-50.69032650321843,-7.734167698074444
2477,2617,hibrido,4.993259906768799,6.021411418914795,340.3066969957777,619.234819734721,408368036.3949333,False,1.0,0.49727633059948734,-40.72699151066933,-22.384855587822454
2478,749,hibrido,5.295042514801025,4.369585037231445,82.46137062759621,120.38173922877998,98953644.75311545,False,1.0,0.497192804862589,-50.23876696546858,-29.374625593217807
2479,3068,hibrido,5.3087334632873535,6.534827709197998,610.7700952360511,928.9790517703962,732924114.2832614,False,1.0,0.4971259058274617,-38.66548990032068,-19.744301824929444
2480,1053,hibrido,5.357351779937744,4.349595069885254,29.341647595835653,385.7899841410738,35209977.11500278,False,1.0,0.4971154920713168,-48.733816788595554,-26.443076395985234
2481,1509,hibrido,4.809311866760254,5.474104881286621,179.84285412028137,168.60740043536342,215811424.94433764,False,1.0,0.4970926712591893,-46.58579252013458,-22.038759409082413
2482,4338,hibrido,5.627998352050781,7.053650856018066,1003.9166572876967,856.0218311520409,1204699988.745236,False,1.0,0.49706803069246114,-32.71368750663287,-15.065645656284333
2483,358,hibrido,5.858661651611328,5.258762359619141,510.8692804077611,815.4502631961419,613043136.4893134,False,1.0,0.4970449390977223,-52.85802283591059,-10.276595198998889
2484,842,hibrido,5.409417629241943,5.356809139251709,424.42959430471774,369.9554185631613,509315513.1656613,False,1.0,0.4969382888376019,-50.06203352947235,-22.51961044292887
2485,2542,hibrido,5.219339847564697,5.531903266906738,312.8605594510689,574.9505921623984,375432671.3412827,False,1.0,0.49692101552681517,-41.08063414811103,-22.767761214059416
2486,1723,hibrido,5.105006694793701,4.828619003295898,113.52291112323007,201.846208282193,136227493.3478761,False,1.0,0.49665994264030733,-45.237663311658174,-24.839099638338105
2487,337,hibrido,5.58315372467041,4.865379333496094,288.4909520185068,574.628054931455,346189142.42220813,False,1.0,0.496577483527482,-52.81964385319115,-17.867128114733646
2488,622,hibrido,5.516273498535156,5.480822563171387,488.88151438940383,511.33208686128205,586657817.2672846,False,1.0,0.49654717417960104,-51.24236031540366,-21.822270229590455
2489,2476,hibrido,4.856583118438721,6.22615385055542,329.52142689456826,647.7068885035089,395425712.2734819,False,1.0,0.49651414983492786,-41.71066001440097,-19.974740199904957
2490,1132,hibrido,4.945372581481934,5.179393768310547,141.81126280636232,217.97447551698528,170173515.36763477,False,1.0,0.49650131723258684,-48.41721650581474,-24.63113799050822
2491,215,hibrido,6.025613784790039,5.7613043785095215,725.8086824633688,1021.7390489671634,870970418.9560425,False,1.0,0.4964928854675246,-53.59043948836949,-8.470135629312578
2492,4260,hibrido,5.937903881072998,7.013149261474609,1125.953699879765,1006.7932701697902,1351144439.8557181,False,1.0,0.496445785012842,-32.938541504996586,-16.452330385758955
2493,513,hibrido,6.188168048858643,5.490429878234863,728.897470265335,1005.8131022136365,874676964.3184019,False,1.0,0.49643133230693687,-52.14072700046731,-7.742945372545824
2494,744,hibrido,5.28516960144043,4.8902764320373535,254.33713227299802,162.76290467961667,305204558.7275976,False,1.0,0.4962865438473768,-50.1693865908438,-31.17478316680232
2495,3151,hibrido,5.427709102630615,7.004875183105469,830.8512765319684,999.41897029056,997021531.8383621,False,1.0,0.4961793314967744,-38.570037781213145,-16.57652588361642
2496,1273,hibrido,5.487909317016602,4.370007038116455,112.18971714904039,406.2516714229003,134627660.57884848,False,1.0,0.49604317326480435,-47.49126420719912,-27.111357222443754
2497,3289,hibrido,5.412834167480469,6.719173908233643,713.9615256444328,1026.7703894692759,856753830.7733194,False,1.0,0.49582233625746297,-37.48909090466191,-19.993233185197294
2498,308,hibrido,5.088032245635986,5.06868314743042,183.7784832846738,237.23772995178837,220534179.94160855,False,1.0,0.49569680005257233,-52.72414678326624,-28.338994933886198
2499,440,hibrido,6.397129535675049,5.333766460418701,782.2462223039912,1059.6434403345302,938695466.7647895,False,1.0,0.4956183128106084,-52.50458077232367,-7.382811177695026
2500,2614,hibrido,5.300697326660156,5.608464241027832,383.14330851427354,613.7631675124297,459771970.2171283,False,1.0,0.4955581783669696,-40.62201241588829,-23.43968467547821
2501,764,hibrido,5.589374542236328,4.819555282592773,340.1329326457473,388.3772611820146,408159519.1748968,False,1.0,0.4954696594289383,-50.412304262721584,-23.970550725395384
2502,4485,hibrido,5.76942253112793,7.062463283538818,1080.709193351724,914.4818198554781,1296851032.0220687,False,1.0,0.4953732211204114,-31.93655967879153,-15.335674289237149
2503,1128,hibrido,5.2479424476623535,4.450021266937256,29.119448600137375,330.0264995535505,34943338.32016485,False,1.0,0.4953664097521029,-48.35061551998913,-26.06852582292739
2504,3963,hibrido,5.691238880157471,7.329724311828613,1092.9618550223,1037.4806948069997,1311554226.0267599,False,1.0,0.49526154699197317,-34.39370433157054,-16.931171725096746
2505,3365,hibrido,5.774149417877197,6.348617076873779,774.9438234570966,1092.0576251403686,929932588.1485159,False,1.0,0.495176455093148,-37.18300840856758,-19.266179832514535
2506,2689,hibrido,5.11069917678833,5.998330116271973,401.9026165869091,652.9845360641327,482283139.9042909,False,1.0,0.4951673263426999,-40.26897634008991,-23.055521382475316
2507,3299,hibrido,5.53547477722168,6.936704635620117,865.3875152904171,1030.558349499554,1038465018.3485006,False,1.0,0.4951414705122548,-37.82279238380999,-16.521716716492957
2508,335,hibrido,5.411942481994629,5.309717178344727,345.37909872987007,609.8486139759352,414454918.4758441,False,1.0,0.49504955193415984,-52.81475985883653,-18.589758045428084
2509,1796,hibrido,5.162466526031494,4.9140167236328125,170.09101722204082,258.3172072418533,204109220.66644898,False,1.0,0.4948653929476612,-44.81614450851763,-25.172147270873946
2510,1942,hibrido,5.334322452545166,5.050112247467041,283.2272294196623,371.34829348725276,339872675.30359477,False,1.0,0.49484651679746694,-43.96525641146709,-25.83269941192328
2511,619,hibrido,5.551900863647461,5.342875003814697,481.4420983949251,475.30407832977016,577730518.0739101,False,1.0,0.49484513736266594,-51.22094962303152,-22.904666419387645
2512,3213,hibrido,5.372997760772705,6.561617851257324,659.5029876253392,965.3626307013104,791403585.1504071,False,1.0,0.494838055404787,-37.7952661747404,-20.72187628312897
2513,905,hibrido,5.033108234405518,5.035725116729736,86.13195269034469,428.6744343696065,103358343.22841363,False,1.0,0.49473926637323895,-49.53543168709901,-26.470307293743947
2514,607,hibrido,5.109836578369141,4.965857028961182,143.36665577625033,310.5185269792929,172039986.9315004,False,1.0,0.49459216051694455,-51.121420036187104,-27.232510381373796
2515,3437,hibrido,5.626772880554199,6.632998943328857,791.8680412250085,1102.8721136170868,950241649.4700102,False,1.0,0.49440703219548865,-36.72858768685567,-19.923335566714496
2516,3073,hibrido,5.2477006912231445,6.912829399108887,705.2587216779684,995.9504648179937,846310466.0135621,False,1.0,0.4943523435398304,-38.827068158490654,-17.99980172707507
2517,25,hibrido,6.075872898101807,5.218477725982666,652.2574116698488,771.5839069265023,782708894.0038185,False,1.0,0.4942635101258249,-54.34209468027482,-23.65094911076488
2518,1498,hibrido,5.207912445068359,4.679808139801025,112.85631413613523,272.19690697342486,135427576.96336228,False,1.0,0.4941420292447958,-46.355139033001194,-25.977188237962853
2519,436,hibrido,5.999919414520264,5.425765514373779,637.9236916662638,920.8040407991934,765508429.9995166,False,1.0,0.4938661343042156,-52.499228963809465,-8.829015226049911
2520,332,hibrido,5.555142402648926,5.351442337036133,430.711318796915,677.120541446988,516853582.556298,False,1.0,0.49361026908000527,-52.8070019791626,-19.67359616414562
2521,3290,hibrido,5.6832356452941895,6.284215927124023,724.5764356878876,1040.2433744481252,869491722.8254652,False,1.0,0.4935845617311488,-37.5258560914858,-19.646404804548258
2522,4264,hibrido,5.682055950164795,6.840090274810791,983.7259243586311,848.593948074706,1180471109.2303574,False,1.0,0.4932205873454412,-33.08410890781637,-15.098166766143565
2523,1349,hibrido,5.210435390472412,4.621283054351807,84.2389625931824,319.0185644601794,101086755.1118189,False,1.0,0.4932173499392612,-47.13186344924921,-26.37539571539825
2524,814,hibrido,5.821847438812256,6.460951805114746,840.2281560455965,1137.0102960412548,1008273787.2547158,False,1.0,0.49317502180136397,-50.702729740975606,-5.928707299218322
2525,995,hibrido,4.933290481567383,5.660345077514648,262.9314886453571,423.06111259396636,315517786.3744285,False,1.0,0.4929448702091798,-49.3429120816,-20.69855525372717
2526,2092,hibrido,5.116775989532471,5.385516166687012,283.67162741105886,384.274266851027,340405952.8932706,False,1.0,0.49291734753520233,-43.23395118515297,-25.066819884178816
2527,379,hibrido,5.050600528717041,4.845368385314941,134.48262421060548,123.76083501599253,161379149.05272657,False,1.0,0.4928099462744102,-52.29869492474807,-29.416800322092463
2528,2160,hibrido,5.592167377471924,5.326056480407715,481.10450126765073,570.6210414640855,577325401.5211809,False,1.0,0.49277673092209573,-42.63261554666969,-27.16293527858595
2529,545,hibrido,5.819596290588379,4.985696792602539,509.83725094217965,514.664195107107,611804701.1306156,False,1.0,0.4926612748106426,-51.61078360237927,-22.911001684148555
2530,922,hibrido,5.435860633850098,4.883547782897949,262.6109764250757,479.369186775613,315133171.7100909,False,1.0,0.49252012467441153,-49.73674833710145,-20.348185615128674
2531,679,hibrido,4.832834720611572,5.0804362297058105,58.62559612588327,237.18507408470694,70350715.35105993,False,1.0,0.492462730295883,-50.696169661099546,-27.94438435264097
2532,2765,hibrido,5.230992317199707,5.845622539520264,418.9541533786027,698.5135848895311,502744984.05432326,False,1.0,0.4924253360538545,-39.95346652324005,-22.321002980737116
2533,909,hibrido,5.2194976806640625,4.933631420135498,198.82376689656962,342.5782058590027,238588520.27588356,False,1.0,0.49229175373885226,-49.589044207455466,-25.03039789300495
2534,2247,hibrido,4.834808826446533,5.491580486297607,150.07935063712765,422.2299091887768,180095220.7645532,False,1.0,0.4922245228297376,-42.66366578907001,-22.529966637409622
2535,407,hibrido,5.311059951782227,5.516478061676025,374.1436843058331,620.9589947299424,448972421.16699976,False,1.0,0.4920969836266964,-52.429049983962585,-19.309452638913843
2536,3136,hibrido,5.652221202850342,5.878113746643066,613.9033883432581,902.0774575533343,736684066.0119097,False,1.0,0.49202023973222603,-38.06263135400872,-21.79975386299382
2537,847,hibrido,4.994179725646973,5.751497745513916,319.17861091615777,477.6099231443091,383014333.0993893,False,1.0,0.4920082792229371,-50.11061257729084,-20.71756277547958
2538,3592,hibrido,5.786688804626465,6.816203594207764,965.0174022793574,1099.835446162458,1158020882.7352288,False,1.0,0.49196047392707076,-36.22969419991913,-17.439925174000145
2539,287,hibrido,5.711569786071777,5.870562553405762,636.3792977652807,933.8230160753026,763655157.3183368,False,1.0,0.4919139109019323,-53.22567060205547,-9.192843928638105
2540,1123,hibrido,5.326602458953857,4.534539699554443,111.7453191576438,376.3864795600876,134094382.98917256,False,1.0,0.49168185491363203,-48.259965378339714,-27.86461558108655
2541,3070,hibrido,5.136351108551025,6.841697692871094,642.790799048905,963.4831443325265,771348958.858686,False,1.0,0.4913463672244709,-38.73225263291049,-19.0466975711379
2542,2910,hibrido,5.621933460235596,5.559728622436523,528.2297455513796,773.5917259133234,633875694.6616554,False,1.0,0.49109055950543135,-39.064449952026195,-23.301882872191396
2543,1440,hibrido,4.5699028968811035,5.6192779541015625,65.74604847727339,369.104252605648,78895258.17272806,False,1.0,0.49095937329459893,-47.05738897732108,-20.262752768761832
2544,192,hibrido,5.4507036209106445,4.944945335388184,259.4058542222624,618.7947029557021,311287025.0667149,False,1.0,0.49084356132932344,-53.57696464493256,-16.785989229685146
2545,3889,hibrido,5.734043598175049,7.136910438537598,1075.6937356430753,1039.0883049083645,1290832482.7716904,False,1.0,0.4905717378024733,-34.7674678505787,-16.965034694976296
2546,1203,hibrido,4.958008289337158,4.794898986816406,28.89724960443904,274.5925507940253,34676699.52532685,False,1.0,0.4905517038896404,-47.969605722578805,-25.693356246121795
2547,4336,hibrido,5.750545978546143,7.010443210601807,1073.0741932934216,934.4163287764051,1287689031.9521058,False,1.0,0.49051952791718006,-32.64162580335757,-15.74137366606368
2548,1720,hibrido,5.141485691070557,4.994654655456543,198.04177177789876,302.6472461809244,237650126.13347852,False,1.0,0.4905091864089077,-45.15947795401489,-25.909632711406072
2549,3515,hibrido,5.842081069946289,6.542341709136963,877.9474735054393,1196.9782845629327,1053536968.2065272,False,1.0,0.49046977732543,-36.49972705879257,-18.507515944629233
2550,3150,hibrido,4.992090702056885,7.570415496826172,811.083648565459,1005.8316178186457,973300378.2785509,False,1.0,0.49039867187582903,-38.541236536681794,-16.92520082687539
2551,3741,hibrido,5.4118218421936035,7.567104816436768,1041.1574968846267,1046.8911748589658,1249388996.261552,False,1.0,0.49030797303543505,-35.51536912105513,-17.03118794376827
2552,921,hibrido,5.2982072830200195,5.125053405761719,291.0550497807575,449.383991523484,349266059.736909,False,1.0,0.49028685408765194,-49.72673846917177,-20.708481602954315
2553,295,hibrido,6.418443202972412,5.737585544586182,925.024359040735,1203.1432597723876,1110029230.848882,False,1.0,0.49022726623616353,-53.23093783215965,-6.299659490460963
2554,1649,hibrido,5.07991886138916,4.661391735076904,85.12775857597558,178.06504049428827,102153310.29117069,False,1.0,0.4900253524302414,-45.6326448904512,-24.861561931351424
2555,3368,hibrido,5.6636505126953125,6.618857383728027,821.6737690076371,1142.338125427066,986008522.8091645,False,1.0,0.4899556144859052,-37.28854222940957,-18.22694956082962
2556,2917,hibrido,4.956446647644043,6.580676555633545,501.5140291763901,811.7795736207528,601816835.0116682,False,1.0,0.48980610377422595,-39.3251407756856,-20.85561027825208
2557,290,hibrido,6.25425910949707,5.337830543518066,744.6211957435762,1031.4303319521305,893545434.8922914,False,1.0,0.48955785862574813,-53.22788364510986,-8.107946800671956
2558,2761,hibrido,5.19386100769043,6.007968902587891,472.4857441432832,696.6533188795479,566982892.9719399,False,1.0,0.48954662934427207,-39.80450276634411,-23.722830619628986
2559,1949,hibrido,4.910845756530762,4.996776103973389,86.01655455876866,253.0641674007432,103219865.47052239,False,1.0,0.4895413575959492,-44.16376104781567,-23.342546504519575
2560,216,hibrido,6.017897605895996,5.788425922393799,761.8893151228007,1054.0833548431037,914267178.1473608,False,1.0,0.4894076247443377,-53.59081350748961,-8.108472641777709
2561,409,hibrido,5.2482428550720215,5.374923229217529,317.25553759446973,575.3886883507171,380706645.1133637,False,1.0,0.4893604997181402,-52.43579710314801,-18.586994866618138
2562,739,hibrido,5.972233772277832,6.077385425567627,821.4156427653892,1109.6371333986906,985698771.318467,False,1.0,0.48935012857127647,-51.06199901794576,-6.291965818894327
2563,2390,hibrido,5.304493427276611,5.285550117492676,340.9063304969645,505.4733776918677,409087596.59635735,False,1.0,0.48916860537961426,-41.724707357351576,-24.24004644688696
2564,2989,hibrido,5.626991271972656,5.579753875732422,533.3229665596308,830.1343978627133,639987559.871557,False,1.0,0.4889077337130527,-38.86996082195303,-21.521374275291766
2565,478,hibrido,5.481436729431152,5.380595684051514,431.3523432374777,659.3833621800879,517622811.8849733,False,1.0,0.4888542779125439,-52.035177864355006,-20.389132771723865
2566,2165,hibrido,5.113935947418213,5.530819892883301,340.2397335098696,439.14986043858244,408287680.21184355,False,1.0,0.4888499720587751,-42.80605291655181,-25.392324970055572
2567,3287,hibrido,5.631565093994141,6.187673568725586,699.1431598701737,1004.0715820628631,838971791.8442085,False,1.0,0.4887942717715464,-37.413210364629485,-20.686654760162043
2568,2246,hibrido,4.864058971405029,5.444382190704346,172.2029629072174,415.72737559755296,206643555.48866087,False,1.0,0.48877330520369444,-42.634084195255966,-22.88417118667159
2569,3222,hibrido,4.9860711097717285,7.553882598876953,793.7088573081978,1061.9660938896898,952450628.7698374,False,1.0,0.4887591526208388,-38.10595116929005,-17.593429481885355
2570,2920,hibrido,5.133917808532715,6.410454750061035,536.4011321964648,856.1148359448588,643681358.6357578,False,1.0,0.488701707908339,-39.425970937391554,-19.806156991235433
2571,4116,hibrido,5.2642340660095215,7.3358964920043945,947.0949304835895,839.2784492105488,1136513916.5803072,False,1.0,0.4886910016446751,-33.82526344028306,-15.161896107119993
2572,291,hibrido,6.137538433074951,5.639272212982178,780.701828403008,1064.9833634587212,936842194.0836096,False,1.0,0.4883787959158952,-53.22855754667196,-7.746301131835613
2573,618,hibrido,5.530506134033203,5.1856536865234375,453.2691448433689,469.537135362666,543922973.8120427,False,1.0,0.48818983434049223,-51.213517874522495,-23.265428268275603
2574,824,hibrido,4.7855753898620605,5.100302219390869,82.68356962329443,176.4277951767352,99220283.54795332,False,1.0,0.4880533344523696,-49.84158630419178,-29.002467311938776
2575,526,hibrido,4.805299282073975,4.983720779418945,96.07785325262947,37.23911688281326,115293423.90315536,False,1.0,0.4880217422666846,-51.4655276975927,-29.76424488576782
2576,701,hibrido,5.301798343658447,5.261630535125732,318.537586475595,567.040780230523,382245103.770714,False,1.0,0.487978810451517,-50.892979798074606,-20.01163692602032
2577,812,hibrido,5.940933704376221,5.911711692810059,768.066890726733,1059.8633608903951,921680268.8720796,False,1.0,0.4879038572624518,-50.69817081835231,-6.650910172831058
2578,980,hibrido,5.223407745361328,4.567956924438477,85.90975369464637,381.11418774986294,103091704.43357565,False,1.0,0.48760005302335385,-49.14959169016681,-26.097509280647802
2579,3137,hibrido,5.487924098968506,6.076203346252441,613.3085041583646,908.621254879183,735970204.9900376,False,1.0,0.4874935434555216,-38.10169560386319,-21.452044607155884
2580,2317,hibrido,5.210207939147949,5.2109575271606445,284.3382243981537,458.60380264002765,341205869.27778447,False,1.0,0.4874165367947237,-42.150170578014574,-23.917211281188035
2581,2462,hibrido,5.44361686706543,5.320719242095947,425.64739014733146,566.4277340687195,510776868.17679775,False,1.0,0.48735840092465427,-41.2602656418537,-24.913237572505377
2582,309,hibrido,5.183341979980469,4.861337661743164,203.6644012442169,270.336347006239,244397281.49306026,False,1.0,0.4872580259707654,-52.72841896079185,-27.97814534944491
2583,510,hibrido,5.603098392486572,5.892306327819824,620.6555722870395,900.1315971932727,744786686.7444474,False,1.0,0.48690184780562246,-52.13562721061936,-8.827385943726085
2584,981,hibrido,5.185148239135742,4.673734664916992,114.08270724620259,353.6903582182748,136899248.6954431,False,1.0,0.4868838112700888,-49.16432448230545,-25.737746832743817
2585,1727,hibrido,4.303248882293701,5.598850727081299,0.8310969170051233,133.18135517869462,997316.300406148,False,1.0,0.4868685925181881,-45.335132235705444,-23.411150689097088
2586,1571,hibrido,5.290577411651611,4.624522686004639,169.42442023494596,316.3495597045007,203309304.28193516,False,1.0,0.4868675050194506,-45.931745488587545,-26.313210303704736
2587,662,hibrido,6.027571201324463,5.604197025299072,730.4418641663179,1009.7101825696159,876530236.9995816,False,1.0,0.48685016359675903,-51.41766823169602,-7.377854596179183
2588,2611,hibrido,5.293491363525391,5.694081783294678,454.5205624593364,631.4734274836032,545424674.9512037,False,1.0,0.48681201018937187,-40.51072759654876,-24.49390933988684
2589,677,hibrido,5.0619587898254395,4.390016078948975,2.2796890227708353,160.8003711704918,2735626.8273250023,False,1.0,0.4867547502038012,-50.6738059695771,-28.665035690048136
2590,477,hibrido,5.450615882873535,5.457741737365723,459.79641659315945,637.9165877507679,551755699.9117913,False,1.0,0.48675193890271057,-52.030551049955406,-20.7502183044885
2591,908,hibrido,5.161761283874512,4.875726699829102,170.6508133450134,362.09250439250945,204780976.0140161,False,1.0,0.486750795407629,-49.57602245944493,-25.390411514679244
2592,778,hibrido,5.191534996032715,4.998372554779053,205.08180527314974,447.7891931220948,246098166.32777968,False,1.0,0.4867301172760257,-50.53389793227153,-18.92250203438178
2593,259,hibrido,5.358707904815674,5.566105365753174,430.3908065766338,685.9128601424833,516468967.89196056,False,1.0,0.48671143430535746,-53.190254069016646,-19.314417004387177
2594,1718,hibrido,5.477036952972412,4.607692718505859,254.38767888101125,376.1617535532148,305265214.6572135,False,1.0,0.4866254425618257,-45.10483993370211,-26.623106603720057
2595,2916,hibrido,5.02904748916626,6.383375644683838,495.82897294036746,800.4606366059216,594994767.528441,False,1.0,0.48652214504508684,-39.29010868115046,-21.20529373353117
2596,4115,hibrido,5.593365669250488,6.898742198944092,983.1755631430212,879.1863086666016,1179810675.7716255,False,1.0,0.4863836189538162,-33.79123583649606,-15.502066165845706
2597,1795,hibrido,4.860535144805908,5.37306547164917,198.26397077359707,289.27311344972384,237916764.92831647,False,1.0,0.48632222939385417,-44.78894993498493,-25.52860693964446
2598,3510,hibrido,5.596848487854004,6.661460876464844,823.6759137952239,1130.2711120583203,988411096.5542687,False,1.0,0.4861809389522744,-36.30874485649241,-20.23215429343863
2599,910,hibrido,5.343862056732178,4.696239471435547,226.99672044812587,326.8159612410432,272396064.537751,False,1.0,0.4861133768882856,-49.60181713386518,-24.670360622883884
2600,2321,hibrido,4.982443809509277,5.288118362426758,186.49605570672196,461.4247819149169,223795266.84806636,False,1.0,0.48608868759310175,-42.276019793545935,-22.502632472484628
2601,674,hibrido,4.733231067657471,5.075958251953125,89.89432113569204,65.24384544589574,107873185.36283045,False,1.0,0.4860372198640062,-50.638685731935205,-29.745837172198254
2602,2764,hibrido,5.4649505615234375,5.378383636474609,427.37879168197423,694.6023199521366,512854550.0183691,False,1.0,0.4858548037834762,-39.91731428334674,-22.67156614959813
2603,3443,hibrido,5.563553333282471,6.878694534301758,875.5996237067237,1157.2790870283457,1050719548.4480685,False,1.0,0.48579496841744524,-36.94627991622936,-17.84903933226116
2604,603,hibrido,4.998712539672852,4.547184467315674,30.67484157002539,151.06871151032527,36809809.88403047,False,1.0,0.4857080476396298,-51.08288615171812,-28.674457586206444
2605,242,hibrido,5.497772693634033,5.182038307189941,426.2071862703039,541.5226096309365,511448623.5243647,False,1.0,0.4854881141129803,-53.1538837914456,-25.45449119633185
2606,604,hibrido,5.068210601806641,4.544157028198242,58.847795121581605,190.8448469238556,70617354.14589792,False,1.0,0.4854813570973619,-51.092788191655984,-28.31400380749328
2607,756,hibrido,4.9909348487854,4.977488040924072,114.74930423329741,363.44430541658784,137699165.0799569,False,1.0,0.48547752337971717,-50.32585057721873,-26.85336635382419
2608,706,hibrido,5.122661590576172,4.98405122756958,176.3172196971867,420.99931153065484,211580663.63662404,False,1.0,0.48535325896195375,-50.92652739472929,-18.207483427135912
2609,2912,hibrido,5.432455539703369,5.705438137054443,505.1401451008918,774.4300156800628,606168174.1210701,False,1.0,0.4850061517377997,-39.14266902705365,-22.603317640447624
2610,3816,hibrido,5.294937610626221,7.579634189605713,1022.3449836044191,1002.4283359222849,1226813980.3253028,False,1.0,0.48499773850071304,-35.1764656829348,-16.655638668155785
2611,527,hibrido,4.717772483825684,5.0193352699279785,64.30871870426323,73.39449452249009,77170462.44511588,False,1.0,0.4849824589856653,-51.474525026263514,-29.403735003676633
2612,372,hibrido,5.281344413757324,5.037064075469971,347.78294136475296,233.48821016028995,417339529.63770354,False,1.0,0.4849790166344151,-52.253840293713765,-31.941269900517856
2613,52,hibrido,5.308395862579346,5.227146625518799,278.748034118927,724.5146935450026,334497640.9427124,False,1.0,0.4849211083011432,-54.32291751615256,-13.894266866602592
2614,841,hibrido,5.262086868286133,5.311433792114258,396.2566407531615,358.0756433100555,475507968.9037938,False,1.0,0.4848679973748237,-50.051702559514865,-22.879959634920546
2615,682,hibrido,5.021816730499268,4.989117622375488,143.14445678055196,354.7629622276936,171773348.13666236,False,1.0,0.4848490057846058,-50.72819952802559,-26.86323670837399
2616,307,hibrido,5.447495460510254,4.233672142028809,171.08440461557237,206.59559654716185,205301285.53868684,False,1.0,0.4841423098207905,-52.71979511570316,-28.699824819582574
2617,899,hibrido,5.337584972381592,4.186271667480469,82.90576861899271,232.72681556301606,99486922.34279124,False,1.0,0.48403693763879285,-49.44706990456625,-28.62941723150019
2618,288,hibrido,6.1492719650268555,5.157920837402344,672.4599304247125,965.7983537596986,806951916.509655,False,1.0,0.4839467813482476,-53.22644031863795,-8.831218478476107
2619,462,hibrido,5.3514533042907715,4.902475833892822,284.675821525428,434.4556917051885,341610985.8305136,False,1.0,0.48381658449708237,-51.94848136772055,-26.164432667364718
2620,1797,hibrido,5.125223636627197,4.689952373504639,141.91806367048457,230.16651570018686,170301676.4045815,False,1.0,0.4837038541216578,-44.84282578906299,-24.815643695517753
2621,535,hibrido,5.187376022338867,4.969915866851807,228.1077154266173,390.62354233483137,273729258.5119408,False,1.0,0.48365254480253783,-51.540847604009414,-26.51888183495871
2622,839,hibrido,5.2271647453308105,5.180854797363281,339.91073365004905,347.1605904293321,407892880.3800589,False,1.0,0.48364831385926016,-50.03040628129186,-23.600595258664615
2623,620,hibrido,5.509342670440674,5.31732702255249,509.6150519464814,484.31685111014474,611538062.3357776,False,1.0,0.4836401410650142,-51.22823280103182,-22.54388596221334
2624,2841,hibrido,5.323545455932617,5.691391944885254,453.3425328015886,751.9665233316957,544011039.3619063,False,1.0,0.4833797569785483,-39.638914630910655,-21.587676279929248
2625,832,hibrido,4.9770188331604,5.106390953063965,142.7000587891554,440.8838370828601,171240070.5469865,False,1.0,0.48302336987133476,-49.94893087853379,-26.122129543607173
2626,541,hibrido,5.470729351043701,5.078018665313721,397.14543673595466,512.1365561604748,476574524.0831456,False,1.0,0.48297087752424206,-51.584433750833746,-24.354383194425207
2627,2539,hibrido,5.388631820678711,5.1978278160095215,372.11809482894483,577.4267462205844,446541713.7947338,False,1.0,0.4829321587505536,-40.97648500001069,-23.824012649655053
2628,3066,hibrido,5.060859680175781,6.615716457366943,587.9627599834705,900.2801718596033,705555311.9801646,False,1.0,0.48272606647858535,-38.59582108748011,-20.441631319534373
2629,1422,hibrido,5.268253326416016,4.544706344604492,140.8070686919932,352.92879200989796,168968482.43039185,False,1.0,0.482687991096473,-46.70896333190236,-26.71386323445736
2630,64,hibrido,6.180160045623779,5.0405354499816895,652.103023243522,982.7583418309089,782523627.8922263,False,1.0,0.4824188310217867,-54.31791130641899,-9.555180608318567
2631,3737,hibrido,5.59820032119751,7.130063056945801,990.1326517967644,1205.6127621038809,1188159182.1561174,False,1.0,0.48235314383513583,-35.369172052696214,-18.404131569289
2632,689,hibrido,5.422829627990723,4.914320945739746,340.35513164144567,433.07426436956865,408426157.9697348,False,1.0,0.48215250775028323,-50.79623778240896,-24.339797447416785
2633,338,hibrido,5.446726322174072,4.7590532302856445,260.04687866282507,560.4805405072298,312056254.3953901,False,1.0,0.4820130033183711,-52.82200112418031,-17.505792509376533
2634,3659,hibrido,5.637059688568115,6.8446044921875,909.4096418188232,1217.9618624773184,1091291570.1825879,False,1.0,0.48195500753377923,-35.58905660421291,-19.813567903397324
2635,757,hibrido,4.850697994232178,5.26043176651001,142.9222577848537,402.1091433177639,171506709.34182444,False,1.0,0.48189079157013764,-50.33739223225167,-26.493092167182606
2636,3294,hibrido,5.300292491912842,6.946910381317139,786.1875192145402,1107.0237845920733,943425023.0574483,False,1.0,0.48175212099467907,-37.66525717270492,-18.258346114887036
2637,1280,hibrido,4.948008060455322,4.718655586242676,85.02095771185327,154.86232040182233,102025149.25422393,False,1.0,0.4815843721289197,-47.62792887733935,-24.59990520138382
2638,238,hibrido,5.604154109954834,4.499895095825195,313.515372064079,394.5208951899755,376218446.4768948,False,1.0,0.4815207006275756,-53.143392388412714,-26.898495132233894
2639,4186,hibrido,5.837349891662598,6.8810954093933105,1108.685580500541,1002.0833309457371,1330422696.600649,False,1.0,0.4814541525255253,-33.31122148486643,-16.487445550902677
2640,2775,hibrido,5.18259859085083,6.186315536499023,529.3600789345151,847.5905156374521,635232094.721418,False,1.0,0.4814467428350453,-40.277028533761595,-18.811823699640435
2641,4409,hibrido,6.0332746505737305,6.594197750091553,1127.581469164468,981.8226989744087,1353097762.9973617,False,1.0,0.48125276199097,-32.23237534877967,-16.04382488815455
2642,2691,hibrido,5.234872817993164,5.51187801361084,379.5597651578456,658.8524076935275,455471718.18941474,False,1.0,0.48119035999167104,-40.34014337517114,-22.35333680291515
2643,475,hibrido,5.998856544494629,4.59324312210083,516.6845633045227,600.6994940425001,620021475.9654273,False,1.0,0.48064229598744773,-52.02099635025648,-21.47234064892417
2644,883,hibrido,5.535947322845459,5.9888739585876465,642.5568733692132,933.5116764950325,771068248.0430559,False,1.0,0.4805299497628719,-50.327737041316574,-7.731208078881524
2645,2464,hibrido,5.407937049865723,5.08536434173584,369.30148304421897,544.553090806481,443161779.65306276,False,1.0,0.4801935266433459,-41.33245749026728,-24.208461364898845
2646,2535,hibrido,5.774842739105225,4.867778301239014,482.2154962461422,618.0827336866449,578658595.4953706,False,1.0,0.48011146073267197,-40.827917357842125,-25.231421940573565
2647,1791,hibrido,5.4972758293151855,4.67101526260376,310.95578497982194,428.3498016756418,373146941.9757863,False,1.0,0.4799650600096963,-44.6749046355045,-26.953991123992267
2648,838,hibrido,5.329556941986084,4.873891830444336,311.7377800984928,348.5278039911718,374085336.11819136,False,1.0,0.47980117318819765,-50.019435888183494,-23.960881089641063
2649,831,hibrido,5.2174811363220215,4.559308052062988,114.5271052375992,413.67471147137337,137432526.28511903,False,1.0,0.479768696072287,-49.936372545725476,-26.482257095814443
2650,2089,hibrido,5.202677249908447,5.330312252044678,368.1904880657276,456.20190265593254,441828585.6788731,False,1.0,0.4796422017253471,-43.13710178398516,-26.13093831050241
2651,606,hibrido,4.937458515167236,4.889796257019043,115.19370222469409,270.59518768335454,138232442.6696329,False,1.0,0.4796260957561084,-51.11205260899945,-27.59302997922771
2652,1206,hibrido,4.901538848876953,4.866578578948975,113.41611025910777,184.7907062830021,136099332.31092933,False,1.0,0.4795164654032981,-48.02252393991984,-24.616027519722355
2653,1865,hibrido,5.485199928283691,4.778042793273926,339.3509375270765,446.0025624895305,407221125.0324918,False,1.0,0.47948863662208646,-44.273247105132675,-26.927120594670704
2654,305,hibrido,5.255874156951904,4.43236780166626,172.80207947581064,158.37215826235894,207362495.37097278,False,1.0,0.4794589145939533,-52.71084864978558,-29.421424823727037
2655,967,hibrido,5.170766830444336,4.939205646514893,280.47653538009627,235.7896826692808,336571842.45611554,False,1.0,0.47936820997086443,-48.93095433453101,-30.771945230240966
2656,3363,hibrido,5.815362453460693,5.937723159790039,752.859898923451,1064.749813732106,903431878.7081412,False,1.0,0.47927258646141224,-37.10875923505454,-19.958617752615574
2657,3371,hibrido,5.372308731079102,7.045639991760254,882.3591308736643,1092.0955537397829,1058830957.0483972,False,1.0,0.4792328853121811,-37.38723753962631,-17.187071267508525
2658,1058,hibrido,4.839099884033203,5.181685447692871,170.20641535361682,253.1366011173392,204247698.4243402,False,1.0,0.47917198717897697,-48.81200039227109,-24.64523271644593
2659,3056,hibrido,5.529102325439453,5.887722015380859,633.2461579757164,860.2417880574152,759895389.5708597,False,1.0,0.47916224787781386,-38.20173465669397,-23.923725115007596
2660,444,hibrido,6.0945916175842285,6.088844299316406,926.5687529417182,1203.7476312482925,1111882503.530062,False,1.0,0.4790796505151207,-52.50895397252876,-5.9365105288205084
2661,58,hibrido,5.386934757232666,5.55106782913208,440.99858175645693,829.317641076339,529198298.1077483,False,1.0,0.4790623553549156,-54.32016666236188,-11.72488810495214
2662,403,hibrido,5.534646511077881,5.299671649932861,487.91997772855973,672.5346383465445,585503973.2742717,False,1.0,0.47871203393562667,-52.414622468946746,-20.75418778621419
2663,1721,hibrido,5.061640739440918,4.818129539489746,169.86881822634257,267.29048058849924,203842581.8716111,False,1.0,0.4783906501372595,-45.1860361447223,-25.55283059349623
2664,473,hibrido,5.740507125854492,5.111667633056641,573.5727100158863,572.3130186866695,688287252.0190636,False,1.0,0.4783604782288277,-52.011032798116226,-22.194396456726754
2665,147,hibrido,6.3031005859375,5.862950801849365,959.5605977991839,1243.0768609014278,1151472717.3590207,False,1.0,0.47825558633983467,-53.953927015506174,-6.300224140477865
2666,3813,hibrido,5.655864715576172,7.078888416290283,1056.3898605949748,1121.8749122663112,1267667832.7139697,False,1.0,0.4780315269756234,-35.0686590678425,-17.68360609484118
2667,258,hibrido,5.595741271972656,5.1306867599487305,458.83487993231546,708.8973246781742,550601855.9187785,False,1.0,0.4775000913537452,-53.18845498275516,-19.675723942115056
2668,3964,hibrido,5.780213832855225,6.759494304656982,1056.881222362868,997.4898205293496,1268257466.8354416,False,1.0,0.47743256653883054,-34.43000385736876,-16.589866335359478
2669,2096,hibrido,4.467215538024902,5.82921838760376,170.97981320483396,334.45791025662623,205175775.84580076,False,1.0,0.47725637666318,-43.35476928927365,-23.647253619905413
2670,2610,hibrido,5.254858016967773,5.686985015869141,482.4376952418406,642.269292606735,578925234.2902087,False,1.0,0.4770866448835822,-40.47219249377342,-24.845177050686864
2671,190,hibrido,5.451925277709961,4.8924880027771,316.29400093362574,636.7297816657373,379552801.1203509,False,1.0,0.47692566658215596,-53.575324775009925,-17.508833418075092
2672,1864,hibrido,5.416984558105469,4.951653003692627,367.5238910786328,481.5282342240107,441028669.2943594,False,1.0,0.4765589322588561,-44.24214594405839,-27.28293621885212
2673,381,hibrido,5.202845573425293,4.372870922088623,132.2682541128877,181.42972271338488,158721904.93546522,False,1.0,0.4762398655835059,-52.31049872445759,-28.69533483537319
2674,848,hibrido,5.301863193511963,4.9351701736450195,290.73453756047604,505.9249787055849,348881445.0725713,False,1.0,0.4759596990770999,-50.11972903705065,-20.357095031182304
2675,3668,hibrido,5.419122695922852,7.141783237457275,987.8087448459704,1013.6760800473533,1185370493.8151646,False,1.0,0.4758377801261551,-35.92340109842829,-16.719339369831598
2676,3584,hibrido,5.658385276794434,6.5308732986450195,863.1911597513613,1168.994234333608,1035829391.7016336,False,1.0,0.4753861004370576,-35.92815094545877,-20.194874735793753
2677,450,hibrido,5.022605895996094,4.709499835968018,185.46326188959026,79.69785477058825,222555914.2675083,False,1.0,0.47517729439683404,-51.86357047986039,-30.49268424193302
2678,3072,hibrido,5.23567533493042,6.564460277557373,682.7297514018301,1003.193630461019,819275701.6821961,False,1.0,0.47517691597541095,-38.796164648031876,-18.3488303431167
2679,3140,hibrido,5.42776346206665,6.037872314453125,627.0224672480906,938.2638866519497,752426960.6977087,False,1.0,0.47512463338067734,-38.21423595373536,-20.408448722000234
2680,4036,hibrido,5.909896373748779,6.82793664932251,1146.3106070609558,1077.4080605019772,1375572728.473147,False,1.0,0.47489414600044777,-33.98231674252359,-17.237279686101253
2681,751,hibrido,5.120804786682129,4.18379545211792,26.11546352448372,179.14174036149694,31338556.229380462,False,1.0,0.47483692230192526,-50.264803600137526,-28.654386359441993
2682,176,hibrido,5.888129234313965,5.231254577636719,679.9859672300086,718.5780495946494,815983160.6760103,False,1.0,0.47426570957904435,-53.56150073535533,-22.56716363070622
2683,2240,hibrido,4.923274993896484,5.61927604675293,340.461932505568,455.34182595850575,408554319.00668156,False,1.0,0.47425805675833194,-42.44390284153242,-25.008266515894128
2684,626,hibrido,5.606424808502197,4.722718715667725,375.1052209666771,594.6897381183309,450126265.16001254,False,1.0,0.4740548681386265,-51.26890560138296,-20.378826635305494
2685,525,hibrido,4.950196743011475,4.611626625061035,132.38691955734734,24.222960723491834,158864303.46881682,False,1.0,0.4740447717767209,-51.45636546209855,-30.12473258762275
2686,664,hibrido,6.036349773406982,5.6493611335754395,802.6031294851815,1084.526035801218,963123755.3822178,False,1.0,0.47400460029545033,-51.421650111074726,-6.655205131744905
2687,1725,hibrido,4.742693901062012,4.847042560577393,57.177004020117614,151.127702895816,68612404.82414113,False,1.0,0.47391137666934013,-45.28734619793464,-24.125204470426443
2688,2612,hibrido,4.972320556640625,5.925511360168457,428.3210160055061,623.063026515154,513985219.20660734,False,1.0,0.47383107037949945,-40.54853688669195,-24.142570474284614
2689,3669,hibrido,5.245003700256348,7.254488468170166,951.7281121865386,974.3505248228828,1142073734.6238463,False,1.0,0.4736696549280655,-35.95650800754763,-16.375140366960476
2690,3585,hibrido,5.658385276794434,6.5308732986450195,870.1545433579817,1179.489875029689,1044185452.029578,False,1.0,0.4736164854229624,-35.96873416265375,-19.850802600750885
2691,3446,hibrido,5.425808906555176,6.973906517028809,936.0043867082973,1041.8992922353575,1123205264.0499568,False,1.0,0.4736020754622566,-37.04466761676332,-16.810887050894888
2692,833,hibrido,5.067145347595215,4.864571571350098,170.87301234071163,417.4055620056347,205047614.80885395,False,1.0,0.47355129043536304,-49.961253475741394,-25.761978492067183
2693,628,hibrido,5.45248556137085,4.774384498596191,318.2170742553137,560.6420163560878,381860489.10637647,False,1.0,0.4734644943337677,-51.28134792960363,-19.65700291833312
2694,233,hibrido,5.346334934234619,4.360557556152344,210.34461238467296,235.89560560023074,252413534.86160755,False,1.0,0.4734428983968181,-53.12912162795195,-28.703077945258638
2695,3281,hibrido,5.567451000213623,6.0435357093811035,709.0708368501886,972.9679694379554,850885004.2202263,False,1.0,0.47343103571723105,-37.1661831076376,-22.764913563852144
2696,2014,hibrido,5.123351097106934,5.35910701751709,367.96828907002936,457.86089311371984,441561946.8840352,False,1.0,0.47340521040183986,-43.50345664903903,-26.51515674107201
2697,3205,hibrido,5.793832302093506,5.591005802154541,692.2315958244387,935.6998694110653,830677914.9893265,False,1.0,0.4731729679127844,-37.46611059232806,-23.49740740389645
2698,2094,hibrido,4.711597919464111,5.537500858306885,227.3257203079464,351.2326906034828,272790864.3695357,False,1.0,0.47314884973464955,-43.29552361382479,-24.357139516959027
2699,3062,hibrido,5.201403617858887,6.156391620635986,573.95156843834,862.5015978386484,688741882.126008,False,1.0,0.47297265608195616,-38.44752889799139,-21.835417529661846
2700,294,hibrido,6.510693550109863,5.174135684967041,888.9437263813032,1168.0807629452504,1066732471.6575639,False,1.0,0.47287967546713905,-53.23038981381763,-6.661328179970092
2701,552,hibrido,5.6057257652282715,4.8104658126831055,403.22878210207745,626.5948862475523,483874538.52249295,False,1.0,0.4728113899412784,-51.65202901497382,-20.38439887128801
2702,452,hibrido,4.930024147033691,4.628224849700928,120.85502199837309,68.9329243180193,145026026.39804772,False,1.0,0.4726315262348846,-51.87905137474476,-29.771518367956784
2703,1946,hibrido,4.760214805603027,5.225189208984375,170.53541521343735,276.57718026841985,204642498.25612482,False,1.0,0.4726181142323573,-44.0819505546805,-24.410037068302355
2704,3888,hibrido,5.507423400878906,7.342176914215088,1109.0024598385753,1079.0202757292743,1330802951.8062904,False,1.0,0.472570268153503,-34.730923183893005,-17.306978379395918
2705,219,hibrido,6.387133598327637,5.304413795471191,870.1312131010959,1153.99949015422,1044157455.7213151,False,1.0,0.47252280769167937,-53.591834744710965,-7.023446280545327
2706,2018,hibrido,5.149786472320557,4.890986442565918,255.27647486380437,350.18849069069694,306331769.83656526,False,1.0,0.4724910224807534,-43.62924598942351,-25.094634540423097
2707,1491,hibrido,5.160092353820801,5.1760783195495605,310.06698899702883,520.0401915732346,372080386.7964346,False,1.0,0.47247854791766597,-46.18109928751138,-28.48117703914774
2708,1869,hibrido,4.806314468383789,5.338280200958252,226.65912332085162,314.82323185648596,271990947.98502195,False,1.0,0.47244863539769755,-44.39202453313029,-25.50336357504592
2709,760,hibrido,4.972712993621826,5.1713175773620605,227.44111843952237,432.02027201730664,272929342.12742686,False,1.0,0.4724114427259767,-50.37073537806231,-25.412134103563947
2710,2540,hibrido,5.162995338439941,5.325472831726074,348.9152154216852,573.8209586998587,418698258.5060223,False,1.0,0.47236405763160877,-41.01188081889144,-23.47199286558506
2711,184,hibrido,5.775773048400879,4.859278678894043,486.95844106771574,741.4705700311263,584350129.281259,False,1.0,0.4722180550757832,-53.56991614025881,-19.67704212977396
2712,182,hibrido,5.615660667419434,5.319383144378662,543.8465877790791,789.6179688155186,652615905.3348949,False,1.0,0.4720800935955656,-53.56794487947104,-20.399664270835835
2713,836,hibrido,5.048111915588379,5.062644958496094,255.39187299538037,364.65591914877933,306470247.59445643,False,1.0,0.47207035138792036,-49.99683737201529,-24.68138729399245
2714,4189,hibrido,5.367339134216309,7.085169315338135,1000.5021331796831,882.7401951008468,1200602559.8156197,False,1.0,0.4720034457495195,-33.42008200715613,-15.469678610138159
2715,1052,hibrido,4.753972053527832,4.873072147369385,1.1686940442793792,418.7900028310563,1402432.853135255,False,1.0,0.4719278724115758,-48.71727041746842,-26.802564135340443
2716,969,hibrido,5.038316249847412,4.858361721038818,223.9927353724722,218.1668500329052,268791282.44696665,False,1.0,0.47181146865018797,-48.96805919866961,-30.053115928967063
2717,235,hibrido,5.283538341522217,4.56221866607666,237.60086445709496,293.3372406318359,285121037.34851396,False,1.0,0.4717650690722717,-53.13498916911366,-27.9813023021839
2718,977,hibrido,4.938491344451904,4.535717010498047,1.390893039977659,378.9416504599094,1669071.6479731908,False,1.0,0.4717561113119773,-49.10368822053981,-27.17664034904046
2719,704,hibrido,5.1484808921813965,4.927586078643799,233.2053664085501,474.7192336142989,279846439.6902601,False,1.0,0.47173053681208804,-50.91356075194579,-18.92919386226266
2720,3438,hibrido,5.232242584228516,6.94502067565918,801.4517738249564,1115.4262612950056,961742128.5899477,False,1.0,0.4717131688845758,-36.76685392162741,-19.577816960858012
2721,2169,hibrido,4.8925371170043945,5.24329137802124,227.5479193036447,379.79992297598164,273057503.16437364,False,1.0,0.47159459424656996,-42.93351216389046,-23.97480674527733
2722,2987,hibrido,5.281463623046875,5.860707759857178,537.674143466738,817.6951924343336,645208972.1600856,False,1.0,0.4714672202112452,-38.794500260117516,-22.219188838588085
2723,47,hibrido,5.316697597503662,4.9168381690979,261.50410647534125,690.8084881483173,313804927.7704095,False,1.0,0.4714222041632298,-54.3256032336177,-15.701790680236362
2724,63,hibrido,5.9994215965271,5.029763698577881,616.0223905840904,954.7109110433736,739226868.7009085,False,1.0,0.471367239449024,-54.318253545656695,-9.916818902714478
2725,1348,hibrido,4.878857612609863,4.918868541717529,112.41191614473868,358.22339270056034,134894299.37368643,False,1.0,0.471301043175125,-47.110369112780724,-26.73382032509981
2726,315,hibrido,5.249271392822266,5.153457164764404,369.6390801714932,491.0007540856507,443566896.2057919,False,1.0,0.47129190864839626,-52.752443884084194,-25.812643953753696
2727,293,hibrido,6.190351486206055,5.5372633934021,852.8630937218715,1133.3453286575057,1023435712.4662458,False,1.0,0.471227211774125,-53.22981050521402,-7.022991539070362
2728,1202,hibrido,4.8721842765808105,4.568504333496094,0.7242960528828197,309.11522699348797,869155.2634593836,False,1.0,0.47099698865047074,-47.95128161501706,-26.052407209379496
2729,153,hibrido,5.335089683532715,4.650225639343262,320.2996939139191,239.60745599901847,384359632.6967029,False,1.0,0.47095041060498427,-53.528426649266926,-30.87012998461191
2730,964,hibrido,5.263367176055908,4.977871417999268,376.7666580943325,302.6495902083466,452119989.713199,False,1.0,0.47078866750750414,-48.872738098892505,-31.84996041533682
2731,2468,hibrido,4.96355676651001,5.384793281555176,275.7258826326121,535.1013457993043,330871059.15913457,False,1.0,0.4707506899390344,-41.468752345285665,-22.798148018582364
2732,907,hibrido,5.019237518310547,4.788601398468018,142.47785979345716,384.7884306276706,170973431.7521486,False,1.0,0.4707278684525099,-49.56274867252697,-25.750401168284824
2733,3890,hibrido,5.633188724517822,6.8415350914001465,1039.6131029836436,999.1617763704722,1247535723.5803723,False,1.0,0.4706318182813181,-34.80317490665036,-16.62300800106102
2734,4185,hibrido,5.881089210510254,6.769373416900635,1144.7662131599725,1041.8979087208324,1373719455.791967,False,1.0,0.470571557364289,-33.273177927449055,-16.826523459238174
2735,611,hibrido,5.189905643463135,4.9009881019592285,256.05846998247523,470.3421686361854,307270163.9789703,False,1.0,0.47053050717831835,-51.15718046999763,-25.79021944776894
2736,383,hibrido,5.349484920501709,4.214657783508301,172.34908145264927,251.6281865846029,206818897.7431791,False,1.0,0.4704907068497703,-52.321876921996434,-27.97378809460968
2737,3667,hibrido,5.5650787353515625,6.938182830810547,1019.2082736428995,1053.052441855442,1223049928.3714793,False,1.0,0.4703830785878528,-35.88950407296433,-17.063464114665607
2738,165,hibrido,5.3483662605285645,4.941464424133301,370.0834781628899,448.78918544269936,444100173.79546785,False,1.0,0.4703638946142773,-53.54746230944038,-26.539360669906895
2739,1493,hibrido,4.994758129119873,5.210693836212158,253.72108189391642,472.06665758580147,304465298.2726997,False,1.0,0.47034932713172856,-46.23314328186446,-27.765948817075895
2740,700,hibrido,5.352850437164307,4.969033241271973,346.9816598312768,563.8178941599094,416377991.79753214,False,1.0,0.47031757418876363,-50.8858117382003,-20.37241747066648
2741,296,hibrido,6.179650783538818,5.933377742767334,961.1049917001668,1238.5050416969227,1153325990.0402002,False,1.0,0.470186630053868,-53.23145466979087,-5.9379857551657205
2742,46,hibrido,5.218358993530273,5.096927642822266,275.9006776706549,690.8511652481993,331080813.2047859,False,1.0,0.47016207931894416,-54.326184609889296,-16.063260563921954
2743,3144,hibrido,5.326759338378906,6.318922519683838,678.7024227512619,999.0668158659649,814442907.3015143,False,1.0,0.4701003350827305,-38.35372379932246,-19.01595489741913
2744,257,hibrido,5.538050174713135,5.204314231872559,487.2789532879971,733.3446544176236,584734743.9455966,False,1.0,0.4700124397448316,-53.18661565992685,-20.03701620116438
2745,1207,hibrido,4.996246337890625,4.616518497467041,141.589063810664,163.6962141312515,169906876.5727968,False,1.0,0.469867795255385,-48.03949306808975,-24.25686077926382
2746,629,hibrido,5.071530818939209,5.229474067687988,289.7730008996321,531.2819451823945,347727601.07955855,False,1.0,0.46978764749736257,-51.287366570132775,-19.296066500018984
2747,605,hibrido,5.083211421966553,4.378956317901611,87.02074867313782,230.69840831134897,104424898.40776537,False,1.0,0.46978359658296065,-51.102509491467174,-27.953527863498042
2748,828,hibrido,4.733977794647217,4.843676567077637,30.008244582930487,303.1942725562672,36009893.499516584,False,1.0,0.46934291957297747,-49.897250987177095,-27.562495815244496
2749,148,hibrido,6.785209655761719,5.063952922821045,995.6412304586155,1277.3335965524109,1194769476.5503385,False,1.0,0.4692987452505668,-53.95395798194678,-5.9385177567830905
2750,3738,hibrido,5.896919250488281,6.43315315246582,1004.2074582513965,1165.8996020713823,1205048949.9016757,False,1.0,0.46907337352642553,-35.40696147282229,-18.061019843535416
2751,183,hibrido,5.810079574584961,4.852259635925293,515.4025144233974,764.8774878693412,618483017.3080769,False,1.0,0.4690477414603269,-53.56894128391318,-20.0383605942289
2752,451,hibrido,5.132546901702881,4.319942474365234,151.33168513724084,62.86293069077973,181598022.164689,False,1.0,0.4690067136408384,-51.8713810226371,-30.132112116275177
2753,61,hibrido,5.815401077270508,5.03854513168335,544.1225876622163,901.3272735911914,652947105.1946596,False,1.0,0.46875198210972024,-54.31897818133878,-10.640071849084084
2754,688,hibrido,5.211001396179199,4.963719844818115,312.1821780898894,441.4798671139028,374618613.7078673,False,1.0,0.4683597401918261,-50.787069716673905,-24.70035175858018
2755,2687,hibrido,5.168376922607422,5.573823928833008,437.9335692911988,656.8798318979073,525520283.14943856,False,1.0,0.4683435859081192,-40.19496681666783,-23.75743175418304
2756,2017,hibrido,5.13180685043335,4.951662063598633,283.4494284153606,373.60826224789855,340139314.0984327,False,1.0,0.46829261971338854,-43.59868072836997,-25.449843638246485
2757,599,hibrido,5.070618152618408,4.29149866104126,123.90041974622247,20.536689056171635,148680503.69546697,False,1.0,0.4680619279364546,-51.041417022794406,-30.116046605983353
2758,697,hibrido,5.5169219970703125,4.842617988586426,432.3138798983218,493.906956417819,518776655.87798613,False,1.0,0.4679925440372444,-50.86336146462984,-21.454653802714308
2759,3735,hibrido,5.648169040679932,6.812583923339844,966.3450553745374,1279.7513517810996,1159614066.449445,False,1.0,0.4679203373107756,-35.2910687899585,-19.090095027373227
2760,826,hibrido,4.767707824707031,4.695435523986816,26.337662520182,234.7909004005991,31605195.0242184,False,1.0,0.46790677974092254,-49.86993083369799,-28.28253208096801
2761,972,hibrido,5.122513771057129,4.441001892089844,139.4738747178035,244.1245060482051,167368649.66136423,False,1.0,0.4677562365200634,-49.02125966046158,-28.97465036655948
2762,109,hibrido,6.055468559265137,4.537800312042236,543.5260755587977,797.1704715653515,652231290.6705573,False,1.0,0.46768610904946784,-53.95127141452262,-20.038878963805793
2763,2984,hibrido,5.238193988800049,5.943819999694824,565.7593405254376,813.5593964506959,678911208.6305251,False,1.0,0.467612417486287,-38.675557439250426,-23.265331275646066
2764,2836,hibrido,5.148813724517822,5.808327674865723,491.09031427912765,733.6275793956282,589308377.1349531,False,1.0,0.46750948363180755,-39.45354566905802,-23.337602396296845
2765,2391,hibrido,5.018748760223389,5.313453197479248,312.7333769454082,498.14875383519666,375280052.3344899,False,1.0,0.46747917116980736,-41.75876039121761,-23.887045066250177
2766,3440,hibrido,5.68535852432251,6.231939792633057,826.1143067847476,1144.3222601921286,991337168.141697,False,1.0,0.4674069062829042,-36.84098315787937,-18.886537578907927
2767,2235,hibrido,5.343672752380371,5.317394733428955,481.3267002633491,569.2907442647888,577592040.3160189,False,1.0,0.4673368146934236,-42.26796928704057,-26.77674787642434
2768,1722,hibrido,4.8624796867370605,4.853901386260986,141.69586467478635,233.43745716050935,170035037.60974362,False,1.0,0.4673040001875316,-45.21209582389094,-25.195985996703865
2769,2385,hibrido,5.4769206047058105,5.11332368850708,481.77109825474565,583.3173309559357,578125317.9056948,False,1.0,0.4672973169141993,-41.544376286748445,-26.004106990819025
2770,906,hibrido,5.093229293823242,4.553054332733154,114.30490624190092,410.1381364279258,137165887.4902811,False,1.0,0.467141979982244,-49.5492195447036,-26.110366534398835
2771,687,hibrido,5.148692607879639,4.9762492179870605,284.00922453833317,453.272134235688,340811069.4459998,False,1.0,0.4671176501497275,-50.77772169768419,-25.06088550002616
2772,1121,hibrido,5.266786098480225,4.352646350860596,168.09122626075626,333.56675792955787,201709471.5129075,False,1.0,0.4670231788605679,-48.22128642940874,-28.582840291380638
2773,406,hibrido,5.356546401977539,5.137537479400635,402.58775766151473,646.2577182231959,483105309.1938177,False,1.0,0.4670189633234835,-52.425560956375826,-19.670659331842185
2774,3211,hibrido,5.674648761749268,5.584840774536133,653.3026010812092,947.9595550285293,783963121.297451,False,1.0,0.46690596703859305,-37.71782894765687,-21.416264348937748
2775,231,hibrido,5.23864221572876,4.3956756591796875,211.74404626283547,195.05572727172,254092855.51540256,False,1.0,0.4667561335715412,-53.123034557805695,-29.42477541855769
2776,3590,hibrido,5.529246807098389,6.796745777130127,930.3325666635155,1178.3032329203102,1116399079.9962187,False,1.0,0.4666999142603103,-36.15918763597093,-18.129152319266705
2777,377,hibrido,5.035550594329834,4.54521369934082,177.4155049116915,102.55117885161401,212898605.8940298,False,1.0,0.466510603506429,-52.28645281892199,-30.138183160571078
2778,597,hibrido,4.86929178237915,4.877906322479248,203.81854474455855,91.77012366445781,244582253.69347027,False,1.0,0.466347151635755,-51.01952635111706,-30.83670239441852
2779,2686,hibrido,5.241292953491211,5.488234996795654,460.1259176122248,662.4517100603555,552151101.1346698,False,1.0,0.46624614988835733,-40.1568754854679,-24.108280697336813
2780,3052,hibrido,5.705097198486328,5.653338432312012,716.0453144714071,895.2209516934263,859254377.3656886,False,1.0,0.46616959050797685,-38.02146717492963,-25.314193558332786
2781,1120,hibrido,5.042963981628418,4.767232894897461,196.26417981231245,317.5953116713725,235517015.77477494,False,1.0,0.46610438504685836,-48.201408923558,-28.941905728228406
2782,903,hibrido,5.0315141677856445,4.35286808013916,29.786045587232213,357.43778575033457,35743254.704678655,False,1.0,0.46606533977978276,-49.50706577898934,-27.190113715402493
2783,1643,hibrido,4.953722953796387,5.148468494415283,254.16547988531295,402.7580989778229,304998575.86237556,False,1.0,0.46604918397701167,-45.47876592016933,-27.00447127194913
2784,974,hibrido,5.02236795425415,4.454537391662598,83.12796761469104,289.1310679489151,99753561.13762926,False,1.0,0.4658644802850598,-49.05514452074255,-28.25552971583367
2785,3219,hibrido,5.171891212463379,6.697556972503662,732.2321332805416,1052.9093413530709,878678559.9366499,False,1.0,0.4657406960481393,-38.009083700322506,-18.63687949514915
2786,588,hibrido,5.8766303062438965,5.569322109222412,747.7099835455425,1025.064798962084,897251980.2546511,False,1.0,0.46573785816410374,-51.779969645964364,-7.379799589642496
2787,1270,hibrido,4.904801368713379,5.07757568359375,196.7085778037091,423.0092073915086,236050293.3644509,False,1.0,0.46561841715416885,-47.42697849811942,-28.187207230445487
2788,542,hibrido,5.397395610809326,4.990441799163818,425.3183902875109,508.067611197806,510382068.3450131,False,1.0,0.4655575453801586,-51.59121837774754,-23.993565697815775
2789,380,hibrido,4.659010887145996,5.040764808654785,127.24084890600653,150.0558038992685,152689018.68720785,False,1.0,0.46539255795238765,-52.304650803236946,-29.056077823607033
2790,3366,hibrido,5.386246681213379,6.547176837921143,788.8015470116303,1107.627510501412,946561856.4139564,False,1.0,0.46525142588142254,-37.21895771621477,-18.919844502440025
2791,753,hibrido,4.776097297668457,4.66246223449707,30.230443578628716,249.98352573668927,36276532.29435446,False,1.0,0.4652247670350252,-50.289902607686805,-27.934049617936275
2792,4258,hibrido,5.8205389976501465,6.967475414276123,1198.1149651986289,1086.0907830076922,1437737958.2383547,False,1.0,0.4650992051621352,-32.860411556132455,-17.128864997402356
2793,3064,hibrido,5.359583377838135,5.78807258605957,575.4652943663112,877.9559767202962,690558353.2395735,False,1.0,0.4650480824372216,-38.52318788119866,-21.138674001104288
2794,843,hibrido,4.975287437438965,5.583274841308594,432.9549043388844,385.6369498849632,519545885.2066612,False,1.0,0.46501060786984055,-50.07215633366923,-22.15924073279465
2795,3433,hibrido,5.630793571472168,6.06441068649292,773.2885557791361,1066.269908336949,927946266.9349633,False,1.0,0.4649432129491693,-36.567327843082154,-21.30456071594653
2796,4261,hibrido,5.6115217208862305,6.897366046905518,1089.9431400555632,967.1879025409899,1307931768.066676,False,1.0,0.46491369322640724,-32.9762595430533,-16.113922925535924
2797,973,hibrido,4.838088035583496,4.795114040374756,111.30092116624726,264.5690353259053,133561105.39949672,False,1.0,0.46481413110215875,-49.038357238202025,-28.615104167308374
2798,3350,hibrido,5.947951793670654,5.623437881469727,812.0890737534538,1030.9496475299923,974506888.5041445,False,1.0,0.4647779912833843,-36.54548324727119,-24.450971321634402
2799,685,hibrido,5.30618143081665,4.5384521484375,227.6633174352207,473.55755655312686,273195980.9222649,False,1.0,0.4645897664430554,-50.758476526057954,-25.7818902462481
2800,3965,hibrido,5.249207019805908,7.278505802154541,1020.8005897034361,957.4997086277015,1224960707.6441233,False,1.0,0.4645302803380555,-34.46545932079088,-16.248477614985916
2801,321,hibrido,5.772401332855225,4.783268451690674,538.6768014808306,627.1182850831101,646412161.7769967,False,1.0,0.46440291861486,-52.77386764535928,-23.64647892523267
2802,3367,hibrido,5.51965856552124,6.372358798980713,804.411481532666,1124.4054195048552,965293777.8391992,False,1.0,0.4642601346059094,-37.25413328892531,-18.573433854268583
2803,540,hibrido,5.250868797302246,5.059135913848877,368.9724831843985,519.2639085894352,442766979.8212782,False,1.0,0.46423142433551967,-51.57751496177304,-24.715181718403446
2804,393,hibrido,5.551182270050049,4.870334148406982,453.93574183046366,591.4510849196064,544722890.1965563,False,1.0,0.46414808824331566,-52.372784965560925,-24.36488728001705
2805,144,hibrido,6.377598285675049,5.119997501373291,851.3186998208885,1142.5484575236364,1021582439.7850661,False,1.0,0.4640679472426596,-53.95382288029269,-7.385312149353843
2806,385,hibrido,4.968738079071045,4.951915264129639,228.55211341801382,326.3690308283795,274262536.10161656,False,1.0,0.4639823002385607,-52.332841572353914,-27.252161535738246
2807,2843,hibrido,5.027128219604492,5.902811050415039,462.23300850786745,773.7902448313918,554679610.209441,False,1.0,0.46395165761842666,-39.7080079889335,-20.887217288577403
2808,145,hibrido,6.501563549041748,5.044943809509277,887.3993324803203,1175.6521647845548,1064879198.9763843,False,1.0,0.4638586518097501,-53.95385947143784,-7.023621618377662
2809,678,hibrido,4.657540321350098,4.786951065063477,30.45264257432705,198.63725574163556,36543171.08919246,False,1.0,0.4637263440427171,-50.685090776306325,-28.304721560912675
2810,766,hibrido,5.306998252868652,4.920764923095703,396.4788397488598,390.04434079718476,475774607.69863176,False,1.0,0.46353232797687793,-50.43189692352449,-23.249632884187214
2811,768,hibrido,5.085621356964111,5.453230381011963,452.82474685197224,407.7159287697477,543389696.2223667,False,1.0,0.4634410569189375,-50.450720543114336,-22.528633921981122
2812,684,hibrido,4.822112083435059,5.193297386169434,199.49036388366446,433.88565241151724,239388436.66039735,False,1.0,0.46338682983765583,-50.7485745828963,-26.142360740867158
2813,2983,hibrido,5.164752006530762,6.0370965003967285,580.3565114118568,816.1066389638592,696427813.6942282,False,1.0,0.4633296381053318,-38.634341547942164,-23.61388457520966
2814,3736,hibrido,5.501238822937012,6.977090835571289,977.4930777762344,1245.3442825922837,1172991693.3314812,False,1.0,0.4632393948023602,-35.33054369002071,-18.74715728579501
2815,895,hibrido,5.082907676696777,4.531296730041504,195.59758282521764,178.21832308183716,234717099.39026117,False,1.0,0.4631867428658143,-49.382510516795975,-30.068291254373985
2816,1192,hibrido,5.089260578155518,4.900853157043457,281.0052394626796,339.26654088903945,337206287.3552155,False,1.0,0.4631619519873048,-47.74798548332944,-29.641191401568765
2817,1268,hibrido,5.2443156242370605,4.616364479064941,253.0544849068215,393.6201081474273,303665381.8881858,False,1.0,0.4630947327652946,-47.38210950093974,-28.904268671744237
2818,4262,hibrido,5.784821033477783,6.4503703117370605,1054.2088331008558,927.616401743791,1265050599.721027,False,1.0,0.46306212356098,-33.01308896981886,-15.775425026068945
2819,3362,hibrido,5.281991958618164,6.507986545562744,744.800695725636,1053.111257394118,893760834.8707633,False,1.0,0.46291890065448926,-37.07044421036326,-20.304716900771826
2820,1347,hibrido,5.022963523864746,4.661219120025635,140.58486969629493,397.5866618557092,168701843.63555393,False,1.0,0.4628875699377503,-47.088469325104306,-27.092210569963548
2821,2534,hibrido,5.27312707901001,5.49577522277832,510.3884497976984,634.1745976379235,612466139.757238,False,1.0,0.46273312754151125,-40.788986541123094,-25.583100297217644
2822,2980,hibrido,5.41212272644043,5.799535274505615,637.3412172276545,835.2745117528043,764809460.6731855,False,1.0,0.4626212698898697,-38.5058615832662,-24.6590390793236
2823,672,hibrido,4.7734150886535645,4.855655670166016,166.94811811142534,76.52946732186193,200337741.7337104,False,1.0,0.46255191635336246,-50.614185680915575,-30.466251662750643
2824,1489,hibrido,5.159102916717529,5.1585540771484375,366.4128961001413,502.83377059573723,439695475.32016957,False,1.0,0.4624778366702433,-46.12712155757116,-29.196240058739598
2825,468,hibrido,5.230574607849121,5.323911190032959,453.7135428347654,547.9944930349018,544456251.4017185,False,1.0,0.46231119108157626,-51.984272662699745,-23.999232753626693
2826,4408,hibrido,5.670950412750244,7.005788326263428,1162.4369894189585,1020.8604519026746,1394924387.3027503,False,1.0,0.4621317684635787,-32.193559228321874,-16.38068089942076
2827,2394,hibrido,4.809220314025879,5.359747409820557,239.5157511459949,495.27640477268926,287418901.3751939,False,1.0,0.4621252833851487,-41.85703622783135,-22.82768335536187
2828,2458,hibrido,5.749194145202637,4.79141092300415,538.3392043535564,638.6274315693688,646007045.2242677,False,1.0,0.4620146190446227,-41.107458606107805,-26.32197944539063
2829,763,hibrido,5.275235176086426,4.7135796546936035,311.95997909419106,393.68521893882297,374351974.91302925,False,1.0,0.4619972271729875,-50.40221368806466,-24.330978524929076
2830,2755,hibrido,5.5391058921813965,5.474167346954346,623.7468609910183,759.8899751621193,748496233.1892219,False,1.0,0.4617172704988675,-39.558504605316,-25.82331670041876
2831,1868,hibrido,5.045409679412842,4.879964351654053,254.83207687240784,345.3473931047242,305798492.2468894,False,1.0,0.46167369046175877,-44.3631595192668,-25.85937532209442
2832,256,hibrido,5.630349636077881,5.01959753036499,515.7230266436787,759.1135273395769,618867631.9724145,False,1.0,0.4615806441424892,-53.184735682192134,-20.398293556262796
2833,3661,hibrido,5.543959140777588,6.737910747528076,927.774648683782,1241.9053060655976,1113329578.4205384,False,1.0,0.46156806940687245,-35.66914874772706,-19.12655064759012
2834,2906,hibrido,5.443837642669678,5.602795124053955,604.2738285502074,796.3973736974648,725128594.2602489,False,1.0,0.46148897937231254,-38.898668835439466,-24.698058399475684
2835,1644,hibrido,4.960864543914795,4.9471821784973145,225.99252633375676,363.9545736552346,271191031.6005081,False,1.0,0.46131977854989636,-45.50563139628538,-26.647423492301836
2836,255,hibrido,5.444097518920898,5.377129554748535,544.1670999993604,743.3931486586257,653000519.9992325,False,1.0,0.46085474169501456,-53.18281461966902,-20.759555784465157
2837,3513,hibrido,5.576674461364746,6.387380123138428,851.029884391441,1166.6444715210173,1021235861.2697291,False,1.0,0.4605698874845159,-36.4257746071166,-19.19761945623941
2838,3588,hibrido,5.31070613861084,7.005611419677734,901.4315184679587,1218.336120073009,1081717822.1615503,False,1.0,0.4604875172083562,-36.08546776046177,-18.81806281484426
2839,616,hibrido,5.241459846496582,5.046482563018799,396.9232377402564,468.15321284800655,476307885.28830767,False,1.0,0.4604232793226103,-51.19820151926584,-23.986895145176696
2840,2313,hibrido,4.893510341644287,5.648670196533203,397.0300386043787,508.84385249952487,476436046.32525444,False,1.0,0.4604169571892218,-42.014187677662726,-25.3308654011853
2841,823,hibrido,4.596690654754639,5.0186591148376465,110.85652317485071,154.68279448899298,133027827.80982085,False,1.0,0.4603605618974197,-49.82702056414778,-29.362396309433894
2842,69,hibrido,6.25797700881958,5.193889617919922,832.506186540681,1133.807361196373,999007423.8488172,False,1.0,0.46034285754251425,-54.31639819155883,-7.746881883673645
2843,37,hibrido,5.468768119812012,5.28265380859375,514.7614899828347,788.5467770323289,617713787.9794017,False,1.0,0.4601627207008014,-54.33210962831549,-19.31591149275622
2844,4184,hibrido,6.160703182220459,6.278738498687744,1180.8468458194045,1081.726167860603,1417016214.9832854,False,1.0,0.46000190412712744,-33.234244353214194,-17.165508838862042
2845,819,hibrido,4.798452854156494,5.0351786613464355,232.84555355859663,164.70205496873447,279414664.27031595,False,1.0,0.4599855362195195,-49.766042016893614,-30.801848039381955
2846,2772,hibrido,4.906054973602295,6.047394752502441,463.9097326082345,784.6420496134276,556691679.1298814,False,1.0,0.4598395771500782,-40.18700782683012,-19.86521794857762
2847,146,hibrido,6.201973915100098,5.597755432128906,923.479965139752,1209.172877356906,1108175958.1677024,False,1.0,0.45982468758522177,-53.953894180858256,-6.661925521691343
2848,745,hibrido,5.073001861572266,4.510014057159424,216.31466494115173,133.01038733777892,259577597.9293821,False,1.0,0.459730361029686,-50.18376779894247,-30.814803051648692
2849,2306,hibrido,5.621132850646973,5.15756893157959,594.2407134652723,683.50577794209,713088856.1583267,False,1.0,0.4596484637062196,-41.75027383247265,-27.802316827373467
2850,404,hibrido,5.513097763061523,4.962376594543457,459.4759043728781,692.9297837214468,551371085.2474537,False,1.0,0.459578770530079,-52.41834802073467,-20.393027140456603
2851,3509,hibrido,5.612977981567383,6.175628662109375,818.273829419443,1120.742584789754,981928595.3033316,False,1.0,0.45929701231517045,-36.268076591495294,-20.576826407070406
2852,3516,hibrido,5.535676956176758,6.57069730758667,893.7906451111589,1186.4808561500595,1072548774.1333908,False,1.0,0.4592912282777113,-36.53550557924079,-18.1623455297104
2853,3369,hibrido,5.209547996520996,6.919233322143555,840.4866053238762,1149.4975298910108,1008583926.3886515,False,1.0,0.4592589636247684,-37.32219145604355,-17.880393276751807
2854,112,hibrido,5.464598178863525,5.067792892456055,458.1938554917528,734.3731102475307,549832626.5901034,False,1.0,0.4592007000074219,-53.95159482334118,-18.954849916028643
2855,517,hibrido,5.9448723793029785,5.8135905265808105,873.2200009030622,1151.0969271423216,1047864001.0836747,False,1.0,0.45914831573864734,-52.146460448669565,-6.296935865834605
2856,133,hibrido,5.330766677856445,5.343343734741211,454.6899634647178,820.0399961507864,545627956.1576613,False,1.0,0.45875063888011997,-53.953293796778475,-11.363461235351574
2857,143,hibrido,6.071223735809326,5.39832878112793,815.2380671614567,1109.8990688421502,978285680.593748,False,1.0,0.4584775212721697,-53.953784400080146,-7.746996834345594
2858,72,hibrido,6.371938705444336,5.365718364715576,940.7480845189765,1231.1548386056036,1128897701.4227717,False,1.0,0.45840748668052117,-54.31564663263446,-6.66182682315359
2859,2087,hibrido,5.092121124267578,5.373110294342041,424.53639516884004,514.2202691475952,509443674.20260805,False,1.0,0.45831442812529843,-43.06945125837653,-26.84007102723189
2860,3142,hibrido,5.065752029418945,6.437365531921387,648.4574593149174,965.834774575802,778148951.1779009,False,1.0,0.4582281954215587,-38.2854644153952,-19.71234410036749
2861,3442,hibrido,5.600136756896973,6.339317798614502,857.5574324683558,1177.9520898389244,1029068918.962027,False,1.0,0.45822374818716777,-36.911957727708106,-18.194947003350656
2862,1496,hibrido,4.818958759307861,4.957775592803955,169.2022212392477,352.1270585757813,203042665.48709723,False,1.0,0.45819199893319906,-46.30770026440136,-26.692807696504154
2863,898,hibrido,4.807762622833252,4.684534549713135,111.07872217054891,209.19314205322814,133294466.6046587,False,1.0,0.45797321622508536,-49.43136825579052,-28.989176803182186
2864,3359,hibrido,5.634799480438232,5.796706676483154,733.2927268100232,1026.789552086122,879951272.1720278,False,1.0,0.4578863405730125,-36.95064225454998,-21.34251401424927
2865,4335,hibrido,5.465447902679443,7.077524662017822,1108.2003469944593,973.7115206885022,1329840416.393351,False,1.0,0.45785034259235374,-32.60425696316028,-16.079103083786926
2866,891,hibrido,5.239626407623291,4.5971598625183105,322.23090249682036,246.09301225776827,386677082.9961844,False,1.0,0.45741506962516204,-49.31310951201638,-31.506715215418524
2867,3815,hibrido,5.279669284820557,7.292501926422119,1058.4256162638508,1042.2297341265323,1270110739.5166209,False,1.0,0.4573802603934042,-35.14135657153502,-16.99837579738414
2868,1343,hibrido,4.883622646331787,5.152749538421631,253.27668390251984,444.0403059511269,303932020.6830238,False,1.0,0.4572091945719884,-46.996702756163614,-28.52541740242793
2869,324,hibrido,5.5545477867126465,5.269086837768555,623.1956621354994,640.0186557144897,747834794.5625993,False,1.0,0.4571727636774937,-52.78366478712675,-22.563160706720122
2870,1269,hibrido,5.2966437339782715,4.361979961395264,224.88153135526528,406.6162681669197,269857837.62631834,False,1.0,0.4568384120939907,-47.4047490037461,-28.545755470938534
2871,2911,hibrido,5.393091678619385,5.335740566253662,515.2636365385322,772.9767162042389,618316363.8462386,False,1.0,0.4565917302668716,-39.1039413789381,-22.952638743197763
2872,1570,hibrido,4.8936848640441895,4.8824663162231445,197.59737378650223,355.8485612348287,237116848.54380268,False,1.0,0.45593651320237794,-45.90658721411479,-26.67065919719056
2873,844,hibrido,5.361793518066406,4.741838455200195,404.51083098320277,404.678517478889,485412997.1798433,False,1.0,0.4558240594832174,-50.0820733524977,-21.798850807068707
2874,325,hibrido,5.487420558929443,5.382184028625488,629.8198322866867,649.2093075849392,755783798.744024,False,1.0,0.4557672545897365,-52.78680037627283,-22.20202108326533
2875,4484,hibrido,5.682353496551514,6.688695907592773,1114.1598383361547,952.9203790893172,1336991806.0033858,False,1.0,0.4557372919764614,-31.8990469015429,-15.671932392420855
2876,3662,hibrido,5.287008762359619,7.100804328918457,939.3805138462009,1250.5281666101778,1127256616.615441,False,1.0,0.4556797601011926,-35.707930864644936,-18.782910066805645
2877,3961,hibrido,5.596033096313477,7.016931533813477,1130.519116238587,1117.4644030895554,1356622939.4863045,False,1.0,0.4556210165474759,-34.31854537201835,-17.61352435771161
2878,617,hibrido,5.498636722564697,4.626025199890137,425.0961912918127,467.1362500301649,510115429.55017525,False,1.0,0.4554948367290108,-51.20593578063797,-23.62617125943184
2879,1050,hibrido,4.89426326751709,4.489683628082275,55.177213058833054,373.405648356393,66212655.67059966,False,1.0,0.4554729651778252,-48.68323514101068,-27.521455610967564
2880,3291,hibrido,4.944281101226807,6.915693759918213,737.2116129089401,1055.0616680912808,884653935.4907281,False,1.0,0.4553677946831612,-37.56184803688558,-19.299500263928437
2881,1195,hibrido,4.9086809158325195,4.8551506996154785,196.4863788080108,369.732045901913,235783654.56961298,False,1.0,0.4552024064018424,-47.812946532630946,-28.56489813783084
2882,2314,hibrido,5.033514976501465,5.241512775421143,368.8570850528224,491.9053888898678,442628502.0633869,False,1.0,0.4551533762715742,-42.04916035943556,-24.977542425777138
2883,3734,hibrido,5.562131404876709,6.706233501434326,956.7407250625324,1267.562494314666,1148088870.075039,False,1.0,0.4550469608311006,-35.25073955908101,-19.432942805826016
2884,548,hibrido,5.448177814483643,5.029457092285156,517.0050755248042,548.1110926648427,620406090.629765,False,1.0,0.4550426049189091,-51.629198365040764,-21.828275324346468
2885,759,hibrido,5.18400239944458,4.482210159301758,199.26816488796612,451.2124444666546,239121797.86555934,False,1.0,0.4549756418634017,-50.35983180415545,-25.77247576972815
2886,4412,hibrido,5.361855506896973,6.870579242706299,1025.2709960318598,865.2369976536891,1230325195.2382317,False,1.0,0.45488168819055697,-32.343371169898155,-15.032695699920552
2887,2164,hibrido,4.973620891571045,5.297827243804932,368.4126870614258,461.5232979286015,442095224.47371095,False,1.0,0.45432641119297723,-42.77264659693412,-25.74656494466888
2888,3655,hibrido,5.770740509033203,6.1042304039001465,893.2782838614687,1184.9201310130077,1071933940.6337625,False,1.0,0.45429870572376224,-35.418532261296356,-21.18649135771287
2889,3141,hibrido,5.15018367767334,6.189094066619873,636.57452469253,951.3085547747147,763889429.6310359,False,1.0,0.4542342348839593,-38.250224955908415,-20.06043275921641
2890,4113,hibrido,5.510533809661865,6.784277439117432,1055.336828461885,959.025059850829,1266404194.154262,False,1.0,0.4542329030358186,-33.72062365565473,-16.182159222889872
2891,2543,hibrido,4.838233470916748,5.431141376495361,301.2501962052029,579.669758414415,361500235.44624346,False,1.0,0.45421564208132026,-41.1140071390171,-22.415551817198445
2892,1117,hibrido,5.0150957107543945,4.838429927825928,280.78304046698116,298.10532030749846,336939648.5603774,False,1.0,0.454124754300883,-48.13956083345429,-30.018909299077222
2893,3579,hibrido,5.60042142868042,6.231415748596191,856.0077236828607,1136.3552670461597,1027209268.4194329,False,1.0,0.4541078250453123,-35.71232048855436,-21.91383932017755
2894,2533,hibrido,5.278698921203613,5.437502861022949,538.5614033492546,652.3255129894035,646273684.0191056,False,1.0,0.4538492050081755,-40.74932226989452,-25.934706402924903
2895,2085,hibrido,5.3538055419921875,5.085992813110352,480.88230227195254,577.5160555495905,577058762.726343,False,1.0,0.4537225736084654,-42.999256749609366,-27.54897063180964
2896,2091,hibrido,5.081806182861328,4.903643608093262,311.84458096261517,405.7312740861376,374213497.1551382,False,1.0,0.45367292454871766,-43.20227437342492,-25.421580614909423
2897,3594,hibrido,5.403421878814697,6.76502799987793,970.5406254667462,1021.6053585217198,1164648750.5600953,False,1.0,0.4535965404930665,-36.29704295282052,-16.750395758611376
2898,754,hibrido,4.796505928039551,4.551398277282715,58.40339713018499,287.2137934357366,70084076.55622199,False,1.0,0.45354833269284567,-50.302108823026494,-27.573845348659482
2899,825,hibrido,4.677520751953125,4.660670757293701,54.51061607173821,203.7811740836823,65412739.28608585,False,1.0,0.45350804372664993,-49.85588845840866,-28.642512471839165
2900,1642,hibrido,5.211572647094727,4.638349533081055,282.3384334368692,441.77510217292235,338806120.124243,False,1.0,0.45350574823215006,-45.45139757100521,-27.361475925440686
2901,4038,hibrido,5.262918472290039,7.260937690734863,1074.1493417420922,997.4204874372447,1288979210.0905106,False,1.0,0.453445425899347,-34.05695380162606,-16.55622066139271
2902,1198,hibrido,5.079473495483398,4.36158561706543,111.9675181533421,432.5526393016396,134361021.78401053,False,1.0,0.45315565609918135,-47.874439333731246,-27.488306297923103
2903,292,hibrido,6.118441104888916,5.228336334228516,816.7824610624398,1098.9679700595555,980138953.2749277,False,1.0,0.4530580336010626,-53.229199790340104,-7.3846492839865
2904,1870,hibrido,4.7528181076049805,5.006850719451904,198.48616976929537,286.64004030996176,238183403.72315446,False,1.0,0.45303888361347766,-44.420348472984394,-25.147304880398774
2905,3058,hibrido,5.167597770690918,5.9634199142456055,603.6063275830372,853.5300959573052,724327593.0996447,False,1.0,0.45303666497764106,-38.28687194075317,-23.227956226695753
2906,472,hibrido,5.375757217407227,5.265143871307373,566.4053570409905,561.8659501748742,679686428.4491886,False,1.0,0.45301753868286265,-52.005894804406694,-22.55539882663068
2907,2244,hibrido,4.663126468658447,5.343070983886719,227.77011829934298,414.16368749150536,273324141.9592116,False,1.0,0.452833548911777,-42.573136332868906,-23.592422669900444
2908,3288,hibrido,5.244357585906982,6.2597479820251465,705.4580845428654,1014.6963029885122,846549701.4514385,False,1.0,0.45271261038593175,-37.45154491496707,-20.339983734210517
2909,2839,hibrido,5.039628028869629,5.657702445983887,458.4534326839364,738.2113257237999,550144119.2207236,False,1.0,0.4526650542032796,-39.566964658351424,-22.287861799013488
2910,110,hibrido,5.415289878845215,5.234455585479736,515.0820022031161,774.7398243982904,618098402.6437393,False,1.0,0.45251214029201836,-53.95138162026004,-19.677550394988206
2911,2544,hibrido,4.825026988983154,5.412581920623779,294.65510646739295,587.0825105660705,353586127.7608715,False,1.0,0.45248793733571635,-41.146721012311154,-22.063281661604112
2912,1049,hibrido,4.620232105255127,4.938000679016113,83.35016661038934,345.5890308219551,100020199.9324672,False,1.0,0.452232198075377,-48.665737524631915,-27.88085859043538
2913,827,hibrido,4.612782001495361,4.653140544891357,1.8352910313742181,268.191660778116,2202349.2376490617,False,1.0,0.4521915826563692,-49.88371713884582,-27.922526431345737
2914,3883,hibrido,5.586904048919678,6.872359275817871,1043.8087471657936,1278.7439171400124,1252570496.5989523,False,1.0,0.4521103883482606,-34.53538420256376,-19.015381012011908
2915,2015,hibrido,5.016454219818115,5.0811614990234375,339.79533551847305,427.8848476345324,407754402.62216765,False,1.0,0.4520297865626225,-43.53579365792721,-26.16010567331479
2916,88,hibrido,5.1546711921691895,4.774600982666016,326.96910116966086,376.2668324462622,392362921.403593,False,1.0,0.4520003480901253,-53.94834906602473,-27.623054615009586
2917,138,hibrido,5.601807117462158,5.414709091186523,634.8349038642976,955.0763158783841,761801884.6371572,False,1.0,0.45191903203286554,-53.95356337820579,-9.555322829284158
2918,486,hibrido,4.8736467361450195,4.9802680015563965,203.79975639202436,485.44006603746175,244559707.67042923,False,1.0,0.45190543708661496,-52.06871430180011,-17.499895925441212
2919,466,hibrido,5.099217891693115,5.2190680503845215,397.36763573165297,558.3907893329828,476841162.87798357,False,1.0,0.45185254748637194,-51.9728012078059,-24.72104125910884
2920,221,hibrido,6.177547931671143,5.571067810058594,942.2924784199596,1222.6188665410564,1130750974.1039515,False,1.0,0.4517498227569545,-53.592432228484135,-6.300067010256623
2921,4039,hibrido,5.382472038269043,6.9025492668151855,1038.0687090826605,957.4274796150411,1245682450.8991926,False,1.0,0.45174487788549555,-34.092983096968034,-16.21556163554424
2922,1568,hibrido,5.1271209716796875,4.659995079040527,253.94328088961467,435.1212563737033,304731937.0675376,False,1.0,0.45163480955387525,-45.85484316582591,-27.385435525716478
2923,602,hibrido,4.752431869506836,4.297346591949463,8.079991370098524,111.4529299632355,9695989.644118229,False,1.0,0.45163067927229883,-51.07280074606932,-29.034888976296873
2924,389,hibrido,5.306723117828369,4.652000427246094,341.2439276242388,480.9539939369001,409492713.14908653,False,1.0,0.4515974095539068,-52.35357541248916,-25.80867491422899
2925,2609,hibrido,5.308656215667725,5.275702953338623,510.6106487933968,655.3327390213478,612732778.5520762,False,1.0,0.45155459917926966,-40.432922708886515,-25.196372234519643
2926,1430,hibrido,4.586940765380859,4.718188762664795,84.57655972045669,41.826969388614685,101491871.66454802,False,1.0,0.4514804714498366,-46.879194412817554,-23.84796535841519
2927,1417,hibrido,5.158175945281982,4.725520610809326,281.67183644977433,481.8784048703038,338006203.7397292,False,1.0,0.45147710303464356,-46.588816610098156,-28.503889351089416
2928,408,hibrido,5.028422832489014,5.214208126068115,345.6996109501514,597.2697111933516,414839533.14018166,False,1.0,0.451293065907418,-52.43246177709271,-18.94823107041814
2929,2760,hibrido,5.455601692199707,5.0236921310424805,493.1255695712753,701.9095392666744,591750683.4855304,False,1.0,0.4512838356651315,-39.765419400314215,-24.073105689613342
2930,598,hibrido,5.104247093200684,4.10479736328125,163.84949373598891,53.12019952324991,196619392.4831867,False,1.0,0.45126244982204927,-51.030570476111144,-30.4763862407552
2931,2832,hibrido,5.236936092376709,5.649211883544922,572.0925559419758,757.6371451298792,686511067.130371,False,1.0,0.45123928836760036,-39.29171008245965,-24.73619090690535
2932,4181,hibrido,6.168397903442383,6.331729412078857,1218.976813558449,1201.2794230931486,1462772176.270139,False,1.0,0.4510088511023138,-33.11202974872684,-18.1818873854448
2933,1418,hibrido,4.8470563888549805,5.157480239868164,253.49888289821814,495.7890651076811,304198659.47786176,False,1.0,0.45100679347032496,-46.61373871812365,-28.145960015108617
2934,811,hibrido,5.530665874481201,5.845904350280762,731.9862580673012,1021.4545065664524,878383509.6807613,False,1.0,0.45098151149100885,-50.695690665605134,-7.01200258146255
2935,755,hibrido,4.699276924133301,4.779409885406494,86.57635068174122,325.10269629725616,103891620.81808946,False,1.0,0.45093326708674464,-50.314090446909105,-27.213617504286326
2936,330,hibrido,5.314558982849121,5.253142833709717,487.5994655082784,727.1292539958663,585119358.6099341,False,1.0,0.4508719736902854,-52.80153534343473,-20.39608099282024
2937,400,hibrido,5.626739501953125,4.893289089202881,573.2521977956048,622.8613839361981,687902637.3547258,False,1.0,0.4508145487043222,-52.40295913525287,-21.837573915514483
2938,470,hibrido,5.266354084014893,5.236932277679443,510.0594499378779,549.1772529714306,612071339.9254534,False,1.0,0.45072901692946066,-51.995300310367206,-23.277351351711715
2939,156,hibrido,5.165481090545654,4.416123867034912,260.97100637542286,224.0797468990037,313165207.65050745,False,1.0,0.450595911535195,-53.533584520357934,-29.787700724953854
2940,157,hibrido,4.872693061828613,4.872421741485596,251.01897056667102,232.8341318843128,301222764.6800052,False,1.0,0.4505912649100962,-53.53524237066078,-29.426851189975924
2941,240,hibrido,5.605106353759766,4.2176127433776855,369.86127916719147,466.9547480661265,443833535.0006298,False,1.0,0.4505677009651686,-53.14873764098167,-26.176529867329652
2942,771,hibrido,5.142480373382568,5.057994365692139,404.1903187629214,459.75951838931985,485028382.5155057,False,1.0,0.4503940023603626,-50.47755290751448,-21.44698832319227
2943,115,hibrido,5.267246723175049,4.965044975280762,372.86163542470774,686.9694093433411,447433962.5096493,False,1.0,0.4503738529494057,-53.95189696304688,-17.87069423495271
2944,970,hibrido,4.812464237213135,4.799344062805176,195.81978182091603,219.99266908985885,234983738.18509924,False,1.0,0.4502819025428276,-48.986115357695105,-29.693656600789403
2945,3139,hibrido,5.320003986358643,5.780143737792969,619.9090444413968,926.7633331130926,743890853.3296762,False,1.0,0.45027124940628427,-38.177489897921205,-20.75639041544951
2946,520,hibrido,5.217769145965576,4.498920917510986,327.11314463214757,211.15575252929256,392535773.55857706,False,1.0,0.4502014918035806,-51.40799040789239,-31.926831545012814
2947,609,hibrido,4.854784965515137,4.8881001472473145,199.7125628793628,390.41228924995414,239655075.45523536,False,1.0,0.4501532276665047,-51.13963746819008,-26.511406960199523
2948,671,hibrido,4.682127475738525,4.938732147216797,206.3177566890358,107.0362525902693,247581308.02684295,False,1.0,0.4500587689499957,-50.60159972691619,-30.826422241664503
2949,532,hibrido,4.883415222167969,4.573566436767578,143.5888547719486,270.89989262864583,172306625.72633833,False,1.0,0.44977908815481044,-51.51712148346439,-27.60085994643186
2950,382,hibrido,4.668067455291748,4.887173175811768,148.32244759921434,215.67740791250188,177986937.1190572,False,1.0,0.44965347302078235,-52.31624025527043,-28.334571532975986
2951,550,hibrido,5.550788402557373,4.645056247711182,460.11692881344084,583.2010465413409,552140314.576129,False,1.0,0.44959565533921186,-51.64085519003309,-21.106370754844193
2952,20,hibrido,5.374370098114014,5.084190368652344,511.3926439120675,592.7408585781526,613671172.694481,False,1.0,0.4495777121071469,-54.347028327149154,-25.456518894810152
2953,22,hibrido,5.481193542480469,5.127687931060791,567.7385510151801,662.8285792178589,681286261.2182161,False,1.0,0.44945972309006954,-54.34499696151081,-24.734343072001987
2954,3057,hibrido,5.309815406799316,5.7142558097839355,617.309199384428,855.9583981202314,740771039.2613136,False,1.0,0.449448289484539,-38.244711609482586,-23.575883776577886
2955,162,hibrido,5.391996383666992,4.223456859588623,292.461639643736,349.587947404257,350953967.57248324,False,1.0,0.449247740044854,-53.54309090657595,-27.622311870592096
2956,1122,hibrido,4.996636390686035,4.44112491607666,139.91827270920004,353.3649416617843,167901927.25104004,False,1.0,0.4491730762264769,-48.24080354202848,-28.223743435993104
2957,3285,hibrido,5.159842491149902,6.2808332443237305,693.2973791137368,987.3510273056656,831956854.9364842,False,1.0,0.4491062229082824,-37.334143545788315,-21.379751374680247
2958,1266,hibrido,5.239289283752441,4.538051128387451,309.4003920099341,379.1263503609217,371280470.4119209,False,1.0,0.4487953711086778,-47.33557649844132,-29.62118794506063
2959,3517,hibrido,5.528478145599365,6.422730922698975,911.1156174393342,1147.5001402932542,1093338740.927201,False,1.0,0.44854841525940425,-36.57049518610841,-17.817098373654524
2960,2460,hibrido,5.041231155395508,5.531932830810547,481.99329725044396,598.2831162063294,578391956.7005328,False,1.0,0.4485331351327452,-41.18528945113278,-25.61774699588834
2961,3511,hibrido,5.232332706451416,6.6738057136535645,830.9704940730655,1141.1229697740232,997164592.8876786,False,1.0,0.44851278163904396,-36.34857858066752,-19.88739451854327
2962,461,hibrido,5.243124485015869,4.390853404998779,256.5028679738718,394.90726513326365,307803441.56864613,False,1.0,0.44840724886907907,-51.94210574975716,-26.52523228846824
2963,3663,hibrido,5.445940017700195,6.725429534912109,952.5259580964657,1210.9667400254525,1143031149.7157588,False,1.0,0.4483451039217786,-35.74588067775127,-18.43918409547606
2964,2986,hibrido,5.045709609985352,5.884086608886719,544.264212950891,814.3565449714813,653117055.5410691,False,1.0,0.44828770030642207,-38.75562802817491,-22.567981807503365
2965,42,hibrido,5.417495250701904,4.706418514251709,372.5411232044264,713.800527761726,447049347.8453117,False,1.0,0.44812039208801213,-54.32866171274917,-17.50901562680267
2966,1646,hibrido,4.735363006591797,4.86874532699585,169.6466192306443,287.3336431210782,203575943.07677314,False,1.0,0.44772493324137386,-45.55788042430638,-25.933201345216624
2967,531,hibrido,4.570374965667725,4.931305885314941,115.41590122039231,231.05573316023091,138499081.46447077,False,1.0,0.4474343247983036,-51.5089132459191,-27.96147769530985
2968,395,hibrido,5.566056251525879,4.727381229400635,510.2816489335762,587.1218584222929,612337978.7202915,False,1.0,0.4473139109780312,-52.381842290682805,-23.642884605789284
2969,904,hibrido,4.855014801025391,4.4436445236206055,57.95899913878843,392.63439824103807,69550798.96654612,False,1.0,0.44717941783901227,-49.52138162169562,-26.830223127131664
2970,2238,hibrido,5.223926544189453,4.881506443023682,396.8078396086804,494.4072083642779,476169407.5304165,False,1.0,0.4470999586330314,-42.37549674520498,-25.715842052616892
2971,761,hibrido,4.762640953063965,5.163114547729492,255.61407199107862,415.80086679351865,306736886.3892943,False,1.0,0.44682220635882014,-50.38143179457873,-25.05177049057908
2972,1857,hibrido,5.5606889724731445,4.977639675140381,564.7345659395263,698.009183111094,677681479.1274315,False,1.0,0.44681370048379576,-44.0077954265776,-29.772163141314355
2973,769,hibrido,5.2979512214660645,4.871628761291504,461.07846547428477,421.99659236172954,553294158.5691417,False,1.0,0.4466999972031879,-50.459849590293814,-22.168104725629423
2974,4183,hibrido,5.757596492767334,6.8551154136657715,1216.9274784788363,1121.5666508379811,1460312974.1746035,False,1.0,0.44669140715037897,-33.19441348170004,-17.504399459784572
2975,152,hibrido,5.001487731933594,4.889269828796387,347.1127144107516,257.31640633725937,416535257.29290193,False,1.0,0.44661449267095854,-53.526644330335316,-31.230899484444784
2976,1059,hibrido,4.633214473724365,5.053723335266113,198.37936890517304,238.1742727869085,238055242.68620765,False,1.0,0.44655244994060816,-48.82675460691217,-24.2855855995301
2977,538,hibrido,5.064537525177002,4.909193515777588,312.626576081286,510.4769846194947,375151891.29754317,False,1.0,0.44650793633412106,-51.56326806547457,-25.436720937897213
2978,1714,hibrido,5.008782386779785,5.167912483215332,367.0794930872362,528.8688715238346,440495391.7046834,False,1.0,0.44645161016799395,-44.98928495036039,-28.049512215339128
2979,1872,hibrido,4.670866012573242,4.8338518142700195,142.14026266618285,240.5414797775304,170568315.1994194,False,1.0,0.4463781939887418,-44.47540026092578,-24.435049896062868
2980,2536,hibrido,5.312971115112305,4.981255054473877,454.04254269458596,604.2144578491067,544851051.2335031,False,1.0,0.4463734173810869,-40.86612383336348,-24.879672679003143
2981,615,hibrido,5.4586663246154785,4.388639450073242,368.75028418870016,472.56595868468685,442500341.0264402,False,1.0,0.44630429206039135,-51.19031321989363,-24.347599679598922
2982,89,hibrido,5.216492652893066,4.663873672485352,347.8698758666036,405.92699984004946,417443851.0399243,False,1.0,0.446166435953263,-53.94851688600877,-27.262078218173517
2983,3593,hibrido,5.115785121917725,7.184908390045166,984.3416773436126,1060.6873990944894,1181210012.812335,False,1.0,0.44612214445970866,-36.26375994838902,-17.09519736319081
2984,4334,hibrido,5.436374664306641,7.0657958984375,1143.6467084921605,1013.0618814065883,1372376050.1905928,False,1.0,0.44595922903929663,-32.56598708111916,-16.416739748346497
2985,2531,hibrido,5.240223407745361,5.565290927886963,594.9073104523671,694.1403922206378,713888772.5428406,False,1.0,0.44586716779951796,-40.667755751973,-26.63769638094784
2986,141,hibrido,5.437248706817627,5.964461803436279,743.0768018425929,1046.1328182743978,891692162.2111114,False,1.0,0.4456677447082104,-53.953701741107885,-8.470347550095866
2987,1271,hibrido,4.797410011291504,4.860912322998047,168.53562425215287,442.42150664043487,202242749.10258344,False,1.0,0.4453125251967982,-47.44880378546315,-27.828624447371144
2988,694,hibrido,5.372918128967285,4.802879810333252,481.21989939922685,445.86718361067125,577463879.2790722,False,1.0,0.44521624581864616,-50.839455355792396,-22.53672645193321
2989,4413,hibrido,5.305341720581055,6.678521633148193,992.0488045140972,826.592288901384,1190458565.4169166,False,1.0,0.44519762687731246,-32.37857460758522,-14.695473291124104
2990,746,hibrido,4.844123840332031,4.518409729003906,179.15549582514345,109.96255335224798,214986594.99017215,False,1.0,0.44494649546188675,-50.19789256987988,-30.454796973476725
2991,4110,hibrido,5.608810901641846,6.881656646728516,1163.57872644018,1078.8279823653577,1396294471.728216,False,1.0,0.44492497475052556,-33.60821315193337,-17.201649567987104
2992,1495,hibrido,5.030169486999512,4.508088111877441,197.37517479080395,392.1028181343484,236850209.74896476,False,1.0,0.44464165349352747,-46.28330724862506,-27.050560418943103
2993,4032,hibrido,5.752525806427002,6.6888298988342285,1131.2473585942496,1237.3880268471953,1357496830.3130996,False,1.0,0.44451843167458877,-33.8225273491994,-18.598302299652833
2994,3428,hibrido,5.535961627960205,5.939817905426025,796.005926630446,1053.416959453006,955207111.9565352,False,1.0,0.4445070156057664,-36.346675716565194,-23.02904106977457
2995,4411,hibrido,5.343369483947754,6.860515594482422,1058.961944580859,903.9996195498705,1270754333.4970307,False,1.0,0.444491076651068,-32.30727452406604,-15.369829965566955
2996,459,hibrido,5.078566074371338,4.367321491241455,200.1569608707593,316.15146378758675,240188353.04491115,False,1.0,0.4444283617776077,-51.92898853072946,-27.246772213267906
2997,306,hibrido,4.568185806274414,4.985011100769043,167.2280361868626,179.67120112215446,200673643.4242351,False,1.0,0.4443285048009022,-52.7153628006212,-29.06063483807631
2998,375,hibrido,4.775967121124268,4.812961101531982,240.1394314800673,136.07624437739204,288167317.7760807,False,1.0,0.44430900495883,-52.27375901677366,-30.859481998589978
2999,181,hibrido,5.49315071105957,5.138835906982422,572.2906611347609,779.4861386329583,686748793.361713,False,1.0,0.44427952176637403,-53.566926699046135,-20.760952939499827
3000,3215,hibrido,5.088934421539307,6.262866497039795,675.1918933118371,988.9503018550641,810230271.9742045,False,1.0,0.44392823502011763,-37.86958030102761,-20.027174079182252
3001,149,hibrido,5.202455043792725,4.84503698348999,439.74227026560595,334.3826146352731,527690724.31872714,False,1.0,0.44388409830592335,-53.521101251472786,-32.313085331945636
3002,447,hibrido,4.8990983963012695,4.8030476570129395,296.78721209559546,180.97444033629105,356144654.51471454,False,1.0,0.44383884790296235,-51.839275813590255,-31.57426910566345
3003,460,hibrido,5.113717555999756,4.413532257080078,228.3299144223155,355.45991061585806,273995897.3067786,False,1.0,0.4438151914050117,-51.93560869151215,-26.886012204528793
3004,1567,hibrido,4.83901309967041,5.115060329437256,282.11623444117095,474.8490942982794,338539481.3294051,False,1.0,0.443761196121346,-45.82824437100087,-27.74276164988321
3005,68,hibrido,6.0040740966796875,5.208840847015381,796.4255538812494,1102.3511679723997,955710664.6574992,False,1.0,0.4437176725949205,-54.316674612484555,-8.108555008810079
3006,463,hibrido,4.90807580947876,5.0844621658325195,312.84877507698417,474.0798962780786,375418530.092381,False,1.0,0.44353103747056416,-51.954737164887256,-25.80361354581662
3007,453,hibrido,4.923943996429443,4.1185126304626465,97.52227313787088,93.55077794991219,117026727.76544505,False,1.0,0.44331014664430146,-51.88658364016463,-29.410903178204233
3008,2988,hibrido,4.837180137634277,6.1211442947387695,534.0069621328242,822.9667509216614,640808354.5593891,False,1.0,0.44328434480246054,-38.832608446658085,-21.87031914491254
3009,2684,hibrido,5.091220855712891,5.514118671417236,511.0537720741497,680.5472631472569,613264526.4889797,False,1.0,0.44299623112557673,-40.07847655970656,-24.80975911001745
3010,982,hibrido,4.881237506866455,4.5108256340026855,142.25566079775882,328.8551579174415,170706792.9573106,False,1.0,0.44280348118716034,-49.17877931391627,-25.37795891566095
3011,893,hibrido,4.700320243835449,5.007284641265869,254.64105983799206,199.40353728583173,305569271.80559045,False,1.0,0.44277877048671177,-49.34843376095615,-30.78756078479857
3012,668,hibrido,4.868852138519287,4.946452617645264,325.35064849780986,217.8457237784757,390420778.19737184,False,1.0,0.44271769923083104,-50.56245587272193,-31.906784472273127
3013,2158,hibrido,5.258031845092773,5.266449928283691,537.4504083707633,633.3329947009629,644940490.0449159,False,1.0,0.44244473211007,-42.55863663962788,-27.87075158806907
3014,479,hibrido,5.3687214851379395,4.7182512283325195,402.90826988179606,644.4104393192836,483489923.85815525,False,1.0,0.44243707285628087,-52.03970574792328,-20.028031317799435
3015,1043,hibrido,4.958716869354248,4.62278938293457,252.3878879197267,258.13131972788227,302865465.503672,False,1.0,0.4422369390678295,-48.55373915855898,-30.036653780323867
3016,534,hibrido,4.584925174713135,5.162980556488037,199.934761875061,350.6946703704118,239921714.25007322,False,1.0,0.44211513854562906,-51.53308659919522,-26.879561803465695
3017,3435,hibrido,5.4643754959106445,5.991152763366699,778.5339379925945,1081.771328982957,934240725.5911133,False,1.0,0.44198333135855683,-36.64961303547425,-20.614121653742128
3018,11,hibrido,4.9292168617248535,4.949627876281738,329.1956915408199,337.2561718159735,395034829.8489839,False,1.0,0.4418783447889949,-54.357185634052584,-28.705409019415647
3019,84,hibrido,4.938712120056152,4.769033908843994,287.21100859245445,284.2124719275063,344653210.31094533,False,1.0,0.4418166779234406,-53.94764582818573,-29.066770705729144
3020,1866,hibrido,4.815321922302246,5.146478176116943,311.1779839755203,411.2993206164597,373413580.77062434,False,1.0,0.4417139749036779,-44.30377808078383,-26.571254669960954
3021,2156,hibrido,5.545279502868652,4.99924373626709,593.7963154738758,699.5805824865513,712555578.568651,False,1.0,0.4414869948868082,-42.481918763107885,-28.578310105573266
3022,1863,hibrido,5.057605266571045,5.077487468719482,395.69684463018905,517.7070551601165,474836213.55622685,False,1.0,0.44142738574775175,-44.210466844054615,-27.63870067843323
3023,4406,hibrido,5.693772792816162,6.898532390594482,1233.0852865483544,1099.143558564583,1479702343.8580253,False,1.0,0.44137447504556626,-32.113158530406686,-17.054098232170666
3024,2163,hibrido,5.041995048522949,5.076517105102539,396.58564061298205,486.16345927944735,475902768.7355785,False,1.0,0.44134523593036834,-42.73860799696533,-26.100747024467086
3025,3431,hibrido,5.2695183753967285,6.269052982330322,776.2958768354417,1056.6143225606102,931555052.20253,False,1.0,0.44130049906481483,-36.48166400868982,-21.994637802937895
3026,4483,hibrido,5.403196811676025,7.037487983703613,1148.0295859112514,991.4824753475316,1377635503.0935016,False,1.0,0.4412878501323889,-31.860615626293104,-16.008095474506842
3027,613,hibrido,5.271037578582764,4.4700798988342285,312.4043770855877,491.14243812045964,374885252.5027053,False,1.0,0.44124162748198414,-51.174066775881805,-25.068949719679345
3028,3797,hibrido,6.119640350341797,5.681797504425049,999.820144180778,1254.9948648616903,1199784173.0169337,False,1.0,0.4410696548599861,-34.361001062597204,-23.151881954371095
3029,1048,hibrido,4.753669261932373,4.59531307220459,111.52312016194556,320.3619487774074,133827744.19433467,False,1.0,0.4409827168834643,-48.64791392420286,-28.24023255755047
3030,2538,hibrido,4.940216064453125,5.322171211242676,397.99739376720316,583.7574854839614,477596872.5206438,False,1.0,0.44077650806207247,-40.94039909355549,-24.1759667328181
3031,3811,hibrido,5.3630757331848145,6.937056064605713,1027.9200530491637,1201.5672344266154,1233504063.6589963,False,1.0,0.44053841116442083,-34.99260881028393,-18.368498078691257
3032,4410,hibrido,5.334003448486328,6.9411396980285645,1093.0783068183116,942.8656119425776,1311693968.181974,False,1.0,0.4405272354110341,-32.27027815115673,-15.706873798784857
3033,2992,hibrido,5.008484840393066,5.872248649597168,549.0384684344781,862.4787850677203,658846162.1213737,False,1.0,0.44040555879915244,-38.97756237065205,-20.474103812912976
3034,3581,hibrido,5.7269511222839355,5.802309513092041,853.2813868308554,1145.338807396404,1023937664.1970264,False,1.0,0.44034130717239894,-35.80127029728812,-21.226540663803668
3035,975,hibrido,4.784521579742432,4.363195419311523,54.95501406313483,316.85450044662474,65946016.8757618,False,1.0,0.43974430989747165,-49.071625926872755,-27.89592736269716
3036,9,hibrido,5.015005588531494,4.752464771270752,330.0916365155866,310.067291773843,396109963.8187039,False,1.0,0.43964229377446884,-54.359682534491334,-29.427176339428357
3037,4035,hibrido,5.693428993225098,6.703291416168213,1167.8743252111415,1117.4025142589276,1401449190.2533698,False,1.0,0.4396019365474803,-33.943694880670044,-17.577675481138414
3038,897,hibrido,4.68062686920166,4.654391765594482,139.2516757221052,191.21132467012012,167102010.86652625,False,1.0,0.4394498848176446,-49.41537734918468,-29.34890921160629
3039,1197,hibrido,4.83334493637085,4.595789432525635,140.14047170489837,408.7808529845965,168168566.04587805,False,1.0,0.439298007918837,-47.8543179900665,-27.84720265810987
3040,4112,hibrido,5.670035362243652,6.4174580574035645,1091.4174611213166,998.9541107875912,1309700953.3455799,False,1.0,0.43923611658434547,-33.684025955546424,-16.522078030355843
3041,3286,hibrido,5.120001792907715,6.196300029754639,695.0764036705705,994.9426599125635,834091684.4046845,False,1.0,0.4391801148517644,-37.37407929565204,-21.033244551252665
3042,2982,hibrido,5.281324863433838,5.504591464996338,597.2802769927224,820.5980750456055,716736332.391267,False,1.0,0.43903212844586526,-38.59232653302922,-23.96235474938331
3043,1056,hibrido,4.602341175079346,4.794789791107178,113.86050825050432,297.2884929501499,136632609.9006052,False,1.0,0.4389302334784094,-48.78162078933857,-25.36444968764479
3044,1716,hibrido,4.860383033752441,5.060427665710449,310.7335859841237,451.8849123964661,372880303.18094844,False,1.0,0.4388236211809287,-45.04812784771072,-27.33640178062311
3045,539,hibrido,5.042284965515137,4.915327548980713,340.7995296328422,529.3261389457766,408959435.5594107,False,1.0,0.4387644151857355,-51.570460313852834,-25.07596104159861
3046,2312,hibrido,5.110378265380859,5.040041923522949,425.2029921559349,528.273812368382,510243590.5871219,False,1.0,0.43874216723234416,-41.97855012550688,-25.684126113309166
3047,3666,hibrido,5.210476875305176,6.984034538269043,1000.5576215333638,1092.4741165516232,1200669145.8400366,False,1.0,0.4387258041608569,-35.854810360619545,-17.407512794742086
3048,3657,hibrido,5.264975070953369,6.699147701263428,897.8229193586926,1198.8884050088025,1077387503.230431,False,1.0,0.4386764857791301,-35.505540225245205,-20.500220166138558
3049,750,hibrido,4.787125110626221,4.190311431884766,54.288417076039934,147.28123824759888,65146100.49124792,False,1.0,0.43859171242308415,-50.25190419440937,-29.014518297797707
3050,623,hibrido,5.037989616394043,5.253328323364258,460.43744103372205,528.875551000656,552524929.2404665,False,1.0,0.4384980249612991,-51.24920797513674,-21.46143546181887
3051,1193,hibrido,4.837128639221191,4.837055206298828,252.8322859111233,345.1112657778854,303398743.09334797,False,1.0,0.43848387143553386,-47.77003387097837,-29.282460922504985
3052,2682,hibrido,5.044865131378174,5.69679594039917,567.1787548922076,707.2813348255092,680614505.8706491,False,1.0,0.43845715016754605,-39.997062544412884,-25.51093534957801
3053,1191,hibrido,4.863473892211914,4.943511009216309,309.1781930142358,338.0854710969022,371013831.61708295,False,1.0,0.4383214532113858,-47.7255345697936,-29.999887316652796
3054,185,hibrido,5.336481094360352,4.923440456390381,458.5143677120341,719.5273733467354,550217241.2544409,False,1.0,0.4381875958291763,-53.57086967027483,-19.315709099938395
3055,2688,hibrido,4.883947372436523,5.4882283210754395,418.39665649448807,653.7124436222373,502075987.7933857,False,1.0,0.4380715140213317,-40.23233096474468,-23.406511522841175
3056,80,hibrido,4.965883255004883,4.768834590911865,330.56245067111587,266.7896722122945,396674940.80533904,False,1.0,0.4379697955798879,-53.94688917419315,-30.510176184249236
3057,73,hibrido,5.955252170562744,5.8423590660095215,976.8287171784082,1264.469561276569,1172194460.6140897,False,1.0,0.43793695482363904,-54.31542184669874,-6.300130843582357
3058,1940,hibrido,4.69267463684082,5.376980304718018,339.5731365227748,433.36112457306,407487763.82732975,False,1.0,0.4375150212995474,-43.90352144059628,-26.54373296320788
3059,696,hibrido,5.212499141693115,4.906080722808838,460.7579532540035,475.0739270951202,552909543.9048042,False,1.0,0.4374459694544595,-50.85555692963493,-21.815363234085748
3060,523,hibrido,4.511524677276611,5.0065999031066895,209.08606275498866,92.66472805880255,250903275.3059864,False,1.0,0.4374155525520125,-51.437536159705225,-30.845640662086527
3061,3957,hibrido,5.536000728607178,6.82424783706665,1082.6789311547197,1277.4379406931905,1299214717.3856637,False,1.0,0.43738185341206176,-34.15778311918586,-18.977138722359975
3062,186,hibrido,5.453854560852051,4.620396137237549,430.07029435635235,699.1857233727112,516084353.2276228,False,1.0,0.4373011098917077,-53.571802089739656,-18.954361729527385
3063,2758,hibrido,5.381275177001953,5.066396236419678,540.9555668053706,719.0127332174916,649146680.1664448,False,1.0,0.4372620595592465,-39.684980853686305,-24.77342746556297
3064,164,hibrido,5.156899452209473,4.603589057922363,341.9694803554887,414.50178886263154,410363376.42658645,False,1.0,0.4370283553208079,-53.5460324049803,-26.900362986927156
3065,4,hibrido,5.031188488006592,4.917774200439453,407.9671572795865,328.84909218054025,489560588.7355038,False,1.0,0.43697439728963355,-54.366336800873405,-31.231248870584967
3066,625,hibrido,5.306037425994873,4.668771743774414,403.5492943223587,570.7950939092899,484259153.18683046,False,1.0,0.43694780724609056,-51.26247908403101,-20.73971340562541
3067,3206,hibrido,5.085866928100586,6.119069576263428,680.0400968408308,933.4790254784615,816048116.2089969,False,1.0,0.4369031862811136,-37.51013670818574,-23.15077099324802
3068,1564,hibrido,5.283026218414307,4.576870441436768,366.63509509583963,549.0690344780924,439962114.1150076,False,1.0,0.4365283478554553,-45.745459173705704,-28.814483848847495
3069,111,hibrido,5.410649299621582,4.883901596069336,486.63792884743447,753.7657661911045,583965514.6169213,False,1.0,0.43648543698647224,-53.95148941506784,-19.316207304482376
3070,3284,hibrido,5.10551118850708,6.15749979019165,693.8236842543926,981.3323625200686,832588421.1052711,False,1.0,0.4362832926134393,-37.293394744391236,-21.726173475992525
3071,3575,hibrido,5.579824924468994,6.051122188568115,883.441802718302,1135.2127163550513,1060130163.2619624,False,1.0,0.43624181011999263,-35.5236174846459,-23.287213941260177
3072,448,hibrido,4.588505268096924,5.0413007736206055,258.8190616612815,144.05467036869638,310582873.99353784,False,1.0,0.4359107495011749,-51.847520123331854,-31.213762912029395
3073,67,hibrido,5.899344444274902,5.122438430786133,760.3449212218175,1071.464914384575,912413905.4661809,False,1.0,0.43578479367143497,-54.31696407460003,-8.470221721009887
3074,3130,hibrido,5.314564228057861,5.6677446365356445,669.6698170721963,899.9170334380191,803603780.4866356,False,1.0,0.43563325169198114,-37.811369017141175,-23.88425420922078
3075,3126,hibrido,5.6881184577941895,5.309557914733887,748.4503054197783,933.4105664189524,898140366.5037339,False,1.0,0.4356108733974187,-37.627109003337445,-25.272121346853552
3076,458,hibrido,4.876489639282227,4.439382076263428,171.98400731920307,277.0410584282297,206380808.78304368,False,1.0,0.4355692372224408,-51.922243561238204,-27.60751211473411
3077,670,hibrido,5.102236747741699,4.158145904541016,245.8909500356732,142.32624272623772,295069140.0428078,False,1.0,0.43535479679639244,-50.58878518559104,-31.186568060065987
3078,3664,hibrido,5.560275077819824,6.335033893585205,967.1482057581595,1171.4351008102547,1160577846.9097915,False,1.0,0.4353516680099053,-35.78300568989826,-18.095374639751576
3079,329,hibrido,5.383712291717529,4.951346397399902,516.0435388639602,707.7203590573407,619252246.6367522,False,1.0,0.43533162656238966,-52.798711766308834,-20.75730054265948
3080,590,hibrido,5.867798805236816,5.355555534362793,819.871248864406,1098.8357072907286,983845498.6372871,False,1.0,0.4352188552217572,-51.78339408088571,-6.656957868699535
3081,3055,hibrido,5.181765556335449,5.794445514678955,651.253211537086,866.3527506321459,781503853.8445033,False,1.0,0.43510898779373086,-38.15793158918427,-24.27147852063686
3082,93,hibrido,5.2317962646484375,4.874050140380859,454.82453781325677,538.1233401360171,545789445.3759081,False,1.0,0.4350403581144263,-53.94915751859494,-25.817988067984583
3083,978,hibrido,4.7047038078308105,4.428641319274902,29.563846591533874,412.30665099326274,35476615.90984065,False,1.0,0.4350222892199913,-49.11927739012819,-26.816956385283774
3084,2161,hibrido,5.416078567504883,4.569765090942383,452.93154771609454,540.9780202132904,543517857.2593135,False,1.0,0.43495057647195523,-42.66860098045577,-26.808933267385168
3085,1935,hibrido,5.133810997009277,5.161816596984863,480.437904280556,607.0894804965396,576525485.1366671,False,1.0,0.4348029212312277,-43.73881547931006,-28.32039137051702
3086,1047,hibrido,4.798243045806885,4.481906414031982,139.69607371350173,298.3819334752997,167635288.4562021,False,1.0,0.43477454806587323,-48.62975969265169,-28.599577130366686
3087,3665,hibrido,5.560275077819824,6.335033893585205,983.1813682911535,1131.9363698427533,1179817641.9493842,False,1.0,0.4347043930806244,-35.81931321083245,-17.75148358466037
3088,822,hibrido,4.757486820220947,4.404644012451172,139.02947672640698,141.16220071578664,166835372.07168838,False,1.0,0.4345001016713048,-49.812187330513915,-29.722299172611525
3089,549,hibrido,5.491029739379883,4.559934616088867,488.5610021691224,564.5127237667734,586273202.6029469,False,1.0,0.4344361867802155,-51.63508781721923,-21.46733157712612
3090,4111,hibrido,5.6038103103637695,6.582773208618164,1127.4980937807484,1038.8886203520412,1352997712.5368981,False,1.0,0.4343894948985461,-33.646558128722965,-16.861908861644647
3091,4108,hibrido,5.791794300079346,6.562945365905762,1192.357939437753,1158.7192565973824,1430829527.3253036,False,1.0,0.4343623779826037,-33.5288627018504,-17.880851897356184
3092,301,hibrido,4.928883075714111,4.4934773445129395,263.51836559937027,168.17175896290576,316222038.7192443,False,1.0,0.43418837361840984,-52.69194879831574,-30.864381224489875
3093,673,hibrido,4.7073974609375,4.375823497772217,127.9700416374734,58.79421203288579,153564049.9649681,False,1.0,0.4340436745393894,-50.62654654663506,-30.106056560275277
3094,40,hibrido,5.393980503082275,4.697226047515869,429.42926991578975,738.1254120317093,515315123.8989477,False,1.0,0.4340431055829692,-54.329993129316584,-18.231815111446835
3095,371,hibrido,5.101809501647949,4.634660720825195,385.28991277811696,270.03100615273,462347895.33374035,False,1.0,0.4336981567256837,-52.24695908755247,-32.301822475191024
3096,302,hibrido,4.96773624420166,4.32209587097168,233.97988465659526,150.60458330568053,280775861.5879143,False,1.0,0.43357812853003175,-52.69680282065074,-30.503672969777185
3097,374,hibrido,4.79719352722168,4.724875450134277,274.88595659985924,165.27777915937676,329863147.9198311,False,1.0,0.4334262266578559,-52.2672383476767,-31.220099506379476
3098,4482,hibrido,5.403196811676025,7.037487983703613,1182.2824175694536,1030.1542355195213,1418738901.0833445,False,1.0,0.43328059594328205,-31.82125891176636,-16.344161143724467
3099,167,hibrido,5.027974605560303,5.080587387084961,426.4293852660023,519.8189424889416,511715262.3192028,False,1.0,0.43321457435789396,-53.55024226162249,-25.817301145359828
3100,4405,hibrido,5.693772792816162,6.898532390594482,1268.8258779944354,1138.3746362123304,1522591053.5933225,False,1.0,0.43307974153249457,-32.07155921850812,-17.39065476450079
3101,772,hibrido,4.7825093269348145,5.302120208740234,375.74624540723977,482.52218616547896,450895494.4886877,False,1.0,0.43301187976162747,-50.48613130916363,-21.086401689064743
3102,3582,hibrido,5.608606338500977,5.885573387145996,854.7274864924055,1151.889677495441,1025672983.7908866,False,1.0,0.4329942937494992,-35.84442753773972,-20.882745738354096
3103,4109,hibrido,5.51508903503418,6.976107120513916,1199.659359099612,1118.771677140626,1439591230.9195344,False,1.0,0.4329496529974902,-33.56898381183589,-17.541297978072713
3104,3809,hibrido,5.483262062072754,6.62268590927124,1005.027230155144,1281.2979040499156,1206032676.1861727,False,1.0,0.4328885344926111,-34.913146672324174,-19.053035810880765
3105,1419,hibrido,4.844830513000488,4.76753044128418,225.32592934666192,472.66499347060216,270391115.2159943,False,1.0,0.43286263327569696,-46.63820821851867,-27.787992159360577
3106,369,hibrido,5.935599327087402,5.528348922729492,907.7562396615108,1184.6984908614158,1089307487.593813,False,1.0,0.4328500028531505,-52.8694441728642,-6.299001678444429
3107,33,hibrido,5.5885162353515625,5.0177083015441895,628.5377834055615,852.7186957124768,754245340.0866739,False,1.0,0.4327107330114039,-54.33516119245542,-20.76117178891393
3108,4257,hibrido,5.667117118835449,6.826857566833496,1234.1955978580606,1125.77681579068,1481034717.4296727,False,1.0,0.43265492806831946,-32.81998514860509,-17.466987594876926
3109,1340,hibrido,4.848042011260986,5.024271011352539,337.7955445571886,419.01287964592495,405354653.4686263,False,1.0,0.432444216928372,-46.92333445813034,-29.59993569077186
3110,1338,hibrido,5.186268329620361,4.631590366363525,394.141451660301,420.91779875549383,472969741.99236125,False,1.0,0.43233134280399327,-46.872162964210915,-30.31608879638099
3111,299,hibrido,4.994728088378906,4.586137771606445,329.2910781917161,221.54399227394472,395149293.83005935,False,1.0,0.43225758920870583,-52.68197455218819,-31.585735130535156
3112,3878,hibrido,5.832499027252197,6.092187881469727,1014.4885141743284,1309.5757945713622,1217386217.0091941,False,1.0,0.4320755625955749,-34.31777305034833,-20.72139933666517
3113,310,hibrido,4.870683670043945,4.575865745544434,228.87517504070996,305.093003054278,274650210.04885197,False,1.0,0.43204857160839605,-52.73261277584517,-27.61727623751859
3114,106,hibrido,5.771243572235107,4.664308071136475,628.8582956258427,800.6966103193641,754629954.7510113,False,1.0,0.43200833429843516,-53.950926077535634,-21.12277533825731
3115,3209,hibrido,5.295821666717529,5.635391712188721,656.8594876167953,937.0857096259763,788231385.1401544,False,1.0,0.4319729542250368,-37.63720350695615,-22.110324818754208
3116,546,hibrido,5.326359748840332,4.8899617195129395,538.010204493736,522.9991196145364,645612245.3924831,False,1.0,0.43193549704766865,-51.61704768799334,-22.550110619046293
3117,1199,hibrido,4.817046165466309,4.353277206420898,83.79456460178588,418.57578451486444,100553477.52214305,False,1.0,0.43193214225628024,-47.894191379571055,-27.129378126253442
3118,90,hibrido,4.8566179275512695,5.112510681152344,371.91142487317654,437.2376118303908,446293709.8478119,False,1.0,0.43186178114644663,-53.94868159927099,-26.901083196086773
3119,1565,hibrido,5.063447952270508,4.78326940536499,338.4621415442834,554.4221961386726,406154569.85314006,False,1.0,0.43180070375178115,-45.77355940717748,-28.45728648843979
3120,405,hibrido,5.186122417449951,4.943922519683838,431.0318310171964,672.9844007033763,517238197.22063565,False,1.0,0.4316199188670255,-52.42199390552874,-20.031850911036774
3121,544,hibrido,5.391520023345947,4.6064581871032715,481.6642973906234,509.3430949104077,577997156.8687481,False,1.0,0.43148035979501725,-51.60439171414515,-23.27187470946211
3122,36,hibrido,5.749678611755371,4.456282615661621,543.2055633385164,808.6191840385093,651846676.0062197,False,1.0,0.43141058416749034,-54.33284758894913,-19.677248609675665
3123,681,hibrido,4.8323774337768555,4.316871166229248,114.97150322899576,315.3676574548632,137965803.8747949,False,1.0,0.4313891060798861,-50.7177212367256,-27.223641679545587
3124,326,hibrido,5.493722915649414,4.904224872589111,601.3757589310052,660.6977905572637,721650910.7172062,False,1.0,0.43123708377345743,-52.78987215588727,-21.840865038109005
3125,2676,hibrido,5.496261119842529,5.418724536895752,736.216476201545,829.6709071906471,883459771.441854,False,1.0,0.4307866638696152,-39.73395752707528,-27.612531942154302
3126,2604,hibrido,5.369831085205078,5.316530227661133,651.4754165511779,749.8111574733687,781770499.8614135,False,1.0,0.43075660827806306,-40.22522710674297,-26.951210852528718
3127,39,hibrido,5.344664096832275,4.813081741333008,457.87334327147147,753.1852953384125,549448011.9257658,False,1.0,0.43050454494689744,-54.33068255874212,-18.59319451582311
3128,303,hibrido,4.882885932922363,4.32987117767334,207.96933389243682,142.41397583340503,249563200.6709242,False,1.0,0.4304823345077602,-52.70156992890623,-30.14294404811123
3129,2387,hibrido,4.70759916305542,5.575328350067139,425.42519115163316,544.7538888142279,510510229.3819598,False,1.0,0.4303921942941186,-41.61855511920647,-25.298676812246114
3130,3356,hibrido,5.065995216369629,6.284266471862793,741.2883177492864,1014.0760563666897,889545981.2991437,False,1.0,0.43015857993524315,-36.823378721307535,-22.37952270173591
3131,1410,hibrido,5.16291618347168,4.918909549713135,478.88251131066795,476.0323487751105,574659013.5728016,False,1.0,0.43007365619135607,-46.401123371525934,-31.008266271431207
3132,3805,hibrido,5.778238296508789,6.012325763702393,977.4456144148231,1277.2638231657083,1172934737.2977877,False,1.0,0.4298541899044801,-34.74373437800687,-20.420982939373438
3133,2757,hibrido,5.392125129699707,5.012005805969238,567.5940223470313,730.7054571689977,681112826.8164376,False,1.0,0.4297602795259748,-39.64360738611298,-25.12347119016084
3134,316,hibrido,5.234569072723389,4.611570358276367,397.81203372304947,529.4164150389348,477374440.46765935,False,1.0,0.4294689104020752,-52.7561896261296,-25.451661428160396
3135,160,hibrido,4.957912921905518,4.46276330947876,258.69769197192693,292.25285793353936,310437230.3663123,False,1.0,0.4293627094420498,-53.540037930871854,-28.34418530837905
3136,3501,hibrido,5.445967674255371,6.012714862823486,844.87422228617,1095.2959318022451,1013849066.743404,False,1.0,0.4292607802518552,-35.91164442523375,-23.33081482469641
3137,3810,hibrido,5.754728317260742,6.115925312042236,1015.7507983786959,1241.4282375091868,1218900958.054435,False,1.0,0.4291839818806526,-34.95330804353545,-18.710812236228097
3138,758,hibrido,4.768932819366455,4.649174690246582,171.09521133640993,441.0122029374539,205314253.6036919,False,1.0,0.4290345961890781,-50.348718352798755,-26.132795215210013
3139,4259,hibrido,5.592083930969238,6.617602348327637,1162.034332539197,1046.4286592485514,1394441199.0470364,False,1.0,0.4289793670830422,-32.899927893352995,-16.79064516474036
3140,4027,hibrido,5.795843124389648,6.407833576202393,1096.982602896819,1395.1727754736614,1316379123.4761827,False,1.0,0.42897670195165993,-33.602432250624624,-20.29734594673051
3141,1341,hibrido,4.922224998474121,4.771506309509277,309.62259100563233,423.75912180054655,371547109.2067588,False,1.0,0.42892524197094134,-46.94823578126219,-29.241800856562172
3142,3439,hibrido,5.009632110595703,6.655784606933594,812.8929184221047,1129.2584247101672,975471502.1065257,False,1.0,0.4288173893689757,-36.80431654814375,-19.232217041585308
3143,327,hibrido,5.48293924331665,4.81373405456543,572.9316855753234,674.3666775868924,687518022.6903881,False,1.0,0.42876107534633034,-52.79288084828745,-21.47969278707598
3144,1867,hibrido,4.80972957611084,4.835012912750244,283.005030423964,377.6453051897973,339606036.5087568,False,1.0,0.4286371543941493,-44.33374642941917,-26.21533929808971
3145,533,hibrido,4.728355884552002,4.5937180519104,171.76180832350482,310.7840919773916,206114169.9882058,False,1.0,0.4284387417694809,-51.525178571151145,-27.240221245228398
3146,1342,hibrido,4.76471471786499,4.946937084197998,281.449637454076,432.171023217858,337739564.9448912,False,1.0,0.42835303054653595,-46.9726897258349,-28.88362791048143
3147,1485,hibrido,5.021844387054443,5.143548011779785,479.1047103063663,506.0057320342592,574925652.3676395,False,1.0,0.4281119039087814,-46.013135679547034,-30.625849822420637
3148,767,hibrido,5.217974662780762,4.575104713439941,424.65179330041605,396.9677986691668,509582151.9604992,False,1.0,0.4280425038941823,-50.441403723126314,-22.889143402481853
3149,3808,hibrido,5.3904852867126465,6.689809799194336,995.7960545712576,1305.8902749254564,1194955265.4855092,False,1.0,0.42798841715710645,-34.8721168126226,-19.39516675377786
3150,105,hibrido,5.380861282348633,5.300765037536621,657.3023689815245,787.1888060589949,788762842.7778294,False,1.0,0.4278715746849081,-53.95080597036172,-21.484043630538547
3151,3204,hibrido,5.177145481109619,5.902729034423828,706.4804535187168,939.6198168533647,847776544.2224602,False,1.0,0.4278226722172705,-37.42123346354538,-23.843951292715328
3152,246,hibrido,5.270552158355713,5.042482852935791,538.8990004765288,667.8276461345258,646678800.5718346,False,1.0,0.4277868197579189,-53.16359925312687,-24.01019953544325
3153,10,hibrido,4.8909077644348145,4.761336803436279,327.2081079577467,321.4680783965423,392649729.549296,False,1.0,0.4276197621790008,-54.35842266234632,-29.06630241150813
3154,2903,hibrido,5.247367858886719,5.618892669677734,680.6886268403588,833.4879967073418,816826352.2084305,False,1.0,0.42754768479409516,-38.765863768906584,-25.74430387673083
3155,232,hibrido,4.856466293334961,4.3844828605651855,207.22016924881626,212.71280342635612,248664203.09857953,False,1.0,0.42754271142315475,-53.12610593577857,-29.06393653271564
3156,820,hibrido,4.66876745223999,4.6048760414123535,198.80067713103887,146.720029003964,238560812.55724666,False,1.0,0.4273007827739591,-49.78170222990066,-30.442025329329606
3157,103,hibrido,5.557937145233154,5.142696380615234,714.1905156928879,765.7470376044026,857028618.8314655,False,1.0,0.42721167868730925,-53.95055809722872,-22.206533192895375
3158,3133,hibrido,5.082006454467773,5.794602394104004,631.084397730146,892.9709979886728,757301277.2761751,False,1.0,0.4271628546964902,-37.94066977520357,-22.84239038512214
3159,966,hibrido,4.961263179779053,4.533679962158203,310.74495890210704,253.765195512072,372893950.68252844,False,1.0,0.4271389155999225,-48.91189542352041,-31.13131448786166
3160,1045,hibrido,4.762063026428223,4.54759407043457,196.04198081661426,267.2672412108491,235250376.9799371,False,1.0,0.4271205761502887,-48.592440132608075,-29.31817655708235
3161,158,hibrido,4.932163715362549,4.397176742553711,247.21484785526434,247.81390794368576,296657817.4263172,False,1.0,0.4271139801208601,-53.536870264285476,-29.065982007790502
3162,175,hibrido,5.593268871307373,4.8598480224609375,651.8130136784522,712.5346082590773,782175616.4141426,False,1.0,0.4269761583067064,-53.56034675307928,-22.92835776683894
3163,821,hibrido,4.654173374176025,4.5277276039123535,167.4107721847964,138.29955499177873,200892926.6217557,False,1.0,0.42696361296575075,-49.79708259181362,-30.08217560980713
3164,693,hibrido,5.186365604400635,4.722839832305908,453.0469458476706,436.06043162453784,543656335.0172048,False,1.0,0.426961055570742,-50.83115453288409,-22.89737970167681
3165,3134,hibrido,5.225673198699951,5.53536319732666,622.8462636253496,894.2293042845442,747415516.3504195,False,1.0,0.42695740302528934,-37.98212707319874,-22.49492843568514
3166,3436,hibrido,5.360194683074951,5.9402384757995605,784.2098211957654,1091.6400751172002,941051785.4349184,False,1.0,0.4268758014027516,-36.689510054884686,-20.26877106839289
3167,3198,hibrido,5.5652852058410645,5.645362854003906,828.1877352884351,997.0919355152503,993825282.3461221,False,1.0,0.426762600368421,-37.13353283393159,-25.92116578272087
3168,1194,hibrido,4.705102920532227,4.789567947387695,224.65933235956703,355.3896252942878,269591198.83148044,False,1.0,0.4266265797415733,-47.79168563667808,-28.92369634671943
3169,3060,hibrido,5.196002006530762,5.4312357902526855,583.5070700561868,854.2899481379575,700208484.067424,False,1.0,0.42651581318251,-38.36877955635942,-22.531849260864398
3170,665,hibrido,5.785272598266602,5.421544075012207,838.6837621446135,1122.20219083001,1006420514.5735363,False,1.0,0.4264921765058065,-51.42348381606882,-6.293871544380917
3171,3886,hibrido,5.570866584777832,6.473226547241211,1078.9562335056671,1158.8982938592846,1294747480.2068005,False,1.0,0.4262668767236668,-34.655292850782864,-17.99060871119808
3172,3355,hibrido,5.579721927642822,5.4015889167785645,748.2235087044041,1012.9666345462144,897868210.445285,False,1.0,0.42616206933724127,-36.77925823694064,-22.725008412829474
3173,38,hibrido,5.307826995849609,4.89325475692749,486.31741662715314,770.030554160705,583580899.9525838,False,1.0,0.42592257136842254,-54.33138800573457,-18.95456005257807
3174,2990,hibrido,4.624812602996826,6.203818321228027,535.6335853114538,839.1495479991772,642760302.3737445,False,1.0,0.42591502832663486,-38.90656541503952,-21.172355759240617
3175,74,hibrido,6.175468921661377,5.416772365570068,1012.90934983784,1298.1618952071917,1215491219.805408,False,1.0,0.4257464979609092,-54.3152098504979,-5.938429854373772
3176,4333,hibrido,5.7740678787231445,6.32012939453125,1179.384406633929,1052.4612228469975,1415261287.9607148,False,1.0,0.4255789069170411,-32.526809135910526,-16.754281359915407
3177,3207,hibrido,5.1044487953186035,5.876163005828857,670.0182716649778,932.9694187917158,804021925.9979733,False,1.0,0.42555471051608945,-37.55332138013811,-22.804043891994358
3178,2456,hibrido,5.507139682769775,4.7911481857299805,594.6851114566688,685.9645075134873,713622133.7480025,False,1.0,0.42540999726101003,-41.026699181564325,-27.025924442485145
3179,79,hibrido,4.873443126678467,4.784526348114014,352.0893017090177,277.0861403952632,422507162.05082124,False,1.0,0.425381533528182,-53.94669128339238,-30.870977920239575
3180,2168,hibrido,4.677374362945557,4.930432319641113,255.72087285520092,389.35733728829075,306865047.4262411,False,1.0,0.4253256460870059,-42.90255706902272,-24.3292680203895
3181,612,hibrido,4.908756732940674,4.731537818908691,284.2314235340314,504.94757067499177,341077708.2408377,False,1.0,0.42513147152894043,-51.165704637243,-25.429594742362585
3182,3370,hibrido,4.859440803527832,6.9724440574646,860.7483283646218,1130.1561611280733,1032897994.0375462,False,1.0,0.4249383081248552,-37.35508770622519,-17.53376663901844
3183,373,hibrido,5.052152156829834,4.298672199249268,310.898105044192,198.2845033880755,373077726.0530304,False,1.0,0.4247332394116633,-52.2605994017095,-31.580695526074997
3184,26,hibrido,5.435956001281738,5.223459720611572,680.4303652214049,788.5348795527381,816516438.2656859,False,1.0,0.4245618661223323,-54.341164906277506,-23.28978382552184
3185,241,hibrido,5.108921527862549,4.7109246253967285,398.0342327187477,504.0304918767312,477641079.26249725,False,1.0,0.42431188206493853,-53.15133527372116,-25.81551961715282
3186,1941,hibrido,4.922580718994141,4.681207656860352,311.40018297121856,401.5603437636255,373680219.5654623,False,1.0,0.42428180347032596,-43.93467733669432,-26.188241721051533
3187,765,hibrido,4.987164497375488,4.721738815307617,368.30588619730366,387.1508005875444,441967063.4367644,False,1.0,0.42419361731893584,-50.42219787868016,-23.61010208534768
3188,3357,hibrido,5.276765823364258,5.827462196350098,736.4633874709621,1016.7591128131342,883756064.9651545,False,1.0,0.42384125425250885,-36.86664348581307,-22.033943809785
3189,101,hibrido,5.827200412750244,4.535715579986572,680.2081662257067,752.243866585332,816249799.4708481,False,1.0,0.4234221063957896,-53.95029981722794,-22.928958677861093
3190,2305,hibrido,5.2107462882995605,5.339377403259277,622.4136670168285,713.95469260163,746896400.4201943,False,1.0,0.42315687955274883,-41.7097330793948,-28.155108326521763
3191,547,hibrido,4.892214775085449,5.482831001281738,545.4491488804858,534.2068181050424,654538978.656583,False,1.0,0.4230228286322862,-51.62318545910646,-22.189201752377535
3192,3814,hibrido,5.068525791168213,7.15229606628418,1072.5807608854018,1082.0457794081556,1287096913.062482,False,1.0,0.42295431677322914,-35.105423338591045,-17.34103225270969
3193,3802,hibrido,5.506977081298828,6.315377235412598,973.647819274433,1259.4666878448515,1168377383.1293197,False,1.0,0.4229275023725423,-34.60723168833295,-21.44588929497461
3194,890,hibrido,4.883152008056641,4.743304252624512,357.9498527841087,275.24856163493763,429539823.34093046,False,1.0,0.42289979783549997,-49.294967283518226,-31.86624845547813
3195,596,hibrido,4.926845073699951,4.224119663238525,243.7977476639999,131.23168671243192,292557297.1967999,False,1.0,0.42277879673591984,-51.008281573591695,-31.19699485313383
3196,3520,hibrido,5.0923614501953125,6.72743034362793,953.2725060875218,1031.0265863984378,1143927007.3050263,False,1.0,0.42254054614676184,-36.67079896480369,-16.780913863984747
3197,518,hibrido,5.80935525894165,5.572880268096924,909.3006335624938,1188.0089100884152,1091160760.2749925,False,1.0,0.42247990039533695,-52.14770537137,-5.935419611268519
3198,384,hibrido,4.703845977783203,4.597639560699463,200.3791598664576,288.64640008816275,240454991.83974913,False,1.0,0.4224618331387022,-52.32741021152018,-27.612984701068836
3199,1267,hibrido,4.892140865325928,4.601308345794678,281.2274384583778,384.3654374914481,337472926.1500533,False,1.0,0.42244654893810435,-47.359054035945775,-29.262746331634947
3200,3586,hibrido,5.473479270935059,6.034894943237305,878.8850211376769,1191.2368407205538,1054662025.3652122,False,1.0,0.4223408640588537,-36.008476069618666,-19.50664196457518
3201,2459,hibrido,4.978430271148682,5.300930976867676,510.1662508020001,617.4899527484009,612199500.9624001,False,1.0,0.42208215219199574,-41.14673539399244,-25.9698984902923
3202,2605,hibrido,5.066810131072998,5.570562839508057,623.3024629996216,727.5064379535668,747962955.599546,False,1.0,0.42207996611360993,-40.26831139028633,-26.60039957589463
3203,3877,hibrido,5.640035629272461,6.233100414276123,1013.2704448161899,1303.8174398031654,1215924533.7794278,False,1.0,0.4219673373454521,-34.27150982829432,-21.062293108583447
3204,171,hibrido,5.178153038024902,5.097382068634033,539.1211994722272,667.9908180284528,646945439.3666726,False,1.0,0.4218507260870736,-53.55549241972339,-24.3729675319707
3205,2,hibrido,5.189944267272949,4.5927414894104,460.2476361561093,367.88819691309135,552297163.3873311,False,1.0,0.4217242656321972,-54.369171064334644,-31.952736620672074
3206,3430,hibrido,5.291125297546387,5.926450252532959,780.8747257646836,1054.0327230441585,937049670.9176203,False,1.0,0.4216953883753956,-36.43754286972355,-22.33953582878118
3207,2677,hibrido,5.334897994995117,5.433377265930176,708.0435226499886,805.6070131465374,849652227.1799864,False,1.0,0.42166453571644885,-39.77983280629739,-27.26247608150761
3208,1190,hibrido,5.172245502471924,4.252211093902588,337.351146565792,341.61643076236,404821375.8789504,False,1.0,0.421629609005141,-47.70267507041669,-30.35854819667006
3209,300,hibrido,4.685497283935547,4.795717716217041,295.52879993735485,192.5661977416537,354634559.9248258,False,1.0,0.4215434779486229,-52.68700650621446,-31.22506866089637
3210,3059,hibrido,5.083604335784912,5.556441307067871,592.2926217267259,852.9727252950239,710751146.0720711,False,1.0,0.4215051368435973,-38.32822491165994,-22.879944163147172
3211,169,hibrido,5.278675079345703,4.704408168792725,482.7752923691148,593.1371957400088,579330350.8429378,False,1.0,0.4214904259388485,-53.55291807280323,-25.095169613875996
3212,1488,hibrido,4.986745357513428,4.846166133880615,394.58584965169763,498.84045630995735,473503019.58203715,False,1.0,0.42126336795678865,-46.09938998459884,-29.553708016854007
3213,391,hibrido,5.142868995666504,4.647663593292236,397.5898347273513,559.3896176046313,477107801.6728215,False,1.0,0.4209157599654625,-52.36336576791768,-25.08681792911268
3214,2985,hibrido,5.042311191558838,5.469788551330566,553.6728117267593,812.9746225716731,664407374.0721111,False,1.0,0.42085313579479416,-38.71598330714301,-22.91669648293851
3215,15,hibrido,5.026684284210205,4.678962707519531,381.56052336692227,432.82990357410085,457872628.04030675,False,1.0,0.42077086040668504,-54.35245944970799,-27.261643920499868
3216,1789,hibrido,4.619489669799805,5.360555648803711,367.3016920829345,502.57920948930433,440762030.4995214,False,1.0,0.4206345839563737,-44.614622991137104,-27.66639947777954
3217,1562,hibrido,4.850358486175537,5.172084808349609,422.9810021989522,538.7734260546863,507577202.6387426,False,1.0,0.4206055998230603,-45.687706656177646,-29.52874500800563
3218,2232,hibrido,5.055591583251953,5.341987609863281,565.8455609180178,657.6818496268205,679014673.1016214,False,1.0,0.4205614614444566,-42.15433090160764,-27.837077522072143
3219,3739,hibrido,5.393398284912109,6.471715927124023,1019.6580653637608,1126.2067448176056,1223589678.436513,False,1.0,0.4203808428662627,-35.443919350187656,-17.717824052366296
3220,155,hibrido,4.796419620513916,4.568417549133301,276.40768577022374,222.28750070645353,331689222.9242685,False,1.0,0.42037114176705925,-53.53189626143955,-30.148530464955705
3221,1717,hibrido,4.600191116333008,5.071595191955566,282.5606324325675,413.82220752866283,339072758.919081,False,1.0,0.4203216980079292,-45.076746627474414,-26.979776905018923
3222,743,hibrido,4.644876480102539,4.834941387176514,292.8868713976478,196.19317811724744,351464245.6771773,False,1.0,0.4201465486477267,-50.154744919156975,-31.534737056301456
3223,1793,hibrido,4.7635498046875,4.6711578369140625,254.6098778767095,356.6247935579202,305531853.4520514,False,1.0,0.4199450326457199,-44.7329944394931,-26.241391489546167
3224,1862,hibrido,5.154392719268799,4.682500839233398,423.8697981817453,554.4111737422202,508643757.8180944,False,1.0,0.41994170019628896,-44.17820185142492,-27.994413098247573
3225,237,hibrido,5.116464614868164,4.185190677642822,285.4180891644034,359.50902178039934,342501706.99728405,False,1.0,0.41992054661028066,-53.14064340374147,-27.259449792265816
3226,770,hibrido,5.054450988769531,4.765392780303955,432.6343921186031,439.4655496819353,519161270.5423237,False,1.0,0.41969315631565207,-50.46879301401822,-21.807556097577518
3227,963,hibrido,4.892305850982666,4.875218868255615,411.64117534063746,331.6576163052496,493969410.40876496,False,1.0,0.4196258467041167,-48.852628638367925,-32.20923635869511
3228,1112,hibrido,4.818835735321045,5.054322719573975,423.3239300327644,364.5089601033646,507988716.03931725,False,1.0,0.4195040689036794,-48.02875442419874,-31.813246978990687
3229,313,hibrido,5.103152275085449,4.324258327484131,313.2931730683808,415.068356433826,375951807.68205696,False,1.0,0.419344566766354,-52.74473488984259,-26.534553491114703
3230,3132,hibrido,5.093246936798096,5.6778693199157715,641.7145518100581,893.503417932216,770057462.1720697,False,1.0,0.41922711325033285,-37.89839716304992,-23.189766494669485
3231,222,hibrido,6.119983673095703,5.263308525085449,978.3731110793914,1257.433070821309,1174047733.2952697,False,1.0,0.4188843688383804,-53.592706152578515,-5.9383697119308065
3232,3724,hibrido,6.082465171813965,5.208170413970947,952.1834405495647,1213.3532968883712,1142620128.6594777,False,1.0,0.41862340072803084,-34.79859484279952,-22.85601768510772
3233,4034,hibrido,5.5760111808776855,6.55076789855957,1154.4091512257435,1157.3973513490143,1385290981.4708922,False,1.0,0.4185914834342808,-33.90419441434616,-17.917979291558783
3234,1345,hibrido,4.787013053894043,4.552063465118408,196.9307767994074,476.63137003443074,236316932.15928888,False,1.0,0.4184757060564369,-47.04343110886847,-27.80888587405065
3235,3654,hibrido,5.606317520141602,5.786515235900879,893.6868251042158,1179.909687852231,1072424190.125059,False,1.0,0.4184099096594083,-35.37369694655783,-21.529478917404024
3236,2537,hibrido,4.609102725982666,5.583079814910889,425.8695891430297,592.7258695773482,511043506.97163564,False,1.0,0.4183255279809368,-40.90361485584231,-24.527853839938366
3237,35,hibrido,5.544530868530273,4.675472736358643,571.6496366941981,830.1348986894452,685979564.0330377,False,1.0,0.41825540047705867,-54.33360205463681,-20.038571178963807
3238,3733,hibrido,5.590302467346191,6.031238079071045,948.7269701761109,1256.5292800412108,1138472364.211333,False,1.0,0.4182429668255281,-35.209548001715014,-19.7756986097519
3239,686,hibrido,4.826123237609863,4.636895656585693,255.83627098677695,468.1952394912209,307003525.18413234,False,1.0,0.4178944886937132,-50.76819142217133,-25.42139841451368
3240,4481,hibrido,5.720869064331055,6.399847507476807,1216.8859846592795,1068.9237573355501,1460263181.5911355,False,1.0,0.417780547448592,-31.780969626569703,-16.680126984188938
3241,449,hibrido,4.719188690185547,4.398416519165039,221.56706455377454,109.32405067062679,265880477.46452945,False,1.0,0.41770820142122117,-51.85561758615296,-30.853234566038722
3242,1119,hibrido,4.711430549621582,4.590476036071777,224.43713336386872,306.05029324546683,269324560.0366425,False,1.0,0.41768269300983846,-48.18116577279933,-29.300939325026405
3243,2013,hibrido,4.706970691680908,5.237980365753174,396.14124262158555,489.27267658286354,475369491.14590263,False,1.0,0.4175851676174595,-43.4705135315031,-26.870153242929383
3244,4180,hibrido,5.696991443634033,6.560037612915039,1208.7326093638214,1241.1496696146473,1450479131.2365856,False,1.0,0.4173984993609777,-33.06946134025891,-18.52048010788343
3245,168,hibrido,5.407585144042969,4.313051700592041,454.6023388175585,556.2479060367972,545522806.5810702,False,1.0,0.4171614760756909,-53.55159301426651,-25.456244290516914
3246,476,hibrido,4.953296184539795,5.198047161102295,488.2404899488412,618.2950165861354,585888587.9386094,False,1.0,0.4169668146584814,-52.025824242371506,-21.11128767617185
3247,3807,hibrido,5.3151021003723145,6.601967811584473,988.0990999115655,1295.1836027191473,1185718919.8938787,False,1.0,0.41691557163276743,-34.830210376300776,-19.737202992082384
3248,1637,hibrido,4.864668369293213,5.126867294311523,423.2032011946504,582.1613250585121,507843841.43358046,False,1.0,0.41688009335442733,-45.30676519444053,-29.145827260967252
3249,610,hibrido,4.892014026641846,4.396988391876221,227.885516430919,430.3739717935901,273462619.7171028,False,1.0,0.4165890134868397,-51.14849214283101,-26.150823598821727
3250,3061,hibrido,5.032711505889893,5.520793437957764,577.365094077563,857.47312545752,692838112.8930756,False,1.0,0.4165399690400073,-38.40854468690524,-22.183673172613478
3251,2530,hibrido,5.3208794593811035,5.057407379150391,623.0802640039235,717.4831278294195,747696316.8047082,False,1.0,0.4165220319488878,-40.62583410287353,-26.98907746280999
3252,3729,hibrido,5.667517185211182,5.804584503173828,933.2754468671044,1224.5286644385048,1119930536.2405252,False,1.0,0.4164154200555903,-35.03599130111192,-21.145761000062727
3253,311,hibrido,4.664920806884766,4.76461935043335,256.9472659652683,341.0010857939864,308336719.1583219,False,1.0,0.4162448995323472,-52.736729326882866,-27.25638777215299
3254,92,hibrido,5.0880560874938965,4.693297386169434,426.6515842617006,503.56402691131893,511981901.1140407,False,1.0,0.41620569508717437,-53.94900187466171,-26.17903794906282
3255,225,hibrido,4.7176690101623535,4.861782550811768,351.2941739244423,249.09182391539795,421553008.70933074,False,1.0,0.41615510213046614,-53.103388804197216,-31.589386506401507
3256,2377,hibrido,5.6661553382873535,4.797651767730713,707.1547266671955,801.4164619315517,848585672.0006347,False,1.0,0.41609848486146517,-41.21880176828776,-28.823023654751744
3257,3203,hibrido,5.5589447021484375,5.138239860534668,722.6649847269301,945.2177287965017,867197981.6723162,False,1.0,0.41591065538103617,-37.375495514407284,-24.190400802806348
3258,21,hibrido,5.146702289581299,5.016968250274658,539.5655974636238,627.4884265290998,647478716.9563485,False,1.0,0.415840501406699,-54.34600282934763,-25.095439789962658
3259,19,hibrido,5.457833766937256,4.292222499847412,483.2196903605113,558.6964519557695,579863628.4326136,False,1.0,0.41583803866831615,-54.348073710452,-25.81758020362641
3260,2382,hibrido,5.459526062011719,4.601051330566406,566.2899589094143,655.3720869983366,679547950.6912972,False,1.0,0.4154715252718113,-41.427816208031366,-27.061742587784707
3261,835,hibrido,4.649901866912842,4.725318908691406,227.21891944382412,378.8470588217722,272662703.332589,False,1.0,0.41542022486327823,-49.985203749170466,-25.04160707137885
3262,1118,hibrido,4.730069160461426,4.5941853523254395,252.61008691542503,299.44412165817556,303132104.29851,False,1.0,0.41526389575171674,-48.16055158695349,-29.659940657624887
3263,3882,hibrido,5.742081642150879,6.030879497528076,1034.9235477107409,1318.6986978306013,1241908257.2528892,False,1.0,0.41519551906109736,-34.49366026420607,-19.35678393846192
3264,1416,hibrido,4.905534744262695,4.616222381591797,309.8447900013305,470.9636897684878,371813748.0015966,False,1.0,0.4150977977213037,-46.5634354239136,-28.861779582815327
3265,3880,hibrido,5.386026382446289,6.576226234436035,1021.6295059848808,1324.64578378972,1225955407.1818569,False,1.0,0.4150601914635549,-34.40753204440027,-20.03929525884904
3266,3812,hibrido,5.5196099281311035,6.271924018859863,1041.4843188998252,1161.7157865889935,1249781182.6797903,False,1.0,0.4150436441356278,-35.03105665615507,-18.02609536388206
3267,86,hibrido,4.670615196228027,4.83256721496582,297.1522813107708,323.69233725737706,356582737.5729249,False,1.0,0.4149818365796259,-53.94800393010517,-28.344950878026086
3268,3589,hibrido,4.806602478027344,7.124759197235107,915.1222505988405,1217.6119081004406,1098146700.7186086,False,1.0,0.41491099428191774,-36.12273294699192,-18.473648059127928
3269,4252,hibrido,6.115704536437988,5.973187446594238,1231.4022844459482,1324.490350723442,1477682741.3351378,False,1.0,0.4148351402076145,-32.60393109523809,-19.156060185754974
3270,13,hibrido,4.870601177215576,4.692000389099121,347.2450405125163,379.660012943114,416694048.61501956,False,1.0,0.4147085368494622,-54.354778790176596,-27.983564458823704
3271,3879,hibrido,5.452277660369873,6.441234588623047,1017.2791634773977,1316.5248220673807,1220734996.1728773,False,1.0,0.41457712232543975,-34.36311077588103,-20.38039930636978
3272,3506,hibrido,5.256926536560059,5.997541904449463,813.7334986049472,1100.4169233450643,976480198.3259366,False,1.0,0.4144644931733898,-36.14098040275276,-21.610297699271666
3273,2835,hibrido,4.735769271850586,5.668262004852295,507.83830667362514,736.4513424915151,609405968.0083501,False,1.0,0.41437209609255937,-39.41424112045936,-23.687366705621276
3274,298,hibrido,4.879513263702393,4.608955383300781,364.3184825958088,253.53843991134298,437182179.11497056,False,1.0,0.41431938663308077,-52.67685150652399,-31.946380487845396
3275,1263,hibrido,4.717317581176758,5.070627689361572,393.91925266460277,388.5058423473093,472703103.1975233,False,1.0,0.4141157199191713,-47.26254790621178,-30.696291381765135
3276,2237,hibrido,4.999136447906494,4.809926986694336,424.98079316023666,517.4839536548209,509976951.792284,False,1.0,0.4140112125375849,-42.340318467290146,-26.0695394386559
3277,4251,hibrido,6.115704536437988,5.973187446594238,1225.1863674907027,1364.2781751523576,1470223640.9888432,False,1.0,0.41376855285977326,-32.55787882514865,-19.493549879896936
3278,669,hibrido,4.579121112823486,4.80326509475708,285.5830910500404,179.60166861298347,342699709.2600485,False,1.0,0.41375119325318666,-50.575738464037144,-31.546688881963735
3279,1116,hibrido,4.645068168640137,4.863925933837891,308.95599401853747,302.10392581963623,370747192.82224494,False,1.0,0.4134713131982828,-48.11818783332174,-30.377844819476138
3280,2463,hibrido,4.819149971008301,5.046228408813477,397.4744365957753,554.156316678388,476969323.91493034,False,1.0,0.41329911831924,-41.29670535079449,-24.560882190658482
3281,166,hibrido,5.278219699859619,4.234561920166016,398.25643171444614,483.9542674368329,477907718.0573354,False,1.0,0.412978713108903,-53.54886547596815,-26.178339997752357
3282,3732,hibrido,5.220991134643555,6.517949104309082,942.3443706447795,1246.6823918739487,1130813244.7737353,False,1.0,0.4128171389543943,-35.167485916175906,-20.118360403841287
3283,365,hibrido,5.600916862487793,5.216311454772949,763.4337090237836,1044.1007495244128,916120450.8285403,False,1.0,0.41256011848137697,-52.86594553992553,-7.745490645352834
3284,401,hibrido,5.414962291717529,4.549087047576904,544.8081244399231,637.3422542019708,653769749.3279077,False,1.0,0.41248239041187407,-52.406928917419656,-21.476461402124624
3285,3508,hibrido,5.270834922790527,5.956214427947998,814.801883195616,1112.5713891561677,977762259.8347392,False,1.0,0.41247350037413516,-36.226565477051295,-20.921408963187606
3286,2154,hibrido,5.312645435333252,5.117613315582275,650.1422225769883,768.4499337026158,780170667.0923859,False,1.0,0.4119820106068018,-42.40238466626382,-29.28560158563314
3287,2307,hibrido,4.968005657196045,5.338221073150635,566.0677599137161,654.0863810480658,679281311.8964593,False,1.0,0.41169418707157573,-41.79008583236523,-27.449454602085588
3288,2833,hibrido,5.124990940093994,5.113898277282715,548.5980711029343,748.5071068953771,658317685.3235213,False,1.0,0.4115596813287483,-39.33333242612869,-24.386662495667174
3289,1561,hibrido,4.851800918579102,5.098058700561523,451.1539557505084,538.0304867037783,541384746.9006101,False,1.0,0.4113531814335609,-45.65803917726063,-29.88580740427649
3290,2683,hibrido,4.825838088989258,5.518932819366455,539.0058013406513,692.8894081921645,646806961.6087815,False,1.0,0.4111591088345932,-40.03815105697278,-25.160385727026338
3291,594,hibrido,4.730121612548828,4.648294925689697,323.77156597598076,210.76469248284894,388525879.1711769,False,1.0,0.4110683887524269,-50.98517734898605,-31.917507837726266
3292,4329,hibrido,5.684026718139648,6.69683313369751,1296.1552401645858,1210.4526532445457,1555386288.197503,False,1.0,0.41105953571943266,-32.36086955111159,-18.103450435624406
3293,3280,hibrido,5.331349849700928,5.4427876472473145,718.5481894889092,973.4566370208199,862257827.3866911,False,1.0,0.4110355401212968,-37.12209407287108,-23.110978775479705
3294,94,hibrido,5.171839237213135,4.692052364349365,482.997491364813,573.3905555545396,579596989.6377757,False,1.0,0.41103117288417823,-53.949310219471954,-25.456920249320255
3295,1641,hibrido,4.836859703063965,4.670791149139404,310.51138698842544,480.95363134876334,372613664.38611054,False,1.0,0.4109164213933432,-45.42351945821516,-27.718436745551653
3296,1861,hibrido,5.1866135597229,4.594339370727539,452.04275173330143,591.5428168593482,542451302.0799617,False,1.0,0.41086793041285635,-44.145342807014025,-28.350072591630887
3297,2759,hibrido,5.142908096313477,4.945625305175781,516.0454207832458,709.3857595985568,619254504.939895,False,1.0,0.410721657244585,-39.72558177264572,-24.42330513171238
3298,742,hibrido,4.960423469543457,4.303146839141846,331.7801410894751,231.714831505767,398136169.30737007,False,1.0,0.41039106344764364,-50.139838649265705,-31.894664457812254
3299,1790,hibrido,4.618561267852783,5.080264091491699,339.1287385313782,465.2254369692481,406954486.23765385,False,1.0,0.4101467779037165,-44.64504150504887,-27.310219614709904
3300,1792,hibrido,4.7845587730407715,4.585561275482178,282.78283142826587,392.08723262546494,339339397.71391904,False,1.0,0.4099940073748613,-44.704219852951574,-26.59771481552814
3301,3583,hibrido,5.281712532043457,6.060499668121338,858.0378938131244,1159.7838912973764,1029645472.5757493,False,1.0,0.4099730316786048,-35.88671820982425,-20.538856434600667
3302,3279,hibrido,5.276306629180908,5.549095153808594,730.0969453190116,975.586479389475,876116334.3828139,False,1.0,0.4099524187259687,-37.07714685262453,-23.45695014400567
3303,1486,hibrido,4.88947057723999,4.9780402183532715,450.93175675481007,500.4416058358123,541118108.1057721,False,1.0,0.40979689598563274,-46.04240468419795,-30.268513563695507
3304,3876,hibrido,5.677316188812256,5.967700958251953,1013.6306246776297,1299.265589070436,1216356749.6131556,False,1.0,0.40953046265233295,-34.224311844280734,-21.403078352332265
3305,3731,hibrido,5.253483772277832,6.39036750793457,937.6262378113511,1238.0501366326876,1125151485.3736212,False,1.0,0.4094939827757919,-35.12454489088438,-20.460926128153808
3306,236,hibrido,4.9008612632751465,4.257336616516113,259.53579369040614,325.6481793922693,311442952.42848736,False,1.0,0.4090302490435234,-53.137842573434554,-27.620385572309353
3307,762,hibrido,4.757124423980713,4.626785755157471,283.78702554263486,402.9133979139627,340544430.65116185,False,1.0,0.4090255253733076,-50.39192370389203,-24.69138520569722
3308,3427,hibrido,5.287295341491699,5.800009727478027,806.4462066233293,1055.3854485783297,967735447.9479952,False,1.0,0.40901984814164594,-36.299910431709606,-23.37364429512781
3309,3660,hibrido,5.0626139640808105,6.624051094055176,917.7667719451808,1229.3412641905225,1101320126.334217,False,1.0,0.40864839646355033,-35.62952662750712,-19.470103909907476
3310,2011,hibrido,5.193607330322266,4.514096736907959,452.48714972469804,555.418816089167,542984579.6696377,False,1.0,0.4084908806758463,-43.40277637427623,-27.579978676268183
3311,3048,hibrido,5.388047218322754,5.583109378814697,821.846331834705,956.0466363005252,986215598.201646,False,1.0,0.40844369639016703,-37.82733025808766,-26.70314035272831
3312,247,hibrido,5.518835544586182,4.40093469619751,567.0719540280852,667.1151402373619,680486344.8337022,False,1.0,0.40831981899590974,-53.16591146163497,-23.649083081965802
3313,456,hibrido,4.515337944030762,4.360236167907715,115.8644294217524,199.87933373671672,139037315.30610287,False,1.0,0.40830668157727323,-51.90837214471984,-28.328930807711252
3314,2082,hibrido,4.963509559631348,5.308379650115967,565.4011629266212,679.1010662931964,678481395.5119454,False,1.0,0.40817202371573036,-42.889042051934695,-28.611864607501552
3315,243,hibrido,5.189046859741211,4.542459487915039,454.38013982186027,579.350271201714,545256167.7862324,False,1.0,0.40816590304960976,-53.156383833430965,-25.093444789241342
3316,3512,hibrido,5.1182708740234375,6.241010665893555,840.1082746132619,1153.2608020470564,1008129929.5359143,False,1.0,0.4081507058550732,-36.3875858650653,-19.542548955754445
3317,2981,hibrido,5.309762954711914,5.015762805938721,616.3390124200039,827.0020286409334,739606814.9040047,False,1.0,0.40810957835583495,-38.54950306568258,-24.310740143410666
3318,521,hibrido,4.707137584686279,4.496770858764648,287.58940663189,171.42564518242835,345107287.958268,False,1.0,0.4077976042879429,-51.418016214122595,-31.56645766959763
3319,1788,hibrido,5.004401683807373,4.635476112365723,395.4746456344906,540.3119621279545,474569574.7613888,False,1.0,0.40766065882630415,-44.583641430044246,-28.02252989326796
3320,314,hibrido,4.861944198608398,4.639176368713379,341.46612661993703,452.859515206071,409759351.9439244,False,1.0,0.40764243931140626,-52.748625960011516,-26.173608037307343
3321,1040,hibrido,4.51532506942749,5.046541213989258,337.0273683641712,288.8455958197358,404432842.0370054,False,1.0,0.40756552243005334,-48.49300546753908,-31.114133643530153
3322,3962,hibrido,5.477348804473877,6.386235237121582,1129.0424876817315,1077.472246572855,1354850985.2180777,False,1.0,0.40723748753786637,-34.35655385996213,-17.27239175077754
3323,1196,hibrido,4.542420387268066,4.600893974304199,168.3134252564546,387.68774260584286,201976110.30774552,False,1.0,0.406677087453193,-47.833822163434455,-28.20606675600103
3324,18,hibrido,5.212450981140137,4.423433780670166,455.08505275309847,525.4918890220528,546102063.3037182,False,1.0,0.4059545680755819,-54.34913924155156,-26.178623536342197
3325,4177,hibrido,6.081937313079834,5.784878253936768,1185.5904300299323,1360.806103931479,1422708516.0359187,False,1.0,0.4058075978234074,-32.93615236689879,-19.53562527135879
3326,4103,hibrido,5.529710292816162,6.570057392120361,1146.0225567029897,1358.5034287028113,1375227068.0435877,False,1.0,0.40575854770750097,-33.31460742917153,-19.57712560532955
3327,32,hibrido,5.648263454437256,4.549529552459717,656.9818567612431,838.1409956715243,788378228.1134917,False,1.0,0.40570931631351304,-54.33596622217184,-21.122449392693166
3328,82,hibrido,4.855281829833984,4.332225799560547,299.1334963276337,263.77401160679864,358960195.5931604,False,1.0,0.40555335529972636,-53.94727437739335,-29.788512867897325
3329,2681,hibrido,4.7979960441589355,5.650373458862305,595.3517084437636,723.6007470976107,714422050.1325164,False,1.0,0.4050671597016183,-39.955201493159855,-25.861406500617754
3330,83,hibrido,4.815716743469238,4.370943546295166,290.49183472336136,271.2503072793532,348590201.66803366,False,1.0,0.40506187320768794,-53.947461796121694,-29.42765156995175
3331,1635,hibrido,4.914684772491455,5.006250858306885,479.5491082977628,578.024055203486,575458929.9573153,False,1.0,0.4049394839573153,-45.24513670968102,-29.859240512017934
3332,2461,hibrido,4.935641288757324,4.899689197540283,453.82034369888765,581.198359022021,544584412.4386652,False,1.0,0.4047534521240428,-41.22312990113121,-25.265526262525437
3333,2159,hibrido,4.8503265380859375,5.207486152648926,509.27745481920704,601.4644857090265,611132945.7830484,False,1.0,0.4044814037220674,-42.59596378727758,-27.51687509014933
3334,3201,hibrido,5.269200801849365,5.542670726776123,760.3320182940472,961.3214155767827,912398421.9528567,False,1.0,0.4043807431223621,-37.281396701389106,-24.88300912610424
3335,159,hibrido,4.650923728942871,4.5110039710998535,249.8396253916735,267.9771127733142,299807550.4700082,False,1.0,0.40436612597841876,-53.538468641428736,-28.705093329271993
3336,2233,hibrido,4.86433219909668,5.280829906463623,537.6726073664616,627.0520398825679,645207128.839754,False,1.0,0.40411888723255673,-42.192904516434375,-27.48370026214278
3337,8,hibrido,4.683803558349609,4.730663299560547,337.72152889886644,303.5485553053506,405265834.6786397,False,1.0,0.40408961026476437,-54.36096559118167,-29.788030653017483
3338,398,hibrido,5.455715656280518,4.454641342163086,594.8005095882448,600.8815297662662,713760611.5058938,False,1.0,0.404064650534907,-52.39476891952931,-22.559749228164858
3339,469,hibrido,4.867771148681641,5.046350002288818,481.88649638632165,547.1259542270983,578263795.663586,False,1.0,0.40396217331950973,-51.98984128348495,-23.638301054728583
3340,3884,hibrido,5.379651069641113,6.421349048614502,1054.1378713021656,1238.7920550217627,1264965445.5625987,False,1.0,0.40387070015534593,-34.57622566595503,-18.673882762715156
3341,3587,hibrido,5.2375168800354,6.1547393798828125,889.3305524009687,1204.198511908323,1067196662.8811624,False,1.0,0.4035428039757044,-36.0473846687438,-19.16239473935481
3342,254,hibrido,5.122448921203613,5.035985469818115,572.6111733550421,726.6254386410179,687133408.0260504,False,1.0,0.403525350929099,-53.1808520306779,-21.120802665186357
3343,551,hibrido,4.590206146240234,5.39874267578125,431.6728554577591,603.9638284527056,518007426.5493109,False,1.0,0.40345631273403104,-51.64650182168001,-20.745393103567913
3344,402,hibrido,4.923241138458252,5.1370697021484375,516.3640510842415,653.9525933762962,619636861.3010898,False,1.0,0.40340670044927784,-52.41081639426392,-21.115332616603048
3345,817,hibrido,4.768799781799316,4.413409233093262,305.2994218476491,218.92182831075579,366359306.21717894,False,1.0,0.4032265363720715,-49.733864558198874,-31.52141126285582
3346,1708,hibrido,4.922314167022705,5.16111946105957,536.1172143965736,619.9571051008777,643340657.2758883,False,1.0,0.4032092092857712,-44.799358248726286,-30.187672569363357
3347,396,hibrido,5.313453197479248,4.492053985595703,538.4546024851323,589.0338886936648,646145522.9821588,False,1.0,0.40247860942640995,-52.38623802261735,-23.28185678207677
3348,2603,hibrido,5.054471492767334,5.467848777770996,679.6483701027341,773.5424529262884,815578044.123281,False,1.0,0.4022840189358526,-40.18135001755088,-27.301940946193607
3349,2088,hibrido,4.716005325317383,4.96665096282959,396.36344161728385,484.4288705213172,475636129.94074064,False,1.0,0.40198753130960574,-43.10359031274466,-26.485533294490867
3350,1938,hibrido,4.793159008026123,4.850942134857178,395.91904362588724,500.50391957162503,475102852.3510647,False,1.0,0.40180913369841254,-43.83944845391928,-27.254558647514052
3351,1939,hibrido,4.937834739685059,4.505342483520508,367.74609007433105,466.4257914169129,441295308.0891973,False,1.0,0.4017318822201603,-43.871781089702374,-26.89917224145982
3352,691,hibrido,4.737568378448486,4.875272750854492,396.7010387445581,427.14284407433377,476041246.4934697,False,1.0,0.4015438757044939,-50.81404297214129,-23.61862815220638
3353,1563,hibrido,4.940107822418213,4.637037754058838,394.80804864739594,542.4728607245753,473769658.3768751,False,1.0,0.4013033346173853,-45.71684408982459,-29.17163692102179
3354,1558,hibrido,4.869392395019531,5.155472755432129,535.6728164051772,553.4228081880116,642807379.6862127,False,1.0,0.40120843572214704,-45.56577645564225,-30.956713257853885
3355,100,hibrido,5.318643093109131,4.9193596839904785,652.0352126741503,748.6133778011965,782442255.2089804,False,1.0,0.40110256012238676,-53.95016669849835,-23.29014688312415
3356,108,hibrido,4.956308841705322,5.3470025062561035,571.9701489144794,820.9383204375076,686364178.6973753,False,1.0,0.4010584743950426,-53.95115877278334,-20.400192789549518
3357,2685,hibrido,4.8607964515686035,5.123922348022461,484.60902695353747,670.3681248161755,581530832.344245,False,1.0,0.40093885981154187,-40.1180483472549,-24.459056954774805
3358,7,hibrido,4.921918869018555,4.323459625244141,349.7873263370725,302.2279362136556,419744791.604487,False,1.0,0.4008679324509991,-54.36227218219836,-30.14886520523809
3359,3730,hibrido,5.367846488952637,6.047688007354736,934.5977802127666,1230.6580741310247,1121517336.2553198,False,1.0,0.4007681446270146,-35.08071630036336,-20.80339369737658
3360,2615,hibrido,4.549681186676025,5.240470886230469,365.05992098955653,612.9878230333983,438071905.1874678,False,1.0,0.4006698773151044,-40.6576953176977,-23.088140396464887
3361,1786,hibrido,4.7959208488464355,5.08273458480835,451.82055273760307,616.6354884645325,542184663.2851237,False,1.0,0.4004534866046239,-44.51995751421635,-28.734639049364727
3362,3277,hibrido,5.022597789764404,5.896785259246826,759.0136016283747,984.7188877963512,910816321.9540496,False,1.0,0.4004301330817956,-36.98463875089851,-24.1486037289503
3363,2979,hibrido,5.310676574707031,5.0274248123168945,660.1014135143106,845.3606713063672,792121696.2171727,False,1.0,0.4003613815673721,-38.46139228400412,-25.007249855219076
3364,399,hibrido,5.328142166137695,4.628839492797852,601.6962711512865,610.661492323351,722035525.3815438,False,1.0,0.4002806971544808,-52.39890612016022,-22.198669931767913
3365,154,hibrido,4.727050304412842,4.416327953338623,296.47352552479373,227.62190793137987,355768230.62975246,False,1.0,0.4002749115520809,-53.53017712989029,-30.509340265339844
3366,230,hibrido,4.593166828155518,4.39125919342041,223.45219558556047,184.5175784078569,268142634.70267257,False,1.0,0.4002453322901047,-53.11990666371655,-29.785594447343513
3367,6,hibrido,4.823028564453125,4.519464015960693,365.8504014625205,306.172705230178,439020481.7550246,False,1.0,0.40003519602801124,-54.36360266667052,-30.509679852195788
3368,239,hibrido,4.911691188812256,4.41417121887207,341.6883256156353,430.4029934160538,410025990.7387623,False,1.0,0.39993462533935775,-53.14609023705184,-26.537521765279163
3369,3054,hibrido,5.2210001945495605,5.222679138183594,671.163761301019,874.2529628977824,805396513.5612228,False,1.0,0.3999292120744724,-38.113292676489024,-24.61914224782607
3370,2679,hibrido,5.226629734039307,5.059711933135986,651.6976155468761,761.5118846187187,782037138.6562513,False,1.0,0.39988437704848334,-39.86912245410145,-26.56210737176273
3371,87,hibrido,4.70596170425415,4.583161354064941,309.8453415882603,348.6785470876342,371814409.90591234,False,1.0,0.3996132201752618,-53.94817809566143,-27.9840122221128
3372,3432,hibrido,5.150589942932129,5.782465934753418,773.7604535289618,1060.6991430337591,928512544.2347541,False,1.0,0.3995867657860808,-36.52492264698552,-21.649645455555582
3373,78,hibrido,4.963496208190918,4.301784992218018,376.64601280538386,292.5350050833977,451975215.3664606,False,1.0,0.3995799626833894,-53.94648979318884,-31.23175952516379
3374,2153,hibrido,5.622062683105469,4.521200656890869,678.3151761285444,803.6581706268039,813978211.3542533,False,1.0,0.39949921435259295,-42.36153630262102,-29.639144219650003
3375,3358,hibrido,5.070553302764893,5.762779712677002,733.7903461744654,1021.0033980750923,880548415.4093585,False,1.0,0.39939204355112856,-36.90906168637318,-21.688273625875738
3376,465,hibrido,4.857824325561523,4.676980495452881,369.19468218009666,553.4905130668761,443033618.616116,False,1.0,0.399345434982234,-51.966895567499975,-25.081917631329937
3377,2081,hibrido,5.442080020904541,4.494908809661865,593.5741164781775,714.2334442241014,712288939.773813,False,1.0,0.39928865132586416,-42.850954257999646,-28.96603683717205
3378,3794,hibrido,5.8106889724731445,5.612029552459717,1033.9392958722285,1267.543125361899,1240727155.0466743,False,1.0,0.3991842249897073,-34.2015818140324,-24.17406448665562
3379,3361,hibrido,5.0623860359191895,5.803018093109131,738.8221202019834,1042.87797707013,886586544.24238,False,1.0,0.3990049278109154,-37.03132512559084,-20.650733845871873
3380,4178,hibrido,6.030082702636719,5.741133689880371,1192.0128434006897,1320.9136998531092,1430415412.0808277,False,1.0,0.3989431962670436,-32.98153104216924,-19.19735142151518
3381,2529,hibrido,5.056610584259033,5.301052570343018,651.2532175554798,742.2487408729995,781503861.0665756,False,1.0,0.39881293924953426,-40.58314018260995,-27.340380711517202
3382,2234,hibrido,4.801715850830078,5.189445972442627,509.49965381490534,597.5308411397888,611399584.5778865,False,1.0,0.39866399144634795,-42.230780869417856,-27.130256654293216
3383,965,hibrido,4.883496284484863,4.308440685272217,343.01278703179844,276.39966435088184,411615344.43815815,False,1.0,0.39864828092348065,-48.89249182840057,-31.490653003634673
3384,1638,hibrido,5.1559529304504395,4.282536506652832,395.0302476430941,588.3126791034532,474036297.17171293,False,1.0,0.3986056197141627,-45.33675491915954,-28.789049011428435
3385,390,hibrido,4.974667549133301,4.442745685577393,369.41688117579497,520.112242005373,443300257.41095394,False,1.0,0.3983904185015448,-52.35851758440179,-25.447755730555457
3386,3426,hibrido,5.576196670532227,5.1932830810546875,818.7096757236476,1058.862408284735,982451610.8683771,False,1.0,0.398302616857374,-36.25224409491241,-23.718145217732232
3387,4028,hibrido,5.394459247589111,6.574051856994629,1101.0180662059624,1397.3725806437446,1321221679.447155,False,1.0,0.3981238508250019,-33.64830514991914,-19.957747868131772
3388,1,hibrido,5.266238689422607,4.184948921203613,489.20673459339883,392.0991270431056,587048081.5120786,False,1.0,0.39792898018798833,-54.37062674974462,-32.31344969433947
3389,3873,hibrido,5.502415657043457,6.087215423583984,1024.1275262990687,1292.959602913233,1228953031.5588825,False,1.0,0.3978686221276475,-34.07701318407244,-22.42475976909568
3390,1259,hibrido,5.103934288024902,4.5500664710998535,506.70358929994535,453.1410261033449,608044307.1599344,False,1.0,0.3978355665110869,-47.158867464227285,-32.12922646354585
3391,1415,hibrido,4.623920440673828,4.856180191040039,338.0177435528868,463.2567291258147,405621292.2634642,False,1.0,0.3971686752911259,-46.537588519657746,-29.21963011986262
3392,2907,hibrido,5.1111040115356445,5.025767803192139,582.0797290100068,787.7167144504127,698495674.8120081,False,1.0,0.39683018663838093,-38.941304748326274,-24.3491378444125
3393,3503,hibrido,4.94575309753418,6.245505332946777,826.7722501335754,1092.9642578818468,992126700.1602905,False,1.0,0.3966667138034156,-36.00606130442069,-22.642910321219848
3394,245,hibrido,4.872592449188232,5.093269348144531,510.72604692497265,655.7794878932243,612871256.3099672,False,1.0,0.3965003715606614,-53.161240965350444,-24.37129876755733
3395,16,hibrido,4.912276744842529,4.5544233322143555,403.6001615557034,462.3221013838355,484320193.86684406,False,1.0,0.39621101932481256,-54.351331831179024,-26.9006555676039
3396,4175,hibrido,5.850986480712891,6.04981803894043,1176.7262917396235,1440.6088131662434,1412071550.0875483,False,1.0,0.39619938326181803,-32.84252438832713,-20.211837291101702
3397,4107,hibrido,5.404527187347412,6.572737216949463,1180.5284853346855,1198.6703323462757,1416634182.4016225,False,1.0,0.3959952982853947,-33.48784221891285,-18.220309107347592
3398,248,hibrido,5.342429161071777,4.56841516494751,595.2449075796413,668.7985165401078,714293889.0955696,False,1.0,0.3959759207089531,-53.168178151800554,-23.287949605071777
3399,4033,hibrido,5.380829334259033,6.498367786407471,1142.1867348993792,1197.3925333604075,1370624081.879255,False,1.0,0.3957338841465933,-33.863807813374336,-18.258188958634925
3400,3119,hibrido,5.615879535675049,5.403658390045166,934.7603450366283,1049.720614142741,1121712414.043954,False,1.0,0.39567060677863686,-37.27014905109192,-27.69701775270845
3401,2383,hibrido,5.009088039398193,4.911687850952148,538.1170053578581,629.7312266426757,645740406.4294298,False,1.0,0.3956690496626555,-41.467387388981,-26.70926702342837
3402,3337,hibrido,6.14537239074707,5.2592854499816895,1132.6376168846166,1238.0719630303706,1359165140.26154,False,1.0,0.3955402103884565,-35.82684459791213,-28.92549487104364
3403,1414,hibrido,4.764555931091309,4.673862934112549,366.1906971044431,458.9191618143095,439428836.5253317,False,1.0,0.39540345487311174,-46.51126908337119,-29.57744036561535
3404,1483,hibrido,5.1187920570373535,4.6279988288879395,535.4506174094789,526.1575817675979,642540740.8913747,False,1.0,0.3952273376140791,-45.95300524737287,-31.340385922576747
3405,4174,hibrido,5.850986480712891,6.04981803894043,1174.3146148360959,1467.762819509296,1409177537.8033152,False,1.0,0.3951548080212359,-32.79425699392178,-20.549770546023073
3406,3283,hibrido,5.126889228820801,5.457828998565674,696.6500942214115,976.9157386063988,835980113.0656937,False,1.0,0.39504493491499926,-37.25182430813058,-22.072509078421486
3407,1787,hibrido,4.545091152191162,5.290829181671143,423.64759918604693,578.3495232350646,508377119.0232563,False,1.0,0.3950431688493954,-44.552088959662534,-28.378610030838335
3408,1261,hibrido,4.658814907073975,5.0371623039245605,450.2651597677152,414.41137718213326,540318191.7212583,False,1.0,0.3950393736321334,-47.21163233789132,-31.41283729134639
3409,1713,hibrido,4.627106666564941,5.066876411437988,395.2524466387924,567.6737072249872,474302935.9665508,False,1.0,0.39495509546098406,-44.95904590373165,-28.405996231903924
3410,3514,hibrido,5.105644226074219,6.135951042175293,863.667653198235,1181.2316319515353,1036401183.837882,False,1.0,0.39482554440692313,-36.46315250448439,-18.852607849622725
3411,1115,hibrido,4.504693508148193,4.871997833251953,337.1289475700937,311.23428794982766,404554737.08411247,False,1.0,0.3945156165965886,-48.096426756986936,-30.736746785782763
3412,2600,hibrido,5.345917224884033,5.1708502769470215,764.1672307574029,852.068888237458,917000676.9088835,False,1.0,0.39437630951326136,-40.04485498618221,-28.35362881538108
3413,1487,hibrido,4.837619781494141,4.729770183563232,422.75880320325376,498.0379512160961,507310563.8439045,False,1.0,0.3942910515355853,-46.071153539967746,-29.91113273881987
3414,244,hibrido,4.9931535720825195,4.745463848114014,482.5530933734165,617.4518092462761,579063712.0480999,False,1.0,0.39409573939714077,-53.15883602248281,-24.732380583022433
3415,2678,hibrido,5.02525520324707,5.39132833480835,679.8705690984324,782.8483282368425,815844682.9181188,False,1.0,0.39409518445965963,-39.82488418596628,-26.912334027490775
3416,4106,hibrido,5.39387845993042,6.5616655349731445,1169.9476713225124,1238.6245660750765,1403937205.587015,False,1.0,0.3939235904402533,-33.44591456012965,-18.55966736488552
3417,2602,hibrido,5.4923272132873535,4.718747615814209,707.8213236542904,798.5731532470181,849385588.3851484,False,1.0,0.3938264889053391,-40.13666956333606,-27.652588337486904
3418,3353,hibrido,5.297989368438721,5.384754657745361,768.1787011305734,1015.4820096482342,921814441.356688,False,1.0,0.393261893285887,-36.688412334684806,-23.415692609040338
3419,4475,hibrido,5.811111927032471,6.447972774505615,1356.6106438886015,1303.1037944928235,1627932772.6663218,False,1.0,0.3930264510808128,-31.519225861022527,-18.693687105148275
3420,1339,hibrido,4.8087158203125,4.522682189941406,365.9684981087447,418.0571651211954,439162197.73049366,False,1.0,0.39275367127470023,-46.89797912213503,-29.958031857740703
3421,2830,hibrido,4.711441993713379,5.721889019012451,624.1393998594768,781.7393126201893,748967279.8313723,False,1.0,0.39267947099238854,-39.20608217753158,-25.435000926089025
3422,3500,hibrido,5.528997898101807,5.319850921630859,856.5877073773725,1098.6465914161,1027905248.852847,False,1.0,0.39267398552440896,-35.86306508464084,-23.674609670966813
3423,3349,hibrido,5.273147106170654,5.606175899505615,830.071510567677,1039.1382633460676,996085812.6812124,False,1.0,0.3924382776209048,-36.49602299116582,-24.795856802631427
3424,4327,hibrido,5.760955810546875,6.287819862365723,1278.0760949563373,1289.6341054042584,1533691313.947605,False,1.0,0.39243069343371884,-32.272254500339756,-18.77740304979536
3425,4328,hibrido,5.630768299102783,6.488748550415039,1286.5257306220028,1250.0303499452727,1543830876.7464035,False,1.0,0.39242190964923584,-32.31703918052563,-18.440481430315057
3426,14,hibrido,4.981783390045166,4.210259914398193,362.60691606240687,405.14407983822923,435128299.2748882,False,1.0,0.39213960945295584,-54.35360833642046,-27.622613606047796
3427,2004,hibrido,5.109289169311523,5.133710861206055,649.6978245855917,779.5427039295364,779637389.50271,False,1.0,0.392045103052649,-43.14534331978286,-30.062502617459433
3428,4332,hibrido,5.498807907104492,6.357717514038086,1215.3830845778534,1091.9042428867735,1458459701.4934242,False,1.0,0.3919200054113299,-32.48671591531524,-17.09172559498787
3429,2606,hibrido,5.098095893859863,4.933101654052734,595.1295094480654,706.7633710487695,714155411.3376784,False,1.0,0.39191252063940485,-40.3106131681928,-26.24950861260174
3430,4256,hibrido,5.733648777008057,6.186164855957031,1268.6336706682707,1165.4843152137842,1522360404.801925,False,1.0,0.3917401821788386,-32.778641130161525,-17.805010643779287
3431,320,hibrido,5.2515974044799805,4.371118068695068,510.50384792927446,627.8761805429851,612604617.5151293,False,1.0,0.39155961597442585,-52.770469199657384,-24.007550752628294
3432,2905,hibrido,4.72059440612793,5.721686840057373,628.2331643721844,806.9695975932957,753879797.2466214,False,1.0,0.3915191488760641,-38.85522331984607,-25.046894032289504
3433,1037,hibrido,4.583017826080322,5.002218723297119,431.8257458503696,359.20993614383525,518190895.0204435,False,1.0,0.3914396529876349,-48.42891823410142,-32.191320816789364
3434,397,hibrido,5.045344829559326,4.83152961730957,566.6275560366886,593.6411099493654,679953067.2440263,False,1.0,0.3913770344009405,-52.39054655515203,-22.920811584294082
3435,3128,hibrido,5.029895305633545,5.524009704589844,705.6328803210873,913.3197557740757,846759456.3853048,False,1.0,0.39125999823934904,-37.720966344366076,-24.578377366341087
3436,471,hibrido,4.9054975509643555,4.9423136711120605,538.2324034894342,554.1159631102324,645878884.1873211,False,1.0,0.39121123332905317,-52.0006510573671,-22.916383867351044
3437,667,hibrido,4.713598728179932,4.50426721572876,365.16898425550215,256.62571844725136,438202781.1066026,False,1.0,0.39090102081426925,-50.54893362260551,-32.26685459676065
3438,3050,hibrido,5.355294227600098,5.166152477264404,766.6687617668933,922.6715892267498,920002514.120272,False,1.0,0.3907943064186939,-37.92617535431452,-26.008864566421973
3439,3958,hibrido,5.284732341766357,6.468599796295166,1092.6406632649016,1237.4439148037857,1311168795.917882,False,1.0,0.39066937329171264,-34.19929823177775,-18.636376786125453
3440,1640,hibrido,4.570675849914551,4.886446952819824,338.6843405399817,520.2571961205615,406421208.647978,False,1.0,0.3905070569724066,-45.39512451225974,-28.075353017054304
3441,1932,hibrido,4.919360637664795,5.122220516204834,564.9567649352248,717.9213753277979,677948117.9222697,False,1.0,0.3902521013294916,-43.63255008217254,-29.385714366381087
3442,370,hibrido,5.845627307891846,5.115931034088135,943.8368723209426,1220.594752168911,1132604246.785131,False,1.0,0.3902219285481366,-52.87020384080835,-5.937365978153207
3443,467,hibrido,4.893477916717529,4.627064228057861,425.5405892832091,551.7690812325798,510648707.1398509,False,1.0,0.3901917728450842,-51.978593099057456,-24.360146227856426
3444,2901,hibrido,4.985475540161133,5.6247968673706055,736.8830731886397,866.6051868472463,884259687.8263677,False,1.0,0.39012399057210684,-38.67314417159862,-26.44135382142792
3445,2375,hibrido,5.705015659332275,4.525774955749512,763.500633770308,865.8929810722678,916200760.5243696,False,1.0,0.39001980690539206,-41.129794261603756,-29.526998937034737
3446,2012,hibrido,4.769093036651611,4.793292999267578,424.3141961731418,521.8610031974276,509177035.40777016,False,1.0,0.3897781211974798,-43.436956208294845,-27.22509421393186
3447,388,hibrido,4.765364646911621,4.4166741371154785,313.07097407268253,441.9465400745386,375685168.887219,False,1.0,0.3897326105794617,-52.348538013558525,-26.16957528147148
3448,2909,hibrido,4.679145812988281,5.495595455169678,543.8351892178712,776.2701288914967,652602227.0614454,False,1.0,0.389674217287657,-39.02418603185679,-23.65104848067686
3449,1936,hibrido,4.842468738555908,4.792308330535889,452.26495072899974,570.9697739126758,542717940.8747997,False,1.0,0.38960256173659574,-43.772973993618926,-27.965169150601458
3450,3354,hibrido,5.017630577087402,5.7472710609436035,757.2109797964449,1013.4360154008492,908653175.7557338,False,1.0,0.38948041626253926,-36.734272647716445,-23.070399028759283
3451,894,hibrido,4.623570442199707,4.16866397857666,223.93464843825777,184.82903095050324,268721578.1259093,False,1.0,0.3894740828753773,-49.36562568104747,-30.427940245015
3452,23,hibrido,5.1454572677612305,4.8114166259765625,595.9115045667363,698.6714001789148,715093805.4800836,False,1.0,0.3894645490674804,-54.34401047469086,-24.373228926667178
3453,1042,hibrido,4.752460479736328,4.183568954467773,280.5608414712829,262.7389925847669,336673009.76553947,False,1.0,0.3893384844199112,-48.53385766098518,-30.395845591270458
3454,150,hibrido,4.7610578536987305,4.561770439147949,407.28113346200985,305.6333309217461,488737360.1544118,False,1.0,0.3892857084805212,-53.52298215438117,-31.952377288435486
3455,3131,hibrido,5.033272743225098,5.325769901275635,654.620206647447,895.8233712424668,785544247.9769365,False,1.0,0.389144682657356,-37.8553000495099,-23.537055024078885
3456,1860,hibrido,5.071045875549316,4.537240982055664,480.2157052848577,629.0262782949203,576258846.3418292,False,1.0,0.3888579960502798,-44.11188134075442,-28.705678260003232
3457,3276,hibrido,4.983636856079102,5.826364517211914,776.1647353514844,991.6765816487496,931397682.4217813,False,1.0,0.38883719534211686,-36.93705770829434,-24.4942820663251
3458,4401,hibrido,5.610130786895752,6.589275360107422,1317.3213244327837,1295.769197242209,1580785589.3193405,False,1.0,0.3887582783943955,-31.895654369887815,-18.735809583212593
3459,2380,hibrido,4.875168323516846,5.322630882263184,622.6358660125268,710.6439907801147,747163039.2150321,False,1.0,0.3885854172273875,-41.34647240798535,-27.766478356953034
3460,4182,hibrido,5.4547247886657715,6.47469425201416,1230.4366798201147,1161.4180996994437,1476524015.7841377,False,1.0,0.3883608022063867,-33.15367783784123,-17.843193068137015
3461,595,hibrido,4.536622524261475,4.444008827209473,283.78281193597525,170.94372055559654,340539374.3231703,False,1.0,0.3881164007147863,-50.996832986786934,-31.557263404541615
3462,4479,hibrido,5.515654563903809,6.516696453094482,1287.0318835183568,1146.7163987104361,1544438260.2220283,False,1.0,0.3880660243380327,-31.69756385033837,-17.351749390290262
3463,34,hibrido,5.086171627044678,5.0314459800720215,600.0937100498797,852.9847098566107,720112452.0598557,False,1.0,0.38804817562285554,-54.334373197014806,-20.39987897859269
3464,173,hibrido,5.07978630065918,4.90011739730835,595.4671065753398,707.1123511735947,714560527.8904078,False,1.0,0.38796438280286816,-53.55796784285564,-23.650696401117138
3465,1337,hibrido,4.571044445037842,4.994019031524658,422.31440521185726,427.5181789224529,506777286.2542287,False,1.0,0.3877006678403799,-46.845878995585785,-30.67410593963081
3466,1715,hibrido,4.6625776290893555,4.665411472320557,338.90653953568,490.25618676282716,406687847.442816,False,1.0,0.3876807905338952,-45.01897641165718,-27.69298047293069
3467,1560,hibrido,4.98413610458374,4.5722551345825195,479.3269093020646,540.2562397813695,575192291.1624775,False,1.0,0.38722667258970234,-45.6278337559645,-30.24282339540556
3468,474,hibrido,4.799847602844238,5.095460414886475,545.1286366602045,585.3127683133025,654154363.9922454,False,1.0,0.3871767765338959,-52.01606625261342,-21.833376986989446
3469,4097,hibrido,5.829481601715088,5.79863977432251,1135.3184549500781,1415.6787859557728,1362382145.9400938,False,1.0,0.3870619735048728,-33.026351701596354,-21.609055497803855
3470,1189,hibrido,4.832209587097168,4.330979824066162,365.5241001173483,349.71672217212364,438628920.140818,False,1.0,0.3870494565665771,-47.67940076478944,-30.717173566506478
3471,4476,hibrido,5.92715311050415,6.147068500518799,1364.5740691386027,1263.9221689582212,1637488882.9663231,False,1.0,0.38685420529460496,-31.565271356757336,-18.358372416575147
3472,322,hibrido,5.084249019622803,4.724048614501953,566.8497550323868,628.9087285750729,680219706.0388643,False,1.0,0.38671860450282336,-52.77719919344777,-23.285389837400654
3473,4096,hibrido,5.829481601715088,5.79863977432251,1138.4542340808414,1413.7530122383037,1366145080.8970096,False,1.0,0.38662318020298775,-32.974876556934476,-21.94729487235695
3474,3208,hibrido,4.943253517150879,5.481956481933594,662.2646264285609,934.1738498763954,794717551.714273,False,1.0,0.38635180305225425,-37.595673943921,-22.45722790644873
3475,5,hibrido,4.6041178703308105,4.714642524719238,385.4112852973264,315.185224000056,462493542.3567917,False,1.0,0.3862283020870826,-54.36495741334621,-30.870474453160117
3476,3122,hibrido,5.6463422775268555,4.9129252433776855,850.351724563671,991.8971236641503,1020422069.4764053,False,1.0,0.38619035405531915,-37.42868943039684,-26.658411116629537
3477,2086,hibrido,4.812100887298584,4.764427661895752,452.7093487203963,545.3197592329582,543251218.4644755,False,1.0,0.3861399906300498,-43.034676261810105,-27.1945504854279
3478,3960,hibrido,5.409290313720703,6.181811809539795,1116.6035648909772,1157.4571016715208,1339924277.8691726,False,1.0,0.3856509903028543,-34.27967160697602,-17.954567469279457
3479,77,hibrido,4.617658615112305,4.7293620109558105,403.68002371487637,312.37274080678606,484416028.45785165,False,1.0,0.38548574408657055,-53.94628464678037,-31.59252086584746
3480,30,hibrido,5.221735000610352,5.051651477813721,713.8700034726065,814.1146343363362,856644004.1671278,False,1.0,0.38530919159252275,-54.337628134143166,-21.844958123962385
3481,3881,hibrido,5.5580973625183105,5.837665557861328,1027.5197314662862,1333.9172755100728,1233023677.7595434,False,1.0,0.38528116567742465,-34.45104567374242,-19.69808940743872
3482,614,hibrido,4.590909004211426,4.735482215881348,340.577330637144,480.28089688768944,408692796.76457274,False,1.0,0.38505569416465285,-51.18226896241298,-24.70828461855703
3483,1858,hibrido,4.85905122756958,5.038850784301758,536.5616123879701,698.582006429751,643873934.8655641,False,1.0,0.3850131068482534,-44.04311657378862,-29.41672446520265
3484,2751,hibrido,5.539317607879639,4.6141533851623535,736.4386751972432,838.3539782112035,883726410.2366918,False,1.0,0.385002481151972,-39.378594582317994,-27.221995916643632
3485,2608,hibrido,4.999422073364258,4.79156494140625,538.7836023449529,670.5312471771082,646540322.8139435,False,1.0,0.3849820414344941,-40.39290914799312,-25.547493500136948
3486,2384,hibrido,5.013590335845947,4.6305317878723145,509.9440518063019,605.6486301488866,611932862.1675622,False,1.0,0.38495855470589746,-41.506237629882804,-26.356721400324975
3487,968,hibrido,4.569307327270508,4.296300411224365,252.16568892402844,223.59958509192305,302598826.7088341,False,1.0,0.384925757554199,-48.94967386956674,-30.41254559109152
3488,392,hibrido,4.854609966278076,4.643322944641113,425.76278827890746,597.6332825907922,510915345.934689,False,1.0,0.3847858228330331,-52.368121169761146,-24.725861711056027
3489,522,hibrido,4.616955280303955,4.12358283996582,248.21829953215135,131.85883294725394,297861959.43858165,False,1.0,0.38468172470494516,-51.427863867561854,-31.206060645337026
3490,2824,hibrido,5.261895656585693,5.2645134925842285,793.006781296054,893.9928861808036,951608137.5552648,False,1.0,0.38447202542961867,-38.92940438748809,-27.52933911093148
3491,2386,hibrido,4.749711036682129,4.852253437042236,453.59814470318946,562.9457824567926,544317773.6438273,False,1.0,0.38419009002162025,-41.581812483821324,-25.651425049192877
3492,3434,hibrido,4.712870121002197,6.2593560218811035,774.8839536037764,1073.303481228501,929860744.3245317,False,1.0,0.3841828723715543,-36.60888843314008,-20.959385488565538
3493,3959,hibrido,5.133450031280518,6.606333255767822,1103.9626669745683,1197.4502880067207,1324755200.3694818,False,1.0,0.3841717874788918,-34.239925110588274,-18.295518986257278
3494,3580,hibrido,5.087220191955566,5.927268981933594,853.7090687455243,1140.154436177785,1024450882.4946291,False,1.0,0.38404589386766885,-35.757237638412924,-21.570239202528207
3495,4253,hibrido,5.635744571685791,6.238119602203369,1238.8791455151456,1284.7157036177168,1486654974.6181748,False,1.0,0.3838460237049401,-32.64902499639191,-18.81845898171798
3496,3955,hibrido,5.5302934646606445,5.988509178161621,1066.983489028322,1357.427048646645,1280380186.8339865,False,1.0,0.3836973305393258,-34.07205576436542,-19.658366293434874
3497,98,hibrido,5.34316349029541,4.412909030914307,595.6893055710381,719.428057000242,714827166.6852456,False,1.0,0.38366070903212507,-53.9498923440744,-24.012473225944525
3498,249,hibrido,4.953667163848877,5.080135822296143,623.4178611311977,672.8597930613648,748101433.3574373,False,1.0,0.3834132503086009,-53.170399870012595,-22.926799305341444
3499,621,hibrido,4.854227066040039,4.778656959533691,517.3255877450854,496.3986882150072,620790705.2941024,False,1.0,0.3827005013611101,-51.23536913726063,-22.183087147959775
3500,180,hibrido,5.348123550415039,4.435924053192139,600.7347344904425,763.5114897161573,720881681.388531,False,1.0,0.3823313661432345,-53.565886508497606,-21.12222638253268
3501,4331,hibrido,5.437503814697266,6.4375176429748535,1251.463717237285,1131.3863732923774,1501756460.684742,False,1.0,0.38231985314058975,-32.44570001317981,-17.42907010565334
3502,3650,hibrido,5.451601505279541,5.5009846687316895,913.0149709343782,1173.3675851659675,1095617965.1212537,False,1.0,0.38228892476553705,-35.18526311276824,-22.90039291866608
3503,3269,hibrido,5.57167911529541,5.27451229095459,936.1314218782413,1081.3327539865852,1123357706.2538896,False,1.0,0.38133417927528906,-36.578213113281535,-26.91107077532524
3504,1784,hibrido,4.930706024169922,4.746932029724121,508.1664598407156,658.621147501535,609799751.8088588,False,1.0,0.38127181063070115,-44.453924383666504,-29.446540308423447
3505,3887,hibrido,4.990419864654541,6.689044952392578,1093.3510437523591,1118.9571061807596,1312021252.502831,False,1.0,0.380977327001242,-34.69353391176952,-17.648837057499666
3506,3645,hibrido,5.468522071838379,5.6427812576293945,974.292862481357,1195.6367604571822,1169151434.9776285,False,1.0,0.38092907529310244,-34.92851144385456,-24.61153876339241
3507,1711,hibrido,4.896811008453369,4.605475425720215,451.5983537419049,621.8897106119869,541918024.4902859,False,1.0,0.3809128405153699,-44.89689382760615,-29.118817934878216
3508,227,hibrido,4.657538414001465,4.174267292022705,290.5458852999932,203.0929263699246,348655062.35999185,False,1.0,0.38072219351892966,-53.11017524561101,-30.867930882150706
3509,1413,hibrido,4.599155902862549,4.782597541809082,394.36365065599927,458.04671932058244,473236380.78719914,False,1.0,0.3806802368197062,-46.4844701222154,-29.935209716999147
3510,2978,hibrido,4.951083660125732,5.368748664855957,684.4442454064125,857.196488093143,821333094.487695,False,1.0,0.3804657248586573,-38.416085121475874,-25.35537074451393
3511,3806,hibrido,5.470371246337891,5.729578971862793,981.9724437031869,1285.6328089156002,1178366932.4438243,False,1.0,0.38029225266064876,-34.78741906735272,-20.079142428267463
3512,1933,hibrido,4.709195613861084,5.189785003662109,536.7838113836684,680.6320199233143,644140573.660402,False,1.0,0.3802059959501681,-43.66861253132062,-29.030664956904484
3513,253,hibrido,5.187229156494141,4.617539405822754,601.0552467107237,711.7132025527683,721266296.0528685,False,1.0,0.38011293756005415,-53.17884746147741,-21.482033980233766
3514,1705,hibrido,4.929279804229736,5.025461196899414,620.6360750512423,640.8953207545369,744763290.0614908,False,1.0,0.3797971427333875,-44.696445953472704,-31.256053745007932
3515,2084,hibrido,4.968405246734619,4.621913433074951,509.0552558235088,610.6356925575379,610866306.9882106,False,1.0,0.3797777330835772,-42.963183928445176,-27.90333041465135
3516,3507,hibrido,4.85884428024292,6.082049369812012,813.2847950167794,1105.787615492483,975941754.0201353,False,1.0,0.3795107838829911,-36.184202992865025,-21.26590004196181
3517,161,hibrido,4.530969619750977,4.413730621337891,273.18336927300726,319.70569743174985,327820043.1276087,False,1.0,0.3795078537436015,-53.541578550294254,-27.983258102132393
3518,3502,hibrido,5.026423931121826,5.855624198913574,834.9146079314327,1093.3992974274688,1001897529.5177191,False,1.0,0.3792958765502124,-35.95930645592382,-22.98691433942599
3519,107,hibrido,5.057673931121826,4.903686046600342,600.4142222701612,815.9435686181083,720497066.7241935,False,1.0,0.37925067259609035,-53.95104366927809,-20.76149165322368
3520,2311,hibrido,4.5545735359191895,5.074758052825928,453.37594570749116,549.9312461043569,544051134.8489894,False,1.0,0.37906174971615364,-41.942239250929006,-26.037323403354932
3521,2452,hibrido,5.286310195922852,4.811509609222412,707.3769256628938,796.46212967026,848852310.7954725,False,1.0,0.3790594851006856,-40.856079731726275,-28.432908603987464
3522,4478,hibrido,5.640023708343506,6.299923896789551,1322.524424711741,1185.7228804020663,1587029309.6540892,False,1.0,0.37894467514762087,-31.6544321191092,-17.687400996841227
3523,3715,hibrido,6.012851715087891,5.0970377922058105,1082.785179513494,1274.6711789865162,1299342215.416193,False,1.0,0.3788920377826397,-34.31020816328577,-25.927123526689737
3524,226,hibrido,4.677401065826416,4.208702564239502,319.8628675682855,223.71127987095244,383835441.08194256,False,1.0,0.3786569305425694,-53.10681253136173,-31.228668988687215
3525,3351,hibrido,5.09674596786499,5.556291580200195,795.7126458486002,1024.2587666866948,954855175.0183203,False,1.0,0.37840408767379163,-36.59402786131197,-24.105980765038762
3526,741,hibrido,4.575835227966309,4.55169153213501,370.9088898983169,268.4990933685736,445090667.8779803,False,1.0,0.3783664071693241,-50.12466353514702,-32.25456510922801
3527,690,hibrido,4.613094329833984,4.623839855194092,368.5280851930019,428.254788474778,442233702.2316023,False,1.0,0.37836526784705427,-50.80522813885698,-23.97922282523581
3528,695,hibrido,4.706875801086426,4.836068630218506,489.20202660968516,458.96229781240834,587042431.9316221,False,1.0,0.3783319140227989,-50.847588849018024,-22.176054206863935
3529,1712,hibrido,4.5460309982299805,5.0308637619018555,423.4254001903486,606.6338207536954,508110480.22841835,False,1.0,0.3776271902701492,-44.92825151543692,-28.762431736984727
3530,2908,hibrido,4.808944225311279,5.139833927154541,561.8600911063184,780.9906962422068,674232109.327582,False,1.0,0.377396941208357,-38.98314068384508,-24.000134001092306
3531,2457,hibrido,4.641181945800781,5.319372653961182,566.5121579051128,661.5105070673897,679814589.4861354,False,1.0,0.3772554088636262,-41.067449732596096,-26.67398854219936
3532,250,hibrido,5.369113922119141,4.385560989379883,651.5908146827538,679.2563187125436,781908977.6193045,False,1.0,0.3770712588274414,-53.172577148471305,-22.56563238596022
3533,1187,hibrido,4.968529224395752,4.128812789916992,421.87000722046076,378.2879667221974,506244008.6645529,False,1.0,0.37698216017476127,-47.63158202308921,-31.43431585380021
3534,4179,hibrido,5.582081317901611,6.1001482009887695,1199.7352082379823,1281.0280061037265,1439682249.8855789,False,1.0,0.3769248825779301,-33.02596453370883,-18.858968905516484
3535,3652,hibrido,5.338054656982422,5.559417247772217,899.8534543233017,1173.9204320152544,1079824145.187962,False,1.0,0.3767425410038342,-35.281317724208,-22.215147463744366
3536,3648,hibrido,5.448920249938965,5.473522663116455,932.875358792925,1178.2587997267606,1119450430.55151,False,1.0,0.3766278934052882,-35.08545303922493,-23.585197676597407
3537,4477,hibrido,5.833629131317139,6.0810866355896,1358.2675136825715,1224.793451626238,1629921016.4190857,False,1.0,0.3765978584458767,-31.610337330502595,-18.02294285490211
3538,1706,hibrido,5.287901878356934,4.298979759216309,592.463121499686,631.464022858833,710955745.7996233,False,1.0,0.376384645752823,-44.7313625554162,-30.899980713335367
3539,3352,hibrido,5.18873929977417,5.321163177490234,781.0432547669926,1019.0951214321864,937251905.7203912,False,1.0,0.3759572757692684,-36.64166743991496,-23.760887186215516
3540,3574,hibrido,5.360730171203613,5.464023113250732,894.6504723837828,1138.4458994532329,1073580566.8605393,False,1.0,0.3759472630358235,-35.47413368108522,-23.630290474991135
3541,1265,hibrido,4.71105432510376,4.290563106536865,337.5733455614902,378.06982098283424,405088014.67378825,False,1.0,0.3757075597392312,-47.311670617164786,-29.979593001940067
3542,1710,hibrido,4.767319202423096,4.793935298919678,479.7713072934612,618.6653474739479,575725568.7521534,False,1.0,0.3748348437337432,-44.86496467535442,-29.47515401943748
3543,2162,hibrido,4.714209079742432,4.626235485076904,424.7585941645383,512.743662804549,509710312.99744594,False,1.0,0.37438524316076716,-42.703928925185195,-26.454870154923814
3544,2831,hibrido,4.915760040283203,5.0011701583862305,597.3440729684904,768.7426086072111,716812887.5621885,False,1.0,0.3740897625259785,-39.24929655988946,-25.085637580187793
3545,3578,hibrido,4.924140453338623,6.043206214904785,860.1623520888808,1133.9552229039803,1032194822.5066569,False,1.0,0.37404363506020943,-35.6665095481509,-22.257338955693417
3546,3946,hibrido,5.448445796966553,5.95093297958374,1070.0580387886982,1333.3155749952361,1284069646.546438,False,1.0,0.3739326846820106,-33.64003623334195,-22.71855281079342
3547,31,hibrido,5.237975120544434,4.76481294631958,685.4259301169247,825.2463167036373,822511116.1403097,False,1.0,0.37357762625580543,-54.33678847232647,-21.483711575144167
3548,85,hibrido,4.5717692375183105,4.280839920043945,289.4733508847493,301.9548462918645,347368021.0616992,False,1.0,0.3735477565191446,-53.9478265233542,-28.705870424342425
3549,3348,hibrido,5.1421589851379395,5.573448181152344,849.5579801299424,1048.7895332036583,1019469576.1559309,False,1.0,0.37338408830397535,-36.445636225662106,-25.1406351242721
3550,177,hibrido,4.832082748413086,5.336792945861816,686.0669545574875,726.7759343508728,823280345.4689851,False,1.0,0.373292901820036,-53.56263143790623,-22.20595321777066
3551,3278,hibrido,4.771731853485107,5.81609582901001,743.6206011875374,979.3467891279455,892344721.4250449,False,1.0,0.37323080826061905,-37.03133173104061,-23.802825770412337
3552,1490,hibrido,4.7169623374938965,4.356420040130615,338.2399425485851,509.9429388191648,405887931.0583021,False,1.0,0.3731459751984754,-46.15435560552793,-28.83872951761985
3553,1556,hibrido,5.206254482269287,4.326794147491455,592.0187235082897,577.4745056041041,710422468.2099476,False,1.0,0.3728884056873278,-45.50146732616717,-31.670408687998357
3554,2299,hibrido,5.595822811126709,4.5425028800964355,791.451388326166,912.2709195923572,949741665.9913992,False,1.0,0.37276046015146125,-41.45060194271112,-30.270298888707575
3555,1633,hibrido,4.615530490875244,5.134782314300537,535.8950154008753,584.9032470365356,643074018.4810504,False,1.0,0.37272202869230403,-45.18125485960353,-30.57245764731942
3556,1929,hibrido,4.861218452453613,5.191079139709473,649.4756255898934,743.4055578744315,779370750.7078722,False,1.0,0.3726689168071016,-43.52040578316432,-30.450501012779128
3557,27,hibrido,5.197260856628418,4.851008415222168,708.6033187729613,791.9823872180395,850323982.5275536,False,1.0,0.37258641106387635,-54.3402535801936,-22.92860188349423
3558,1264,hibrido,4.751332759857178,4.253295421600342,365.7462991130465,381.23062513128764,438895558.93565583,False,1.0,0.37240865530112605,-47.287329955386234,-30.33796098744324
3559,3499,hibrido,5.13282585144043,5.670003414154053,869.9842236364896,1103.438030628762,1043981068.3637874,False,1.0,0.37192431530800785,-35.8135580571247,-24.01829674227633
3560,2376,hibrido,5.435263156890869,4.558961868286133,735.3276802187518,833.3183665697958,882393216.2625021,False,1.0,0.37162036853631103,-41.17469473306772,-29.17505105782402
3561,3195,hibrido,5.560819625854492,5.017019271850586,906.9096270970305,1045.4883029917391,1088291552.5164366,False,1.0,0.3713553351957336,-36.97734247368072,-26.958367304408398
3562,178,hibrido,5.034715175628662,4.904344081878662,657.6228812018057,737.0563778598745,789147457.4421669,False,1.0,0.37133718455614945,-53.56373912834775,-21.84472673318835
3563,818,hibrido,4.535220146179199,4.146615982055664,268.5375102220527,189.54357522987698,322245012.2664632,False,1.0,0.3712782701986303,-49.750097611996246,-31.161643447978218
3564,2826,hibrido,5.136731147766113,5.055530071258545,736.6608741929415,850.7179152495561,883993049.0315298,False,1.0,0.3711041600019109,-39.025013818720346,-26.83158842249508
3565,2157,hibrido,4.746263027191162,5.037989616394043,565.6233619223195,666.0794523062216,678748034.3067834,False,1.0,0.37036277170303455,-42.52062480911203,-28.224563642173933
3566,2977,hibrido,5.020873069763184,5.175018310546875,710.2069937816129,870.7106142725515,852248392.5379355,False,1.0,0.37034268968820205,-38.36992979893479,-25.703399995176397
3567,3429,hibrido,4.777807235717773,5.945714473724365,787.4613554228756,1052.9654010723953,944953626.5074507,False,1.0,0.3702839867572546,-36.39254994469924,-22.68433757816264
3568,179,hibrido,5.171083450317383,4.58648157119751,629.1788078461242,749.3336703607092,755014569.415349,False,1.0,0.36968756669184694,-53.56482406728989,-21.483484384686754
3569,4031,hibrido,5.46342658996582,5.9470343589782715,1121.6285638627564,1277.3838025520504,1345954276.6353078,False,1.0,0.3692855311502252,-33.78034509143779,-18.938317107185277
3570,2900,hibrido,5.072960376739502,5.239196300506592,765.0560267401958,885.41273114758,918067232.0882349,False,1.0,0.36924673248993845,-38.625497628963046,-26.78973948267226
3571,251,hibrido,5.099355697631836,4.719142913818359,657.9433934220871,687.9229549181,789532072.1065044,False,1.0,0.36899698169759526,-53.17471050552423,-22.204449052689856
3572,3129,hibrido,5.0206098556518555,5.117431163787842,686.7224423621755,905.7603555464055,824066930.8346106,False,1.0,0.3689419944267025,-37.76659441319563,-24.231362261348607
3573,3197,hibrido,5.063985824584961,5.599545478820801,853.3609868212571,1011.9009252279662,1024033184.1855086,False,1.0,0.36847531798752997,-37.08240996769741,-26.26700848580183
3574,1709,hibrido,4.912810802459717,4.526551246643066,507.9442608450173,618.0184561686331,609533113.0140208,False,1.0,0.3681141842093156,-44.83245568110783,-29.831439173677055
3575,96,hibrido,5.055341720581055,4.406066417694092,539.3433984679256,645.5824728097438,647212078.1615107,False,1.0,0.36807552938642507,-53.94960694433372,-24.7347315189657
3576,3505,hibrido,5.19184684753418,5.352257251739502,816.1447516820837,1096.4800772434871,979373702.0185004,False,1.0,0.3679479082092808,-36.0968887502935,-21.954599965967432
3577,3272,hibrido,5.36484432220459,5.139533996582031,860.0883048784527,1034.614450421612,1032105965.8541433,False,1.0,0.36792483469465775,-36.73763988913316,-25.875959126612607
3578,3569,hibrido,5.391962051391602,5.536702632904053,973.6784440811755,1175.0807797850373,1168414132.8974106,False,1.0,0.36791888268271966,-35.212337496128114,-25.343959613644493
3579,3275,hibrido,5.2998247146606445,5.032447814941406,794.9602162055672,1000.1867811555077,953952259.4466807,False,1.0,0.3679177988650403,-36.888578147154234,-24.83985880085965
3580,3273,hibrido,5.152679920196533,5.4086713790893555,837.0315664551292,1021.7024549317417,1004437879.746155,False,1.0,0.36790709682022477,-36.788880349987224,-25.53069938758455
3581,104,hibrido,5.306491374969482,4.513161659240723,685.7464423372061,775.5110386011614,822895730.8046473,False,1.0,0.36756233606906663,-53.95068331982275,-21.845296318448632
3582,3504,hibrido,5.19184684753418,5.352257251739502,820.5012520676447,1093.9925568300498,984601502.4811736,False,1.0,0.3673281809305219,-36.05191885434498,-22.298804847115214
3583,3053,hibrido,5.12386417388916,4.919783592224121,692.8137148109106,883.8944494356878,831376457.7730927,False,1.0,0.36724364062571113,-38.067807945503134,-24.966714525891966
3584,1335,hibrido,4.616583824157715,4.759660720825195,478.6603123149697,451.1893098347637,574392374.7779636,False,1.0,0.36680187915621965,-46.791878741655765,-31.39001854023081
3585,97,hibrido,4.983047962188721,4.613142013549805,567.5163520194817,682.3318321748909,681019622.423378,False,1.0,0.3667336848791442,-53.94975104201311,-24.37361097427613
3586,1859,hibrido,4.703629970550537,4.884225368499756,508.3886588364139,666.8022295952712,610066390.6036967,False,1.0,0.36646716638056964,-44.07780886602136,-29.061229192435917
3587,318,hibrido,4.891500949859619,4.371597766876221,454.157940826162,606.8622088354799,544989528.9913944,False,1.0,0.3663282197134422,-52.76346829692487,-24.729641815025417
3588,3874,hibrido,5.243414878845215,5.9800262451171875,1019.0717056110855,1293.8289609364444,1222886046.7333026,False,1.0,0.366095006398356,-34.12707337251121,-22.084314027848176
3589,2009,hibrido,4.70414924621582,4.84062385559082,508.8330568278105,624.8138686690814,610599668.1933726,False,1.0,0.3660148453344186,-43.33251488016948,-28.28957409668641
3590,543,hibrido,4.663713455200195,4.647531032562256,453.4913438390672,507.13069611351546,544189612.6068807,False,1.0,0.3659619123091857,-51.59787049544568,-23.63272945875882
3591,91,hibrido,4.713428974151611,4.3794379234313965,398.5257399051493,469.86884254985824,478230887.88617915,False,1.0,0.3659387211803266,-53.948843248343294,-26.54006971623128
3592,2607,hibrido,4.7014055252075195,5.059536933898926,566.9565558965093,687.7232786874052,680347867.0758111,False,1.0,0.3657933891826558,-40.3521424874229,-25.898539436591584
3593,1634,hibrido,4.907620906829834,4.462753772735596,507.72206184931906,580.0963785388448,609266474.2191828,False,1.0,0.3657402797178092,-45.21348166102814,-30.21587398316093
3594,1113,hibrido,4.663034439086914,4.331727981567383,393.5832912537511,343.0259202970473,472299949.50450134,False,1.0,0.3656232090196797,-48.051716278353766,-31.45444830722899
3595,3956,hibrido,5.1103434562683105,6.3585638999938965,1074.1153182562332,1317.4323293285313,1288938381.9074798,False,1.0,0.36528289938875363,-34.11537171761563,-19.317802623706275
3596,3725,hibrido,5.002593040466309,6.079248428344727,945.0519856126666,1212.9612806937464,1134062382.7352,False,1.0,0.36520080400407057,-34.84794247412667,-22.51418435743181
3597,3951,hibrido,5.533962726593018,5.6298604011535645,1053.2682287264256,1343.4934497371198,1263921874.4717107,False,1.0,0.3650786231650585,-33.88957370303028,-21.019573786665198
3598,17,hibrido,4.75691556930542,4.398353576660156,428.2496326017573,493.2967924363237,513899559.12210876,False,1.0,0.3650659959399146,-54.35022518967808,-26.539648715764613
3599,3347,hibrido,5.424697399139404,5.046576976776123,870.4474771913756,1059.863500440134,1044536972.6296507,False,1.0,0.365049930887301,-36.39431181685687,-25.48530417149399
3600,2152,hibrido,5.040144443511963,5.0188469886779785,706.4881296801005,839.2959012308395,847785755.6161207,False,1.0,0.3649837399671476,-42.31995308423129,-29.992616496422386
3601,4330,hibrido,5.334300994873047,6.457802772521973,1287.5443498967165,1170.9036577401316,1545053219.8760598,False,1.0,0.36484389030525927,-32.403753826283825,-17.766312518853887
3602,2828,hibrido,5.162130832672119,4.712859630584717,680.314967089829,813.0305419301408,816377960.5077947,False,1.0,0.36430482215404814,-39.11721089105963,-26.133471161689254
3603,1934,hibrido,4.95659065246582,4.417638301849365,508.6108578321122,643.6682312629889,610333029.3985347,False,1.0,0.36429768222279807,-43.70403128948844,-28.675556963113056
3604,4254,hibrido,5.1286749839782715,6.7346367835998535,1247.5942803034868,1244.9554968288726,1497113136.3641841,False,1.0,0.3641977254540501,-32.693169099174554,-18.48074871526621
3605,4105,hibrido,5.423656463623047,6.036869049072266,1160.649646783788,1278.5816617338967,1392779576.1405456,False,1.0,0.3640174214405709,-33.403071719329276,-18.89892440139258
3606,889,hibrido,4.506986141204834,4.527615070343018,394.49136833702056,306.8578998202622,473389642.0044247,False,1.0,0.3638278860629877,-49.27649816375627,-32.22575194289204
3607,4248,hibrido,5.8460822105407715,5.675075531005859,1214.2782967360286,1483.7101095934036,1457133956.0832343,False,1.0,0.3637889533911382,-32.41388281986905,-20.505324984189635
3608,3200,hibrido,4.916490077972412,5.525565147399902,781.559228075174,971.7458611459149,937871073.6902088,False,1.0,0.3636946004125984,-37.23301498215327,-25.22916408995499
3609,4407,hibrido,5.192867755889893,6.316932201385498,1197.6141027625404,1059.9699582047,1437136923.3150485,False,1.0,0.3634943021029931,-32.153822712097195,-16.717439474783074
3610,2302,hibrido,5.215641021728516,4.680304527282715,706.9325276714974,810.2991835802914,848319033.2057968,False,1.0,0.36321064523439484,-41.58363621820651,-29.213045554151943
3611,519,hibrido,4.581754207611084,4.262838363647461,366.74016956884077,250.97161557875788,440088203.4826089,False,1.0,0.36281818005462435,-51.39778358197231,-32.28718208361621
3612,4402,hibrido,5.656330585479736,6.080680847167969,1325.520811929779,1256.3588509992587,1590624974.3157349,False,1.0,0.3627446661667522,-31.941072862234922,-18.399686549091356
3613,3202,hibrido,5.194828510284424,4.924236297607422,740.6583079239285,952.4640200232674,888789969.5087142,False,1.0,0.3626721806958893,-37.328886693783765,-24.536754050811588
3614,2749,hibrido,5.02726936340332,5.283626556396484,792.7845823003556,885.855350493456,951341498.7604268,False,1.0,0.3625795125803016,-39.28361749687768,-27.920803582356683
3615,2897,hibrido,5.332901954650879,4.997817516326904,849.5748873948647,949.7416323933659,1019489864.8738377,False,1.0,0.3623703285199326,-38.477276263288914,-27.834317692567048
3616,2754,hibrido,4.659492015838623,5.378129959106445,651.9198145425745,777.16402963567,782303777.4510894,False,1.0,0.3617144993843616,-39.51475559023208,-26.17311537485582
3617,4249,hibrido,5.491674423217773,6.185750484466553,1216.6107565601203,1443.8889982516416,1459932907.8721445,False,1.0,0.3614421283858351,-32.4628638078925,-20.16818480145302
3618,2008,hibrido,4.932729244232178,4.503941535949707,537.0060103793667,660.4116330659921,644407212.45524,False,1.0,0.3614098159958141,-43.29641551979875,-28.64428303071342
3619,1484,hibrido,4.7023820877075195,4.668074607849121,507.2776638579225,514.6278275137544,608733196.6295071,False,1.0,0.36140101461838336,-45.98333858438663,-30.98314083748379
3620,3721,hibrido,5.2806267738342285,5.67066764831543,983.0785580490981,1222.4073326403432,1179694269.6589177,False,1.0,0.3608298847749724,-34.644783933550954,-23.880827189045313
3621,2005,hibrido,4.7076568603515625,5.192317962646484,621.5248710340354,769.8032144073504,745829845.2408425,False,1.0,0.36074790567272036,-43.18413193508475,-29.708042273569674
3622,3423,hibrido,4.958145618438721,5.737663745880127,865.6071164001644,1078.166528650165,1038728539.6801972,False,1.0,0.3606819683667158,-36.103735086108216,-24.751013366254174
3623,29,hibrido,5.296640872955322,4.601138114929199,742.3140768282881,804.819105419505,890776892.1939456,False,1.0,0.3606337758733481,-54.33848540402339,-22.206188829358176
3624,1557,hibrido,4.949946880340576,4.4541215896606445,563.8457699567333,564.1602650158061,676614923.94808,False,1.0,0.3606049619899636,-45.53390772244777,-31.31358565252963
3625,2454,hibrido,4.651917457580566,5.33188009262085,651.0310185597814,738.9516998989538,781237222.2717377,False,1.0,0.3603139683505103,-40.942933458584,-27.72957120049188
3626,1408,hibrido,4.940100193023682,4.314469337463379,535.2284184137807,503.7924146713093,642274102.0965368,False,1.0,0.35920790584631923,-46.34302452602049,-31.723421462904426
3627,3954,hibrido,5.404433727264404,5.781685829162598,1061.3123078554277,1363.7159475724948,1273574769.4265132,False,1.0,0.3589583999268431,-34.027826785450436,-19.99882750857802
3628,102,hibrido,5.241487979888916,4.526495456695557,708.3811197772629,757.9707647446468,850057343.7327155,False,1.0,0.35888916887383643,-53.95043027311578,-22.567754047346263
3629,2753,hibrido,4.689512729644775,5.37766695022583,680.0927680941306,796.074797721432,816111321.7129568,False,1.0,0.35880716032491006,-39.47019461125488,-26.52282921617501
3630,3572,hibrido,5.280555725097656,5.393772125244141,921.878281352398,1149.0697869134028,1106253937.6228776,False,1.0,0.3582880290766368,-35.372323727573935,-24.316107652882508
3631,3498,hibrido,5.339197635650635,5.155779838562012,884.9873435946688,1109.6515858797961,1061984812.3136026,False,1.0,0.3580056460967637,-35.76311271097141,-24.361873871872795
3632,4404,hibrido,5.019143104553223,6.913275241851807,1304.8124692759413,1177.657446972207,1565774963.1311295,False,1.0,0.35794214596604434,-32.02901711349265,-17.727106638920365
3633,3125,hibrido,5.297087669372559,4.759748935699463,772.0802475321602,945.8363706848114,926496297.0385922,False,1.0,0.35771587720455617,-37.57885869207912,-25.618846460111847
3634,3496,hibrido,5.330478191375732,5.274117469787598,919.4904546625122,1126.2455110946632,1103388545.5950146,False,1.0,0.3575636899264355,-35.65936322896547,-25.048689479409873
3635,2076,hibrido,5.323164463043213,4.504972457885742,734.4388842359587,828.2039791144153,881326661.0831504,False,1.0,0.3574708378609516,-42.649949754025776,-30.735904198011553
3636,1186,hibrido,4.573156833648682,4.551885604858398,450.14238556460265,397.8715694376947,540170862.6775231,False,1.0,0.35743837213425245,-47.607024301644785,-31.79283179899596
3637,3577,hibrido,4.90430212020874,5.82148551940918,866.1462468298515,1132.9631954123142,1039375496.1958219,False,1.0,0.3574024426877582,-35.61979528600208,-22.600736020508563
3638,2674,hibrido,5.0957231521606445,5.081627368927002,792.5623833046573,881.280956025877,951074859.9655887,False,1.0,0.357281612238006,-39.63969075694484,-28.312378590027997
3639,2010,hibrido,4.790563583374023,4.447113037109375,480.66010327625423,589.7806506435744,576792123.9315051,False,1.0,0.35718826331114345,-43.367965510807046,-27.934805638818567
3640,3422,hibrido,4.958145618438721,5.737663745880127,884.3108779772929,1087.47147921645,1061173053.5727514,False,1.0,0.35694546642213665,-36.052359571578776,-25.095084122904133
3641,3656,hibrido,4.900906085968018,5.945492267608643,894.6597361411365,1191.2533577170798,1073591683.3693638,False,1.0,0.3566357633658788,-35.4624770342177,-20.843404416229916
3642,4176,hibrido,5.608914375305176,5.774174690246582,1180.4891853485667,1400.704645003618,1416587022.4182801,False,1.0,0.35640941694522693,-32.889819793557116,-19.873788042015303
3643,4324,hibrido,5.477667331695557,6.214917182922363,1260.0272422999149,1408.5797371588392,1512032690.759898,False,1.0,0.35622452194168125,-32.13208927972576,-19.787486696208397
3644,1559,hibrido,4.8308210372924805,4.398340225219727,507.4998628536209,545.414342149805,608999835.4243451,False,1.0,0.3559671414382565,-45.59708228792093,-30.599792257703683
3645,4170,hibrido,5.9870429039001465,5.1913323402404785,1178.276287804816,1453.730481473283,1413931545.3657794,False,1.0,0.3559564325176419,-32.59127632368154,-21.900293064676195
3646,4101,hibrido,5.249435901641846,6.255183219909668,1136.8499454038702,1434.5528246023378,1364219934.4846442,False,1.0,0.3557117351330434,-33.22238109575094,-20.254894032761324
3647,3953,hibrido,5.203043460845947,6.0342230796813965,1057.125282902541,1355.8290232441605,1268550339.4830492,False,1.0,0.3554638000566772,-33.98267609170932,-20.339184019147076
3648,2974,hibrido,4.82627010345459,5.52475643157959,793.4511792874504,920.5381239415794,952141415.1449405,False,1.0,0.35528964374436744,-38.22626802438148,-26.74691999650665
3649,3793,hibrido,5.392705917358398,5.622241497039795,1048.1223766789458,1274.2121994628199,1257746852.014735,False,1.0,0.3550520816087459,-34.146430013053866,-24.514541943628096
3650,4398,hibrido,5.400849342346191,6.43074893951416,1299.8175328269854,1414.1989119760844,1559781039.3923824,False,1.0,0.35463453740078393,-31.753510904320994,-19.74348038314025
3651,2155,hibrido,4.887442111968994,4.765074729919434,621.9692690254319,733.7330209278362,746363122.8305182,False,1.0,0.3543178631819335,-42.44250872471354,-28.931989814083277
3652,3720,hibrido,5.349669456481934,5.492335796356201,996.380198640186,1228.0190721241038,1195656238.3682232,False,1.0,0.3541622531323666,-34.59155511266478,-24.222192361237514
3653,172,hibrido,4.9760518074035645,4.438366413116455,567.2941530237836,705.8411527888705,680752983.6285403,False,1.0,0.35403000002909035,-53.55674234312078,-24.011840502088805
3654,163,hibrido,4.551161766052246,4.140331745147705,315.65561626375785,381.3289039272024,378786739.5165094,False,1.0,0.35401541823557514,-53.54457539608928,-27.26134677683426
3655,2304,hibrido,4.683597564697266,5.181307315826416,650.5866205683849,745.3069553516552,780703944.6820619,False,1.0,0.35394578744064453,-41.66845349397922,-28.50782781826027
3656,3424,hibrido,5.217156887054443,5.148876667022705,848.3782358218799,1070.2765572009325,1018053882.9862559,False,1.0,0.3537847069225696,-36.154167045180955,-24.406831863644776
3657,3270,hibrido,5.247383117675781,5.266395568847656,909.7318231662643,1064.485495550102,1091678187.7995172,False,1.0,0.35376103995107816,-36.6323182206981,-26.566146974531776
3658,1334,hibrido,4.887595176696777,4.194756507873535,506.833265866526,467.7304707939931,608199919.0398312,False,1.0,0.35341194140730525,-46.764147533173315,-31.74791283113358
3659,2825,hibrido,5.195847034454346,4.766295909881592,764.8338277444977,871.7064448162678,917800593.2933973,False,1.0,0.35320307432335774,-38.9776412271645,-27.1805104546836
3660,3871,hibrido,5.6298627853393555,5.195521354675293,1038.7960762421924,1294.9312120652887,1246555291.4906309,False,1.0,0.35304527587896156,-33.973959825257474,-23.105295092379546
3661,2680,hibrido,4.61375093460083,5.19679069519043,623.52466199532,741.720429682159,748229594.394384,False,1.0,0.3527649895496626,-39.91255813450566,-26.211797681592586
3662,1632,hibrido,4.785847187042236,4.6167073249816895,564.0679689524314,592.3780958086505,676881562.7429178,False,1.0,0.3526012458684127,-45.14844761780289,-30.92899071298526
3663,319,hibrido,4.800159931182861,4.396149158477783,482.33089437771815,631.1732350954953,578797073.2532618,False,1.0,0.3524922750467504,-52.76700303219091,-24.36860511617643
3664,4019,hibrido,5.377353668212891,5.88612699508667,1116.9651841616105,1374.8150094773514,1340358220.9939327,False,1.0,0.35245415564916616,-33.20063950467976,-23.009968540286938
3665,2379,hibrido,4.9555439949035645,4.70875883102417,650.808819564083,739.9770511573679,780970583.4768996,False,1.0,0.3523557806381453,-41.30467986465472,-28.118735921272417
3666,3199,hibrido,5.314231872558594,4.765166759490967,804.216933380431,983.6875384296997,965060320.0565172,False,1.0,0.35217347208764166,-37.18373072041508,-25.575216974673044
3667,4168,hibrido,5.591601848602295,5.801469802856445,1188.3581565739446,1453.2840816508915,1426029787.8887336,False,1.0,0.352162822743457,-32.48369882749463,-22.574791698808667
3668,3950,hibrido,5.18646240234375,5.979156970977783,1053.6147353709819,1339.0764743263219,1264337682.4451783,False,1.0,0.3519141751830725,-33.84160351717392,-21.35960240120107
3669,3127,hibrido,4.711943626403809,5.468437671661377,726.2560228573644,922.5530504501535,871507227.4288373,False,1.0,0.35185957639686927,-37.67447467136612,-24.925297683921556
3670,394,hibrido,4.639565944671631,4.608452320098877,482.1086953820199,587.9313150742297,578530434.4584239,False,1.0,0.35182908229197896,-52.37735830062397,-24.00389484208529
3671,4164,hibrido,5.757743835449219,5.635481834411621,1224.056903939222,1465.550831738886,1468868284.7270663,False,1.0,0.35176835431377423,-32.25594065351664,-23.922156006249296
3672,3866,hibrido,5.552358150482178,5.490265846252441,1100.339735149098,1321.2125555788548,1320407682.1789176,False,1.0,0.35137567377851403,-33.69871096532762,-24.804440142769266
3673,2829,hibrido,4.546660423278809,5.410990238189697,652.1420135382727,796.5346869431061,782570416.2459273,False,1.0,0.351335157787966,-39.162057011880414,-25.784279332058183
3674,2455,hibrido,4.825697898864746,4.7957763671875,622.858065008225,711.8275494639748,747429678.00987,False,1.0,0.3510393096186088,-40.98519711818691,-27.377785788132854
3675,3653,hibrido,5.174269199371338,5.39686918258667,895.8829110498848,1176.2389324007327,1075059493.2598617,False,1.0,0.350846340114107,-35.32796190543508,-21.87236499529381
3676,4018,hibrido,5.377353668212891,5.88612699508667,1125.8513541207574,1377.4859218488862,1351021624.9449089,False,1.0,0.35077314164361334,-33.145913462397,-23.348488850669387
3677,223,hibrido,4.571733474731445,4.278755187988281,418.5669382569003,309.2680661521645,502280325.9082804,False,1.0,0.35068987158010456,-53.09635439198585,-32.31075922986745
3678,4326,hibrido,5.572007656097412,5.931246280670166,1270.8298680174319,1329.2615904551606,1524995841.6209183,False,1.0,0.35060625004480345,-32.22650708578938,-19.114212812639256
3679,3800,hibrido,5.009526252746582,5.95975399017334,979.3110710446318,1253.8575066594344,1175173285.2535582,False,1.0,0.35040205364325727,-34.511597114165305,-22.12862543704661
3680,4023,hibrido,5.24835205078125,5.997384548187256,1095.3953746678546,1375.7585877811357,1314474449.6014256,False,1.0,0.35004675505377164,-33.40940129134564,-21.654614707971785
3681,3418,hibrido,5.247899532318115,5.442374229431152,972.0730037885122,1138.0680280808692,1166487604.5462146,False,1.0,0.3499158040682541,-35.837192097834716,-26.470215389133777
3682,2976,hibrido,5.03709602355957,4.902918815612793,737.2408174827807,885.8262405317141,884688980.9793369,False,1.0,0.3497063520064304,-38.32291576344315,-26.05133582893365
3683,1779,hibrido,4.780401229858398,4.889785289764404,649.0312275984968,679.5453008712801,778837473.1181961,False,1.0,0.34949878763305103,-44.27810317902837,-31.225337733901213
3684,224,hibrido,4.596836566925049,4.084586143493652,384.32140093612537,277.93297167032847,461185681.12335044,False,1.0,0.3488503151148516,-53.09990309091715,-31.950083298143856
3685,2898,hibrido,4.942879676818848,5.310474395751953,821.4019338433084,927.0695840623557,985682320.6119701,False,1.0,0.3485959554324119,-38.52757525366052,-27.48622324801191
3686,323,hibrido,4.665653228759766,4.869649887084961,595.0227085839431,633.2258951355736,714027250.3007317,False,1.0,0.3485778098257654,-52.78046464671934,-22.92428369507807
3687,2827,hibrido,4.693883419036865,5.313777446746826,708.4879206413851,831.12563233177,850185504.7696621,False,1.0,0.3485082009330652,-39.071533388882884,-26.482574753968027
3688,2007,hibrido,4.964223384857178,4.345502853393555,565.178963930923,696.4873866026267,678214756.7171077,False,1.0,0.34798756763268224,-43.25965823631266,-28.998931406977473
3689,2301,hibrido,4.953287601470947,4.9607930183410645,735.1054812230534,843.7629533930443,882126577.4676641,False,1.0,0.3474968267756474,-41.54007705772619,-29.56554113345698
3690,3646,hibrido,5.364230155944824,5.21978235244751,959.018525856385,1188.526864798974,1150822231.027662,False,1.0,0.34741066581543645,-34.981803451519234,-24.269543634703634
3691,1636,hibrido,4.660446643829346,4.407907485961914,451.3761547462067,578.7156541807752,541651385.695448,False,1.0,0.34737424575447484,-45.27622847101917,-29.502558014549095
3692,99,hibrido,5.079524040222168,4.352064609527588,623.8622591225943,747.1098607504678,748634710.9471132,False,1.0,0.34708689173302626,-53.95003088502976,-23.651318464475967
3693,2673,hibrido,4.902347564697266,5.330033302307129,820.7353368562135,908.6293403041474,984882404.2274562,False,1.0,0.34684187501524105,-39.591276308337854,-28.662166064809547
3694,2532,hibrido,4.759655475616455,4.639077663421631,566.734356900811,672.3687451871589,680081228.2809732,False,1.0,0.34658431301969594,-40.708915200233996,-26.286238892501874
3695,3495,hibrido,5.355617046356201,5.107504367828369,938.8251941452338,1136.5650469148457,1126590232.9742806,False,1.0,0.3459151540271402,-35.60603650541585,-25.391923461466718
3696,1853,hibrido,4.740065097808838,5.003478527069092,677.4263801457513,718.3431072317857,812911656.1749016,False,1.0,0.34545877058188473,-43.86003318531533,-31.193332647723185
3697,4325,hibrido,5.518442630767822,5.95130729675293,1264.8077333696083,1368.9107443134938,1517769280.04353,False,1.0,0.34537448007296195,-32.17978829789628,-19.450908208290613
3698,1937,hibrido,4.537178039550781,4.455877780914307,424.09199717744355,535.4020247573088,508910396.61293226,False,1.0,0.3450117581724329,-43.80651550146363,-27.609891261310405
3699,3573,hibrido,5.0900044441223145,5.441056728363037,907.4852707801315,1143.0705230166452,1088982324.9361577,False,1.0,0.34489193424554815,-35.42370601676059,-23.97325579184447
3700,3049,hibrido,5.252089977264404,4.67022180557251,793.7953383684892,938.6554299496073,952554406.042187,False,1.0,0.34431082771338295,-37.8772025682341,-26.35605281266027
3701,3576,hibrido,5.132673740386963,5.252943992614746,873.9218327995934,1133.3828818040918,1048706199.3595121,False,1.0,0.34390535085874474,-35.57216793448869,-22.94402839772354
3702,1409,hibrido,4.628509521484375,4.4785895347595215,507.05546486222426,488.47394718689804,608466557.8346691,False,1.0,0.3437522694514953,-46.37233262579309,-31.365865875513048
3703,3051,hibrido,4.9046783447265625,5.048295021057129,740.7097551151996,908.169426350915,888851706.1382396,False,1.0,0.3435759405036331,-37.97425988955058,-25.661577522029457
3704,4172,hibrido,5.327220439910889,6.054258346557617,1173.5735650185602,1458.5712199098166,1408288278.0222723,False,1.0,0.343485965392055,-32.69476846629631,-21.22527902661301
3705,2526,hibrido,4.849000453948975,5.04315710067749,735.7720782101483,823.763714393,882926493.852178,False,1.0,0.3430692920005748,-40.450320238177106,-28.393808861606956
3706,2449,hibrido,4.835960865020752,5.276394367218018,791.8957863175624,889.2723923646145,950274943.5810748,False,1.0,0.3429036002643466,-40.719820031936074,-29.487309485620198
3707,4092,hibrido,5.468276023864746,5.752697944641113,1164.730972749521,1417.357470098331,1397677167.2994251,False,1.0,0.34280042869485783,-32.758797070293404,-23.298971336801387
3708,2223,hibrido,5.12835168838501,4.888729572296143,819.4021428820239,913.8883074880141,983282571.4584286,False,1.0,0.34226625236146657,-41.77412974582734,-31.014283753812197
3709,4312,hibrido,5.803456783294678,5.690475940704346,1300.9339870624794,1544.8976363221843,1561120784.4749753,False,1.0,0.34217583586572903,-31.47970389164669,-23.8163400543904
3710,3651,hibrido,5.031421661376953,5.509814262390137,905.575114611671,1172.9622054058468,1086690137.5340052,False,1.0,0.3419725125535868,-35.233754755355996,-22.557824166665217
3711,3723,hibrido,5.248744487762451,5.34256649017334,960.928380995779,1215.062705245102,1153114057.1949348,False,1.0,0.341630834383004,-34.74829291577212,-23.197737483447312
3712,2229,hibrido,5.035004138946533,4.416337490081787,650.3644215726865,754.8502362399805,780437305.8872238,False,1.0,0.34157974350050213,-42.0343296122462,-28.896799170836335
3713,3875,hibrido,5.340486526489258,5.409081935882568,1015.5673745403228,1295.9329556540388,1218680849.4483874,False,1.0,0.3411330779024598,-34.17616960255118,-21.743752768632323
3714,2904,hibrido,4.648633003234863,5.101475238800049,653.7636864827006,819.3601686972293,784516423.7792407,False,1.0,0.34097920534555504,-38.81095833527753,-25.395643085315438
3715,3801,hibrido,4.947174549102783,5.889327526092529,975.6639405677661,1256.0284600272987,1170796728.6813192,False,1.0,0.34031685209897616,-34.559884021456604,-21.787312340397815
3716,2074,hibrido,5.042508602142334,4.855295658111572,790.7847913390713,844.4654113822252,948941749.6068856,False,1.0,0.3402776493823222,-42.56441989779667,-31.44336547248231
3717,3420,hibrido,5.477524757385254,4.755956649780273,925.7784976989343,1110.1786015432588,1110934197.2387211,False,1.0,0.34015542697992884,-35.946732462210946,-25.782884606278078
3718,4403,hibrido,5.404153347015381,6.116121768951416,1334.8690474771743,1216.9869812149336,1601842856.972609,False,1.0,0.3401231184164165,-31.985524351066427,-18.063451396030217
3719,4102,hibrido,5.453597068786621,5.646201133728027,1140.7443839083408,1398.467667068079,1368893260.6900089,False,1.0,0.3399283801862924,-33.268968918556475,-19.916065101565703
3720,4100,hibrido,5.4431304931640625,5.667512893676758,1134.3534931013105,1428.1781965784985,1361224191.7215726,False,1.0,0.33969792499192053,-33.17483488268922,-20.59360999143233
3721,4017,hibrido,5.402068138122559,5.680645942687988,1136.0771631020075,1381.3104717982637,1363292595.722409,False,1.0,0.3386113269728253,-33.090151206746256,-23.68687667505078
3722,1629,hibrido,4.927478790283203,4.426416873931885,648.5868296071002,629.6918360546551,778304195.5285202,False,1.0,0.33845490703524483,-45.046452907766565,-31.998278232289728
3723,2524,hibrido,5.078768253326416,4.804055690765381,792.1179853132608,882.9999809546341,950541582.3759129,False,1.0,0.3384528477226364,-40.35771588477626,-29.09567796076581
3724,3193,hibrido,5.101949214935303,5.4183268547058105,963.1554975838826,1083.950229903513,1155786597.1006591,False,1.0,0.3382416240454181,-36.86843169563986,-27.649276552456815
3725,4169,hibrido,5.506369113922119,5.6938886642456055,1182.6517066953654,1452.9568016194457,1419182048.0344386,False,1.0,0.3379815153543239,-32.5380035079396,-22.237608139360518
3726,1783,hibrido,4.784512042999268,4.3610711097717285,536.3394133922718,658.0135378062056,643607296.0707262,False,1.0,0.3379714803757685,-44.4200054984533,-29.802410809087437
3727,3,hibrido,4.590649604797363,4.112618923187256,433.0502788395784,346.61466418483434,519660334.6074941,False,1.0,0.33783052322940915,-54.36774121809164,-31.592002970128462
3728,2228,hibrido,5.071688652038574,4.399113178253174,678.5373751242428,788.6380879460621,814244850.1490914,False,1.0,0.3375070283520818,-41.99286882889794,-29.249898903192356
3729,3726,hibrido,5.07481050491333,5.497337341308594,939.5707565500754,1213.8879329882752,1127484907.8600905,False,1.0,0.3374737855535452,-34.896346055387184,-22.172239785854888
3730,3421,hibrido,5.167353630065918,5.146157264709473,904.3980195994089,1098.1554410541705,1085277623.5192907,False,1.0,0.3374270281595652,-36.00002921694916,-25.43904194394471
3731,2002,hibrido,4.660591125488281,5.143177032470703,706.0437316887042,788.7248108496225,847252478.026445,False,1.0,0.3373553119759096,-43.06566424940852,-30.771227633982782
3732,3497,hibrido,5.297573566436768,4.935828685760498,901.5168591152973,1117.2635305303818,1081820230.9383566,False,1.0,0.33699962930535277,-35.71171815422464,-24.705338861292006
3733,2080,hibrido,4.857274532318115,4.546701908111572,621.7470700297338,749.853697367619,746096484.0356805,False,1.0,0.3369987834580254,-42.81217566546609,-29.320144341532128
3734,1704,hibrido,4.9631195068359375,4.36414098739624,648.8090286027985,652.6460083115966,778570834.3233583,False,1.0,0.3369185841788958,-44.66090421805296,-31.612071583968504
3735,2902,hibrido,4.900824069976807,4.802018642425537,708.7101196370836,849.2663865141986,850452143.5645003,False,1.0,0.3367134688202865,-38.71992925553595,-26.092874699667785
3736,2975,hibrido,5.128935813903809,4.634565353393555,765.2782257358942,902.4628984186644,918333870.8830731,False,1.0,0.3366344198410292,-38.275032199818014,-26.399176440454568
3737,2303,hibrido,4.60392427444458,5.134504795074463,678.7595741199411,777.4532862514765,814511488.9439293,False,1.0,0.3364602661838795,-41.62642474016087,-28.86047400139771
3738,28,hibrido,5.090707302093506,4.5219407081604,736.7762723245174,797.4239443708213,884131526.789421,False,1.0,0.3364399204980527,-54.339360483666376,-22.567403484089517
3739,4394,hibrido,5.490462303161621,6.109927177429199,1293.540032016745,1572.4756159586402,1552248038.420094,False,1.0,0.33641591260392306,-31.549908169506672,-21.085313935357075
3740,1707,hibrido,4.632998943328857,4.628614902496338,564.2901679481298,624.4572140387688,677148201.5377557,False,1.0,0.33622999607060994,-44.76566355741496,-30.543853366589715
3741,3658,hibrido,4.7737627029418945,5.8558125495910645,902.7491044467465,1207.800584971246,1083298925.3360958,False,1.0,0.3360568810703306,-35.54773057403348,-20.15694065457681
3742,2598,hibrido,4.877021312713623,5.19253396987915,820.5131378605154,909.4634129625832,984615765.4326185,False,1.0,0.3358172123686679,-39.94969345969341,-29.05431964012847
3743,2525,hibrido,4.961077690124512,4.828578472137451,763.9450317617046,852.9582708188121,916734038.1140455,False,1.0,0.334643995373415,-40.404431346113576,-28.74478606503661
3744,2747,hibrido,4.898702621459961,5.233895301818848,849.1304894034681,937.7856957819394,1018956587.2841617,False,1.0,0.33406774935466677,-39.185171922645104,-28.61923856935514
3745,3570,hibrido,4.99125337600708,5.578114986419678,955.0495607673856,1165.1024351586195,1146059472.9208627,False,1.0,0.3340161908644664,-35.26665089943332,-25.00146188671903
3746,252,hibrido,4.781916618347168,4.594566822052002,629.4993200664055,698.775240900523,755399184.0796866,False,1.0,0.33379515755863337,-53.17680044599106,-21.843249513839098
3747,4024,hibrido,5.230318069458008,5.758542537689209,1093.600008182776,1378.8983056215127,1312320009.8193312,False,1.0,0.3336544916234886,-33.4591088362123,-21.31547085587155
3748,4238,hibrido,5.771603107452393,5.4608845710754395,1262.4469380483984,1505.2155903930193,1514936325.658078,False,1.0,0.3336194528340309,-31.867675663294357,-23.869597732377446
3749,1925,hibrido,4.725091457366943,5.123208522796631,762.1674397961183,779.1353049879044,914600927.7553419,False,1.0,0.3334049234001786,-43.36127204934489,-31.86933390334114
3750,3948,hibrido,5.371309280395508,5.382696628570557,1058.8503711495734,1333.8021267450226,1270620445.3794882,False,1.0,0.333073705980629,-33.74277720185444,-22.039315259367577
3751,2895,hibrido,5.269326210021973,4.817843914031982,905.9207944979771,998.3543847334712,1087104953.3975725,False,1.0,0.33253064332823856,-38.373942607442935,-28.530202331824253
3752,95,hibrido,4.589461803436279,4.477097511291504,511.17044491636926,609.2427506332295,613404533.8996431,False,1.0,0.3325282575265925,-53.94946001560869,-25.095834672286646
3753,2450,hibrido,4.658574104309082,5.288302898406982,763.7228327660064,857.5862832474751,916467399.3192077,False,1.0,0.332414480065102,-40.76605210296955,-29.135925186804823
3754,2894,hibrido,5.031576633453369,5.30273962020874,934.0937480495334,1024.1399475287612,1120912497.65944,False,1.0,0.33230054138165616,-38.320883013378335,-28.87798868317817
3755,2597,hibrido,5.314729690551758,4.524747848510742,848.6860914120716,939.4013275087578,1018423309.6944859,False,1.0,0.3320935641451087,-39.90082824309657,-29.404529866582596
3756,2225,hibrido,4.844773769378662,5.006043910980225,763.0562357789115,893.0865006158245,915667482.9346938,False,1.0,0.33190541526199996,-41.863957233167156,-30.308757850017855
3757,2596,hibrido,5.096375465393066,4.9823899269104,876.8590449636279,970.0649507805562,1052230853.9563534,False,1.0,0.3318672881418756,-39.85109047766308,-29.75464774567778
3758,4400,hibrido,5.158920764923096,6.413201332092285,1310.2921509158582,1335.2146129215555,1572350581.0990298,False,1.0,0.33171255456571086,-31.849260385281884,-19.07181795451902
3759,3120,hibrido,5.163173675537109,5.000320911407471,906.587391485072,1029.2532308176385,1087904869.7820864,False,1.0,0.3313475859989024,-37.32394601987349,-27.35092540027557
3760,2891,hibrido,5.399169921875,4.9948930740356445,1018.6126087042022,1106.578553898101,1222335130.4450426,False,1.0,0.3311557080033837,-38.155976999600064,-29.92070010886513
3761,3804,hibrido,5.054107666015625,5.558230876922607,974.5409063169867,1270.1000073126324,1169449087.580384,False,1.0,0.33007435578576483,-34.699147584717046,-20.762722376245353
3762,4255,hibrido,5.160209655761719,6.121504783630371,1257.5219438640474,1205.2111595263643,1509026332.636857,False,1.0,0.3299868943334806,-32.73637176107668,-18.142931805464457
3763,3415,hibrido,5.365761756896973,5.186762809753418,1049.1501663410766,1188.802885411571,1258980199.6092918,False,1.0,0.3299219563622217,-35.66532800654133,-27.500290258373877
3764,2968,hibrido,5.425812721252441,4.728289604187012,962.488900596788,1054.655093040317,1154986680.7161455,False,1.0,0.3298983689489753,-37.91453393666816,-28.831236766244103
3765,24,hibrido,4.7100300788879395,4.661107540130615,624.0844581182926,734.9433484480048,748901349.7419511,False,1.0,0.32967230681846904,-54.34304312636457,-24.012097542489762
3766,3274,hibrido,4.626641273498535,5.560047626495361,815.2863265724287,1010.2102512872663,978343591.8869145,False,1.0,0.32882574434148254,-36.83918935357511,-25.185331921631583
3767,4399,hibrido,5.243476390838623,6.244616985321045,1304.452210584224,1374.6920791933007,1565342652.7010689,False,1.0,0.3286909647780724,-31.801882204419613,-19.40770908930061
3768,2453,hibrido,4.879333972930908,4.546667575836182,679.2039721113375,767.2032125787924,815044766.533605,False,1.0,0.32833704503432415,-40.89989786349306,-28.081279279700517
3769,174,hibrido,4.834505081176758,4.406821250915527,623.6400601268961,708.7007284986963,748368072.1522753,False,1.0,0.3279782896946486,-53.559169216290144,-23.289535423615636
3770,4021,hibrido,5.025605201721191,6.017387390136719,1103.3363606518435,1372.9581206536773,1324003632.7822123,False,1.0,0.32770185469310104,-33.307027418407316,-22.33254098827327
3771,3047,hibrido,4.720139503479004,5.445420742034912,850.0192853862612,974.7698833002663,1020023142.4635135,False,1.0,0.3270422315690068,-37.77654687191828,-27.050125248540812
3772,1931,hibrido,4.792164325714111,4.393149375915527,593.1297184867809,738.0053004407182,711755662.1841371,False,1.0,0.3265865886270999,-43.59583458338194,-29.74070419150573
3773,1926,hibrido,4.8016815185546875,4.794559478759766,733.9944862445622,767.236484715498,880793383.4934746,False,1.0,0.326345522596176,-43.402116437589925,-31.514723466558916
3774,3869,hibrido,5.3360981941223145,5.301267147064209,1059.3193030946334,1301.825315929987,1271183163.71356,False,1.0,0.3261602784916298,-33.866924789659784,-23.785339190963402
3775,2381,hibrido,4.515408515930176,4.788778781890869,594.4629124609705,682.3955795755285,713355494.9531646,False,1.0,0.32596356025483175,-41.38751449343428,-27.414146802388274
3776,3649,hibrido,4.740157127380371,5.7704081535339355,922.1314364539721,1175.1351601096276,1106557723.7447665,False,1.0,0.325824755305069,-35.1358326668078,-23.242851504185897
3777,3803,hibrido,4.976085186004639,5.598849773406982,973.2728430566099,1264.1618500742754,1167927411.6679318,False,1.0,0.32528702663264675,-34.65364974403101,-21.104358562750416
3778,3798,hibrido,5.13217306137085,5.380577087402344,991.4183132075526,1253.3399204611435,1189701975.8490632,False,1.0,0.32493981125076815,-34.41216586795762,-22.810912583615792
3779,4020,hibrido,5.0672101974487305,5.919902324676514,1109.4508432926705,1373.3044657600674,1331341011.9512045,False,1.0,0.3247912939056475,-33.25434051656769,-22.671318384861223
3780,3947,hibrido,5.058855056762695,5.764752388000488,1063.7171416452552,1332.9588395435214,1276460569.9743063,False,1.0,0.32447167393560894,-33.691901175878634,-22.378994675702742
3781,2150,hibrido,5.057161331176758,4.514801025390625,762.834036783213,867.7308538896891,915400844.1398556,False,1.0,0.3243404945527531,-42.23453851953945,-30.699344999714473
3782,2966,hibrido,5.259188175201416,5.113369464874268,1018.8348076999004,1107.3390061273976,1222601769.2398803,False,1.0,0.3243313803584117,-37.80302864182874,-29.525144537354546
3783,4237,hibrido,5.560171604156494,5.689484119415283,1274.0888196409774,1510.8359037863352,1528906583.5691729,False,1.0,0.3241760187447784,-31.807177332453495,-24.205251260080143
3784,3940,hibrido,5.675670623779297,4.98174524307251,1137.279429188135,1360.3813252801122,1364735315.025762,False,1.0,0.3239037679240763,-33.307469444375364,-24.75321237645036
3785,2078,hibrido,4.857642650604248,4.551891803741455,678.0929771328463,819.4643561625795,813711572.5594156,False,1.0,0.3238609769193234,-42.73250589668017,-30.02816062898756
3786,3196,hibrido,4.698146820068359,5.5580596923828125,879.6334593311651,1028.0538104033662,1055560151.1973982,False,1.0,0.3237874760073235,-37.03035048756809,-26.612743023919602
3787,2077,hibrido,4.763344764709473,4.784274101257324,706.2659306844025,822.874128297245,847519116.821283,False,1.0,0.3236656273720458,-42.691593976115186,-30.382067094433708
3788,3564,hibrido,5.537269592285156,4.951160907745361,1084.2969875454564,1243.2098021084546,1301156385.0545478,False,1.0,0.3236014678924631,-34.9255178351123,-27.054558166693447
3789,1851,hibrido,4.809657096862793,4.711986064910889,733.7722872488637,741.3614635974928,880526744.6986364,False,1.0,0.3234869068515199,-43.78212607789717,-31.90355240038996
3790,1407,hibrido,4.578551769256592,4.4172444343566895,563.4013719653366,521.7344123980595,676081646.3584039,False,1.0,0.3234188581328886,-46.31319089429498,-32.080932385573384
3791,3719,hibrido,5.3905816078186035,4.965611457824707,1011.0902774671604,1234.901613938621,1213308332.9605925,False,1.0,0.3228819669083147,-34.53732845372246,-24.56343453198778
3792,2814,hibrido,5.426351070404053,5.0289740562438965,1074.736316811616,1169.9294109554412,1289683580.1739392,False,1.0,0.32286535176763387,-38.3968228164214,-31.01208616908196
3793,4173,hibrido,5.2790141105651855,5.795444488525391,1173.2624870692878,1462.6273787063965,1407914984.4831452,False,1.0,0.32252827031693754,-32.74500822547257,-20.88758530308994
3794,3799,hibrido,5.169472694396973,5.2530670166015625,984.5710857103952,1252.9604150227092,1181485302.8524742,False,1.0,0.3220275453178489,-34.46236109949517,-22.46982629262408
3795,3494,hibrido,5.341787815093994,4.805020809173584,959.438791225474,1148.186073977651,1151326549.470569,False,1.0,0.32168843318409734,-35.55172627586004,-25.73503850806254
3796,4029,hibrido,4.9788055419921875,5.987637042999268,1106.4857582298807,1357.376100827408,1327782909.8758569,False,1.0,0.3214649842172755,-33.69324244302998,-19.61804216403242
3797,4095,hibrido,5.144221305847168,5.861271381378174,1142.9821048655826,1412.957442466171,1371578525.838699,False,1.0,0.3209705112915289,-32.922394150772895,-22.28540876458568
3798,3939,hibrido,5.675670623779297,4.98174524307251,1152.9677137720957,1368.936998104201,1383561256.526515,False,1.0,0.3207292534062132,-33.24837154206595,-25.091849593204607
3799,1856,hibrido,4.795409202575684,4.256321907043457,592.9075194910826,699.7262462616483,711489023.389299,False,1.0,0.32057633282902953,-43.97183615219119,-30.127544270036907
3800,3952,hibrido,5.055988788604736,5.693141937255859,1054.4400944094166,1349.082464076559,1265328113.2912998,False,1.0,0.32050630582490314,-33.93659477479268,-20.679433547329516
3801,1927,hibrido,4.80824089050293,4.599742889404297,705.8215326930059,757.2660189646665,846985839.2316071,False,1.0,0.32040436251637977,-43.4422462899739,-31.16004710965878
3802,3788,hibrido,5.551238536834717,5.095828056335449,1137.6338432144744,1325.2820463200308,1365160611.8573692,False,1.0,0.3202767209137658,-33.85504877572205,-26.214939028727592
3803,4091,hibrido,5.234129905700684,5.792905330657959,1174.61835837365,1421.0747174766034,1409542030.04838,False,1.0,0.3198694635375898,-32.70217803629822,-23.63655690522379
3804,4472,hibrido,5.497514724731445,5.822028160095215,1339.620314100579,1420.9223234695896,1607544376.9206948,False,1.0,0.3195625890085346,-31.375125662757494,-19.698915714988296
3805,4026,hibrido,4.9080681800842285,6.059919834136963,1094.3952119799512,1388.617379997293,1313274254.3759415,False,1.0,0.31923150915492743,-33.55561475005647,-20.63683405728596
3806,3042,hibrido,5.1378912925720215,5.129505157470703,990.8840531440425,1085.786396317225,1189060863.772851,False,1.0,0.31914812492627875,-37.508539106771174,-28.783440005969982
3807,2746,hibrido,4.803524971008301,5.243544578552246,877.3034429550243,965.1907406419117,1052764131.5460291,False,1.0,0.3187615252718605,-39.13461861857753,-28.968311921788764
3808,4397,hibrido,5.567399501800537,5.595939636230469,1296.4010442724866,1453.7327170673025,1555681253.126984,False,1.0,0.31834886556104,-31.70413733918592,-20.07912920002068
3809,4480,hibrido,4.852266788482666,6.318094253540039,1251.8112015901188,1107.7807766132662,1502173441.9081426,False,1.0,0.31743353096563276,-31.73974044626288,-17.015990555161014
3810,2973,hibrido,4.955124378204346,4.790935516357422,821.6241328390067,939.9689315278185,985948959.4068081,False,1.0,0.317063922061865,-38.17661187850863,-27.09456463508627
3811,2822,hibrido,4.6798906326293945,5.30648946762085,849.3526883991664,942.0857656058793,1019223226.0789996,False,1.0,0.31631290113898247,-38.83029164950097,-28.22670919696265
3812,2672,hibrido,4.944231033325195,4.869110584259033,848.9082904077699,936.887630759002,1018689948.4893239,False,1.0,0.3162358738378427,-39.54199203043269,-29.01186071963027
3813,3941,hibrido,5.544005393981934,5.008718490600586,1122.797600241525,1352.9546169636321,1347357120.28983,False,1.0,0.31525759582859353,-33.365498907792016,-24.41443562719532
3814,1930,hibrido,4.758450031280518,4.344587326049805,621.3026720383372,739.6295177172113,745563206.4460046,False,1.0,0.3152481682777472,-43.55845643381001,-30.095633417194783
3815,3792,hibrido,5.056453227996826,5.573614120483398,1063.62143897229,1282.0951149846655,1276345726.766748,False,1.0,0.3152021905106022,-34.09025295782997,-24.854890186079057
3816,2899,hibrido,4.968793869018555,4.628039360046387,793.2289802917521,905.5975149512518,951874776.3501025,False,1.0,0.3151561506872555,-38.5769784685366,-27.138029896585266
3817,2230,hibrido,4.662891864776611,4.48411750793457,622.1914680211302,721.6978069413044,746629761.6253562,False,1.0,0.3150710671674295,-42.07505338375587,-28.54362819899878
3818,3938,hibrido,5.256587505340576,5.620306491851807,1169.813915948693,1378.60061634478,1403776699.1384315,False,1.0,0.3146007298967396,-33.18819272832813,-25.430344512723458
3819,4322,hibrido,5.441803455352783,5.6451497077941895,1254.2442940793685,1487.9708921916267,1505093152.8952422,False,1.0,0.31422722747628573,-32.03371401179582,-20.460282631478357
3820,3795,hibrido,5.3392415046691895,4.9552903175354,1021.1270335283444,1262.1071349313197,1225352440.2340133,False,1.0,0.31389234355649454,-34.25572003455213,-23.83346034619737
3821,3341,hibrido,5.105360507965088,5.235673427581787,1020.0289722488307,1153.5239777357083,1224034766.6985967,False,1.0,0.31373995546385697,-36.066016204353495,-27.550901059670906
3822,3872,hibrido,5.147156238555908,5.317466735839844,1030.7120058822502,1293.3273713075168,1236854407.0587003,False,1.0,0.3136028561936536,-34.02597882285686,-22.76508759932517
3823,4311,hibrido,5.646272659301758,5.517601490020752,1312.23446366899,1550.3741036670917,1574681356.402788,False,1.0,0.3134938002177695,-31.41834919636418,-24.151152214893862
3824,2528,hibrido,4.505406856536865,4.9156174659729,679.426171107036,768.2996472309612,815311405.3284432,False,1.0,0.31345665578666804,-40.5396636665491,-27.69160467869176
3825,2221,hibrido,5.239102363586426,4.405557632446289,875.7480499851363,932.0900377985525,1050897659.9821635,False,1.0,0.31286791078713566,-41.68108307522216,-31.719492880641706
3826,3419,hibrido,4.717483043670654,5.623386383056641,948.3648431632513,1123.4979670351931,1138037811.7959015,False,1.0,0.31272731415915855,-35.89245746573725,-26.12660985235383
3827,4389,hibrido,5.653244495391846,5.512905597686768,1313.3529834593953,1574.5761258327714,1576023580.1512744,False,1.0,0.31240765534850945,-31.271893013498882,-22.759583068207274
3828,3642,hibrido,5.2466349601745605,5.068172454833984,1028.1229151814505,1224.5818579333697,1233747498.2177405,False,1.0,0.312366996246768,-34.76262859743793,-25.636784072626686
3829,2744,hibrido,5.302547454833984,4.529539108276367,933.6493500581369,1022.4947310554782,1120379220.0697641,False,1.0,0.3119952488620589,-39.03078867025757,-29.66616131150146
3830,3643,hibrido,5.059523582458496,5.301220417022705,1008.9136136334179,1213.6925360946557,1210696336.3601015,False,1.0,0.31186433135024566,-34.818935861297795,-25.295161417167478
3831,4473,hibrido,5.401090145111084,5.828826904296875,1344.1177541437994,1381.6077588435428,1612941304.9725592,False,1.0,0.3116428562988078,-31.424161889616418,-19.363961406968226
3832,3727,hibrido,4.747872352600098,5.592094898223877,935.7687522127027,1216.1302394262225,1122922502.6552432,False,1.0,0.3110405460806663,-34.94381558664843,-21.830186224655314
3833,4320,hibrido,5.318798542022705,5.8327250480651855,1253.550496439365,1538.278085995033,1504260595.727238,False,1.0,0.3108576820567499,-31.93130591809864,-21.132579660596623
3834,3123,hibrido,4.952060699462891,4.7261433601379395,823.1451916412115,975.1455016178603,987774229.9694537,False,1.0,0.3106054174442042,-37.47966022443965,-26.31199331340891
3835,4471,hibrido,5.694712162017822,5.3785400390625,1336.3055918828209,1460.2741178873775,1603566710.259385,False,1.0,0.3104687197651622,-31.325074404003505,-20.033744537656336
3836,2890,hibrido,5.169106483459473,5.135085105895996,1046.7855622557584,1135.5471150748783,1256142674.7069101,False,1.0,0.3102756547588309,-38.099053963644224,-30.268047906294573
3837,3346,hibrido,5.029257297515869,4.872349262237549,892.6415067064677,1072.316088741039,1071169808.0477612,False,1.0,0.3101128744758372,-36.34203835823176,-25.8298617969841
3838,3425,hibrido,4.706925868988037,5.220743656158447,832.7157870905792,1063.8330481265446,999258944.508695,False,1.0,0.31006424795531995,-36.203666464140476,-24.062541772253407
3839,2599,hibrido,4.776762962341309,4.833057880401611,792.3401843089591,880.3252495015033,950808221.170751,False,1.0,0.3100368060321137,-39.99769838788815,-28.704018740866964
3840,4093,hibrido,5.229586601257324,5.578380584716797,1156.1436718400023,1414.7618327605094,1387372406.2080028,False,1.0,0.30972446393574643,-32.8143652924694,-22.961249654237307
3841,3718,hibrido,4.98094367980957,5.4633026123046875,1027.148284394703,1243.0338493845923,1232577941.2736437,False,1.0,0.30923592426466684,-34.48209240374243,-24.904551245743704
3842,2972,hibrido,4.800579071044922,5.007340431213379,849.797086390563,960.6730696991641,1019756503.6686755,False,1.0,0.3089061302445037,-38.12605212196619,-27.442108464521038
3843,3044,hibrido,4.973714828491211,5.025759696960449,934.53814604093,1038.1858163220172,1121445775.249116,False,1.0,0.3085854650396617,-37.618610414228534,-28.09044421877172
3844,2227,hibrido,4.739959716796875,4.577424049377441,706.7103286757989,822.9831033301272,848052394.4109586,False,1.0,0.3084842318193739,-41.95066045261442,-29.602926125080504
3845,2521,hibrido,5.092135906219482,4.612782955169678,876.6368459679296,977.41620110825,1051964215.1615156,False,1.0,0.3082992978297273,-40.21249162530341,-30.147825982894098
3846,2668,hibrido,5.066651821136475,4.957098484039307,961.6001046139947,1057.526855970987,1153920125.5367937,False,1.0,0.30795726116675404,-39.33590771254598,-30.40967617331513
3847,3340,hibrido,5.105360507965088,5.235673427581787,1048.118756229948,1173.1874197326176,1257742507.4759376,False,1.0,0.307822125819853,-36.00779283271298,-27.894743128573097
3848,3267,hibrido,4.904093265533447,5.354196548461914,991.5506501311372,1118.5628431427288,1189860780.1573646,False,1.0,0.3076557831610394,-36.4670523944862,-27.600567099341355
3849,4462,hibrido,5.593361854553223,5.6902174949646,1360.1040678619265,1616.8103982229554,1632124881.4343119,False,1.0,0.30696742844914643,-30.827301106957613,-23.04109425057384
3850,2149,hibrido,5.102056503295898,4.243619441986084,791.0069903347694,874.6181079717759,949208388.4017233,False,1.0,0.3068842063995975,-42.19068468609088,-31.05259868506463
3851,2378,hibrido,4.622600078582764,4.615785598754883,678.9817731156393,770.2708555094241,814778127.7387671,False,1.0,0.3067052518054036,-41.26212652015465,-28.470918144557384
3852,3568,hibrido,4.933017253875732,5.348097324371338,993.5692031331796,1186.3245734738357,1192283043.7598155,False,1.0,0.30618562573329167,-35.15702372726579,-25.686334590971164
3853,2675,hibrido,4.881170272827148,4.494021892547607,764.3894297531011,854.9298034612067,917267315.7037214,False,1.0,0.305816963368436,-39.68724728945628,-27.96249999259903
3854,2750,hibrido,4.747428894042969,4.717977046966553,764.6116287487995,861.5036548908062,917533954.4985594,False,1.0,0.30580843477890296,-39.331533780240854,-27.5714454713291
3855,1481,hibrido,4.624246597290039,4.160740852355957,591.7965245125912,557.1730439024545,710155829.4151094,False,1.0,0.30537224301592814,-45.89069615734646,-32.0547355114671
3856,3489,hibrido,5.2515482902526855,5.088810443878174,1078.9685068805352,1224.372097654362,1294762208.2566423,False,1.0,0.30534781372939257,-35.26499250626559,-27.44874667228637
3857,3268,hibrido,4.951147556304932,5.14289665222168,963.4687789306618,1099.3778601790555,1156162534.716794,False,1.0,0.3052428634545995,-36.52312873550123,-27.25587823096243
3858,4099,hibrido,4.761146068572998,6.2059407234191895,1133.264265852192,1422.8998966160193,1359917119.0226305,False,1.0,0.30491851955030075,-33.12632097503077,-20.932210539806924
3859,1855,hibrido,4.60452938079834,4.395069122314453,621.0804730426388,703.7164341603916,745296567.6511666,False,1.0,0.3048843643668232,-43.935229237224256,-30.482866886391154
3860,3487,hibrido,5.514790058135986,4.836464881896973,1133.1518595196042,1262.4536992420256,1359782231.423525,False,1.0,0.304787297048954,-35.14297169925363,-28.133312724518024
3861,3041,hibrido,5.035393714904785,5.164147853851318,1019.0570066955986,1110.9830120371832,1222868408.0347183,False,1.0,0.3047669252309809,-37.4520301907385,-29.129766531313706
3862,4323,hibrido,5.361569404602051,5.590979099273682,1256.5025667639088,1448.2669387830426,1507803080.1166906,False,1.0,0.30458212289241937,-32.08340095253292,-20.12394570499091
3863,2601,hibrido,4.649813175201416,4.720374584197998,735.9942772058467,824.7849633053162,883193132.647016,False,1.0,0.3030866696048652,-40.091174918840544,-28.003151483167027
3864,4396,hibrido,4.975435256958008,6.335951805114746,1294.212392359599,1493.2913522516035,1553054870.831519,False,1.0,0.30280754705916846,-31.653752136444336,-20.414652871409448
3865,3945,hibrido,5.0836663246154785,5.4105401039123535,1077.8470463487283,1334.8713710064142,1293416455.618474,False,1.0,0.3025782759272052,-33.58717180864773,-23.05798716773447
3866,1778,hibrido,4.69025182723999,4.363203525543213,677.204181150053,690.6387014468844,812645017.3800637,False,1.0,0.3025182038739236,-44.24102322631134,-31.580926085897868
3867,3194,hibrido,5.234081268310547,4.5261969566345215,934.9825440323265,1064.1414127362082,1121979052.8387918,False,1.0,0.3024453071400504,-36.92337371366531,-27.303879200932897
3868,2451,hibrido,4.814842224121094,4.440052032470703,735.54987921445,826.6214844815929,882659855.05734,False,1.0,0.3023460511894296,-40.811468193405936,-28.78445772894952
3869,3870,hibrido,5.205307483673096,5.093483924865723,1048.345046710546,1297.766542406046,1258014056.0526552,False,1.0,0.30234172837242645,-33.92094547335121,-23.445379788026397
3870,2823,hibrido,4.868427753448486,4.671320915222168,821.1797348476101,917.4826620430216,985415681.8171321,False,1.0,0.30227645843835416,-38.880291792887085,-27.878072623766315
3871,2969,hibrido,4.926911354064941,4.991214752197266,934.3159470452316,1029.6340178277978,1121179136.454278,False,1.0,0.3022574398540316,-37.96883041585962,-28.484115716540504
3872,3124,hibrido,4.635175704956055,5.017805099487305,797.0181664025508,959.7695529229305,956421799.683061,False,1.0,0.30213017354880845,-37.52971282609309,-25.96547110002789
3873,3271,hibrido,4.724981307983398,5.189120292663574,884.3539682361653,1048.8938056966874,1061224761.8833984,False,1.0,0.30179807341946524,-36.68545644785709,-26.221109034616603
3874,2003,hibrido,4.554947376251221,4.652725696563721,677.870778137148,783.1263162796745,813444933.7645776,False,1.0,0.3016929709583837,-43.10585757276744,-30.416898109572905
3875,1777,hibrido,4.605525016784668,4.564578056335449,705.3771347016093,703.833656438962,846452561.6419312,False,1.0,0.3008451123413977,-44.2032815711121,-31.93645519213438
3876,2896,hibrido,4.935033798217773,4.747035026550293,877.7478409464208,973.5298264094848,1053297409.1357049,False,1.0,0.30082567963217505,-38.42606948494447,-28.182311355715868
3877,4167,hibrido,5.147363662719727,5.709094047546387,1195.3765754950136,1454.7115784881694,1434451890.5940163,False,1.0,0.30059305096069766,-32.42835143861201,-22.911841032910054
3878,3345,hibrido,4.649775981903076,5.412309169769287,916.0452545816476,1086.099879744283,1099254305.497977,False,1.0,0.3005241313193968,-36.288804164418174,-26.174305820204623
3879,4469,hibrido,5.230559349060059,6.0162153244018555,1333.256439245662,1539.0779705547213,1599907727.0947945,False,1.0,0.29948206619133405,-31.22188881137933,-20.70301475707324
3880,2817,hibrido,4.9915642738342285,5.039433479309082,990.2174561569476,1079.0187036356444,1188260947.3883371,False,1.0,0.2993896077120347,-38.56654389289457,-29.96837297030139
3881,4098,hibrido,5.037133693695068,5.659827709197998,1133.5863201379373,1418.7301612348786,1360303584.1655247,False,1.0,0.29911931975590594,-33.07682983791607,-21.27069320893987
3882,3647,hibrido,4.996938705444336,4.988528251647949,945.1912420189849,1182.7277597745021,1134229490.422782,False,1.0,0.29899703622502555,-35.03411359791543,-23.927429157286195
3883,2000,hibrido,4.862257480621338,4.365307807922363,762.3896387918167,805.7833624801227,914867566.55018,False,1.0,0.2989756424305908,-42.983111730906195,-31.479684224439985
3884,3493,hibrido,5.217928409576416,4.707972049713135,981.2506525116613,1161.0695134589823,1177500783.0139935,False,1.0,0.29880821106977123,-35.49642054837831,-26.07803228412235
3885,4239,hibrido,5.2249016761779785,5.746872901916504,1251.975328207954,1500.6408027754476,1502370393.8495448,False,1.0,0.2984401888489279,-31.92707094536277,-23.533794936674052
3886,4318,hibrido,5.414527416229248,5.482104301452637,1257.9542698429477,1533.688944691157,1509545123.8115373,False,1.0,0.298335580225307,-31.82478588876156,-21.804356287587005
3887,2226,hibrido,4.628500938415527,4.698958396911621,734.8832822273552,857.8183624605813,881859938.6728262,False,1.0,0.2980414242364703,-41.90769363102919,-29.955879544956616
3888,2079,hibrido,4.543093204498291,4.536657333374023,649.9200235812899,785.8954905479194,779904028.2975479,False,1.0,0.2980341658947764,-42.77269629168569,-29.6741859886848
3889,3644,hibrido,5.010760307312012,5.0929718017578125,990.9473400885029,1204.0342260767386,1189136808.1062036,False,1.0,0.297760427799394,-34.87422614818262,-24.95341216298411
3890,3641,hibrido,5.005376815795898,5.289172649383545,1048.5069278109547,1236.669673513186,1258208313.3731456,False,1.0,0.2976011809483811,-34.70529208200939,-25.978277637948164
3891,3944,hibrido,5.168822765350342,5.21793794631958,1087.0530365483737,1337.6220436805795,1304463643.8580484,False,1.0,0.29751064230153484,-33.533297080266394,-23.397295214560128
3892,4317,hibrido,5.554834365844727,5.246000289916992,1262.0534830039755,1532.9556202563533,1514464179.6047707,False,1.0,0.2971921137302516,-31.769958117712147,-22.140042577967666
3893,3188,hibrido,5.232057094573975,5.031879901885986,1104.0202653416638,1198.2086103622398,1324824318.4099965,False,1.0,0.29695677004444887,-36.57866292316512,-29.374466932784888
3894,1852,hibrido,4.652669429779053,4.447166442871094,705.5993336973075,728.8462250073171,846719200.436769,False,1.0,0.29695354177517863,-43.82142375380782,-31.54847378675485
3895,3121,hibrido,4.708853244781494,5.083410263061523,878.4144379335158,1009.9559686149098,1054097325.520219,False,1.0,0.29678634790304215,-37.37678870491692,-27.004722494695145
3896,1854,hibrido,4.550611972808838,4.429978847503662,649.2534265941949,709.9414199125282,779104111.913034,False,1.0,0.2964164658889845,-43.89796492034182,-30.838130010634476
3897,3722,hibrido,4.680740833282471,5.555864334106445,971.2432251241352,1218.083959456495,1165491870.1489623,False,1.0,0.29582770838581307,-34.69702619675363,-23.539341434938258
3898,4470,hibrido,5.541182994842529,5.399199962615967,1334.1824027634523,1499.66021131765,1601018883.3161428,False,1.0,0.2945810664262641,-31.273998676421918,-20.368445141060494
3899,4250,hibrido,5.08253288269043,5.740649223327637,1220.2506644257257,1404.0780566744102,1464300797.310871,False,1.0,0.29445460441573396,-32.51085939873,-19.83092558741085
3900,3867,hibrido,5.2269673347473145,5.047173500061035,1085.3651384679836,1313.5644112153552,1302438166.1615803,False,1.0,0.2944060219098535,-33.7558191866984,-24.464871955985288
3901,3796,hibrido,4.692070484161377,5.653634071350098,1009.7377727192512,1257.9202142571994,1211685327.2631013,False,1.0,0.29418826119117036,-34.30885607390055,-23.492732016158946
3902,4030,hibrido,4.774332523345947,5.858680725097656,1113.364578302719,1317.3798347704721,1336037493.963263,False,1.0,0.293957254552561,-33.73725290432093,-19.27823114834715
3903,3558,hibrido,5.57589864730835,4.956777095794678,1245.9960280779364,1359.7343636551002,1495195233.6935236,False,1.0,0.29357914338397567,-34.5460454159353,-29.102782535821355
3904,3342,hibrido,5.2235589027404785,4.615088939666748,992.6374238767362,1134.9301355605746,1191164908.6520834,False,1.0,0.29308465602019373,-36.12321599895257,-27.20693395119744
3905,4387,hibrido,5.34418249130249,5.741689205169678,1329.6451244803704,1580.2507032929527,1595574149.3764446,False,1.0,0.29236991643911464,-31.15309745604017,-23.428276715721957
3906,2447,hibrido,4.831502914428711,4.67345666885376,848.241693420675,954.5196158472685,1017890032.10481,False,1.0,0.2920270266099036,-40.62486077441534,-30.189822512819884
3907,4247,hibrido,4.9517436027526855,5.979531288146973,1213.2608255731795,1502.3693228008917,1455912990.6878154,False,1.0,0.29197277246118236,-32.363906973116364,-20.842343565895376
3908,3571,hibrido,4.950855731964111,4.904365062713623,937.7577590058179,1156.4222973485416,1125309310.8069816,False,1.0,0.29188571823448395,-35.31997578681545,-24.65884378635405
3909,3635,hibrido,5.267875671386719,5.253751277923584,1191.8670527142456,1332.313329901494,1430240463.2570946,False,1.0,0.2918133136264058,-34.338933264935456,-28.024383526755937
3910,3791,hibrido,5.279862880706787,4.882861614227295,1080.3798472703234,1291.1696396969721,1296455816.7243881,False,1.0,0.2916532915468417,-34.033038694172184,-25.195106644757168
3911,3116,hibrido,5.091736793518066,4.8614888191223145,1019.2792056912971,1117.4823629835112,1223135046.8295565,False,1.0,0.29137518747169433,-37.10290460715639,-28.734610162687336
3912,3046,hibrido,4.992863655090332,4.51725435256958,878.1922389378175,994.749958530726,1053830686.725381,False,1.0,0.2912449985654051,-37.72484057232314,-27.397005531011143
3913,3934,hibrido,5.5055646896362305,5.09676456451416,1247.7919673297572,1427.8460273491928,1497350360.7957087,False,1.0,0.29117287530239205,-32.93640841394911,-26.782844398981517
3914,4171,hibrido,5.211604595184326,5.390811443328857,1175.2467661970977,1455.60336567242,1410296119.4365172,False,1.0,0.29085339412934774,-32.64352786353731,-21.562849147974635
3915,3786,hibrido,5.167656898498535,5.384556293487549,1181.04651014245,1353.4676987329767,1417255812.17094,False,1.0,0.290552093444769,-33.730970443064955,-26.894119439196665
3916,2374,hibrido,4.538891792297363,4.917558193206787,791.6735873218643,899.0671884113473,950008304.7862371,False,1.0,0.29047945143902265,-41.084088916740356,-29.87886585217847
3917,4104,hibrido,4.835320949554443,5.808082103729248,1152.665455162813,1318.5413591388603,1383198546.1953757,False,1.0,0.2900975986925523,-33.359305483508635,-19.238077922112687
3918,4245,hibrido,5.15452241897583,5.613241672515869,1215.179792772756,1495.531976023429,1458215751.3273072,False,1.0,0.28977922517107824,-32.26093168793113,-21.516005482285646
3919,2520,hibrido,4.627049446105957,5.169376373291016,904.8097995194856,1010.0958295115119,1085771759.4233828,False,1.0,0.28930231522156513,-40.16234991392082,-30.498360693197792
3920,2821,hibrido,4.554800033569336,5.168126583099365,877.5256419507225,967.7172853498494,1053030770.340867,False,1.0,0.2889755398678143,-38.77939186920268,-28.57524700463006
3921,3712,hibrido,5.148540019989014,5.265476703643799,1148.3091447050124,1316.5257606146088,1377970973.646015,False,1.0,0.2889445648775702,-34.12879604920842,-26.94847460786061
3922,1703,hibrido,4.637495040893555,4.206738471984863,676.9819821543547,666.5934384353485,812378378.5852256,False,1.0,0.28891073172041665,-44.62472756432896,-31.9680333390388
3923,4022,hibrido,5.156282424926758,5.159061908721924,1098.6451091185418,1373.776854682452,1318374130.94225,False,1.0,0.28867090330003825,-33.35871087313525,-21.993638918368788
3924,4084,hibrido,5.497231960296631,5.194311618804932,1277.19952648478,1477.4679133249804,1532639431.7817361,False,1.0,0.2885915520646044,-32.275416712069585,-25.995608200816026
3925,2369,hibrido,5.048232078552246,4.547728538513184,932.5383550796455,1009.3868664222172,1119046026.0955746,False,1.0,0.2884911050876316,-40.843067910471945,-31.636933815886803
3926,3933,hibrido,5.620180606842041,4.940490245819092,1269.6908453159092,1442.6695506679755,1523629014.379091,False,1.0,0.28845564914434285,-32.87062736815043,-27.12058481870742
3927,3118,hibrido,5.0399346351623535,4.697845935821533,962.9332985881845,1071.291053992275,1155519958.3058214,False,1.0,0.28832213433404247,-37.21538517115583,-28.042997436970797
3928,4163,hibrido,5.212473392486572,5.522131443023682,1236.0604164148433,1471.3226685598936,1483272499.697812,False,1.0,0.2876696320956408,-32.19630871595004,-24.25864056241514
3929,2300,hibrido,4.663990497589111,4.564044952392578,763.2784347746098,877.7739322435015,915934121.7295318,False,1.0,0.2872997776811598,-41.495736110442884,-29.917959374245736
3930,3343,hibrido,5.093832015991211,4.638215065002441,966.1257714885161,1117.4592869522712,1159350925.7862194,False,1.0,0.2870176138804089,-36.179405396716476,-26.862844165506672
3931,3716,hibrido,4.8521857261657715,5.42533540725708,1063.0586512642221,1262.9471326746855,1275670381.5170665,False,1.0,0.28668893083473623,-34.3685445200667,-25.586398293552538
3932,2595,hibrido,4.7578020095825195,4.905740737915039,905.031998515184,1001.3876189271309,1086038398.2182207,False,1.0,0.2866027179083406,-39.800467593067225,-30.104671573982053
3933,4392,hibrido,5.049378871917725,6.022793292999268,1297.808118453035,1573.6697595809424,1557369742.143642,False,1.0,0.2859742468233003,-31.441899330128606,-21.75544154019924
3934,4025,hibrido,4.879879474639893,5.554408073425293,1093.2661747950517,1383.1881226493426,1311919409.754062,False,1.0,0.2857267096174614,-33.50784342826972,-20.976209827783645
3935,2667,hibrido,4.878952503204346,5.005059242248535,989.7730581655509,1089.2723285329282,1187727669.798661,False,1.0,0.28549362381824717,-39.28208482806675,-30.758880235539884
3936,3728,hibrido,4.563965797424316,5.472374439239502,933.6664868524284,1219.6809437878476,1120399784.2229142,False,1.0,0.28537564526965736,-34.990360827352525,-21.488025897849504
3937,3492,hibrido,4.951752662658691,4.997084617614746,1004.1826985170197,1175.1738465825147,1205019238.2204237,False,1.0,0.2851912342039112,-35.44010704038712,-26.420902417830455
3938,4242,hibrido,5.358212947845459,5.239161014556885,1227.8648441918704,1493.2747085287224,1473437813.0302444,False,1.0,0.2850878839678029,-32.09875714797705,-22.525520167690797
3939,4090,hibrido,5.054474353790283,5.556487560272217,1185.7733074980104,1425.9048030141682,1422927968.9976125,False,1.0,0.28507488626664745,-32.644496642845354,-23.97400360635842
3940,4010,hibrido,5.3293280601501465,5.277538776397705,1241.846070632928,1439.262554836054,1490215284.7595136,False,1.0,0.285043841881355,-32.66980436624581,-26.05165170281141
3941,3789,hibrido,5.079950332641602,5.214150905609131,1117.4438295863342,1312.791433431275,1340932595.503601,False,1.0,0.28443722613780553,-33.91544928612956,-25.875133735978622
3942,2670,hibrido,4.893468856811523,4.612377166748047,905.2541975108824,995.8216416028266,1086305037.013059,False,1.0,0.282394525379365,-39.44076482844435,-29.7109646363387
3943,2745,hibrido,4.984386444091797,4.4626359939575195,905.4763965065806,993.4507136383507,1086571675.8078969,False,1.0,0.2823771702271739,-39.083161791832374,-29.317286781653987
3944,4094,hibrido,5.175859451293945,5.194156646728516,1148.8856083132562,1413.293985279853,1378662729.9759073,False,1.0,0.2819806662124336,-32.86889398116546,-22.62339457152252
3945,4015,hibrido,4.9732794761657715,5.536479473114014,1160.401404004076,1392.3795921783956,1392481684.8048913,False,1.0,0.281886539035467,-32.97547197793729,-24.363244110146542
3946,2970,hibrido,4.5321044921875,5.2030134201049805,906.1429934936754,1005.5819489532156,1087371592.1924105,False,1.0,0.28185955412162017,-38.022173766408486,-28.136885975335684
3947,4385,hibrido,5.335667610168457,5.638954162597656,1350.487413842552,1589.9354057549647,1620584896.6110625,False,1.0,0.2810551446054834,-31.029826457961125,-24.096354968461625
3948,2297,hibrido,4.7649407386779785,4.599002838134766,847.7972954292785,953.2191995204907,1017356754.5151342,False,1.0,0.2809038111765232,-41.357906737754796,-30.97473606905154
3949,2148,hibrido,4.8245463371276855,4.360381126403809,819.1799438863255,883.2648723866068,983015932.6635907,False,1.0,0.28089192626707216,-42.14605100792385,-31.405776929390612
3950,4016,hibrido,5.284966468811035,4.969751834869385,1147.6068008984037,1386.2791111847603,1377128161.0780845,False,1.0,0.28077233111163685,-33.03334128675774,-24.0251293343267
3951,3949,hibrido,4.778472900390625,5.4819231033325195,1055.4781189286812,1335.8431639612036,1266573742.7144175,False,1.0,0.2801666948660602,-33.792674626012264,-21.699517024623475
3952,4463,hibrido,5.273521900177002,5.753129005432129,1352.7575638185126,1614.5354468682951,1623309076.582215,False,1.0,0.2801396973093349,-30.886941023031188,-22.70752213979985
3953,2371,hibrido,4.804886817932129,4.63017463684082,876.192447976533,992.6035694604685,1051430937.5718396,False,1.0,0.27980219577335586,-40.94202484446162,-30.93396604249534
3954,3333,hibrido,5.455682754516602,4.89792013168335,1245.3294310908416,1336.4979626144368,1494395317.3090098,False,1.0,0.2792520126894343,-35.57039260895868,-30.29792940913766
3955,3937,hibrido,5.117831707000732,5.328948497772217,1187.768768276712,1389.3490612491426,1425322521.9320545,False,1.0,0.27902905140199513,-33.12692023467079,-25.768694327456828
3956,2965,hibrido,4.805231094360352,5.219032287597656,1047.0077612514565,1134.879213440302,1256409313.5017478,False,1.0,0.27892944784536056,-37.745792526593696,-29.871927041498864
3957,3868,hibrido,4.960017204284668,5.184271812438965,1071.6750602935867,1307.0961356395621,1286010072.352304,False,1.0,0.278782880776049,-33.811886531754176,-24.125170769795783
3958,3640,hibrido,5.03419828414917,5.003692626953125,1069.9985171082851,1249.9212119149254,1283998220.529942,False,1.0,0.27846347744430966,-34.64691374512092,-26.31963958249536
3959,4162,hibrido,5.430871486663818,5.0562357902526855,1249.229923582524,1478.154778643249,1499075908.2990286,False,1.0,0.2782211110678943,-32.135575846174625,-24.594976751285873
3960,4474,hibrido,5.2128214836120605,5.573304653167725,1349.7860897409666,1342.333695196219,1619743307.6891599,False,1.0,0.2781295089614551,-31.47219229385547,-19.02888431424734
3961,4395,hibrido,5.092252731323242,5.7747979164123535,1293.2578109114668,1532.8728951700343,1551909373.09376,False,1.0,0.277972272531751,-31.602345692691703,-20.75004869532128
3962,2075,hibrido,4.692169666290283,4.3217973709106445,762.6118377875149,835.4171598793928,915134205.3450179,False,1.0,0.2775894928761322,-42.60756217528377,-31.089670733040382
3963,2967,hibrido,5.084042549133301,4.534459114074707,990.661854148344,1080.577863868933,1188794224.9780128,False,1.0,0.27737977529288493,-37.85927117279984,-29.1782470699225
3964,3490,hibrido,5.202147483825684,4.627444267272949,1053.111100451253,1206.870282551889,1263733320.5415034,False,1.0,0.2773632943493782,-35.32440605906003,-27.10626208060441
3965,3943,hibrido,4.913207054138184,5.33466100692749,1097.6403569545914,1341.5602432793976,1317168428.3455098,False,1.0,0.27700896536277336,-33.478400965505436,-23.73647438322571
3966,2519,hibrido,4.553900718688965,5.193384647369385,932.982753071042,1043.2855502709772,1119579303.6852503,False,1.0,0.2767807173297466,-40.11132010521957,-30.84880197957317
3967,3717,hibrido,4.908558368682861,5.107393264770508,1044.4920521867768,1252.3914345457426,1253390462.6241322,False,1.0,0.27652642217471946,-34.42583513122531,-25.245540009868726
3968,2669,hibrido,4.674472808837891,4.979355335235596,933.4271510624386,1026.3585613674272,1120112581.2749264,False,1.0,0.2765214873997689,-39.38879654884784,-30.06037035700224
3969,4467,hibrido,5.274443626403809,5.626965045928955,1335.0029328367584,1615.3390018084565,1602003519.4041102,False,1.0,0.27548269960725347,-31.11452681079558,-21.37174977744026
3970,4315,hibrido,5.308845043182373,5.329190731048584,1273.9855147744781,1534.6189243231927,1528782617.7293737,False,1.0,0.275479199740363,-31.657113311992866,-22.810997042127568
3971,3413,hibrido,4.880318641662598,5.277913570404053,1104.6868623287587,1227.988033157575,1325624234.7945104,False,1.0,0.2751048607003935,-35.545564127570984,-28.186364555950224
3972,2295,hibrido,4.752891540527344,4.694758415222168,904.1432025323909,970.6836983974157,1084971843.0388691,False,1.0,0.2749100772368542,-41.26189396527309,-31.67884108723669
3973,3262,hibrido,4.956632137298584,5.208394527435303,1132.4154178889185,1229.6091277710475,1358898501.4667022,False,1.0,0.2735940243316697,-36.171324862942754,-29.322151492623288
3974,4468,hibrido,5.3563947677612305,5.422288417816162,1333.5301952848254,1578.525023395062,1600236234.3417904,False,1.0,0.2733262256973042,-31.168734904381743,-21.037450582372813
3975,4246,hibrido,4.9956955909729,5.602484226226807,1213.5616506040703,1498.4207475541962,1456273980.7248845,False,1.0,0.27330048624893233,-32.31292657309582,-21.179237944029044
3976,3486,hibrido,5.429748058319092,4.5528154373168945,1161.2549684275696,1282.9421254824947,1393505962.1130834,False,1.0,0.27280169664743464,-35.08033643115721,-28.475388995870674
3977,2298,hibrido,4.50538969039917,4.805352687835693,819.6243418777223,946.903818945982,983549210.2532667,False,1.0,0.2727895885816109,-41.40466282777487,-30.62255826551975
3978,2522,hibrido,4.695493221282959,4.575012683868408,848.4638924163733,945.299569227246,1018156670.899648,False,1.0,0.27276609868726565,-40.261758169784336,-29.7971995283799
3979,2820,hibrido,4.625788688659668,4.877315998077393,905.6985955022789,994.2976913241567,1086838314.6027346,False,1.0,0.2718678066892471,-38.72758006214982,-28.923684190271445
3980,3639,hibrido,4.966566562652588,5.080506324768066,1092.5323224327472,1264.299881595558,1311038786.9192965,False,1.0,0.2717390479584322,-34.58748071492069,-26.660867335249826
3981,3935,hibrido,5.3798136711120605,4.91198205947876,1226.8067267448052,1413.998982746878,1472168072.0937662,False,1.0,0.27153678488882815,-33.0010416151922,-26.44494719083122
3982,4316,hibrido,5.263843059539795,5.318159103393555,1267.4024786581526,1533.2658244033246,1520882974.3897831,False,1.0,0.27149434663569133,-31.714070927512704,-22.47559044700457
3983,2748,hibrido,4.646088123321533,4.5247673988342285,820.9575358519118,911.3127106572967,985149043.0222942,False,1.0,0.27129825693375653,-39.2348341637164,-28.2700685307649
3984,3785,hibrido,5.064622402191162,5.313663482666016,1204.1598349330634,1369.0967701814238,1444991801.919676,False,1.0,0.27100136781829515,-33.667265398837976,-27.233488956002702
3985,3485,hibrido,5.211082935333252,4.972355842590332,1189.4279219791258,1304.3357128995615,1427313506.374951,False,1.0,0.270694391766813,-35.016598679670956,-28.817323896845743
3986,2443,hibrido,4.853615760803223,4.684252738952637,960.9335076268999,1048.187411619144,1153120209.1522799,False,1.0,0.2703747207776709,-40.4246144300306,-31.59378214003296
3987,4011,hibrido,5.186286926269531,5.206725120544434,1223.3771349016138,1427.7694306664291,1468052561.8819366,False,1.0,0.2701363357214809,-32.733156467757084,-25.71426857405613
3988,2593,hibrido,4.786953926086426,4.795499324798584,961.3779056182965,1065.776464628433,1153653486.7419558,False,1.0,0.2695187732125278,-39.696514585972004,-30.804430114396474
3989,4466,hibrido,5.2447052001953125,5.569607257843018,1337.6706917732442,1613.6515253831003,1605204830.1278932,False,1.0,0.2685915269031003,-31.059254141446832,-21.705909465531374
3990,4088,hibrido,5.128116130828857,5.251194953918457,1211.7419010117196,1438.856079138635,1454090281.2140636,False,1.0,0.2684556765617026,-32.525899207313664,-24.648469191636416
3991,2523,hibrido,4.560173511505127,4.615347862243652,820.290938864817,913.80529708114,984349126.6377804,False,1.0,0.26824095521091723,-40.310162157113716,-29.44648298022181
3992,3117,hibrido,4.587063312530518,5.204342365264893,991.1062521397408,1093.899299282866,1189327502.567689,False,1.0,0.26800490784726705,-37.15964144198209,-28.388862302617767
3993,4240,hibrido,5.199772834777832,5.263632297515869,1242.7035742666274,1497.1211254761163,1491244289.119953,False,1.0,0.26792125482841284,-31.985375181480975,-23.197845816614798
3994,3790,hibrido,4.626043319702148,5.60800838470459,1098.3399579976183,1301.4108471512275,1318007949.597142,False,1.0,0.2670803889132351,-33.97477498141017,-25.535188711078757
3995,4230,hibrido,5.498081207275391,5.233001708984375,1385.5008707895774,1578.2532149257722,1662601044.9474928,False,1.0,0.2669011592593908,-31.351734592048583,-26.550389732019102
3996,3862,hibrido,4.879478454589844,5.451417446136475,1172.0357198197664,1363.1607518740675,1406442863.7837198,False,1.0,0.26678905765932925,-33.45962353047761,-26.16132935960085
3997,3865,hibrido,4.966580390930176,5.123218059539795,1116.5471694892026,1330.020214743699,1339856603.387043,False,1.0,0.266681221891446,-33.64054979635603,-25.143872684049214
3998,3863,hibrido,4.8524088859558105,5.426626205444336,1152.4485583257394,1351.020385057978,1382938269.9908874,False,1.0,0.26658598631853825,-33.52101888327678,-25.822320042130837
3999,3859,hibrido,5.502220153808594,4.644898891448975,1236.712527377533,1405.795397372204,1484055032.8530395,False,1.0,0.2660846920850697,-33.26875777610968,-27.1774659431533
4000,2592,hibrido,4.735293865203857,4.924184799194336,989.5508591698529,1098.7404730706646,1187461031.0038235,False,1.0,0.26561899372614406,-39.643157697883574,-31.15416126658811
4001,4089,hibrido,4.8920769691467285,5.544826507568359,1198.1604173570138,1431.836464777504,1437792500.8284166,False,1.0,0.26559550264563575,-32.58574106749001,-24.311308646781207
4002,4319,hibrido,5.138071537017822,5.394458293914795,1255.1170846059506,1535.4643025678613,1506140501.5271406,False,1.0,0.2655823593544314,-31.878564989863783,-21.468534389722954
4003,3703,hibrido,5.495461940765381,5.145992279052734,1387.3051938271142,1493.787290691305,1664766232.592537,False,1.0,0.26550930702102427,-33.52366068121158,-30.00445389638483
4004,2001,hibrido,4.539309024810791,4.254446029663086,734.2166852402604,796.2956908396358,881060022.2883124,False,1.0,0.26511439515067686,-43.02475263375247,-31.12549005658203
4005,3192,hibrido,4.672674655914307,5.027585506439209,991.328451135439,1104.8525944738262,1189594141.3625267,False,1.0,0.26507229505006713,-36.81250360098185,-27.99455716217888
4006,2073,hibrido,4.74082088470459,4.2106428146362305,818.9577448906273,855.2904951073353,982749293.8687527,False,1.0,0.2648026132640892,-42.52051128442767,-31.796987168228966
4007,3191,hibrido,4.550029754638672,5.3101959228515625,1019.5014046869952,1126.7876508567226,1223401685.6243942,False,1.0,0.26413116828708816,-36.755576296868654,-28.339718796435097
4008,3708,hibrido,5.074651718139648,5.317245006561279,1248.3325228474212,1386.594640402356,1497999027.4169054,False,1.0,0.2636452527319612,-33.87146644092107,-28.308250053085786
4009,3713,hibrido,5.282887935638428,4.549247741699219,1125.4704984435598,1301.4948804179785,1350564598.1322718,False,1.0,0.26303442073895605,-34.190347091592564,-26.608164357467086
4010,4085,hibrido,5.410684585571289,4.85894250869751,1259.2492134230554,1466.2742854927264,1511099056.1076665,False,1.0,0.262938882996274,-32.339730557902996,-25.65905485762871
4011,3636,hibrido,4.8748698234558105,5.334303379058838,1165.7688546188647,1313.8141628196665,1398922625.5426376,False,1.0,0.262847363345175,-34.40272007086473,-27.683719101528716
4012,3411,hibrido,5.2584075927734375,4.655308246612549,1161.0327694318712,1271.0062622951714,1393239323.3182454,False,1.0,0.262605195686646,-35.42152156458256,-28.871901710467185
4013,2446,hibrido,4.8689284324646,4.228382587432861,876.4146469722313,987.9569077874214,1051697576.3666775,False,1.0,0.2616718448715473,-40.57610924774529,-30.54094812924993
4014,4012,hibrido,5.232300281524658,4.925293445587158,1205.952555142083,1417.3123835407187,1447143066.1704996,False,1.0,0.26098205563130406,-32.79538625001654,-25.376733340715816
4015,4233,hibrido,5.501710891723633,4.940995216369629,1331.699108702709,1543.5121465672166,1598038930.443251,False,1.0,0.2604415301858675,-31.553903453819775,-25.546312269524062
4016,3562,hibrido,4.9971723556518555,4.9794230461120605,1135.411843822706,1278.2303866181069,1362494212.5872471,False,1.0,0.26041146877354776,-34.80343291371015,-27.737868859359278
4017,2818,hibrido,4.7994489669799805,4.609594345092773,962.0445026053915,1050.0143847528377,1154453403.1264699,False,1.0,0.260045479414824,-38.62116925340273,-29.620249110582055
4018,4014,hibrido,5.247429847717285,4.778253555297852,1174.4196300134774,1399.5971146449756,1409303556.016173,False,1.0,0.2598444733905162,-32.91653127657639,-24.701218243783362
4019,3488,hibrido,4.713348865509033,5.3119964599609375,1105.668615719183,1242.9151974781742,1326802338.8630195,False,1.0,0.2594753470860615,-35.20451899966884,-27.791097744481675
4020,3702,hibrido,5.495461940765381,5.145992279052734,1415.4781473786707,1517.4820013557116,1698573776.8544047,False,1.0,0.259360075488833,-33.45045558575154,-30.343195453775476
4021,3563,hibrido,4.977896213531494,4.889663219451904,1109.4277832047087,1260.2070332553333,1331313339.8456504,False,1.0,0.25840873194882147,-34.8650142321646,-27.39628242341782
4022,3491,hibrido,4.873759746551514,4.768819808959961,1028.1599782851335,1190.4556792670653,1233791973.9421604,False,1.0,0.25832140718622715,-35.38277317197961,-26.763646499532534
4023,3037,hibrido,4.975525856018066,4.9066362380981445,1131.7488209018234,1219.7081091252435,1358098585.0821881,False,1.0,0.2575359982375659,-37.21584899140038,-30.51387893543397
4024,2743,hibrido,4.978157043457031,4.2681050300598145,961.8223036096932,1052.2578722175856,1154186764.331632,False,1.0,0.256846597725351,-38.977486161090034,-30.014933641847364
4025,4159,hibrido,5.142540454864502,5.325675964355469,1295.3630953570844,1504.8571405448663,1554435714.4285014,False,1.0,0.256476082699841,-31.94664532893918,-25.603065341308486
4026,4393,hibrido,5.278073787689209,5.161572456359863,1295.058247097884,1575.400062717999,1554069896.5174608,False,1.0,0.25621702476312197,-31.49642948914814,-21.420445819718765
4027,2518,hibrido,4.6435346603393555,4.817971229553223,961.1557066225982,1076.9382034322496,1153386847.9471178,False,1.0,0.2559480005729319,-40.05938893942415,-31.1991481321882
4028,4390,hibrido,4.863836765289307,5.843671798706055,1306.9682514182707,1573.2573919848185,1568361901.7019248,False,1.0,0.25474834240543737,-31.329642043974317,-22.425013068401345
4029,4161,hibrido,5.453978061676025,4.676515579223633,1263.528967186887,1486.032538080354,1516234760.6242645,False,1.0,0.2542337543032343,-32.073729560015884,-24.93116161816918
4030,3187,hibrido,4.835129737854004,5.085065841674805,1132.19321889322,1223.7054500793383,1358631862.671864,False,1.0,0.2541533376939523,-36.517600894310036,-29.719129550865333
4031,2819,hibrido,4.699247360229492,4.571273326873779,933.8715490538351,1021.752931769816,1120645858.864602,False,1.0,0.25402185735696003,-38.67484352908877,-29.272018865809635
4032,2971,hibrido,4.579434394836426,4.571398735046387,877.9700399421192,982.5700491328247,1053564047.9305431,False,1.0,0.2537848687850672,-38.07457682603499,-27.78954956254365
4033,4232,hibrido,5.451205730438232,4.971850395202637,1348.685495238216,1554.1495749149124,1618422594.285859,False,1.0,0.25376378299903174,-31.48769974256784,-25.881173736362527
4034,2671,hibrido,4.508519649505615,4.662261962890625,877.0812439593261,965.9759765526688,1052497492.7511914,False,1.0,0.25331632308186697,-39.49182571049026,-29.361460828601956
4035,4244,hibrido,5.020040988922119,5.24077844619751,1218.1100023025838,1493.7091570704815,1461732002.7631006,False,1.0,0.2529125021789076,-32.207912143938955,-21.852643509624137
4036,2296,hibrido,4.728362560272217,4.2808709144592285,875.9702489808349,961.1591139527758,1051164298.7770019,False,1.0,0.25231977149141566,-41.31032133535426,-31.32683083854006
4037,3339,hibrido,5.104908466339111,4.41795015335083,1076.2917097815043,1193.8676126047408,1291550051.7378051,False,1.0,0.25137952208917075,-35.9485323832338,-28.238457755817088
4038,2591,hibrido,4.875951766967773,4.566904067993164,1017.7238127214089,1126.0403444900176,1221268575.2656906,False,1.0,0.2513668980449326,-39.58886214154622,-31.503791246097553
4039,4457,hibrido,5.410778522491455,5.242298126220703,1413.3411902815162,1642.8121124584522,1696009428.3378196,False,1.0,0.2504209691890706,-30.512052896156668,-24.70657435087244
4040,3335,hibrido,5.108675003051758,4.784768581390381,1188.9835239877293,1285.7388906217343,1426780228.7852752,False,1.0,0.2499304303950523,-35.70083812976515,-29.611992347201788
4041,4166,hibrido,4.839483737945557,5.413395881652832,1203.684014261446,1457.2360588440047,1444420817.1137352,False,1.0,0.24989201934961938,-32.37195023760683,-23.248753393605092
4042,3559,hibrido,5.057492256164551,4.953075885772705,1217.82307452638,1338.0307863038404,1461387689.431656,False,1.0,0.24736533739480154,-34.612080987624914,-28.761774428706662
4043,3853,hibrido,5.451930522918701,4.933142185211182,1388.322069640435,1516.1687329973765,1665986483.568522,False,1.0,0.24663809849820284,-32.8556788014424,-29.205460686068527
4044,4456,hibrido,5.529782772064209,5.028895854949951,1427.1171532473204,1650.8733420368349,1712540583.8967845,False,1.0,0.2463916135590886,-30.44550585894822,-25.039171768928448
4045,4157,hibrido,5.219165325164795,5.153073787689209,1331.2496560396971,1527.644370481626,1597499587.2476366,False,1.0,0.24609102148528855,-31.81495017045163,-26.27432717257842
4046,3784,hibrido,4.874817848205566,5.299701690673828,1228.141261016983,1385.7045575189802,1473769513.2203796,False,1.0,0.24604910201587804,-33.60243108122248,-27.572707536210938
4047,3040,hibrido,4.7729105949401855,4.7363739013671875,1047.2299602471548,1137.0287628916335,1256675952.2965858,False,1.0,0.24577708257870645,-37.394520938459834,-29.475975921696342
4048,3263,hibrido,4.679317951202393,5.093797206878662,1104.242464337362,1205.5652004309889,1325090957.2048345,False,1.0,0.24486598668721699,-36.232562531024556,-28.97809053334186
4049,4160,hibrido,5.357111930847168,4.731184482574463,1278.9196612245523,1494.9394164450962,1534703593.4694629,False,1.0,0.24474043205293466,-32.01075707994545,-25.267192163449046
4050,2893,hibrido,4.548166751861572,4.760186672210693,962.2667016010896,1050.8157720228032,1154720041.9213076,False,1.0,0.24402859898668472,-38.26687777136033,-29.22566843897066
4051,4314,hibrido,5.2227959632873535,4.977006435394287,1281.783577988716,1537.0121656963354,1538140293.5864592,False,1.0,0.24365426466045426,-31.599074003031465,-23.146259470958128
4052,3113,hibrido,4.830935478210449,4.81374454498291,1103.7980663459655,1193.490802395314,1324557679.6151586,False,1.0,0.24354487811162306,-36.92659796169766,-29.771129268051467
4053,4235,hibrido,5.038033485412598,5.3038249015808105,1300.7545572577726,1525.1647246724547,1560905468.7093272,False,1.0,0.24261473464517652,-31.682822094713828,-24.876098518192578
4054,3266,hibrido,4.841134548187256,4.4859113693237305,1019.7236036826935,1138.830096488151,1223668324.4192321,False,1.0,0.24184519327321277,-36.40997108734429,-27.945135101193436
4055,4086,hibrido,5.13939094543457,4.889659881591797,1242.327868382667,1456.0937901418092,1490793442.0592005,False,1.0,0.2410805657629712,-32.40290678329319,-25.322345240914565
4056,3036,hibrido,5.2770094871521,4.239906311035156,1159.92177445338,1248.614842965413,1391906129.3440561,False,1.0,0.2402613480106278,-37.154194447339734,-30.85959723519666
4057,4241,hibrido,4.485378742218018,5.946454048156738,1234.6587077199467,1494.6640123249128,1481590449.263936,False,1.0,0.23984205243419415,-32.04260009754473,-22.86175327354761
4058,4391,hibrido,4.753420352935791,5.762447834014893,1301.7818408892365,1572.9550746372915,1562138209.0670838,False,1.0,0.239573118652383,-31.386307122660803,-22.090298251146525
4059,3560,hibrido,4.841822147369385,5.051079273223877,1189.7143157017158,1317.1845848206724,1427657178.842059,False,1.0,0.23774692252360444,-34.676980798666975,-28.42061758921565
4060,2963,hibrido,4.70516300201416,4.919353485107422,1103.3536683545692,1192.0793339011507,1324024402.0254831,False,1.0,0.23758559898881865,-37.62828254901212,-30.565138460656406
4061,3858,hibrido,5.143441200256348,4.827243328094482,1260.0745709357398,1421.9746319398735,1512089485.1228876,False,1.0,0.2364059519398566,-33.20286295897907,-27.51587132231277
4062,2741,hibrido,4.80869722366333,4.422944068908691,1018.1682107128055,1113.70953971815,1221801852.8553665,False,1.0,0.23632938294980746,-38.86803895509993,-30.71216405970779
4063,4003,hibrido,5.751814842224121,4.323371887207031,1396.6001595914922,1546.5234508428473,1675920191.5097907,False,1.0,0.23607802955294754,-32.193740621520426,-28.408818257474596
4064,3707,hibrido,5.198552131652832,4.759206771850586,1275.250617151378,1406.412404453333,1530300740.5816536,False,1.0,0.23595510254344146,-33.80428033762775,-28.647813245413676
4065,3856,hibrido,5.156195640563965,4.960646629333496,1309.216568109193,1457.0909934166332,1571059881.7310317,False,1.0,0.2355183713847723,-33.06757709363176,-28.192203900536413
4066,3264,hibrido,4.662241458892822,4.869782447814941,1076.0695107858062,1182.385849831832,1291283412.9429674,False,1.0,0.23546379982794677,-36.292739967847496,-28.633899195571185
4067,3936,hibrido,4.772450923919678,5.24481725692749,1206.7827873482206,1401.1573675364018,1448139344.8178647,False,1.0,0.23525497448595326,-33.06454099023492,-26.106896185802043
4068,3111,hibrido,4.880464553833008,4.797333240509033,1160.1439734490782,1248.007453750795,1392172768.1388938,False,1.0,0.234821804705857,-36.8038365717799,-30.461515133905028
4069,3416,hibrido,4.715117454528809,4.612791538238525,1022.5390078560064,1170.769467382546,1227046809.4272077,False,1.0,0.23481338894793313,-35.72364024853728,-27.157057978782973
4070,3338,hibrido,4.592022895812988,5.07588005065918,1104.4646633330603,1215.5126618156676,1325357595.9996724,False,1.0,0.2344265062778216,-35.88822102678466,-28.58204249837697
4071,4453,hibrido,5.489734172821045,5.045201301574707,1474.195887910363,1680.5464156847522,1769035065.4924355,False,1.0,0.23363588611769887,-30.238631249385406,-26.03590673456351
4072,2889,hibrido,4.968662261962891,4.315544605255127,1074.9585158073144,1165.1688311839382,1289950218.9687772,False,1.0,0.2331683022329442,-38.0411302499019,-30.615280872545043
4073,3567,hibrido,4.637660503387451,4.705660343170166,1014.6476286677381,1198.7982099734484,1217577154.4012856,False,1.0,0.23262111864396437,-35.100697456604486,-26.02858440564925
4074,4464,hibrido,4.910226821899414,5.553665637969971,1346.5596821239803,1613.2493776805059,1615871618.5487764,False,1.0,0.2325241835039708,-30.94547226877896,-22.37379862132965
4075,4388,hibrido,5.257135391235352,4.879705429077148,1320.9186606706928,1576.9087261633772,1585102392.8048313,False,1.0,0.23218449408461878,-31.213048687910973,-23.094005286092436
4076,3479,hibrido,5.134864807128906,5.0667548179626465,1358.4656432884628,1449.3441894840594,1630158771.9461553,False,1.0,0.23181621871971475,-34.610161933582845,-30.865809427239807
4077,4154,hibrido,5.117671012878418,5.276713848114014,1391.9826843552687,1568.8692700436204,1670379221.2263224,False,1.0,0.23080148027881286,-31.608518037781074,-27.279960713049338
4078,3632,hibrido,4.899483680725098,5.146937370300293,1274.391180625191,1393.2380531898364,1529269416.7502294,False,1.0,0.23070071476275128,-34.14077017250698,-29.04547922019663
4079,3412,hibrido,4.7830705642700195,4.808208465576172,1132.859815880315,1249.0419385216317,1359431779.056378,False,1.0,0.23038192917101818,-35.48408481138426,-28.52920155724449
4080,2665,hibrido,4.715340614318848,4.589134693145752,1046.1189652686635,1154.3034760940816,1255342758.3223963,False,1.0,0.2301846875018574,-39.17158123337823,-31.45697553010224
4081,3711,hibrido,4.783134937286377,4.987471580505371,1172.068232126236,1332.5881708050467,1406481878.5514832,False,1.0,0.2301592003925131,-34.06614659233649,-27.288641110730403
4082,3942,hibrido,4.698547840118408,4.961325168609619,1109.569467028435,1346.6755514805868,1331483360.4341218,False,1.0,0.23011151044750078,-33.42247211512468,-24.07552206856114
4083,4460,hibrido,5.377060890197754,4.851959228515625,1378.1665985312825,1624.3085214999041,1653799918.237539,False,1.0,0.23005477467340685,-30.704648260631387,-23.70777188813355
4084,3414,hibrido,4.5113630294799805,5.045695781707764,1076.5900429039232,1207.8921537002147,1291908051.4847078,False,1.0,0.2297029482610333,-35.605973857553806,-27.843393279811426
4085,3628,hibrido,5.463082313537598,4.600653648376465,1387.0829948314158,1485.7041735442729,1664499593.797699,False,1.0,0.2291146806962604,-33.8601023019535,-30.40473645155662
4086,4009,hibrido,4.766646385192871,5.351434707641602,1261.313486843301,1451.767149497767,1513576184.2119613,False,1.0,0.2290872765789237,-32.60531645434925,-26.388879748276807
4087,4459,hibrido,5.377060890197754,4.851959228515625,1388.8388035526827,1629.518127430582,1666606564.2632194,False,1.0,0.22792812702016085,-30.641611139219837,-24.040871123314652
4088,4321,hibrido,4.805675506591797,5.30985164642334,1253.2592701340836,1527.6902912721173,1503911124.1609004,False,1.0,0.2277469539151152,-31.983018923132462,-20.796494839833077
4089,4454,hibrido,5.234359264373779,5.303675174713135,1457.5745150713428,1669.7560003375345,1749089418.0856113,False,1.0,0.22739665885394306,-30.308808908520525,-25.703841401426438
4090,2739,hibrido,4.8488569259643555,4.424742221832275,1074.514117815918,1177.3917139484827,1289416941.3791018,False,1.0,0.22729514707284582,-38.754708692608396,-31.408962398620456
4091,3855,hibrido,5.006059646606445,5.159871578216553,1334.9075140840193,1475.9625055209015,1601889016.900823,False,1.0,0.22727202774076677,-32.998155881356396,-28.530124935680735
4092,2517,hibrido,4.779370307922363,4.218462944030762,989.3286601741545,1087.074907100711,1187194392.2089853,False,1.0,0.22720324897838884,-40.00654281840801,-31.549397410099726
4093,4083,hibrido,5.075939178466797,4.9468817710876465,1296.1360574412352,1489.6518349978753,1555363268.9294822,False,1.0,0.22712518176592325,-32.2099516495652,-26.332002209996297
4094,3710,hibrido,4.856375694274902,4.9029436111450195,1196.692938771631,1349.6452821305334,1436031526.525957,False,1.0,0.2271207005931903,-34.00238475870798,-27.628661081481358
4095,3565,hibrido,4.63734245300293,4.769103050231934,1060.0801423731082,1227.2813277528817,1272096170.84773,False,1.0,0.22710749798440272,-34.98495739288463,-26.712698703800314
4096,4013,hibrido,4.919009208679199,4.829659461975098,1189.6182229216884,1407.9144995098982,1427541867.506026,False,1.0,0.22697596689322494,-32.856506893895634,-25.039048934972243
4097,4308,hibrido,5.037732124328613,5.2335638999938965,1352.6823109953534,1572.8042869805945,1623218773.1944242,False,1.0,0.226705475350604,-31.227457243666542,-25.15463927217506
4098,4378,hibrido,5.219336032867432,5.284601211547852,1456.065450991707,1654.1320009983688,1747278541.1900482,False,1.0,0.22581519840055939,-30.561670158495076,-26.429415772186008
4099,3039,hibrido,4.853297710418701,4.382338523864746,1075.402913798711,1163.8666428120296,1290483496.5584533,False,1.0,0.22570109951766065,-37.335997307350105,-29.822065962289713
4100,2666,hibrido,4.800447940826416,4.267324447631836,1017.9460117171071,1121.5459688818883,1221535214.0605285,False,1.0,0.22552455889739115,-39.2273140627177,-31.107980660422957
4101,4243,hibrido,4.596604347229004,5.4862565994262695,1222.3428433365016,1492.9561951121925,1466811412.0038018,False,1.0,0.22485737167539868,-32.15385752103012,-22.189149319269806
4102,4310,hibrido,4.947112083435059,5.249732971191406,1324.646872410532,1556.8593436560686,1589576246.8926384,False,1.0,0.22431580353327218,-31.35586501092544,-24.485808218499248
4103,3336,hibrido,4.768014430999756,4.815267562866211,1160.8105704361728,1261.496468583857,1392972684.5234075,False,1.0,0.2238003533855351,-35.76438858659965,-29.268812345141093
4104,2964,hibrido,4.79570198059082,4.438816070556641,1075.1807148030125,1163.1431484157679,1290216857.763615,False,1.0,0.22347981027431027,-37.687548666579374,-30.218592417333433
4105,3637,hibrido,4.737345218658447,4.824095249176025,1140.4766430984096,1296.2856551770813,1368571971.7180915,False,1.0,0.22291136631132885,-34.4653975359695,-27.342909772200656
4106,4006,hibrido,4.836301326751709,5.348366737365723,1325.2553938512735,1495.0857233563133,1590306472.6215281,False,1.0,0.2224954095124696,-32.404898147637695,-27.399602871696434
4107,3184,hibrido,4.824145793914795,4.877992630004883,1216.7120795478888,1304.572149164957,1460054495.4574666,False,1.0,0.22131119613611733,-36.32793449055548,-30.75232301367921
4108,3783,hibrido,5.14018440246582,4.540242671966553,1252.9409427258527,1403.2563113474812,1503529131.2710233,False,1.0,0.22062804857012525,-33.53645305791618,-27.9117722617776
4109,2813,hibrido,4.878312587738037,4.369165420532227,1102.9092703631725,1201.3683786525312,1323491124.435807,False,1.0,0.2206223427165755,-38.338252879765776,-31.359764234849827
4110,4383,hibrido,5.016180992126465,5.254589080810547,1375.673054486374,1603.55757729136,1650807665.3836489,False,1.0,0.22020599210448422,-30.901981570215245,-24.76379289294134
4111,3629,hibrido,5.047725200653076,5.027091026306152,1358.9100412798598,1461.494350546455,1630692049.5358317,False,1.0,0.21989470594598895,-33.93208017398202,-30.065167315467328
4112,4302,hibrido,5.210824966430664,5.203405380249023,1460.0444267753996,1643.2346919385966,1752053312.1304796,False,1.0,0.21985383508354414,-30.813747445477176,-27.157051304661376
4113,3554,hibrido,5.0320281982421875,5.034917831420898,1358.6878422841614,1454.3322034993257,1630425410.7409937,False,1.0,0.21922583878338117,-34.270232065192054,-30.465269905916742
4114,4008,hibrido,5.160778522491455,4.618700981140137,1281.7338885428478,1465.2573190291657,1538080666.2514174,False,1.0,0.21921300166953459,-32.53967892390735,-26.725949683887706
4115,3556,hibrido,4.777554035186768,5.243079662322998,1302.341935181049,1405.5532181030615,1562810322.2172587,False,1.0,0.21889245252500364,-34.41050504950366,-29.784341109764124
4116,4165,hibrido,4.8544464111328125,4.9110517501831055,1213.2539944854543,1460.8518356776892,1455904793.3825452,False,1.0,0.21857544433169776,-32.31448385566536,-23.585525993799525
4117,4236,hibrido,4.891262531280518,5.1039533615112305,1286.8692121892193,1517.490126088977,1544243054.6270633,False,1.0,0.21837837014994613,-31.745563667481665,-24.540752532641356
4118,4382,hibrido,5.016180992126465,5.254589080810547,1389.8224353442538,1611.8151439591957,1667786922.4131045,False,1.0,0.21731374265211023,-30.83631188973454,-25.097263736839537
4119,3189,hibrido,4.6288909912109375,4.612090110778809,1075.8473117901078,1173.5215035688711,1291016774.1481295,False,1.0,0.21674636043221965,-36.63866991154801,-29.029676012747707
4120,4384,hibrido,5.146510124206543,4.940843105316162,1362.5513949548865,1596.2599252881312,1635061673.9458637,False,1.0,0.21660717997326465,-30.966482082298356,-24.43015555882953
4121,3405,hibrido,4.882392883300781,5.125182151794434,1330.0704907412087,1419.4237726766235,1596084588.8894503,False,1.0,0.21660262810712486,-35.02253138009161,-30.925078873834074
4122,3633,hibrido,4.645750999450684,5.2060089111328125,1246.277324369848,1372.064545948382,1495532789.2438176,False,1.0,0.21488077501210257,-34.20797332844715,-28.705266450532275
4123,3331,hibrido,5.135462760925293,4.576253414154053,1301.675338193954,1390.0104723662598,1562010405.8327448,False,1.0,0.21465656536571973,-35.43538172910209,-30.98328452021066
4124,3714,hibrido,4.678478717803955,4.673104286193848,1103.6094390319577,1287.5316575317834,1324331326.838349,False,1.0,0.21454428212010412,-34.25081335656467,-26.267713098725444
4125,4081,hibrido,5.211327075958252,4.654074668884277,1336.7979567952796,1516.89317314301,1604157548.1543355,False,1.0,0.2141614678922022,-32.075511892190256,-27.004299737683127
4126,4005,hibrido,5.009048938751221,4.987639904022217,1348.2699684700601,1511.3677496862028,1617923962.164072,False,1.0,0.212736896895581,-32.3357256366744,-27.736179818886622
4127,3334,hibrido,5.010677814483643,4.4374237060546875,1217.1564775392853,1310.753847778016,1460587773.0471425,False,1.0,0.21246223890768912,-35.636178002488364,-29.95503225759942
4128,4229,hibrido,5.090619087219238,5.067643165588379,1405.255390277881,1591.6765893331478,1686306468.333457,False,1.0,0.21167407661408416,-31.281944610891394,-26.884737657552325
4129,3257,hibrido,4.810591697692871,4.951087474822998,1273.2801856466995,1361.1371643358382,1527936222.7760394,False,1.0,0.2116261338429116,-35.84870685174747,-31.040412124242426
4130,4158,hibrido,5.149455547332764,4.639315605163574,1312.8197125879276,1515.7658684825099,1575383655.105513,False,1.0,0.2112508552039379,-31.881380924158684,-25.93877805841656
4131,4155,hibrido,5.034645080566406,5.017060279846191,1370.8704331914585,1554.2199432125224,1645044519.82975,False,1.0,0.21090288910982358,-31.678533233769773,-26.944921770595734
4132,2888,hibrido,4.639594078063965,4.5651021003723145,1103.131469358871,1195.3951479616317,1323757763.2306452,False,1.0,0.20902641086192614,-37.98219123131191,-30.962396854930457
4133,3482,hibrido,4.994416236877441,4.608370780944824,1273.9467826337946,1373.5156044866058,1528736139.1605535,False,1.0,0.20816573363046528,-34.81862006506918,-29.842253054212783
4134,3409,hibrido,4.998460292816162,4.385958194732666,1217.3786765349835,1317.482154721222,1460854411.8419802,False,1.0,0.2076627363392205,-35.29308415572619,-29.55688095341482
4135,3186,hibrido,4.645936965942383,4.730114936828613,1160.3661724447763,1249.9624727012979,1392439406.9337316,False,1.0,0.20699693085043458,-36.45546900061359,-30.06366143127343
4136,4152,hibrido,5.1016154289245605,5.060889720916748,1436.6196056846866,1600.7664088500028,1723943526.8216238,False,1.0,0.2064462766974273,-31.464799116953596,-27.94950512362137
4137,3638,hibrido,4.550605773925781,4.769705772399902,1116.045216156879,1279.767691891856,1339254259.3882546,False,1.0,0.20593272693970643,-34.526979810730325,-27.001958283617764
4138,3557,hibrido,5.064857006072998,4.459572792053223,1274.1689816294927,1382.2549310138872,1529002777.9553912,False,1.0,0.2055533576830981,-34.478858690758116,-29.44363906250999
4139,4307,hibrido,5.208035945892334,4.664304256439209,1368.239556300757,1582.2340154832355,1641887467.5609083,False,1.0,0.20550518706813634,-31.16150745539817,-25.488807961891972
4140,3410,hibrido,4.852447986602783,4.488750457763672,1189.2057229834277,1293.8346391255754,1427046867.5801132,False,1.0,0.20549236225535766,-35.35785969530375,-29.21446239738892
4141,4082,hibrido,4.678084850311279,5.310303688049316,1316.0162340737563,1502.801964371954,1579219480.8885076,False,1.0,0.2054531091523209,-32.143321456058146,-26.66823377562336
4142,4077,hibrido,5.1952128410339355,4.838629722595215,1428.1277859762704,1582.1408019384796,1713753343.1715245,False,1.0,0.2046097789487989,-31.792183365317747,-28.346842501632537
4143,3861,hibrido,4.877239227294922,4.512181758880615,1192.6431895079938,1376.356926838943,1431171827.4095926,False,1.0,0.20438784953951758,-33.3971239996358,-26.50019203044801
4144,4461,hibrido,4.664639472961426,5.564802646636963,1368.5806970584242,1620.0700658951566,1642296836.470109,False,1.0,0.2043867813159452,-30.766540838179097,-23.374511874419305
4145,3038,hibrido,4.5319929122924805,4.6490888595581055,1103.5758673502673,1191.4431236354553,1324291040.8203208,False,1.0,0.20354088480807472,-37.27644490723547,-30.168034398641794
4146,4379,hibrido,5.123777389526367,4.9978556632995605,1438.1225777468762,1642.1941182817584,1725747093.2962515,False,1.0,0.20229443200651925,-30.632152957402976,-26.096644238057813
4147,3924,hibrido,5.299708366394043,4.862465858459473,1500.6636050204338,1615.0095429728997,1800796326.0245206,False,1.0,0.20224897128378194,-32.2244625101445,-30.152673902576158
4148,4231,hibrido,5.087789058685303,4.787156105041504,1366.631850211429,1565.7369050437144,1639958220.2537148,False,1.0,0.2021767800194094,-31.420314824534678,-26.215867315596775
4149,3259,hibrido,4.938056945800781,4.375466823577881,1216.934278543587,1306.4425249205854,1460321134.2523043,False,1.0,0.20162501590794982,-35.98110196691718,-30.35352704702068
4150,3630,hibrido,5.0041184425354,4.6994194984436035,1330.7370877283033,1437.9897711985084,1596884505.273964,False,1.0,0.2014572870770471,-34.002839710736296,-29.72543267245986
4151,3777,hibrido,4.88326358795166,5.204142093658447,1415.700346374369,1526.4452833241473,1698840415.6492429,False,1.0,0.20098317070492475,-33.11571475693432,-29.942759829629555
4152,4386,hibrido,4.9242167472839355,4.972959995269775,1339.5096886550623,1584.595670783414,1607411626.3860748,False,1.0,0.20089148959811504,-31.09202743363164,-23.762394307720196
4153,4001,hibrido,4.961719036102295,5.213644981384277,1447.7403440063783,1584.9407223054752,1737288412.807654,False,1.0,0.20075123205924159,-32.04679711804481,-29.08074722090619
4154,3634,hibrido,4.871602535247803,4.508134841918945,1218.7194592243552,1351.7433053804534,1462463351.0692263,False,1.0,0.20038671287609558,-34.27402262925042,-28.36490025631523
4155,3408,hibrido,4.589497089385986,5.029870510101318,1245.5516300865397,1341.9055043543642,1494661956.1038477,False,1.0,0.20012574538552164,-35.22717953329222,-29.899154666178067
4156,3860,hibrido,4.877239227294922,4.512181758880615,1214.2190191337652,1390.5788523723515,1457062822.9605181,False,1.0,0.19988981010276205,-33.33350671415823,-26.838905194070204
4157,4465,hibrido,4.891002655029297,5.039006233215332,1341.5263428555818,1612.9545560798895,1609831611.4266982,False,1.0,0.1997541564408512,-31.002906258095024,-22.0399267316225
4158,4313,hibrido,4.825808048248291,4.935858249664307,1290.7746471587968,1540.4407006133686,1548929576.5905561,False,1.0,0.19953562699792676,-31.5399414654311,-23.48137480018177
4159,3183,hibrido,4.846431255340576,4.589254856109619,1244.885033099445,1332.838942627556,1493862039.7193341,False,1.0,0.19935257141981594,-36.26250036654601,-31.096447617553146
4160,2962,hibrido,4.808801174163818,4.233152389526367,1131.5266219061252,1221.6400013595974,1357831946.2873502,False,1.0,0.19921947561701156,-37.56797929966029,-30.911562926846724
4161,3852,hibrido,4.913901329040527,5.135516166687012,1415.9690031907703,1537.4390334340205,1699162803.8289244,False,1.0,0.19918910908684276,-32.78259058574289,-29.542868909043854
4162,3561,hibrido,4.658453464508057,4.6160078048706055,1162.191939414157,1297.2370931643688,1394630327.2969885,False,1.0,0.19835795589380048,-34.740759880910716,-28.07931481592168
4163,3406,hibrido,4.917266368865967,4.627659320831299,1301.8975371896524,1392.915177543799,1562277044.627583,False,1.0,0.19573242009556172,-35.09191951133552,-30.583256464833866
4164,4458,hibrido,5.077463150024414,4.8541340827941895,1400.5724798095991,1635.689604488742,1680686975.771519,False,1.0,0.19563227821578272,-30.5774169543252,-24.37380636510023
4165,3258,hibrido,4.938056945800781,4.375466823577881,1245.1072320951434,1333.4703691978089,1494128678.514172,False,1.0,0.19529635263970915,-35.91547303973415,-30.69704121163219
4166,4375,hibrido,5.003461837768555,5.322006702423096,1514.9642716614705,1695.1124271120975,1817957125.9937646,False,1.0,0.19406075066933418,-30.34272780184591,-27.426615531389572
4167,3857,hibrido,4.800300598144531,4.775906085968018,1284.257751880537,1439.0840866635294,1541109302.2566442,False,1.0,0.19369876074464093,-33.13580770023037,-27.8541183266949
4168,4078,hibrido,4.759215831756592,5.275059700012207,1404.143484167883,1564.5505305201455,1684972181.0014594,False,1.0,0.1928534330584172,-31.864859558411975,-28.011471614714054
4169,2961,hibrido,4.80088996887207,4.247690677642822,1159.6995754576817,1251.7809103551401,1391639490.549218,False,1.0,0.19282549621981623,-37.50662367332841,-31.25786352958296
4170,3035,hibrido,4.797911643981934,4.35502290725708,1188.0947280049359,1278.1197833854264,1425713673.605923,False,1.0,0.1928132993938786,-37.09146578720561,-31.20518691698227
4171,4074,hibrido,5.178461074829102,4.937933444976807,1504.1738994931977,1639.6411134701198,1805008679.3918374,False,1.0,0.19279961936641754,-31.56655482539728,-29.35184784657574
4172,2887,hibrido,4.54740047454834,4.552620887756348,1131.3044229104269,1226.181354603746,1357565307.4925122,False,1.0,0.19247336996430675,-37.922221914529885,-31.30939366084282
4173,4452,hibrido,4.907275676727295,5.3841328620910645,1491.7049188355536,1692.2137601019954,1790045902.6026642,False,1.0,0.19241704182003383,-30.167215106608484,-26.367787734454176
4174,4305,hibrido,5.161455154418945,4.634031295776367,1402.262308314253,1603.9223138816717,1682714769.9771037,False,1.0,0.19191087472359014,-31.0260482581407,-26.156635395252593
4175,3631,hibrido,4.757541179656982,4.836370468139648,1302.5641341767473,1415.2255747632148,1563076961.012097,False,1.0,0.19125236782648267,-34.07239760827777,-29.385535625088554
4176,4156,hibrido,4.889861583709717,4.824987411499023,1350.613081401248,1540.4702130427158,1620735697.6814978,False,1.0,0.1887760967901875,-31.747339053665495,-26.60970949134706
4177,4304,hibrido,5.161455154418945,4.634031295776367,1420.6581679859446,1616.1429217662655,1704789801.5831335,False,1.0,0.18807067933656238,-30.956510779527605,-26.490287475915828
4178,4234,hibrido,4.799274921417236,4.853259563446045,1315.7098719600863,1533.844383238688,1578851846.3521035,False,1.0,0.18782228713517635,-31.61893974624368,-25.21128613887203
4179,4309,hibrido,4.964009761810303,4.661168575286865,1338.1402712471393,1564.340810225467,1605768325.496567,False,1.0,0.18699137762453297,-31.292238677595325,-24.8203049562574
4180,3709,hibrido,4.59734582901001,4.753766059875488,1222.130941696611,1367.6598781074456,1466557130.0359333,False,1.0,0.18655755729615145,-33.937496253362305,-27.968531688761797
4181,3928,hibrido,5.192716598510742,4.383598327636719,1391.3177521367436,1530.3761646937885,1669581302.5640924,False,1.0,0.18546233294011064,-32.52399030948697,-28.806826849801066
4182,4380,hibrido,4.776975154876709,5.231022834777832,1421.079343203242,1631.150013797485,1705295211.8438904,False,1.0,0.1854060350773876,-30.70141138166789,-25.76369276968588
4183,4080,hibrido,5.06048583984375,4.5068464279174805,1358.4398500627096,1531.8994919169913,1630127820.0752516,False,1.0,0.18539502974037292,-32.00650838645383,-27.340196884251185
4184,3782,hibrido,4.850679397583008,4.5267462730407715,1278.511265067739,1421.717070989937,1534213518.081287,False,1.0,0.1853238397846707,-33.46931655445163,-28.25068016512797
4185,3260,hibrido,4.640997409820557,4.477513313293457,1188.7613249920312,1280.0941044756078,1426513589.9904375,False,1.0,0.18439484327707095,-36.04560979360479,-30.0098722997971
4186,4007,hibrido,4.939330101013184,4.474764823913574,1303.0624735543308,1479.7061078390548,1563674968.265197,False,1.0,0.1836475303729107,-32.47287764277122,-27.062858433844323
4187,4000,hibrido,4.9031291007995605,5.120880126953125,1474.273432104801,1605.3000491589937,1769128118.5257611,False,1.0,0.1834664171952394,-31.971425108013324,-29.416437105188617
4188,3706,hibrido,4.71593713760376,4.782787799835205,1302.8408135652387,1427.0763840831617,1563408976.2782865,False,1.0,0.18308791090433124,-33.735922603145625,-28.987218285688968
4189,3555,hibrido,4.949164867401123,4.477241039276123,1330.5148887326054,1429.5912015424333,1596617866.4791265,False,1.0,0.1827359967759859,-34.340968350802115,-30.124885726087175
4190,4303,hibrido,4.75577974319458,5.271292209625244,1439.9304424907277,1629.2541539559961,1727916530.9888732,False,1.0,0.18260231784753292,-30.885748793965483,-26.823760601505175
4191,3261,hibrido,4.639891624450684,4.32707405090332,1160.5883714404747,1254.4679197594262,1392706045.7285697,False,1.0,0.18126292661453275,-36.10901229342177,-29.66607959056894
4192,3932,hibrido,4.563140392303467,4.9990925788879395,1292.4569206071787,1458.4397783358093,1550948304.7286146,False,1.0,0.18119562096430844,-32.80368412947676,-27.45816540909338
4193,4150,hibrido,4.895378589630127,5.129724025726318,1484.2290892346607,1635.9570302785667,1781074907.0815928,False,1.0,0.179861177494032,-31.31605796645937,-28.618315223385075
4194,3481,hibrido,4.637955665588379,4.829541206359863,1302.1197361853506,1398.104527700226,1562543683.4224207,False,1.0,0.17982821562139348,-34.750320091855535,-30.18359490492066
4195,3781,hibrido,4.850679397583008,4.5267462730407715,1304.8069220583836,1441.0519021020275,1565768306.4700603,False,1.0,0.17973406880295068,-33.40100644626298,-28.58942822770436
4196,4079,hibrido,4.8755879402160645,4.782528877258301,1380.901471932288,1547.794304144838,1657081766.3187454,False,1.0,0.1790922275118167,-31.936296027862845,-27.675921950008508
4197,4306,hibrido,4.8205037117004395,4.906278133392334,1384.7777916952796,1592.6128325364798,1661733350.0343354,False,1.0,0.17810944081221977,-31.094375751783204,-25.822807771321294
4198,4227,hibrido,4.984385013580322,4.8380279541015625,1447.2742690304988,1621.1528842914645,1736729122.8365986,False,1.0,0.17800152665536403,-31.138675990630013,-27.55289645029105
4199,3925,hibrido,4.881122589111328,5.015439510345459,1472.5336105671508,1592.766357406468,1767040332.680581,False,1.0,0.17573341303853826,-32.30126197804861,-29.816487835809593
4200,3929,hibrido,4.958651542663574,4.510231971740723,1365.5163999251267,1511.1254252560252,1638619679.9101522,False,1.0,0.17527770959384315,-32.595732666298474,-28.46991702421605
4201,4226,hibrido,4.984385013580322,4.8380279541015625,1469.4668620775794,1637.158461742235,1763360234.4930954,False,1.0,0.1733007735367772,-31.065166786161985,-27.886700383337942
4202,4455,hibrido,4.99669075012207,4.756587028503418,1441.8714984488383,1659.859616369871,1730245798.138606,False,1.0,0.17306688517189858,-30.3777624349943,-25.371595257115068
4203,3776,hibrido,4.868876934051514,4.873340129852295,1443.873299925925,1549.6407188733144,1732647959.9111102,False,1.0,0.17302397210373988,-33.041296917172026,-30.280661518224935
4204,3480,hibrido,4.54317569732666,4.967014312744141,1330.2926897369068,1423.3929271229144,1596351227.6842883,False,1.0,0.17255581902755343,-34.68083963113207,-30.524781350188565
4205,4377,hibrido,4.951128959655762,4.89640998840332,1474.875129127224,1666.944459583022,1769850154.952669,False,1.0,0.17102320756788325,-30.489948381570862,-26.7620038768161
4206,3849,hibrido,4.816230773925781,5.121657371520996,1500.4414060247357,1605.5442209262048,1800529687.229683,False,1.0,0.17025316615436356,-32.555725047445925,-30.554014780509043
4207,4146,hibrido,5.225996971130371,4.790716171264648,1587.2794918084844,1715.3891754784195,1904735390.1701813,False,1.0,0.17004055563906148,-31.002982337076684,-29.953617678070017
4208,4228,hibrido,4.895271301269531,4.770364761352539,1425.8586047891993,1605.9842837459114,1711030325.747039,False,1.0,0.16940805650603213,-31.21093011327686,-27.218907709756163
4209,3407,hibrido,4.606993675231934,4.602696895599365,1273.7245836380962,1367.0631065258863,1528469500.3657155,False,1.0,0.16931971072753924,-35.16013004165447,-30.24128077408841
4210,3931,hibrido,4.6668572425842285,4.708935260772705,1316.0451894109692,1475.1263476868246,1579254227.293163,False,1.0,0.1687385113529207,-32.73556401222961,-27.7955830784256
4211,4221,hibrido,5.291726112365723,4.668119430541992,1590.9063779732421,1728.8850748076145,1909087653.5678906,False,1.0,0.16772550726565338,-30.678228193504175,-29.55282135017791
4212,4153,hibrido,4.553040504455566,5.210799217224121,1413.9115398394845,1584.3932406744448,1696693847.8073814,False,1.0,0.16544206074796614,-31.53727845248564,-27.614822966773744
4213,3705,hibrido,4.8235273361206055,4.396385669708252,1330.959286724002,1448.5503652326133,1597151144.0688024,False,1.0,0.16404491199846805,-33.66637753210654,-29.326462141330307
4214,4448,hibrido,5.170455455780029,4.758609294891357,1570.0011976631215,1747.2813248899556,1884001437.1957457,False,1.0,0.1637592234715221,-29.86886707256233,-27.693395956712656
4215,4151,hibrido,4.597358226776123,5.250807285308838,1460.070525825375,1617.9629941102487,1752084630.99045,False,1.0,0.1625639429082205,-31.39106431483895,-28.284003717631684
4216,4450,hibrido,4.745020866394043,5.276984214782715,1529.2624571246463,1718.1064341576357,1835114948.5495756,False,1.0,0.16163660676978628,-30.02060832193034,-27.030982363176925
4217,4451,hibrido,4.96071720123291,4.851687908172607,1510.0707313978867,1704.7400284167086,1812084877.677464,False,1.0,0.16110532606541414,-30.09454580172039,-26.699480822732653
4218,3851,hibrido,4.695545196533203,4.969498634338379,1444.0954989216232,1559.4453937647838,1732914598.7059479,False,1.0,0.1609899039212503,-32.70824705073284,-29.880099605490784
4219,4002,hibrido,4.882775783538818,4.576188564300537,1421.8375627044547,1565.338921324879,1706205075.2453456,False,1.0,0.15906725044434913,-32.120896751592426,-28.74487311750348
4220,3701,hibrido,4.955749034881592,4.485584259033203,1443.6511009302267,1541.8504399085543,1732381321.116272,False,1.0,0.1582963036735272,-33.375996503749136,-30.68176313912905
4221,4295,hibrido,5.140305995941162,4.868528842926025,1621.6164992939741,1763.5414185791606,1945939799.1527689,False,1.0,0.15770529154971163,-30.27371440053658,-29.48467473226705
4222,4374,hibrido,4.827317714691162,4.992792129516602,1536.1792842494438,1710.4260566179214,1843415141.0993326,False,1.0,0.15159326463449616,-30.267198092492745,-27.758631800853188
4223,3627,hibrido,4.521899700164795,4.954380989074707,1415.2559483829723,1510.585332212165,1698307138.0595667,False,1.0,0.1502500106724888,-33.78688899885855,-30.744136920795377
4224,4376,hibrido,5.074453830718994,4.410841464996338,1494.5188842782843,1680.611491672659,1793422661.1339412,False,1.0,0.14933235375490783,-30.416972689008492,-27.0944049999755
4225,3930,hibrido,4.578506946563721,4.595453262329102,1340.4122461086797,1492.6985282526198,1608494695.3304157,False,1.0,0.14771451526249632,-32.66625198569774,-28.132834682721626
4226,4368,hibrido,5.029290676116943,5.053923606872559,1677.9234449268858,1818.1485700578844,2013508133.912263,False,1.0,0.14531248512061973,-29.786117566530706,-29.746436401791247
4227,4381,hibrido,4.6857709884643555,4.663058757781982,1404.9684874517986,1621.0179557623255,1685962184.9421585,False,1.0,0.14457183925024245,-30.769459707314873,-25.430564807147054
4228,3997,hibrido,4.79046630859375,4.958473205566406,1557.231711119245,1670.6411079740813,1868678053.3430939,False,1.0,0.14427900832060503,-31.73750282303443,-30.42236588059219
4229,4076,hibrido,4.930257320404053,4.369442939758301,1452.8176148518598,1600.537619603551,1743381137.8222318,False,1.0,0.14383313634958006,-31.718251473035295,-28.68203117591602
4230,4298,hibrido,5.055750370025635,4.491090774536133,1548.2409127598185,1707.4029609969639,1857889095.3117821,False,1.0,0.141666688108394,-30.513039206220924,-28.488318512753505
4231,3780,hibrido,4.5368242263793945,4.501072883605957,1331.7849499066417,1461.2261081569607,1598141939.88797,False,1.0,0.14089962089151303,-33.33150725051419,-28.92801337846981
4232,4449,hibrido,5.105184078216553,4.414921760559082,1549.2494026841753,1732.2935298908012,1859099283.2210102,False,1.0,0.14041790648211663,-29.945387313106224,-27.362288660102692
4233,4296,hibrido,4.888757705688477,4.869053363800049,1596.530620387871,1744.1121467487496,1915836744.4654453,False,1.0,0.13787761268777302,-30.354836867781913,-29.15276307789741
4234,3779,hibrido,4.682336807250977,4.283021926879883,1359.4047233050935,1482.2054155100107,1631285667.9661121,False,1.0,0.13615380804932492,-33.26080311768111,-29.266432492366217
4235,4075,hibrido,4.756624698638916,4.604530334472656,1478.1776182077072,1619.7135013248076,1773813141.8492486,False,1.0,0.13548033401879525,-31.643047535044275,-29.017034142937618
4236,3553,hibrido,4.567683696746826,4.533581256866455,1386.860795835718,1479.740961365492,1664232955.0028615,False,1.0,0.1354763935878146,-34.19827926551938,-30.80549058799655
4237,4301,hibrido,4.770473957061768,4.608597755432129,1480.9658257719075,1658.0625462865387,1777158990.926289,False,1.0,0.1345742309819205,-30.74049153692818,-27.49015606091112
4238,4444,hibrido,4.851037979125977,5.098345756530762,1660.067455391222,1814.826891673105,1992080946.4694664,False,1.0,0.13342914799477346,-29.549467119457923,-29.01575776870424
4239,4297,hibrido,4.713871955871582,4.990742206573486,1572.0623311083177,1725.3915572497929,1886474797.3299813,False,1.0,0.13306829118704105,-30.43460600099915,-28.820643037220357
4240,3775,hibrido,4.661076068878174,4.66143274307251,1472.0462534774813,1573.5112049800816,1766455504.1729774,False,1.0,0.13294673684450425,-32.96560689794452,-30.618384096977703
4241,4442,hibrido,5.024560928344727,4.977905750274658,1708.9423788828608,1852.8623683250723,2050730854.659433,False,1.0,0.13291677236360108,-29.38153658469201,-29.67564221095801
4242,4149,hibrido,4.686696529388428,4.7810750007629395,1509.0613103107216,1654.722502272068,1810873572.372866,False,1.0,0.13211851172765815,-31.239763620649363,-28.95243605430837
4243,3850,hibrido,4.545075416564941,4.829086780548096,1472.2684524731794,1582.1571005250612,1766722142.9678154,False,1.0,0.1311363362349973,-32.63263105362676,-30.217149381409644
4244,3999,hibrido,4.655457496643066,4.7207865715026855,1501.4034106649792,1626.388453733466,1801684092.797975,False,1.0,0.12811678020465714,-31.894763721104383,-29.75193924605724
4245,4299,hibrido,4.500821113586426,5.072388648986816,1525.096677262459,1690.1697301198872,1830116012.7149508,False,1.0,0.12674035053469113,-30.59015350096222,-28.155793339552798
4246,4148,hibrido,4.686696529388428,4.7810750007629395,1534.5344855111844,1674.2334706166878,1841441382.6134212,False,1.0,0.12666154111537778,-31.162164446380597,-29.286362560930595
4247,4373,hibrido,4.8735833168029785,4.541007995605469,1558.1324854785282,1726.5307555225302,1869758982.5742338,False,1.0,0.12372065047830393,-30.19036757724041,-28.090450076556213
4248,4300,hibrido,4.877140045166016,4.3233561515808105,1502.660915193654,1673.715197399446,1803193098.232385,False,1.0,0.12309931137717875,-30.665965522667477,-27.823071287062188
4249,4224,hibrido,4.684353828430176,4.671950340270996,1516.0451697218168,1671.5831232904732,1819254203.6661801,False,1.0,0.12304037383357778,-30.914319517509455,-28.55373954649291
4250,3854,hibrido,4.517940998077393,4.3418288230896,1361.28913905325,1495.6658959510987,1633546966.8639,False,1.0,0.12222958637133632,-32.927528445847756,-28.867878270049637
4251,4445,hibrido,4.74873685836792,4.931227207183838,1636.5493904868022,1796.8432018771691,1963859268.5841627,False,1.0,0.11789628401853564,-29.631348548429813,-28.68548532400392
4252,4293,hibrido,4.742567539215088,5.029898643493652,1673.5292553986526,1804.4336076064228,2008235106.478383,False,1.0,0.11655412310389422,-30.107337844904595,-30.147856923227327
4253,4447,hibrido,4.599637031555176,4.995748996734619,1591.4879231744105,1763.0493988872986,1909785507.8092926,False,1.0,0.11652455048772667,-29.791031541649936,-28.024300433399315
4254,4223,hibrido,4.698780536651611,4.610248565673828,1540.364569049553,1689.9530445184562,1848437482.8594637,False,1.0,0.11548856157738072,-30.83694872887355,-28.886967482697614
4255,4220,hibrido,4.5969696044921875,4.993533134460449,1617.0693097150481,1749.3983984502208,1940483171.6580577,False,1.0,0.11242975344692042,-30.596843415780672,-29.885439596349663
4256,4369,hibrido,4.523625373840332,5.181350231170654,1652.724126431555,1798.419602928044,1983268951.7178662,False,1.0,0.10784032618913873,-29.869704881900436,-29.41566635156072
4257,4147,hibrido,4.610365867614746,4.68794059753418,1560.6172292299727,1694.4641833750472,1872740675.0759673,False,1.0,0.10765830050072182,-31.083243224142524,-29.62009102908705
4258,4367,hibrido,5.031696796417236,4.505883693695068,1703.6892721331762,1838.5362050857732,2044427126.5598116,False,1.0,0.10621409277331573,-29.701125618291808,-30.076984673726443
4259,4225,hibrido,4.620461463928223,4.420309543609619,1492.401724633984,1653.9767179322284,1790882069.5607808,False,1.0,0.10615306971265222,-30.990386687234693,-28.22031595397259
4260,4222,hibrido,4.582331657409668,4.7243571281433105,1565.3284174669473,1709.061861748973,1878394100.9603367,False,1.0,0.10548891053355561,-30.758257393138578,-29.219996020114685
4261,4372,hibrido,4.509318828582764,4.802558898925781,1580.7931209522194,1743.4046014545406,1896951745.1426632,False,1.0,0.09845817299518712,-30.11221990856513,-28.42206656336152
4262,3998,hibrido,4.701930999755859,4.218268394470215,1529.0985090905017,1648.1779506610321,1834918210.908602,False,1.0,0.09583809608976449,-31.816795560372583,-30.087250055629845
4263,4071,hibrido,4.8036980628967285,4.207453727722168,1585.6636676028306,1703.6655906616568,1902796401.1233966,False,1.0,0.09261248592025158,-31.329170931256726,-30.35511685607467
4264,4294,hibrido,4.935264587402344,4.174525737762451,1647.2917530688987,1783.6562139750652,1976750103.6826785,False,1.0,0.08881944488518732,-30.1912207960302,-29.816374028446287
4265,4219,hibrido,4.672994136810303,4.529575824737549,1643.789281315785,1770.5778466669756,1972547137.578942,False,1.0,0.0856955298929591,-30.514084939363794,-30.21784681218816
4266,4446,hibrido,4.589540958404541,4.557997703552246,1613.6802219015888,1779.5770108440183,1936416266.2819066,False,1.0,0.0837963893034623,-29.711864298145223,-28.35499820600028
4267,4072,hibrido,4.615052700042725,4.2094268798828125,1557.9471164995612,1681.6436275848894,1869536539.7994733,False,1.0,0.07978175465073656,-31.40963423778297,-30.020892921087153
4268,4441,hibrido,4.696073532104492,4.538270950317383,1734.247416976071,1872.872155424086,2081096900.3712852,False,1.0,0.06739255798974184,-29.29545116027961,-30.005245812773662
